income_id,user_id,income_date,income_amount_npr,income_source,is_expected
INC_NPU_00001_202301,NPU_00001,2023-01-03,142472.49,salary,True
INC_NPU_00001_202302,NPU_00001,2023-02-02,148438.61,salary,True
INC_NPU_00001_202303,NPU_00001,2023-03-02,144627.41,salary,True
INC_NPU_00001_202304,NPU_00001,2023-04-04,144862.38,salary,True
INC_NPU_00001_202305,NPU_00001,2023-05-01,138245.3,salary,True
INC_NPU_00001_202306,NPU_00001,2023-06-01,141763.65,salary,True
INC_NPU_00001_202307,NPU_00001,2023-07-02,140429.81,salary,True
INC_NPU_00001_202308,NPU_00001,2023-08-02,144728.05,salary,True
INC_NPU_00001_202309,NPU_00001,2023-09-01,144443.26,salary,True
INC_NPU_00001_202310,NPU_00001,2023-10-01,147290.3,salary,True
INC_NPU_00001_202311,NPU_00001,2023-11-03,139261.42,salary,True
INC_NPU_00001_202312,NPU_00001,2023-12-05,142548.63,salary,True
INC_NPU_00001_202401,NPU_00001,2024-01-02,144600.29,salary,True
INC_NPU_00001_202402,NPU_00001,2024-02-02,144500.99,salary,True
INC_NPU_00001_202403,NPU_00001,2024-03-01,149460.93,salary,True
INC_NPU_00001_202404,NPU_00001,2024-04-01,143959.75,salary,True
INC_NPU_00001_202405,NPU_00001,2024-05-02,141072.95,salary,True
INC_NPU_00001_202406,NPU_00001,2024-06-02,143425.77,salary,True
INC_NPU_00001_202407,NPU_00001,2024-07-01,141108.23,salary,True
INC_NPU_00001_202408,NPU_00001,2024-08-01,137550.54,salary,True
INC_NPU_00001_202409,NPU_00001,2024-09-02,142183.6,salary,True
INC_NPU_00001_202410,NPU_00001,2024-10-01,149059.85,salary,True
INC_NPU_00001_202411,NPU_00001,2024-11-02,140738.8,salary,True
INC_NPU_00001_202412,NPU_00001,2024-12-03,142331.69,salary,True
INC_NPU_00001_202501,NPU_00001,2025-01-01,144031.88,salary,True
INC_NPU_00001_202502,NPU_00001,2025-02-02,142526.33,salary,True
INC_NPU_00001_202503,NPU_00001,2025-03-02,140222.64,salary,True
INC_NPU_00001_202504,NPU_00001,2025-04-02,150955.32,salary,True
INC_NPU_00001_202505,NPU_00001,2025-05-04,147613.33,salary,True
INC_NPU_00001_202506,NPU_00001,2025-06-02,145166.83,salary,True
INC_NPU_00001_202507,NPU_00001,2025-07-03,143010.93,salary,True
INC_NPU_00001_202508,NPU_00001,2025-08-04,144734.96,salary,True
INC_NPU_00001_202509,NPU_00001,2025-09-04,145410.23,salary,True
INC_NPU_00001_202510,NPU_00001,2025-10-01,144551.95,salary,True
INC_NPU_00001_202511,NPU_00001,2025-11-01,144802.88,salary,True
INC_NPU_00001_202512,NPU_00001,2025-12-03,146185.02,salary,True
INC_NPU_00002_202301,NPU_00002,2023-01-04,93468.39,salary,True
INC_NPU_00002_202302,NPU_00002,2023-02-01,91286.3,salary,True
INC_NPU_00002_202303,NPU_00002,2023-03-02,95784.74,salary,True
INC_NPU_00002_202304,NPU_00002,2023-04-01,91272.29,salary,True
INC_NPU_00002_202305,NPU_00002,2023-05-05,93077.14,salary,True
INC_NPU_00002_202306,NPU_00002,2023-06-01,94918.45,salary,True
INC_NPU_00002_202307,NPU_00002,2023-07-03,94975.28,salary,True
INC_NPU_00002_202308,NPU_00002,2023-08-03,93540.44,salary,True
INC_NPU_00002_202309,NPU_00002,2023-09-01,93937.96,salary,True
INC_NPU_00002_202310,NPU_00002,2023-10-01,94748.62,salary,True
INC_NPU_00002_202311,NPU_00002,2023-11-04,92804.48,salary,True
INC_NPU_00002_202312,NPU_00002,2023-12-02,97165.66,salary,True
INC_NPU_00002_202401,NPU_00002,2024-01-05,92429.36,salary,True
INC_NPU_00002_202402,NPU_00002,2024-02-02,93739.89,salary,True
INC_NPU_00002_202403,NPU_00002,2024-03-01,93267.15,salary,True
INC_NPU_00002_202404,NPU_00002,2024-04-02,94347.46,salary,True
INC_NPU_00002_202405,NPU_00002,2024-05-01,97044.8,salary,True
INC_NPU_00002_202406,NPU_00002,2024-06-04,92328.81,salary,True
INC_NPU_00002_202407,NPU_00002,2024-07-01,94951.29,salary,True
INC_NPU_00002_202408,NPU_00002,2024-08-02,95299.72,salary,True
INC_NPU_00002_202409,NPU_00002,2024-09-02,96260.18,salary,True
INC_NPU_00002_202410,NPU_00002,2024-10-01,92619.68,salary,True
INC_NPU_00002_202411,NPU_00002,2024-11-02,92545.04,salary,True
INC_NPU_00002_202412,NPU_00002,2024-12-03,93762.7,salary,True
INC_NPU_00002_202501,NPU_00002,2025-01-01,93800.41,salary,True
INC_NPU_00002_202502,NPU_00002,2025-02-02,92201.94,salary,True
INC_NPU_00002_202503,NPU_00002,2025-03-04,95347.14,salary,True
INC_NPU_00002_202504,NPU_00002,2025-04-03,95147.4,salary,True
INC_NPU_00002_202505,NPU_00002,2025-05-02,97930.01,salary,True
INC_NPU_00002_202506,NPU_00002,2025-06-02,93522.07,salary,True
INC_NPU_00002_202507,NPU_00002,2025-07-01,92157.28,salary,True
INC_NPU_00002_202508,NPU_00002,2025-08-01,92427.28,salary,True
INC_NPU_00002_202509,NPU_00002,2025-09-02,94729.14,salary,True
INC_NPU_00002_202510,NPU_00002,2025-10-01,92659.26,salary,True
INC_NPU_00002_202511,NPU_00002,2025-11-01,95491.57,salary,True
INC_NPU_00002_202512,NPU_00002,2025-12-02,92871.21,salary,True
INC_NPU_00003_202301,NPU_00003,2023-01-02,139924.07,salary,True
INC_NPU_00003_202302,NPU_00003,2023-02-01,139210.47,salary,True
INC_NPU_00003_202303,NPU_00003,2023-03-02,136891.65,salary,True
INC_NPU_00003_202304,NPU_00003,2023-04-02,135343.95,salary,True
INC_NPU_00003_202305,NPU_00003,2023-05-03,142879.28,salary,True
INC_NPU_00003_202306,NPU_00003,2023-06-03,140413.31,salary,True
INC_NPU_00003_202307,NPU_00003,2023-07-03,136176.1,salary,True
INC_NPU_00003_202308,NPU_00003,2023-08-01,136410.89,salary,True
INC_NPU_00003_202309,NPU_00003,2023-09-02,144968.46,salary,True
INC_NPU_00003_202310,NPU_00003,2023-10-03,137065.15,salary,True
INC_NPU_00003_202311,NPU_00003,2023-11-05,143891.79,salary,True
INC_NPU_00003_202312,NPU_00003,2023-12-03,140094.31,salary,True
INC_NPU_00003_202401,NPU_00003,2024-01-01,134794.9,salary,True
INC_NPU_00003_202402,NPU_00003,2024-02-02,138218.98,salary,True
INC_NPU_00003_202403,NPU_00003,2024-03-02,141665.53,salary,True
INC_NPU_00003_202404,NPU_00003,2024-04-02,134451.41,salary,True
INC_NPU_00003_202405,NPU_00003,2024-05-01,137789.82,salary,True
INC_NPU_00003_202406,NPU_00003,2024-06-04,137650.29,salary,True
INC_NPU_00003_202407,NPU_00003,2024-07-04,140908.67,salary,True
INC_NPU_00003_202408,NPU_00003,2024-08-01,140649.3,salary,True
INC_NPU_00003_202409,NPU_00003,2024-09-01,140900.04,salary,True
INC_NPU_00003_202410,NPU_00003,2024-10-03,140055.95,salary,True
INC_NPU_00003_202411,NPU_00003,2024-11-04,140644.35,salary,True
INC_NPU_00003_202412,NPU_00003,2024-12-04,135824.01,salary,True
INC_NPU_00003_202501,NPU_00003,2025-01-01,140073.7,salary,True
INC_NPU_00003_202502,NPU_00003,2025-02-04,143445.89,salary,True
INC_NPU_00003_202503,NPU_00003,2025-03-02,139489.52,salary,True
INC_NPU_00003_202504,NPU_00003,2025-04-01,137672.37,salary,True
INC_NPU_00003_202505,NPU_00003,2025-05-04,137912.73,salary,True
INC_NPU_00003_202506,NPU_00003,2025-06-01,143199.05,salary,True
INC_NPU_00003_202507,NPU_00003,2025-07-01,132673.17,salary,True
INC_NPU_00003_202508,NPU_00003,2025-08-01,146507.53,salary,True
INC_NPU_00003_202509,NPU_00003,2025-09-01,134000.1,salary,True
INC_NPU_00003_202510,NPU_00003,2025-10-04,138602.01,salary,True
INC_NPU_00003_202511,NPU_00003,2025-11-01,136295.87,salary,True
INC_NPU_00003_202512,NPU_00003,2025-12-03,140862.33,salary,True
INC_NPU_00004_202301,NPU_00004,2023-01-05,18758.7,salary,True
INC_NPU_00004_202302,NPU_00004,2023-02-02,18563.63,salary,True
INC_NPU_00004_202303,NPU_00004,2023-03-02,18447.46,salary,True
INC_NPU_00004_202304,NPU_00004,2023-04-01,17859.65,salary,True
INC_NPU_00004_202305,NPU_00004,2023-05-02,18355.53,salary,True
INC_NPU_00004_202306,NPU_00004,2023-06-01,18435.56,salary,True
INC_NPU_00004_202307,NPU_00004,2023-07-01,18091.62,salary,True
INC_NPU_00004_202308,NPU_00004,2023-08-02,18618.18,salary,True
INC_NPU_00004_202309,NPU_00004,2023-09-01,18565.64,salary,True
INC_NPU_00004_202310,NPU_00004,2023-10-05,18380.2,salary,True
INC_NPU_00004_202311,NPU_00004,2023-11-02,18493.5,salary,True
INC_NPU_00004_202312,NPU_00004,2023-12-04,18373.33,salary,True
INC_NPU_00004_202401,NPU_00004,2024-01-01,17868.91,salary,True
INC_NPU_00004_202402,NPU_00004,2024-02-02,18678.36,salary,True
INC_NPU_00004_202403,NPU_00004,2024-03-02,17551.04,salary,True
INC_NPU_00004_202404,NPU_00004,2024-04-01,18600.78,salary,True
INC_NPU_00004_202405,NPU_00004,2024-05-01,18012.77,salary,True
INC_NPU_00004_202406,NPU_00004,2024-06-04,18629.26,salary,True
INC_NPU_00004_202407,NPU_00004,2024-07-02,18642.49,salary,True
INC_NPU_00004_202408,NPU_00004,2024-08-03,18643.45,salary,True
INC_NPU_00004_202409,NPU_00004,2024-09-02,18802.21,salary,True
INC_NPU_00004_202410,NPU_00004,2024-10-03,18963.14,salary,True
INC_NPU_00004_202411,NPU_00004,2024-11-01,18338.9,salary,True
INC_NPU_00004_202412,NPU_00004,2024-12-01,18792.6,salary,True
INC_NPU_00004_202501,NPU_00004,2025-01-05,18330.23,salary,True
INC_NPU_00004_202502,NPU_00004,2025-02-02,18616.21,salary,True
INC_NPU_00004_202503,NPU_00004,2025-03-05,18852.26,salary,True
INC_NPU_00004_202504,NPU_00004,2025-04-01,18194.12,salary,True
INC_NPU_00004_202505,NPU_00004,2025-05-01,17641.47,salary,True
INC_NPU_00004_202506,NPU_00004,2025-06-02,18161.39,salary,True
INC_NPU_00004_202507,NPU_00004,2025-07-01,18911.8,salary,True
INC_NPU_00004_202508,NPU_00004,2025-08-01,18118.6,salary,True
INC_NPU_00004_202509,NPU_00004,2025-09-03,18888.19,salary,True
INC_NPU_00004_202510,NPU_00004,2025-10-01,18163.09,salary,True
INC_NPU_00004_202511,NPU_00004,2025-11-02,18418.03,salary,True
INC_NPU_00004_202512,NPU_00004,2025-12-01,18494.95,salary,True
INC_NPU_00005_202301,NPU_00005,2023-01-01,59933.06,salary,True
INC_NPU_00005_202302,NPU_00005,2023-02-02,60942.12,salary,True
INC_NPU_00005_202303,NPU_00005,2023-03-02,59286.3,salary,True
INC_NPU_00005_202304,NPU_00005,2023-04-04,60770.43,salary,True
INC_NPU_00005_202305,NPU_00005,2023-05-01,61082.28,salary,True
INC_NPU_00005_202306,NPU_00005,2023-06-02,58408.38,salary,True
INC_NPU_00005_202307,NPU_00005,2023-07-01,60070.39,salary,True
INC_NPU_00005_202308,NPU_00005,2023-08-05,61545.89,salary,True
INC_NPU_00005_202309,NPU_00005,2023-09-02,59804.44,salary,True
INC_NPU_00005_202310,NPU_00005,2023-10-01,61748.12,salary,True
INC_NPU_00005_202311,NPU_00005,2023-11-01,61871.66,salary,True
INC_NPU_00005_202312,NPU_00005,2023-12-01,61540.45,salary,True
INC_NPU_00005_202401,NPU_00005,2024-01-01,62151.99,salary,True
INC_NPU_00005_202402,NPU_00005,2024-02-02,59217.28,salary,True
INC_NPU_00005_202403,NPU_00005,2024-03-02,62426.14,salary,True
INC_NPU_00005_202404,NPU_00005,2024-04-04,59950.76,salary,True
INC_NPU_00005_202405,NPU_00005,2024-05-04,61321.22,salary,True
INC_NPU_00005_202406,NPU_00005,2024-06-01,63400.26,salary,True
INC_NPU_00005_202407,NPU_00005,2024-07-04,60745.02,salary,True
INC_NPU_00005_202408,NPU_00005,2024-08-04,61214.02,salary,True
INC_NPU_00005_202409,NPU_00005,2024-09-02,59957.56,salary,True
INC_NPU_00005_202410,NPU_00005,2024-10-01,63385.05,salary,True
INC_NPU_00005_202411,NPU_00005,2024-11-01,60072.88,salary,True
INC_NPU_00005_202412,NPU_00005,2024-12-02,61982.9,salary,True
INC_NPU_00005_202501,NPU_00005,2025-01-02,62729.59,salary,True
INC_NPU_00005_202502,NPU_00005,2025-02-01,62105.78,salary,True
INC_NPU_00005_202503,NPU_00005,2025-03-01,61617.13,salary,True
INC_NPU_00005_202504,NPU_00005,2025-04-01,61302.35,salary,True
INC_NPU_00005_202505,NPU_00005,2025-05-03,59633.47,salary,True
INC_NPU_00005_202506,NPU_00005,2025-06-01,63316.29,salary,True
INC_NPU_00005_202507,NPU_00005,2025-07-02,61512.38,salary,True
INC_NPU_00005_202508,NPU_00005,2025-08-01,61214.75,salary,True
INC_NPU_00005_202509,NPU_00005,2025-09-01,59861.59,salary,True
INC_NPU_00005_202510,NPU_00005,2025-10-05,61273.91,salary,True
INC_NPU_00005_202511,NPU_00005,2025-11-01,61137.33,salary,True
INC_NPU_00005_202512,NPU_00005,2025-12-02,63400.21,salary,True
INC_NPU_00006_202301,NPU_00006,2023-01-04,161536.97,salary,True
INC_NPU_00006_202302,NPU_00006,2023-02-02,161642.81,salary,True
INC_NPU_00006_202303,NPU_00006,2023-03-01,158003.76,salary,True
INC_NPU_00006_202304,NPU_00006,2023-04-02,159090.1,salary,True
INC_NPU_00006_202305,NPU_00006,2023-05-03,163151.25,salary,True
INC_NPU_00006_202306,NPU_00006,2023-06-01,155728.93,salary,True
INC_NPU_00006_202307,NPU_00006,2023-07-01,164716.12,salary,True
INC_NPU_00006_202308,NPU_00006,2023-08-01,164813.45,salary,True
INC_NPU_00006_202309,NPU_00006,2023-09-02,158770.5,salary,True
INC_NPU_00006_202310,NPU_00006,2023-10-03,162613.07,salary,True
INC_NPU_00006_202311,NPU_00006,2023-11-02,165658.08,salary,True
INC_NPU_00006_202312,NPU_00006,2023-12-05,161072.9,salary,True
INC_NPU_00006_202401,NPU_00006,2024-01-02,160469.29,salary,True
INC_NPU_00006_202402,NPU_00006,2024-02-03,160847.27,salary,True
INC_NPU_00006_202403,NPU_00006,2024-03-02,162316.82,salary,True
INC_NPU_00006_202404,NPU_00006,2024-04-04,159471.35,salary,True
INC_NPU_00006_202405,NPU_00006,2024-05-03,160201.56,salary,True
INC_NPU_00006_202406,NPU_00006,2024-06-05,162382.45,salary,True
INC_NPU_00006_202407,NPU_00006,2024-07-01,159945.59,salary,True
INC_NPU_00006_202408,NPU_00006,2024-08-02,157746.48,salary,True
INC_NPU_00006_202409,NPU_00006,2024-09-04,155486.24,salary,True
INC_NPU_00006_202410,NPU_00006,2024-10-02,161599.86,salary,True
INC_NPU_00006_202411,NPU_00006,2024-11-03,165421.83,salary,True
INC_NPU_00006_202412,NPU_00006,2024-12-02,162778.87,salary,True
INC_NPU_00006_202501,NPU_00006,2025-01-04,157857.27,salary,True
INC_NPU_00006_202502,NPU_00006,2025-02-03,159068.16,salary,True
INC_NPU_00006_202503,NPU_00006,2025-03-01,160446.17,salary,True
INC_NPU_00006_202504,NPU_00006,2025-04-01,167434.76,salary,True
INC_NPU_00006_202505,NPU_00006,2025-05-01,167653.34,salary,True
INC_NPU_00006_202506,NPU_00006,2025-06-04,167164.42,salary,True
INC_NPU_00006_202507,NPU_00006,2025-07-01,161923.32,salary,True
INC_NPU_00006_202508,NPU_00006,2025-08-02,171767.7,salary,True
INC_NPU_00006_202509,NPU_00006,2025-09-02,159215.54,salary,True
INC_NPU_00006_202510,NPU_00006,2025-10-02,160331.28,salary,True
INC_NPU_00006_202511,NPU_00006,2025-11-01,164434.78,salary,True
INC_NPU_00006_202512,NPU_00006,2025-12-01,162399.8,salary,True
INC_NPU_00007_202301,NPU_00007,2023-01-03,163895.91,salary,True
INC_NPU_00007_202302,NPU_00007,2023-02-05,156493.24,salary,True
INC_NPU_00007_202303,NPU_00007,2023-03-01,159602.54,salary,True
INC_NPU_00007_202304,NPU_00007,2023-04-04,162609.81,salary,True
INC_NPU_00007_202305,NPU_00007,2023-05-01,160541.94,salary,True
INC_NPU_00007_202306,NPU_00007,2023-06-02,158429.88,salary,True
INC_NPU_00007_202307,NPU_00007,2023-07-01,160895.65,salary,True
INC_NPU_00007_202308,NPU_00007,2023-08-02,163707.98,salary,True
INC_NPU_00007_202309,NPU_00007,2023-09-03,165158.26,salary,True
INC_NPU_00007_202310,NPU_00007,2023-10-01,156639.82,salary,True
INC_NPU_00007_202311,NPU_00007,2023-11-01,162759.89,salary,True
INC_NPU_00007_202312,NPU_00007,2023-12-04,162463.26,salary,True
INC_NPU_00007_202401,NPU_00007,2024-01-05,163534.42,salary,True
INC_NPU_00007_202402,NPU_00007,2024-02-05,159182.24,salary,True
INC_NPU_00007_202403,NPU_00007,2024-03-01,159240.14,salary,True
INC_NPU_00007_202404,NPU_00007,2024-04-02,166853.55,salary,True
INC_NPU_00007_202405,NPU_00007,2024-05-04,154654.47,salary,True
INC_NPU_00007_202406,NPU_00007,2024-06-02,160087.63,salary,True
INC_NPU_00007_202407,NPU_00007,2024-07-01,161470.29,salary,True
INC_NPU_00007_202408,NPU_00007,2024-08-04,161784.95,salary,True
INC_NPU_00007_202409,NPU_00007,2024-09-03,160598.89,salary,True
INC_NPU_00007_202410,NPU_00007,2024-10-01,164359.22,salary,True
INC_NPU_00007_202411,NPU_00007,2024-11-03,164068.84,salary,True
INC_NPU_00007_202412,NPU_00007,2024-12-01,162319.93,salary,True
INC_NPU_00007_202501,NPU_00007,2025-01-01,160774.09,salary,True
INC_NPU_00007_202502,NPU_00007,2025-02-01,162066.0,salary,True
INC_NPU_00007_202503,NPU_00007,2025-03-04,163027.66,salary,True
INC_NPU_00007_202504,NPU_00007,2025-04-02,160352.28,salary,True
INC_NPU_00007_202505,NPU_00007,2025-05-01,164608.98,salary,True
INC_NPU_00007_202506,NPU_00007,2025-06-04,166014.99,salary,True
INC_NPU_00007_202507,NPU_00007,2025-07-02,167476.6,salary,True
INC_NPU_00007_202508,NPU_00007,2025-08-01,167239.32,salary,True
INC_NPU_00007_202509,NPU_00007,2025-09-05,161764.9,salary,True
INC_NPU_00007_202510,NPU_00007,2025-10-03,163188.2,salary,True
INC_NPU_00007_202511,NPU_00007,2025-11-02,162258.99,salary,True
INC_NPU_00007_202512,NPU_00007,2025-12-02,162247.39,salary,True
INC_NPU_00008_202301,NPU_00008,2023-01-06,194932.52,business,True
INC_NPU_00008_202302,NPU_00008,2023-02-01,209377.59,business,True
INC_NPU_00008_202303,NPU_00008,2023-03-01,239087.95,business,True
INC_NPU_00008_202304,NPU_00008,2023-04-11,342596.19,business,True
INC_NPU_00008_202305,NPU_00008,2023-05-06,229343.36,business,True
INC_NPU_00008_202306,NPU_00008,2023-06-11,147979.67,business,True
INC_NPU_00008_202307,NPU_00008,2023-07-21,203562.12,business,True
INC_NPU_00008_202308,NPU_00008,2023-08-01,271001.63,business,True
INC_NPU_00008_202309,NPU_00008,2023-09-01,222698.13,business,True
INC_NPU_00008_202310,NPU_00008,2023-10-06,242151.67,business,True
INC_NPU_00008_202311,NPU_00008,2023-11-21,299593.37,business,True
INC_NPU_00008_202312,NPU_00008,2023-12-11,187846.43,business,True
INC_NPU_00008_202401,NPU_00008,2024-01-21,231154.57,business,True
INC_NPU_00008_202402,NPU_00008,2024-02-21,234440.07,business,True
INC_NPU_00008_202403,NPU_00008,2024-03-06,69952.08,business,True
INC_NPU_00008_202404,NPU_00008,2024-04-11,239335.14,business,True
INC_NPU_00008_202405,NPU_00008,2024-05-16,241191.94,business,True
INC_NPU_00008_202406,NPU_00008,2024-06-06,168798.15,business,True
INC_NPU_00008_202407,NPU_00008,2024-07-01,315291.17,business,True
INC_NPU_00008_202408,NPU_00008,2024-08-16,409611.99,business,True
INC_NPU_00008_202409,NPU_00008,2024-09-16,208879.66,business,True
INC_NPU_00008_202410,NPU_00008,2024-10-16,339473.73,business,True
INC_NPU_00008_202411,NPU_00008,2024-11-11,217379.0,business,True
INC_NPU_00008_202412,NPU_00008,2024-12-11,202232.09,business,True
INC_NPU_00008_202501,NPU_00008,2025-01-11,206779.09,business,True
INC_NPU_00008_202502,NPU_00008,2025-02-21,193559.44,business,True
INC_NPU_00008_202503,NPU_00008,2025-03-06,167281.27,business,True
INC_NPU_00008_202504,NPU_00008,2025-04-11,211181.47,business,True
INC_NPU_00008_202505,NPU_00008,2025-05-16,192000.03,business,True
INC_NPU_00008_202506,NPU_00008,2025-06-16,223468.59,business,True
INC_NPU_00008_202507,NPU_00008,2025-07-16,251483.78,business,True
INC_NPU_00008_202508,NPU_00008,2025-08-06,152911.29,business,True
INC_NPU_00008_202509,NPU_00008,2025-09-06,291120.72,business,True
INC_NPU_00008_202510,NPU_00008,2025-10-16,136630.69,business,True
INC_NPU_00008_202511,NPU_00008,2025-11-16,238764.58,business,True
INC_NPU_00008_202512,NPU_00008,2025-12-21,132041.95,business,True
INC_NPU_00009_202301,NPU_00009,2023-01-03,141948.52,salary,True
INC_NPU_00009_202302,NPU_00009,2023-02-01,142358.02,salary,True
INC_NPU_00009_202303,NPU_00009,2023-03-04,137331.54,salary,True
INC_NPU_00009_202304,NPU_00009,2023-04-03,140444.8,salary,True
INC_NPU_00009_202305,NPU_00009,2023-05-05,143760.19,salary,True
INC_NPU_00009_202306,NPU_00009,2023-06-03,146370.89,salary,True
INC_NPU_00009_202307,NPU_00009,2023-07-02,140989.89,salary,True
INC_NPU_00009_202308,NPU_00009,2023-08-02,143467.04,salary,True
INC_NPU_00009_202309,NPU_00009,2023-09-02,141669.54,salary,True
INC_NPU_00009_202310,NPU_00009,2023-10-01,141132.47,salary,True
INC_NPU_00009_202311,NPU_00009,2023-11-02,140128.7,salary,True
INC_NPU_00009_202312,NPU_00009,2023-12-01,141308.46,salary,True
INC_NPU_00009_202401,NPU_00009,2024-01-03,143193.64,salary,True
INC_NPU_00009_202402,NPU_00009,2024-02-01,143437.16,salary,True
INC_NPU_00009_202403,NPU_00009,2024-03-01,137810.42,salary,True
INC_NPU_00009_202404,NPU_00009,2024-04-04,139884.9,salary,True
INC_NPU_00009_202405,NPU_00009,2024-05-03,138346.71,salary,True
INC_NPU_00009_202406,NPU_00009,2024-06-01,141447.44,salary,True
INC_NPU_00009_202407,NPU_00009,2024-07-01,140348.11,salary,True
INC_NPU_00009_202408,NPU_00009,2024-08-04,142260.49,salary,True
INC_NPU_00009_202409,NPU_00009,2024-09-02,142458.18,salary,True
INC_NPU_00009_202410,NPU_00009,2024-10-05,135342.92,salary,True
INC_NPU_00009_202411,NPU_00009,2024-11-01,135138.73,salary,True
INC_NPU_00009_202412,NPU_00009,2024-12-01,141286.91,salary,True
INC_NPU_00009_202501,NPU_00009,2025-01-01,144656.25,salary,True
INC_NPU_00009_202502,NPU_00009,2025-02-01,139885.98,salary,True
INC_NPU_00009_202503,NPU_00009,2025-03-04,139808.1,salary,True
INC_NPU_00009_202504,NPU_00009,2025-04-02,144086.82,salary,True
INC_NPU_00009_202505,NPU_00009,2025-05-04,143576.85,salary,True
INC_NPU_00009_202506,NPU_00009,2025-06-02,138601.76,salary,True
INC_NPU_00009_202507,NPU_00009,2025-07-02,143274.15,salary,True
INC_NPU_00009_202508,NPU_00009,2025-08-01,139145.67,salary,True
INC_NPU_00009_202509,NPU_00009,2025-09-05,139780.57,salary,True
INC_NPU_00009_202510,NPU_00009,2025-10-05,138599.4,salary,True
INC_NPU_00009_202511,NPU_00009,2025-11-03,137790.8,salary,True
INC_NPU_00009_202512,NPU_00009,2025-12-02,141609.86,salary,True
INC_NPU_00010_202301,NPU_00010,2023-01-01,41426.53,salary,True
INC_NPU_00010_202302,NPU_00010,2023-02-01,42727.67,salary,True
INC_NPU_00010_202303,NPU_00010,2023-03-02,42700.83,salary,True
INC_NPU_00010_202304,NPU_00010,2023-04-01,42469.06,salary,True
INC_NPU_00010_202305,NPU_00010,2023-05-04,42211.09,salary,True
INC_NPU_00010_202306,NPU_00010,2023-06-01,42051.0,salary,True
INC_NPU_00010_202307,NPU_00010,2023-07-03,41686.69,salary,True
INC_NPU_00010_202308,NPU_00010,2023-08-01,43831.25,salary,True
INC_NPU_00010_202309,NPU_00010,2023-09-01,42432.25,salary,True
INC_NPU_00010_202310,NPU_00010,2023-10-05,42404.64,salary,True
INC_NPU_00010_202311,NPU_00010,2023-11-01,41822.23,salary,True
INC_NPU_00010_202312,NPU_00010,2023-12-02,43723.8,salary,True
INC_NPU_00010_202401,NPU_00010,2024-01-05,42100.23,salary,True
INC_NPU_00010_202402,NPU_00010,2024-02-01,42807.68,salary,True
INC_NPU_00010_202403,NPU_00010,2024-03-01,42968.57,salary,True
INC_NPU_00010_202404,NPU_00010,2024-04-03,42694.06,salary,True
INC_NPU_00010_202405,NPU_00010,2024-05-04,41408.81,salary,True
INC_NPU_00010_202406,NPU_00010,2024-06-02,43156.56,salary,True
INC_NPU_00010_202407,NPU_00010,2024-07-02,42092.13,salary,True
INC_NPU_00010_202408,NPU_00010,2024-08-03,43277.28,salary,True
INC_NPU_00010_202409,NPU_00010,2024-09-05,42041.04,salary,True
INC_NPU_00010_202410,NPU_00010,2024-10-01,42542.85,salary,True
INC_NPU_00010_202411,NPU_00010,2024-11-05,43021.36,salary,True
INC_NPU_00010_202412,NPU_00010,2024-12-02,43658.15,salary,True
INC_NPU_00010_202501,NPU_00010,2025-01-01,43123.21,salary,True
INC_NPU_00010_202502,NPU_00010,2025-02-01,43042.75,salary,True
INC_NPU_00010_202503,NPU_00010,2025-03-04,43197.02,salary,True
INC_NPU_00010_202504,NPU_00010,2025-04-02,41923.0,salary,True
INC_NPU_00010_202505,NPU_00010,2025-05-03,43315.87,salary,True
INC_NPU_00010_202506,NPU_00010,2025-06-02,42368.53,salary,True
INC_NPU_00010_202507,NPU_00010,2025-07-01,42395.15,salary,True
INC_NPU_00010_202508,NPU_00010,2025-08-01,42667.3,salary,True
INC_NPU_00010_202509,NPU_00010,2025-09-02,42292.2,salary,True
INC_NPU_00010_202510,NPU_00010,2025-10-01,41757.69,salary,True
INC_NPU_00010_202511,NPU_00010,2025-11-02,42602.65,salary,True
INC_NPU_00010_202512,NPU_00010,2025-12-01,42399.07,salary,True
INC_NPU_00011_202301,NPU_00011,2023-01-18,65241.37,freelance,True
INC_NPU_00011_202302,NPU_00011,2023-02-20,188619.62,freelance,True
INC_NPU_00011_202303,NPU_00011,2023-03-14,140765.07,freelance,True
INC_NPU_00011_202304,NPU_00011,2023-04-13,391996.95,freelance,True
INC_NPU_00011_202305,NPU_00011,2023-05-15,375885.87,freelance,True
INC_NPU_00011_202306,NPU_00011,2023-06-07,202254.59,freelance,True
INC_NPU_00011_202307,NPU_00011,2023-07-08,456205.52,freelance,True
INC_NPU_00011_202308,NPU_00011,2023-08-09,164853.76,freelance,True
INC_NPU_00011_202309,NPU_00011,2023-09-19,100505.31,freelance,True
INC_NPU_00011_202310,NPU_00011,2023-10-03,332970.97,freelance,True
INC_NPU_00011_202311,NPU_00011,2023-11-17,80037.04,freelance,True
INC_NPU_00011_202312,NPU_00011,2023-12-24,163500.87,freelance,True
INC_NPU_00011_202401,NPU_00011,2024-01-05,221242.98,freelance,True
INC_NPU_00011_202402,NPU_00011,2024-02-22,69866.98,freelance,True
INC_NPU_00011_202403,NPU_00011,2024-03-12,123384.31,freelance,True
INC_NPU_00011_202404,NPU_00011,2024-04-16,106824.69,freelance,True
INC_NPU_00011_202405,NPU_00011,2024-05-10,142894.54,freelance,True
INC_NPU_00011_202406,NPU_00011,2024-06-20,61214.02,freelance,True
INC_NPU_00011_202407,NPU_00011,2024-07-09,125504.78,freelance,True
INC_NPU_00011_202408,NPU_00011,2024-08-12,134350.53,freelance,True
INC_NPU_00011_202409,NPU_00011,2024-09-09,102451.86,freelance,True
INC_NPU_00011_202410,NPU_00011,2024-10-14,248211.19,freelance,True
INC_NPU_00011_202411,NPU_00011,2024-11-11,116194.51,freelance,True
INC_NPU_00011_202412,NPU_00011,2024-12-14,97949.26,freelance,True
INC_NPU_00011_202501,NPU_00011,2025-01-15,113308.17,freelance,True
INC_NPU_00011_202502,NPU_00011,2025-02-22,277361.05,freelance,True
INC_NPU_00011_202503,NPU_00011,2025-03-20,419383.66,freelance,True
INC_NPU_00011_202504,NPU_00011,2025-04-12,295019.21,freelance,True
INC_NPU_00011_202505,NPU_00011,2025-05-12,508621.3,freelance,True
INC_NPU_00011_202506,NPU_00011,2025-06-05,143721.44,freelance,True
INC_NPU_00011_202507,NPU_00011,2025-07-03,40630.54,freelance,True
INC_NPU_00011_202508,NPU_00011,2025-08-11,201020.55,freelance,True
INC_NPU_00011_202509,NPU_00011,2025-09-09,54394.77,freelance,True
INC_NPU_00011_202510,NPU_00011,2025-10-09,587702.25,freelance,True
INC_NPU_00011_202511,NPU_00011,2025-11-11,313728.27,freelance,True
INC_NPU_00011_202512,NPU_00011,2025-12-05,53440.25,freelance,True
INC_NPU_00012_202301,NPU_00012,2023-01-01,127486.86,salary,True
INC_NPU_00012_202302,NPU_00012,2023-02-01,125201.07,salary,True
INC_NPU_00012_202303,NPU_00012,2023-03-03,134574.03,salary,True
INC_NPU_00012_202304,NPU_00012,2023-04-02,134483.86,salary,True
INC_NPU_00012_202305,NPU_00012,2023-05-01,133151.87,salary,True
INC_NPU_00012_202306,NPU_00012,2023-06-01,132473.8,salary,True
INC_NPU_00012_202307,NPU_00012,2023-07-02,129588.03,salary,True
INC_NPU_00012_202308,NPU_00012,2023-08-01,132584.54,salary,True
INC_NPU_00012_202309,NPU_00012,2023-09-02,128156.1,salary,True
INC_NPU_00012_202310,NPU_00012,2023-10-01,131326.82,salary,True
INC_NPU_00012_202311,NPU_00012,2023-11-01,129022.0,salary,True
INC_NPU_00012_202312,NPU_00012,2023-12-01,132595.95,salary,True
INC_NPU_00012_202401,NPU_00012,2024-01-04,135169.03,salary,True
INC_NPU_00012_202402,NPU_00012,2024-02-01,128474.61,salary,True
INC_NPU_00012_202403,NPU_00012,2024-03-02,129707.78,salary,True
INC_NPU_00012_202404,NPU_00012,2024-04-05,131278.26,salary,True
INC_NPU_00012_202405,NPU_00012,2024-05-01,126360.22,salary,True
INC_NPU_00012_202406,NPU_00012,2024-06-02,127011.3,salary,True
INC_NPU_00012_202407,NPU_00012,2024-07-02,135077.03,salary,True
INC_NPU_00012_202408,NPU_00012,2024-08-02,131891.77,salary,True
INC_NPU_00012_202409,NPU_00012,2024-09-01,129452.11,salary,True
INC_NPU_00012_202410,NPU_00012,2024-10-01,130998.95,salary,True
INC_NPU_00012_202411,NPU_00012,2024-11-03,129835.59,salary,True
INC_NPU_00012_202412,NPU_00012,2024-12-01,131355.42,salary,True
INC_NPU_00012_202501,NPU_00012,2025-01-03,129927.55,salary,True
INC_NPU_00012_202502,NPU_00012,2025-02-04,130797.16,salary,True
INC_NPU_00012_202503,NPU_00012,2025-03-02,132835.98,salary,True
INC_NPU_00012_202504,NPU_00012,2025-04-01,132656.3,salary,True
INC_NPU_00012_202505,NPU_00012,2025-05-01,134900.18,salary,True
INC_NPU_00012_202506,NPU_00012,2025-06-02,132078.14,salary,True
INC_NPU_00012_202507,NPU_00012,2025-07-01,131161.24,salary,True
INC_NPU_00012_202508,NPU_00012,2025-08-02,135347.82,salary,True
INC_NPU_00012_202509,NPU_00012,2025-09-03,130528.33,salary,True
INC_NPU_00012_202510,NPU_00012,2025-10-02,125408.65,salary,True
INC_NPU_00012_202511,NPU_00012,2025-11-01,133186.69,salary,True
INC_NPU_00012_202512,NPU_00012,2025-12-01,131756.67,salary,True
INC_NPU_00013_202301,NPU_00013,2023-01-01,30485.83,salary,True
INC_NPU_00013_202302,NPU_00013,2023-02-01,31002.76,salary,True
INC_NPU_00013_202303,NPU_00013,2023-03-03,30232.18,salary,True
INC_NPU_00013_202304,NPU_00013,2023-04-02,29201.19,salary,True
INC_NPU_00013_202305,NPU_00013,2023-05-05,31015.74,salary,True
INC_NPU_00013_202306,NPU_00013,2023-06-01,30096.54,salary,True
INC_NPU_00013_202307,NPU_00013,2023-07-04,29911.14,salary,True
INC_NPU_00013_202308,NPU_00013,2023-08-04,29228.51,salary,True
INC_NPU_00013_202309,NPU_00013,2023-09-02,30959.85,salary,True
INC_NPU_00013_202310,NPU_00013,2023-10-02,28986.77,salary,True
INC_NPU_00013_202311,NPU_00013,2023-11-01,31252.07,salary,True
INC_NPU_00013_202312,NPU_00013,2023-12-01,30288.01,salary,True
INC_NPU_00013_202401,NPU_00013,2024-01-04,30990.79,salary,True
INC_NPU_00013_202402,NPU_00013,2024-02-01,30746.41,salary,True
INC_NPU_00013_202403,NPU_00013,2024-03-01,31620.1,salary,True
INC_NPU_00013_202404,NPU_00013,2024-04-02,30729.39,salary,True
INC_NPU_00013_202405,NPU_00013,2024-05-01,31226.15,salary,True
INC_NPU_00013_202406,NPU_00013,2024-06-01,30157.94,salary,True
INC_NPU_00013_202407,NPU_00013,2024-07-01,29546.64,salary,True
INC_NPU_00013_202408,NPU_00013,2024-08-02,31090.15,salary,True
INC_NPU_00013_202409,NPU_00013,2024-09-01,29530.77,salary,True
INC_NPU_00013_202410,NPU_00013,2024-10-01,30952.64,salary,True
INC_NPU_00013_202411,NPU_00013,2024-11-05,29844.39,salary,True
INC_NPU_00013_202412,NPU_00013,2024-12-04,30664.76,salary,True
INC_NPU_00013_202501,NPU_00013,2025-01-01,31634.29,salary,True
INC_NPU_00013_202502,NPU_00013,2025-02-04,30901.31,salary,True
INC_NPU_00013_202503,NPU_00013,2025-03-02,30369.58,salary,True
INC_NPU_00013_202504,NPU_00013,2025-04-01,30760.96,salary,True
INC_NPU_00013_202505,NPU_00013,2025-05-05,30178.7,salary,True
INC_NPU_00013_202506,NPU_00013,2025-06-01,31909.01,salary,True
INC_NPU_00013_202507,NPU_00013,2025-07-01,30053.31,salary,True
INC_NPU_00013_202508,NPU_00013,2025-08-01,30433.42,salary,True
INC_NPU_00013_202509,NPU_00013,2025-09-04,30842.99,salary,True
INC_NPU_00013_202510,NPU_00013,2025-10-04,30715.1,salary,True
INC_NPU_00013_202511,NPU_00013,2025-11-02,30784.37,salary,True
INC_NPU_00013_202512,NPU_00013,2025-12-02,30190.67,salary,True
INC_NPU_00014_202301,NPU_00014,2023-01-02,20395.88,salary,True
INC_NPU_00014_202302,NPU_00014,2023-02-05,20875.69,salary,True
INC_NPU_00014_202303,NPU_00014,2023-03-01,20853.42,salary,True
INC_NPU_00014_202304,NPU_00014,2023-04-05,20654.55,salary,True
INC_NPU_00014_202305,NPU_00014,2023-05-04,21044.74,salary,True
INC_NPU_00014_202306,NPU_00014,2023-06-04,20893.43,salary,True
INC_NPU_00014_202307,NPU_00014,2023-07-04,20839.94,salary,True
INC_NPU_00014_202308,NPU_00014,2023-08-01,19841.84,salary,True
INC_NPU_00014_202309,NPU_00014,2023-09-02,20649.46,salary,True
INC_NPU_00014_202310,NPU_00014,2023-10-04,20572.68,salary,True
INC_NPU_00014_202311,NPU_00014,2023-11-03,21104.18,salary,True
INC_NPU_00014_202312,NPU_00014,2023-12-02,19324.51,salary,True
INC_NPU_00014_202401,NPU_00014,2024-01-01,20432.49,salary,True
INC_NPU_00014_202402,NPU_00014,2024-02-01,20538.62,salary,True
INC_NPU_00014_202403,NPU_00014,2024-03-03,20054.51,salary,True
INC_NPU_00014_202404,NPU_00014,2024-04-05,20124.51,salary,True
INC_NPU_00014_202405,NPU_00014,2024-05-01,21105.73,salary,True
INC_NPU_00014_202406,NPU_00014,2024-06-01,20689.51,salary,True
INC_NPU_00014_202407,NPU_00014,2024-07-01,21263.55,salary,True
INC_NPU_00014_202408,NPU_00014,2024-08-05,20425.18,salary,True
INC_NPU_00014_202409,NPU_00014,2024-09-01,19921.97,salary,True
INC_NPU_00014_202410,NPU_00014,2024-10-01,20367.17,salary,True
INC_NPU_00014_202411,NPU_00014,2024-11-01,20298.42,salary,True
INC_NPU_00014_202412,NPU_00014,2024-12-04,20784.81,salary,True
INC_NPU_00014_202501,NPU_00014,2025-01-02,20767.22,salary,True
INC_NPU_00014_202502,NPU_00014,2025-02-04,20710.41,salary,True
INC_NPU_00014_202503,NPU_00014,2025-03-04,21414.19,salary,True
INC_NPU_00014_202504,NPU_00014,2025-04-01,21016.98,salary,True
INC_NPU_00014_202505,NPU_00014,2025-05-01,20150.61,salary,True
INC_NPU_00014_202506,NPU_00014,2025-06-05,20908.15,salary,True
INC_NPU_00014_202507,NPU_00014,2025-07-03,20511.49,salary,True
INC_NPU_00014_202508,NPU_00014,2025-08-01,20414.14,salary,True
INC_NPU_00014_202509,NPU_00014,2025-09-03,21074.49,salary,True
INC_NPU_00014_202510,NPU_00014,2025-10-02,20126.31,salary,True
INC_NPU_00014_202511,NPU_00014,2025-11-03,20877.67,salary,True
INC_NPU_00014_202512,NPU_00014,2025-12-05,20805.65,salary,True
INC_NPU_00015_202301,NPU_00015,2023-01-01,78611.76,salary,True
INC_NPU_00015_202302,NPU_00015,2023-02-02,77479.99,salary,True
INC_NPU_00015_202303,NPU_00015,2023-03-02,79966.32,salary,True
INC_NPU_00015_202304,NPU_00015,2023-04-02,75365.1,salary,True
INC_NPU_00015_202305,NPU_00015,2023-05-02,81895.59,salary,True
INC_NPU_00015_202306,NPU_00015,2023-06-02,80677.67,salary,True
INC_NPU_00015_202307,NPU_00015,2023-07-02,82404.81,salary,True
INC_NPU_00015_202308,NPU_00015,2023-08-05,80564.64,salary,True
INC_NPU_00015_202309,NPU_00015,2023-09-04,82529.34,salary,True
INC_NPU_00015_202310,NPU_00015,2023-10-01,79149.66,salary,True
INC_NPU_00015_202311,NPU_00015,2023-11-03,80916.86,salary,True
INC_NPU_00015_202312,NPU_00015,2023-12-02,79466.82,salary,True
INC_NPU_00015_202401,NPU_00015,2024-01-04,79917.04,salary,True
INC_NPU_00015_202402,NPU_00015,2024-02-01,80245.37,salary,True
INC_NPU_00015_202403,NPU_00015,2024-03-03,80672.43,salary,True
INC_NPU_00015_202404,NPU_00015,2024-04-01,78939.17,salary,True
INC_NPU_00015_202405,NPU_00015,2024-05-04,80836.45,salary,True
INC_NPU_00015_202406,NPU_00015,2024-06-03,80164.49,salary,True
INC_NPU_00015_202407,NPU_00015,2024-07-01,77920.87,salary,True
INC_NPU_00015_202408,NPU_00015,2024-08-01,77268.27,salary,True
INC_NPU_00015_202409,NPU_00015,2024-09-02,81902.32,salary,True
INC_NPU_00015_202410,NPU_00015,2024-10-04,76478.82,salary,True
INC_NPU_00015_202411,NPU_00015,2024-11-01,79839.2,salary,True
INC_NPU_00015_202412,NPU_00015,2024-12-01,77765.67,salary,True
INC_NPU_00015_202501,NPU_00015,2025-01-01,82832.78,salary,True
INC_NPU_00015_202502,NPU_00015,2025-02-04,81002.43,salary,True
INC_NPU_00015_202503,NPU_00015,2025-03-03,80628.57,salary,True
INC_NPU_00015_202504,NPU_00015,2025-04-01,78803.2,salary,True
INC_NPU_00015_202505,NPU_00015,2025-05-01,77900.45,salary,True
INC_NPU_00015_202506,NPU_00015,2025-06-01,80386.34,salary,True
INC_NPU_00015_202507,NPU_00015,2025-07-02,80063.66,salary,True
INC_NPU_00015_202508,NPU_00015,2025-08-01,78383.13,salary,True
INC_NPU_00015_202509,NPU_00015,2025-09-03,78331.41,salary,True
INC_NPU_00015_202510,NPU_00015,2025-10-04,78257.56,salary,True
INC_NPU_00015_202511,NPU_00015,2025-11-04,78207.27,salary,True
INC_NPU_00015_202512,NPU_00015,2025-12-01,79099.39,salary,True
INC_NPU_00016_202301,NPU_00016,2023-01-02,24963.82,salary,True
INC_NPU_00016_202302,NPU_00016,2023-02-01,25047.36,salary,True
INC_NPU_00016_202303,NPU_00016,2023-03-01,24778.61,salary,True
INC_NPU_00016_202304,NPU_00016,2023-04-01,24865.64,salary,True
INC_NPU_00016_202305,NPU_00016,2023-05-01,25071.87,salary,True
INC_NPU_00016_202306,NPU_00016,2023-06-01,23809.26,salary,True
INC_NPU_00016_202307,NPU_00016,2023-07-05,24904.3,salary,True
INC_NPU_00016_202308,NPU_00016,2023-08-03,25450.76,salary,True
INC_NPU_00016_202309,NPU_00016,2023-09-05,23840.47,salary,True
INC_NPU_00016_202310,NPU_00016,2023-10-04,23436.16,salary,True
INC_NPU_00016_202311,NPU_00016,2023-11-03,24706.56,salary,True
INC_NPU_00016_202312,NPU_00016,2023-12-01,25335.12,salary,True
INC_NPU_00016_202401,NPU_00016,2024-01-02,24715.49,salary,True
INC_NPU_00016_202402,NPU_00016,2024-02-02,25106.17,salary,True
INC_NPU_00016_202403,NPU_00016,2024-03-02,24953.46,salary,True
INC_NPU_00016_202404,NPU_00016,2024-04-01,24222.25,salary,True
INC_NPU_00016_202405,NPU_00016,2024-05-03,24324.12,salary,True
INC_NPU_00016_202406,NPU_00016,2024-06-05,23963.08,salary,True
INC_NPU_00016_202407,NPU_00016,2024-07-04,25552.12,salary,True
INC_NPU_00016_202408,NPU_00016,2024-08-02,25216.6,salary,True
INC_NPU_00016_202409,NPU_00016,2024-09-02,24747.94,salary,True
INC_NPU_00016_202410,NPU_00016,2024-10-01,24682.62,salary,True
INC_NPU_00016_202411,NPU_00016,2024-11-01,24401.59,salary,True
INC_NPU_00016_202412,NPU_00016,2024-12-01,24996.17,salary,True
INC_NPU_00016_202501,NPU_00016,2025-01-05,24440.73,salary,True
INC_NPU_00016_202502,NPU_00016,2025-02-04,24618.73,salary,True
INC_NPU_00016_202503,NPU_00016,2025-03-01,24488.33,salary,True
INC_NPU_00016_202504,NPU_00016,2025-04-04,25182.68,salary,True
INC_NPU_00016_202505,NPU_00016,2025-05-04,24727.68,salary,True
INC_NPU_00016_202506,NPU_00016,2025-06-03,24869.4,salary,True
INC_NPU_00016_202507,NPU_00016,2025-07-01,24231.17,salary,True
INC_NPU_00016_202508,NPU_00016,2025-08-05,24485.13,salary,True
INC_NPU_00016_202509,NPU_00016,2025-09-02,24880.38,salary,True
INC_NPU_00016_202510,NPU_00016,2025-10-01,24012.8,salary,True
INC_NPU_00016_202511,NPU_00016,2025-11-03,24690.91,salary,True
INC_NPU_00016_202512,NPU_00016,2025-12-04,24793.58,salary,True
INC_NPU_00017_202301,NPU_00017,2023-01-01,91334.28,salary,True
INC_NPU_00017_202302,NPU_00017,2023-02-05,95627.94,salary,True
INC_NPU_00017_202303,NPU_00017,2023-03-01,94347.89,salary,True
INC_NPU_00017_202304,NPU_00017,2023-04-04,93413.23,salary,True
INC_NPU_00017_202305,NPU_00017,2023-05-01,92382.45,salary,True
INC_NPU_00017_202306,NPU_00017,2023-06-01,90662.41,salary,True
INC_NPU_00017_202307,NPU_00017,2023-07-01,95466.74,salary,True
INC_NPU_00017_202308,NPU_00017,2023-08-02,92846.34,salary,True
INC_NPU_00017_202309,NPU_00017,2023-09-03,91057.72,salary,True
INC_NPU_00017_202310,NPU_00017,2023-10-05,92332.77,salary,True
INC_NPU_00017_202311,NPU_00017,2023-11-02,94548.06,salary,True
INC_NPU_00017_202312,NPU_00017,2023-12-01,94147.14,salary,True
INC_NPU_00017_202401,NPU_00017,2024-01-03,91699.33,salary,True
INC_NPU_00017_202402,NPU_00017,2024-02-02,95822.66,salary,True
INC_NPU_00017_202403,NPU_00017,2024-03-01,91035.61,salary,True
INC_NPU_00017_202404,NPU_00017,2024-04-01,96245.12,salary,True
INC_NPU_00017_202405,NPU_00017,2024-05-04,94065.92,salary,True
INC_NPU_00017_202406,NPU_00017,2024-06-01,92980.76,salary,True
INC_NPU_00017_202407,NPU_00017,2024-07-01,93227.05,salary,True
INC_NPU_00017_202408,NPU_00017,2024-08-05,93847.29,salary,True
INC_NPU_00017_202409,NPU_00017,2024-09-01,94697.21,salary,True
INC_NPU_00017_202410,NPU_00017,2024-10-01,90369.93,salary,True
INC_NPU_00017_202411,NPU_00017,2024-11-01,92275.4,salary,True
INC_NPU_00017_202412,NPU_00017,2024-12-03,93787.25,salary,True
INC_NPU_00017_202501,NPU_00017,2025-01-04,95902.9,salary,True
INC_NPU_00017_202502,NPU_00017,2025-02-04,95821.47,salary,True
INC_NPU_00017_202503,NPU_00017,2025-03-01,96680.51,salary,True
INC_NPU_00017_202504,NPU_00017,2025-04-01,95719.88,salary,True
INC_NPU_00017_202505,NPU_00017,2025-05-03,92143.14,salary,True
INC_NPU_00017_202506,NPU_00017,2025-06-03,93668.07,salary,True
INC_NPU_00017_202507,NPU_00017,2025-07-03,95732.38,salary,True
INC_NPU_00017_202508,NPU_00017,2025-08-04,95524.94,salary,True
INC_NPU_00017_202509,NPU_00017,2025-09-03,93318.11,salary,True
INC_NPU_00017_202510,NPU_00017,2025-10-03,94642.71,salary,True
INC_NPU_00017_202511,NPU_00017,2025-11-01,92836.35,salary,True
INC_NPU_00017_202512,NPU_00017,2025-12-02,90903.79,salary,True
INC_NPU_00018_202301,NPU_00018,2023-01-02,44892.75,salary,True
INC_NPU_00018_202302,NPU_00018,2023-02-03,44839.21,salary,True
INC_NPU_00018_202303,NPU_00018,2023-03-01,44544.06,salary,True
INC_NPU_00018_202304,NPU_00018,2023-04-03,45482.67,salary,True
INC_NPU_00018_202305,NPU_00018,2023-05-01,44787.2,salary,True
INC_NPU_00018_202306,NPU_00018,2023-06-05,45349.63,salary,True
INC_NPU_00018_202307,NPU_00018,2023-07-04,45676.62,salary,True
INC_NPU_00018_202308,NPU_00018,2023-08-01,47148.26,salary,True
INC_NPU_00018_202309,NPU_00018,2023-09-02,44907.6,salary,True
INC_NPU_00018_202310,NPU_00018,2023-10-01,46072.25,salary,True
INC_NPU_00018_202311,NPU_00018,2023-11-04,45201.57,salary,True
INC_NPU_00018_202312,NPU_00018,2023-12-03,45253.76,salary,True
INC_NPU_00018_202401,NPU_00018,2024-01-05,44919.61,salary,True
INC_NPU_00018_202402,NPU_00018,2024-02-01,45121.61,salary,True
INC_NPU_00018_202403,NPU_00018,2024-03-01,44795.32,salary,True
INC_NPU_00018_202404,NPU_00018,2024-04-03,45889.68,salary,True
INC_NPU_00018_202405,NPU_00018,2024-05-01,44346.59,salary,True
INC_NPU_00018_202406,NPU_00018,2024-06-03,43649.4,salary,True
INC_NPU_00018_202407,NPU_00018,2024-07-02,44515.97,salary,True
INC_NPU_00018_202408,NPU_00018,2024-08-01,44424.45,salary,True
INC_NPU_00018_202409,NPU_00018,2024-09-01,44515.52,salary,True
INC_NPU_00018_202410,NPU_00018,2024-10-05,44872.74,salary,True
INC_NPU_00018_202411,NPU_00018,2024-11-03,44518.67,salary,True
INC_NPU_00018_202412,NPU_00018,2024-12-04,44860.28,salary,True
INC_NPU_00018_202501,NPU_00018,2025-01-01,44521.31,salary,True
INC_NPU_00018_202502,NPU_00018,2025-02-03,45369.19,salary,True
INC_NPU_00018_202503,NPU_00018,2025-03-01,47137.15,salary,True
INC_NPU_00018_202504,NPU_00018,2025-04-05,45183.27,salary,True
INC_NPU_00018_202505,NPU_00018,2025-05-02,44555.94,salary,True
INC_NPU_00018_202506,NPU_00018,2025-06-02,42907.17,salary,True
INC_NPU_00018_202507,NPU_00018,2025-07-02,46712.62,salary,True
INC_NPU_00018_202508,NPU_00018,2025-08-01,45233.83,salary,True
INC_NPU_00018_202509,NPU_00018,2025-09-04,44852.44,salary,True
INC_NPU_00018_202510,NPU_00018,2025-10-02,42951.84,salary,True
INC_NPU_00018_202511,NPU_00018,2025-11-05,44898.15,salary,True
INC_NPU_00018_202512,NPU_00018,2025-12-05,45113.94,salary,True
INC_NPU_00019_202301,NPU_00019,2023-01-21,270271.53,business,True
INC_NPU_00019_202302,NPU_00019,2023-02-01,211969.04,business,True
INC_NPU_00019_202303,NPU_00019,2023-03-01,433611.75,business,True
INC_NPU_00019_202304,NPU_00019,2023-04-01,259600.66,business,True
INC_NPU_00019_202305,NPU_00019,2023-05-01,563878.51,business,True
INC_NPU_00019_202306,NPU_00019,2023-06-01,326110.46,business,True
INC_NPU_00019_202307,NPU_00019,2023-07-16,238840.48,business,True
INC_NPU_00019_202308,NPU_00019,2023-08-11,323738.97,business,True
INC_NPU_00019_202309,NPU_00019,2023-09-11,320285.22,business,True
INC_NPU_00019_202310,NPU_00019,2023-10-21,313784.11,business,True
INC_NPU_00019_202311,NPU_00019,2023-11-21,296973.35,business,True
INC_NPU_00019_202312,NPU_00019,2023-12-16,271239.37,business,True
INC_NPU_00019_202401,NPU_00019,2024-01-01,416689.85,business,True
INC_NPU_00019_202402,NPU_00019,2024-02-11,299192.84,business,True
INC_NPU_00019_202403,NPU_00019,2024-03-16,247653.05,business,True
INC_NPU_00019_202404,NPU_00019,2024-04-06,281847.18,business,True
INC_NPU_00019_202405,NPU_00019,2024-05-16,493327.4,business,True
INC_NPU_00019_202406,NPU_00019,2024-06-21,213665.99,business,True
INC_NPU_00019_202407,NPU_00019,2024-07-16,387347.94,business,True
INC_NPU_00019_202408,NPU_00019,2024-08-21,266361.94,business,True
INC_NPU_00019_202409,NPU_00019,2024-09-06,347964.57,business,True
INC_NPU_00019_202410,NPU_00019,2024-10-06,413977.53,business,True
INC_NPU_00019_202411,NPU_00019,2024-11-16,251037.4,business,True
INC_NPU_00019_202412,NPU_00019,2024-12-21,260094.15,business,True
INC_NPU_00019_202501,NPU_00019,2025-01-06,267271.05,business,True
INC_NPU_00019_202502,NPU_00019,2025-02-06,382448.44,business,True
INC_NPU_00019_202503,NPU_00019,2025-03-11,528973.4,business,True
INC_NPU_00019_202504,NPU_00019,2025-04-16,232465.04,business,True
INC_NPU_00019_202505,NPU_00019,2025-05-06,323461.69,business,True
INC_NPU_00019_202506,NPU_00019,2025-06-16,250804.36,business,True
INC_NPU_00019_202507,NPU_00019,2025-07-16,262153.5,business,True
INC_NPU_00019_202508,NPU_00019,2025-08-01,230993.32,business,True
INC_NPU_00019_202509,NPU_00019,2025-09-11,303283.99,business,True
INC_NPU_00019_202510,NPU_00019,2025-10-01,407725.05,business,True
INC_NPU_00019_202511,NPU_00019,2025-11-21,240478.07,business,True
INC_NPU_00019_202512,NPU_00019,2025-12-16,276590.93,business,True
INC_NPU_00020_202301,NPU_00020,2023-01-02,53977.64,salary,True
INC_NPU_00020_202302,NPU_00020,2023-02-02,55739.17,salary,True
INC_NPU_00020_202303,NPU_00020,2023-03-02,54220.08,salary,True
INC_NPU_00020_202304,NPU_00020,2023-04-02,54127.1,salary,True
INC_NPU_00020_202305,NPU_00020,2023-05-01,55476.42,salary,True
INC_NPU_00020_202306,NPU_00020,2023-06-02,54002.88,salary,True
INC_NPU_00020_202307,NPU_00020,2023-07-02,52839.88,salary,True
INC_NPU_00020_202308,NPU_00020,2023-08-05,55207.49,salary,True
INC_NPU_00020_202309,NPU_00020,2023-09-01,52183.81,salary,True
INC_NPU_00020_202310,NPU_00020,2023-10-01,54994.73,salary,True
INC_NPU_00020_202311,NPU_00020,2023-11-02,53891.48,salary,True
INC_NPU_00020_202312,NPU_00020,2023-12-03,53575.78,salary,True
INC_NPU_00020_202401,NPU_00020,2024-01-02,53548.9,salary,True
INC_NPU_00020_202402,NPU_00020,2024-02-05,53740.38,salary,True
INC_NPU_00020_202403,NPU_00020,2024-03-02,53422.43,salary,True
INC_NPU_00020_202404,NPU_00020,2024-04-03,54376.97,salary,True
INC_NPU_00020_202405,NPU_00020,2024-05-03,53458.4,salary,True
INC_NPU_00020_202406,NPU_00020,2024-06-04,51829.25,salary,True
INC_NPU_00020_202407,NPU_00020,2024-07-03,53899.39,salary,True
INC_NPU_00020_202408,NPU_00020,2024-08-05,54935.67,salary,True
INC_NPU_00020_202409,NPU_00020,2024-09-01,51772.21,salary,True
INC_NPU_00020_202410,NPU_00020,2024-10-01,53892.33,salary,True
INC_NPU_00020_202411,NPU_00020,2024-11-05,53401.83,salary,True
INC_NPU_00020_202412,NPU_00020,2024-12-02,54905.38,salary,True
INC_NPU_00020_202501,NPU_00020,2025-01-04,53618.83,salary,True
INC_NPU_00020_202502,NPU_00020,2025-02-01,54729.24,salary,True
INC_NPU_00020_202503,NPU_00020,2025-03-04,54594.83,salary,True
INC_NPU_00020_202504,NPU_00020,2025-04-02,54626.35,salary,True
INC_NPU_00020_202505,NPU_00020,2025-05-05,55580.4,salary,True
INC_NPU_00020_202506,NPU_00020,2025-06-03,53655.88,salary,True
INC_NPU_00020_202507,NPU_00020,2025-07-01,53961.89,salary,True
INC_NPU_00020_202508,NPU_00020,2025-08-02,54346.96,salary,True
INC_NPU_00020_202509,NPU_00020,2025-09-02,53994.82,salary,True
INC_NPU_00020_202510,NPU_00020,2025-10-03,53621.12,salary,True
INC_NPU_00020_202511,NPU_00020,2025-11-01,52929.05,salary,True
INC_NPU_00020_202512,NPU_00020,2025-12-01,53911.84,salary,True
INC_NPU_00021_202301,NPU_00021,2023-01-02,45495.46,salary,True
INC_NPU_00021_202302,NPU_00021,2023-02-03,44988.61,salary,True
INC_NPU_00021_202303,NPU_00021,2023-03-01,45851.03,salary,True
INC_NPU_00021_202304,NPU_00021,2023-04-01,47520.37,salary,True
INC_NPU_00021_202305,NPU_00021,2023-05-01,47116.94,salary,True
INC_NPU_00021_202306,NPU_00021,2023-06-01,47530.44,salary,True
INC_NPU_00021_202307,NPU_00021,2023-07-01,46250.97,salary,True
INC_NPU_00021_202308,NPU_00021,2023-08-01,47879.03,salary,True
INC_NPU_00021_202309,NPU_00021,2023-09-02,45589.65,salary,True
INC_NPU_00021_202310,NPU_00021,2023-10-01,45882.64,salary,True
INC_NPU_00021_202311,NPU_00021,2023-11-04,47860.6,salary,True
INC_NPU_00021_202312,NPU_00021,2023-12-01,47047.48,salary,True
INC_NPU_00021_202401,NPU_00021,2024-01-02,47536.46,salary,True
INC_NPU_00021_202402,NPU_00021,2024-02-01,47120.96,salary,True
INC_NPU_00021_202403,NPU_00021,2024-03-03,46373.03,salary,True
INC_NPU_00021_202404,NPU_00021,2024-04-05,45779.69,salary,True
INC_NPU_00021_202405,NPU_00021,2024-05-01,45184.97,salary,True
INC_NPU_00021_202406,NPU_00021,2024-06-01,48596.76,salary,True
INC_NPU_00021_202407,NPU_00021,2024-07-01,45374.73,salary,True
INC_NPU_00021_202408,NPU_00021,2024-08-03,48233.94,salary,True
INC_NPU_00021_202409,NPU_00021,2024-09-02,46995.16,salary,True
INC_NPU_00021_202410,NPU_00021,2024-10-02,47150.2,salary,True
INC_NPU_00021_202411,NPU_00021,2024-11-04,47087.26,salary,True
INC_NPU_00021_202412,NPU_00021,2024-12-01,47409.2,salary,True
INC_NPU_00021_202501,NPU_00021,2025-01-02,46165.38,salary,True
INC_NPU_00021_202502,NPU_00021,2025-02-01,44877.65,salary,True
INC_NPU_00021_202503,NPU_00021,2025-03-02,46354.46,salary,True
INC_NPU_00021_202504,NPU_00021,2025-04-01,47324.93,salary,True
INC_NPU_00021_202505,NPU_00021,2025-05-05,45890.96,salary,True
INC_NPU_00021_202506,NPU_00021,2025-06-05,47904.88,salary,True
INC_NPU_00021_202507,NPU_00021,2025-07-05,46778.04,salary,True
INC_NPU_00021_202508,NPU_00021,2025-08-01,45811.06,salary,True
INC_NPU_00021_202509,NPU_00021,2025-09-05,47038.19,salary,True
INC_NPU_00021_202510,NPU_00021,2025-10-05,47308.46,salary,True
INC_NPU_00021_202511,NPU_00021,2025-11-01,47378.21,salary,True
INC_NPU_00021_202512,NPU_00021,2025-12-02,44163.7,salary,True
INC_NPU_00022_202301,NPU_00022,2023-01-02,198326.8,salary,True
INC_NPU_00022_202302,NPU_00022,2023-02-01,215531.07,salary,True
INC_NPU_00022_202303,NPU_00022,2023-03-01,205006.83,salary,True
INC_NPU_00022_202304,NPU_00022,2023-04-04,215537.65,salary,True
INC_NPU_00022_202305,NPU_00022,2023-05-02,215968.86,salary,True
INC_NPU_00022_202306,NPU_00022,2023-06-05,206163.32,salary,True
INC_NPU_00022_202307,NPU_00022,2023-07-01,206903.24,salary,True
INC_NPU_00022_202308,NPU_00022,2023-08-01,214293.78,salary,True
INC_NPU_00022_202309,NPU_00022,2023-09-05,209495.23,salary,True
INC_NPU_00022_202310,NPU_00022,2023-10-01,216663.79,salary,True
INC_NPU_00022_202311,NPU_00022,2023-11-01,217976.26,salary,True
INC_NPU_00022_202312,NPU_00022,2023-12-01,206291.99,salary,True
INC_NPU_00022_202401,NPU_00022,2024-01-05,207813.96,salary,True
INC_NPU_00022_202402,NPU_00022,2024-02-03,211600.55,salary,True
INC_NPU_00022_202403,NPU_00022,2024-03-01,201990.13,salary,True
INC_NPU_00022_202404,NPU_00022,2024-04-03,203584.74,salary,True
INC_NPU_00022_202405,NPU_00022,2024-05-01,207359.95,salary,True
INC_NPU_00022_202406,NPU_00022,2024-06-03,219652.07,salary,True
INC_NPU_00022_202407,NPU_00022,2024-07-01,212236.45,salary,True
INC_NPU_00022_202408,NPU_00022,2024-08-02,208437.66,salary,True
INC_NPU_00022_202409,NPU_00022,2024-09-02,206872.39,salary,True
INC_NPU_00022_202410,NPU_00022,2024-10-03,206119.81,salary,True
INC_NPU_00022_202411,NPU_00022,2024-11-04,208724.52,salary,True
INC_NPU_00022_202412,NPU_00022,2024-12-01,208494.57,salary,True
INC_NPU_00022_202501,NPU_00022,2025-01-03,210202.59,salary,True
INC_NPU_00022_202502,NPU_00022,2025-02-01,213249.04,salary,True
INC_NPU_00022_202503,NPU_00022,2025-03-02,210825.69,salary,True
INC_NPU_00022_202504,NPU_00022,2025-04-02,214564.6,salary,True
INC_NPU_00022_202505,NPU_00022,2025-05-01,209904.51,salary,True
INC_NPU_00022_202506,NPU_00022,2025-06-01,218366.38,salary,True
INC_NPU_00022_202507,NPU_00022,2025-07-01,214451.88,salary,True
INC_NPU_00022_202508,NPU_00022,2025-08-01,212117.76,salary,True
INC_NPU_00022_202509,NPU_00022,2025-09-01,213264.14,salary,True
INC_NPU_00022_202510,NPU_00022,2025-10-01,208832.66,salary,True
INC_NPU_00022_202511,NPU_00022,2025-11-02,210135.29,salary,True
INC_NPU_00022_202512,NPU_00022,2025-12-02,209975.57,salary,True
INC_NPU_00023_202301,NPU_00023,2023-01-02,181964.37,salary,True
INC_NPU_00023_202302,NPU_00023,2023-02-03,179772.54,salary,True
INC_NPU_00023_202303,NPU_00023,2023-03-01,186815.51,salary,True
INC_NPU_00023_202304,NPU_00023,2023-04-03,188367.27,salary,True
INC_NPU_00023_202305,NPU_00023,2023-05-03,186248.87,salary,True
INC_NPU_00023_202306,NPU_00023,2023-06-05,184461.67,salary,True
INC_NPU_00023_202307,NPU_00023,2023-07-01,192983.51,salary,True
INC_NPU_00023_202308,NPU_00023,2023-08-02,182338.92,salary,True
INC_NPU_00023_202309,NPU_00023,2023-09-01,185730.85,salary,True
INC_NPU_00023_202310,NPU_00023,2023-10-01,188949.42,salary,True
INC_NPU_00023_202311,NPU_00023,2023-11-04,180694.0,salary,True
INC_NPU_00023_202312,NPU_00023,2023-12-02,187112.5,salary,True
INC_NPU_00023_202401,NPU_00023,2024-01-02,191368.47,salary,True
INC_NPU_00023_202402,NPU_00023,2024-02-05,184762.32,salary,True
INC_NPU_00023_202403,NPU_00023,2024-03-02,185388.76,salary,True
INC_NPU_00023_202404,NPU_00023,2024-04-02,182359.53,salary,True
INC_NPU_00023_202405,NPU_00023,2024-05-02,186561.52,salary,True
INC_NPU_00023_202406,NPU_00023,2024-06-01,181880.21,salary,True
INC_NPU_00023_202407,NPU_00023,2024-07-04,184542.02,salary,True
INC_NPU_00023_202408,NPU_00023,2024-08-01,179360.18,salary,True
INC_NPU_00023_202409,NPU_00023,2024-09-01,175183.42,salary,True
INC_NPU_00023_202410,NPU_00023,2024-10-05,183033.01,salary,True
INC_NPU_00023_202411,NPU_00023,2024-11-01,182976.14,salary,True
INC_NPU_00023_202412,NPU_00023,2024-12-01,183333.01,salary,True
INC_NPU_00023_202501,NPU_00023,2025-01-03,187523.35,salary,True
INC_NPU_00023_202502,NPU_00023,2025-02-03,188483.27,salary,True
INC_NPU_00023_202503,NPU_00023,2025-03-01,185888.82,salary,True
INC_NPU_00023_202504,NPU_00023,2025-04-03,187239.5,salary,True
INC_NPU_00023_202505,NPU_00023,2025-05-01,181978.33,salary,True
INC_NPU_00023_202506,NPU_00023,2025-06-02,181124.94,salary,True
INC_NPU_00023_202507,NPU_00023,2025-07-04,186640.32,salary,True
INC_NPU_00023_202508,NPU_00023,2025-08-01,180649.55,salary,True
INC_NPU_00023_202509,NPU_00023,2025-09-01,180273.49,salary,True
INC_NPU_00023_202510,NPU_00023,2025-10-03,195361.09,salary,True
INC_NPU_00023_202511,NPU_00023,2025-11-04,184998.79,salary,True
INC_NPU_00023_202512,NPU_00023,2025-12-02,182978.39,salary,True
INC_NPU_00024_202301,NPU_00024,2023-01-10,42391.99,freelance,True
INC_NPU_00024_202302,NPU_00024,2023-02-18,42242.34,freelance,True
INC_NPU_00024_202303,NPU_00024,2023-03-20,23085.86,freelance,True
INC_NPU_00024_202304,NPU_00024,2023-04-13,30036.37,freelance,True
INC_NPU_00024_202305,NPU_00024,2023-05-15,24709.14,freelance,True
INC_NPU_00024_202306,NPU_00024,2023-06-07,29520.11,freelance,True
INC_NPU_00024_202307,NPU_00024,2023-07-20,49426.19,freelance,True
INC_NPU_00024_202308,NPU_00024,2023-08-01,31169.02,freelance,True
INC_NPU_00024_202309,NPU_00024,2023-09-24,56961.29,freelance,True
INC_NPU_00024_202310,NPU_00024,2023-10-09,23374.13,freelance,True
INC_NPU_00024_202311,NPU_00024,2023-11-07,33083.33,freelance,True
INC_NPU_00024_202312,NPU_00024,2023-12-19,78875.14,freelance,True
INC_NPU_00024_202401,NPU_00024,2024-01-23,45041.93,freelance,True
INC_NPU_00024_202402,NPU_00024,2024-02-08,60702.2,freelance,True
INC_NPU_00024_202403,NPU_00024,2024-03-05,58999.35,freelance,True
INC_NPU_00024_202404,NPU_00024,2024-04-11,79145.91,freelance,True
INC_NPU_00024_202405,NPU_00024,2024-05-12,38711.87,freelance,True
INC_NPU_00024_202406,NPU_00024,2024-06-03,21842.5,freelance,True
INC_NPU_00024_202407,NPU_00024,2024-07-04,40324.71,freelance,True
INC_NPU_00024_202408,NPU_00024,2024-08-01,44157.18,freelance,True
INC_NPU_00024_202409,NPU_00024,2024-09-09,34705.7,freelance,True
INC_NPU_00024_202410,NPU_00024,2024-10-03,23197.99,freelance,True
INC_NPU_00024_202411,NPU_00024,2024-11-12,83783.85,freelance,True
INC_NPU_00024_202412,NPU_00024,2024-12-07,49478.54,freelance,True
INC_NPU_00024_202501,NPU_00024,2025-01-21,58356.67,freelance,True
INC_NPU_00024_202502,NPU_00024,2025-02-22,71378.65,freelance,True
INC_NPU_00024_202503,NPU_00024,2025-03-12,38631.83,freelance,True
INC_NPU_00024_202504,NPU_00024,2025-04-07,60649.71,freelance,True
INC_NPU_00024_202505,NPU_00024,2025-05-14,43925.08,freelance,True
INC_NPU_00024_202506,NPU_00024,2025-06-10,58106.88,freelance,True
INC_NPU_00024_202507,NPU_00024,2025-07-12,46902.24,freelance,True
INC_NPU_00024_202508,NPU_00024,2025-08-24,47465.21,freelance,True
INC_NPU_00024_202509,NPU_00024,2025-09-06,81371.09,freelance,True
INC_NPU_00024_202510,NPU_00024,2025-10-20,53274.02,freelance,True
INC_NPU_00024_202511,NPU_00024,2025-11-09,187724.69,freelance,True
INC_NPU_00024_202512,NPU_00024,2025-12-14,40681.14,freelance,True
INC_NPU_00025_202301,NPU_00025,2023-01-01,62796.19,freelance,True
INC_NPU_00025_202302,NPU_00025,2023-02-02,40039.22,freelance,True
INC_NPU_00025_202303,NPU_00025,2023-03-10,28145.95,freelance,True
INC_NPU_00025_202304,NPU_00025,2023-04-23,53993.84,freelance,True
INC_NPU_00025_202305,NPU_00025,2023-05-09,28622.24,freelance,True
INC_NPU_00025_202306,NPU_00025,2023-06-18,11403.54,freelance,True
INC_NPU_00025_202307,NPU_00025,2023-07-07,73992.19,freelance,True
INC_NPU_00025_202308,NPU_00025,2023-08-12,25276.15,freelance,True
INC_NPU_00025_202309,NPU_00025,2023-09-16,19092.33,freelance,True
INC_NPU_00025_202310,NPU_00025,2023-10-23,28094.38,freelance,True
INC_NPU_00025_202311,NPU_00025,2023-11-08,36002.72,freelance,True
INC_NPU_00025_202312,NPU_00025,2023-12-05,42169.72,freelance,True
INC_NPU_00025_202401,NPU_00025,2024-01-15,51775.45,freelance,True
INC_NPU_00025_202402,NPU_00025,2024-02-01,107013.26,freelance,True
INC_NPU_00025_202403,NPU_00025,2024-03-20,17819.98,freelance,True
INC_NPU_00025_202404,NPU_00025,2024-04-23,14532.92,freelance,True
INC_NPU_00025_202405,NPU_00025,2024-05-23,33369.65,freelance,True
INC_NPU_00025_202406,NPU_00025,2024-06-09,19992.56,freelance,True
INC_NPU_00025_202407,NPU_00025,2024-07-14,26280.39,freelance,True
INC_NPU_00025_202408,NPU_00025,2024-08-07,17869.55,freelance,True
INC_NPU_00025_202409,NPU_00025,2024-09-08,41461.72,freelance,True
INC_NPU_00025_202410,NPU_00025,2024-10-10,32318.75,freelance,True
INC_NPU_00025_202411,NPU_00025,2024-11-07,42918.3,freelance,True
INC_NPU_00025_202412,NPU_00025,2024-12-15,36088.77,freelance,True
INC_NPU_00025_202501,NPU_00025,2025-01-09,50168.3,freelance,True
INC_NPU_00025_202502,NPU_00025,2025-02-02,58798.44,freelance,True
INC_NPU_00025_202503,NPU_00025,2025-03-01,73677.48,freelance,True
INC_NPU_00025_202504,NPU_00025,2025-04-03,41458.48,freelance,True
INC_NPU_00025_202505,NPU_00025,2025-05-02,39421.26,freelance,True
INC_NPU_00025_202506,NPU_00025,2025-06-18,42954.61,freelance,True
INC_NPU_00025_202507,NPU_00025,2025-07-15,42825.57,freelance,True
INC_NPU_00025_202508,NPU_00025,2025-08-21,45781.15,freelance,True
INC_NPU_00025_202509,NPU_00025,2025-09-04,53469.7,freelance,True
INC_NPU_00025_202510,NPU_00025,2025-10-21,51250.48,freelance,True
INC_NPU_00025_202511,NPU_00025,2025-11-17,23088.39,freelance,True
INC_NPU_00025_202512,NPU_00025,2025-12-17,25755.89,freelance,True
INC_NPU_00026_202301,NPU_00026,2023-01-01,109701.76,salary,True
INC_NPU_00026_202302,NPU_00026,2023-02-05,109229.67,salary,True
INC_NPU_00026_202303,NPU_00026,2023-03-02,108128.43,salary,True
INC_NPU_00026_202304,NPU_00026,2023-04-01,111971.82,salary,True
INC_NPU_00026_202305,NPU_00026,2023-05-03,108536.1,salary,True
INC_NPU_00026_202306,NPU_00026,2023-06-01,108263.32,salary,True
INC_NPU_00026_202307,NPU_00026,2023-07-05,112462.15,salary,True
INC_NPU_00026_202308,NPU_00026,2023-08-02,109714.23,salary,True
INC_NPU_00026_202309,NPU_00026,2023-09-02,104665.97,salary,True
INC_NPU_00026_202310,NPU_00026,2023-10-02,107300.97,salary,True
INC_NPU_00026_202311,NPU_00026,2023-11-02,110442.21,salary,True
INC_NPU_00026_202312,NPU_00026,2023-12-05,111110.93,salary,True
INC_NPU_00026_202401,NPU_00026,2024-01-01,108175.06,salary,True
INC_NPU_00026_202402,NPU_00026,2024-02-01,109471.43,salary,True
INC_NPU_00026_202403,NPU_00026,2024-03-01,111635.03,salary,True
INC_NPU_00026_202404,NPU_00026,2024-04-02,109429.02,salary,True
INC_NPU_00026_202405,NPU_00026,2024-05-01,108898.85,salary,True
INC_NPU_00026_202406,NPU_00026,2024-06-02,107503.2,salary,True
INC_NPU_00026_202407,NPU_00026,2024-07-01,111896.65,salary,True
INC_NPU_00026_202408,NPU_00026,2024-08-01,103165.81,salary,True
INC_NPU_00026_202409,NPU_00026,2024-09-02,114045.84,salary,True
INC_NPU_00026_202410,NPU_00026,2024-10-02,105538.85,salary,True
INC_NPU_00026_202411,NPU_00026,2024-11-04,109929.36,salary,True
INC_NPU_00026_202412,NPU_00026,2024-12-02,110508.76,salary,True
INC_NPU_00026_202501,NPU_00026,2025-01-04,110697.89,salary,True
INC_NPU_00026_202502,NPU_00026,2025-02-02,114905.79,salary,True
INC_NPU_00026_202503,NPU_00026,2025-03-01,106426.41,salary,True
INC_NPU_00026_202504,NPU_00026,2025-04-03,112408.97,salary,True
INC_NPU_00026_202505,NPU_00026,2025-05-03,108962.32,salary,True
INC_NPU_00026_202506,NPU_00026,2025-06-04,111939.18,salary,True
INC_NPU_00026_202507,NPU_00026,2025-07-01,108251.5,salary,True
INC_NPU_00026_202508,NPU_00026,2025-08-01,109227.15,salary,True
INC_NPU_00026_202509,NPU_00026,2025-09-01,107943.73,salary,True
INC_NPU_00026_202510,NPU_00026,2025-10-02,108944.53,salary,True
INC_NPU_00026_202511,NPU_00026,2025-11-02,108815.9,salary,True
INC_NPU_00026_202512,NPU_00026,2025-12-05,109929.4,salary,True
INC_NPU_00027_202301,NPU_00027,2023-01-04,51970.31,salary,True
INC_NPU_00027_202302,NPU_00027,2023-02-02,51988.74,salary,True
INC_NPU_00027_202303,NPU_00027,2023-03-03,51757.84,salary,True
INC_NPU_00027_202304,NPU_00027,2023-04-01,52078.79,salary,True
INC_NPU_00027_202305,NPU_00027,2023-05-01,52118.75,salary,True
INC_NPU_00027_202306,NPU_00027,2023-06-02,51420.41,salary,True
INC_NPU_00027_202307,NPU_00027,2023-07-01,53000.54,salary,True
INC_NPU_00027_202308,NPU_00027,2023-08-01,51712.11,salary,True
INC_NPU_00027_202309,NPU_00027,2023-09-04,52234.27,salary,True
INC_NPU_00027_202310,NPU_00027,2023-10-01,53219.92,salary,True
INC_NPU_00027_202311,NPU_00027,2023-11-04,52733.66,salary,True
INC_NPU_00027_202312,NPU_00027,2023-12-01,50094.71,salary,True
INC_NPU_00027_202401,NPU_00027,2024-01-01,51665.25,salary,True
INC_NPU_00027_202402,NPU_00027,2024-02-05,51787.54,salary,True
INC_NPU_00027_202403,NPU_00027,2024-03-03,52562.9,salary,True
INC_NPU_00027_202404,NPU_00027,2024-04-02,52572.63,salary,True
INC_NPU_00027_202405,NPU_00027,2024-05-01,51503.47,salary,True
INC_NPU_00027_202406,NPU_00027,2024-06-02,51505.0,salary,True
INC_NPU_00027_202407,NPU_00027,2024-07-01,50697.23,salary,True
INC_NPU_00027_202408,NPU_00027,2024-08-01,50984.71,salary,True
INC_NPU_00027_202409,NPU_00027,2024-09-02,52474.94,salary,True
INC_NPU_00027_202410,NPU_00027,2024-10-03,52342.74,salary,True
INC_NPU_00027_202411,NPU_00027,2024-11-04,51904.27,salary,True
INC_NPU_00027_202412,NPU_00027,2024-12-02,49439.22,salary,True
INC_NPU_00027_202501,NPU_00027,2025-01-01,52035.01,salary,True
INC_NPU_00027_202502,NPU_00027,2025-02-03,53324.76,salary,True
INC_NPU_00027_202503,NPU_00027,2025-03-02,50668.04,salary,True
INC_NPU_00027_202504,NPU_00027,2025-04-02,52196.67,salary,True
INC_NPU_00027_202505,NPU_00027,2025-05-01,53230.42,salary,True
INC_NPU_00027_202506,NPU_00027,2025-06-01,51299.03,salary,True
INC_NPU_00027_202507,NPU_00027,2025-07-01,52515.73,salary,True
INC_NPU_00027_202508,NPU_00027,2025-08-03,51453.46,salary,True
INC_NPU_00027_202509,NPU_00027,2025-09-04,53347.07,salary,True
INC_NPU_00027_202510,NPU_00027,2025-10-01,49177.82,salary,True
INC_NPU_00027_202511,NPU_00027,2025-11-02,50977.21,salary,True
INC_NPU_00027_202512,NPU_00027,2025-12-04,51610.35,salary,True
INC_NPU_00028_202301,NPU_00028,2023-01-02,31083.69,salary,True
INC_NPU_00028_202302,NPU_00028,2023-02-03,30283.59,salary,True
INC_NPU_00028_202303,NPU_00028,2023-03-02,30224.18,salary,True
INC_NPU_00028_202304,NPU_00028,2023-04-02,31009.16,salary,True
INC_NPU_00028_202305,NPU_00028,2023-05-05,30572.46,salary,True
INC_NPU_00028_202306,NPU_00028,2023-06-01,31032.05,salary,True
INC_NPU_00028_202307,NPU_00028,2023-07-02,30788.99,salary,True
INC_NPU_00028_202308,NPU_00028,2023-08-01,29890.18,salary,True
INC_NPU_00028_202309,NPU_00028,2023-09-02,30487.82,salary,True
INC_NPU_00028_202310,NPU_00028,2023-10-03,30960.29,salary,True
INC_NPU_00028_202311,NPU_00028,2023-11-03,31199.88,salary,True
INC_NPU_00028_202312,NPU_00028,2023-12-02,30173.09,salary,True
INC_NPU_00028_202401,NPU_00028,2024-01-02,30952.5,salary,True
INC_NPU_00028_202402,NPU_00028,2024-02-01,29591.73,salary,True
INC_NPU_00028_202403,NPU_00028,2024-03-04,30382.99,salary,True
INC_NPU_00028_202404,NPU_00028,2024-04-01,30272.14,salary,True
INC_NPU_00028_202405,NPU_00028,2024-05-01,31564.31,salary,True
INC_NPU_00028_202406,NPU_00028,2024-06-04,29717.89,salary,True
INC_NPU_00028_202407,NPU_00028,2024-07-02,31430.34,salary,True
INC_NPU_00028_202408,NPU_00028,2024-08-02,30213.16,salary,True
INC_NPU_00028_202409,NPU_00028,2024-09-03,29175.81,salary,True
INC_NPU_00028_202410,NPU_00028,2024-10-01,30428.19,salary,True
INC_NPU_00028_202411,NPU_00028,2024-11-01,30333.33,salary,True
INC_NPU_00028_202412,NPU_00028,2024-12-01,31293.88,salary,True
INC_NPU_00028_202501,NPU_00028,2025-01-02,30246.97,salary,True
INC_NPU_00028_202502,NPU_00028,2025-02-01,31715.1,salary,True
INC_NPU_00028_202503,NPU_00028,2025-03-04,31228.88,salary,True
INC_NPU_00028_202504,NPU_00028,2025-04-03,30662.71,salary,True
INC_NPU_00028_202505,NPU_00028,2025-05-01,30013.7,salary,True
INC_NPU_00028_202506,NPU_00028,2025-06-05,29574.3,salary,True
INC_NPU_00028_202507,NPU_00028,2025-07-01,30769.17,salary,True
INC_NPU_00028_202508,NPU_00028,2025-08-04,30520.6,salary,True
INC_NPU_00028_202509,NPU_00028,2025-09-02,30949.56,salary,True
INC_NPU_00028_202510,NPU_00028,2025-10-04,31052.69,salary,True
INC_NPU_00028_202511,NPU_00028,2025-11-01,32193.42,salary,True
INC_NPU_00028_202512,NPU_00028,2025-12-05,30319.65,salary,True
INC_NPU_00029_202301,NPU_00029,2023-01-01,164145.71,salary,True
INC_NPU_00029_202302,NPU_00029,2023-02-05,160197.78,salary,True
INC_NPU_00029_202303,NPU_00029,2023-03-02,158826.9,salary,True
INC_NPU_00029_202304,NPU_00029,2023-04-02,161789.38,salary,True
INC_NPU_00029_202305,NPU_00029,2023-05-01,159547.15,salary,True
INC_NPU_00029_202306,NPU_00029,2023-06-01,155309.39,salary,True
INC_NPU_00029_202307,NPU_00029,2023-07-01,157258.47,salary,True
INC_NPU_00029_202308,NPU_00029,2023-08-02,157659.92,salary,True
INC_NPU_00029_202309,NPU_00029,2023-09-01,158999.7,salary,True
INC_NPU_00029_202310,NPU_00029,2023-10-01,165771.69,salary,True
INC_NPU_00029_202311,NPU_00029,2023-11-04,161552.1,salary,True
INC_NPU_00029_202312,NPU_00029,2023-12-04,160100.66,salary,True
INC_NPU_00029_202401,NPU_00029,2024-01-04,163386.87,salary,True
INC_NPU_00029_202402,NPU_00029,2024-02-02,161617.83,salary,True
INC_NPU_00029_202403,NPU_00029,2024-03-03,162183.84,salary,True
INC_NPU_00029_202404,NPU_00029,2024-04-05,160595.38,salary,True
INC_NPU_00029_202405,NPU_00029,2024-05-03,158653.6,salary,True
INC_NPU_00029_202406,NPU_00029,2024-06-01,161384.29,salary,True
INC_NPU_00029_202407,NPU_00029,2024-07-02,161130.74,salary,True
INC_NPU_00029_202408,NPU_00029,2024-08-01,164238.91,salary,True
INC_NPU_00029_202409,NPU_00029,2024-09-05,161492.73,salary,True
INC_NPU_00029_202410,NPU_00029,2024-10-01,159233.29,salary,True
INC_NPU_00029_202411,NPU_00029,2024-11-02,159038.77,salary,True
INC_NPU_00029_202412,NPU_00029,2024-12-03,168640.37,salary,True
INC_NPU_00029_202501,NPU_00029,2025-01-01,154418.08,salary,True
INC_NPU_00029_202502,NPU_00029,2025-02-01,165478.96,salary,True
INC_NPU_00029_202503,NPU_00029,2025-03-02,162303.99,salary,True
INC_NPU_00029_202504,NPU_00029,2025-04-02,163064.78,salary,True
INC_NPU_00029_202505,NPU_00029,2025-05-03,164469.74,salary,True
INC_NPU_00029_202506,NPU_00029,2025-06-02,162658.91,salary,True
INC_NPU_00029_202507,NPU_00029,2025-07-01,160507.98,salary,True
INC_NPU_00029_202508,NPU_00029,2025-08-03,167012.86,salary,True
INC_NPU_00029_202509,NPU_00029,2025-09-01,164099.76,salary,True
INC_NPU_00029_202510,NPU_00029,2025-10-03,159605.55,salary,True
INC_NPU_00029_202511,NPU_00029,2025-11-02,166138.26,salary,True
INC_NPU_00029_202512,NPU_00029,2025-12-03,155971.94,salary,True
INC_NPU_00030_202301,NPU_00030,2023-01-01,45154.16,salary,True
INC_NPU_00030_202302,NPU_00030,2023-02-01,44073.93,salary,True
INC_NPU_00030_202303,NPU_00030,2023-03-01,42029.98,salary,True
INC_NPU_00030_202304,NPU_00030,2023-04-01,44195.05,salary,True
INC_NPU_00030_202305,NPU_00030,2023-05-01,43276.12,salary,True
INC_NPU_00030_202306,NPU_00030,2023-06-02,43127.39,salary,True
INC_NPU_00030_202307,NPU_00030,2023-07-03,44072.79,salary,True
INC_NPU_00030_202308,NPU_00030,2023-08-03,43726.89,salary,True
INC_NPU_00030_202309,NPU_00030,2023-09-04,44511.8,salary,True
INC_NPU_00030_202310,NPU_00030,2023-10-02,42185.68,salary,True
INC_NPU_00030_202311,NPU_00030,2023-11-05,44150.44,salary,True
INC_NPU_00030_202312,NPU_00030,2023-12-03,43955.54,salary,True
INC_NPU_00030_202401,NPU_00030,2024-01-03,44286.68,salary,True
INC_NPU_00030_202402,NPU_00030,2024-02-01,43175.24,salary,True
INC_NPU_00030_202403,NPU_00030,2024-03-01,45362.0,salary,True
INC_NPU_00030_202404,NPU_00030,2024-04-01,44035.82,salary,True
INC_NPU_00030_202405,NPU_00030,2024-05-04,43505.62,salary,True
INC_NPU_00030_202406,NPU_00030,2024-06-03,41781.86,salary,True
INC_NPU_00030_202407,NPU_00030,2024-07-02,43268.61,salary,True
INC_NPU_00030_202408,NPU_00030,2024-08-04,44332.1,salary,True
INC_NPU_00030_202409,NPU_00030,2024-09-04,44899.39,salary,True
INC_NPU_00030_202410,NPU_00030,2024-10-05,43640.16,salary,True
INC_NPU_00030_202411,NPU_00030,2024-11-05,45067.04,salary,True
INC_NPU_00030_202412,NPU_00030,2024-12-02,42778.98,salary,True
INC_NPU_00030_202501,NPU_00030,2025-01-01,43983.26,salary,True
INC_NPU_00030_202502,NPU_00030,2025-02-01,44009.28,salary,True
INC_NPU_00030_202503,NPU_00030,2025-03-02,44158.02,salary,True
INC_NPU_00030_202504,NPU_00030,2025-04-02,43759.5,salary,True
INC_NPU_00030_202505,NPU_00030,2025-05-02,43932.47,salary,True
INC_NPU_00030_202506,NPU_00030,2025-06-01,42759.59,salary,True
INC_NPU_00030_202507,NPU_00030,2025-07-01,44796.68,salary,True
INC_NPU_00030_202508,NPU_00030,2025-08-03,44444.09,salary,True
INC_NPU_00030_202509,NPU_00030,2025-09-04,43896.31,salary,True
INC_NPU_00030_202510,NPU_00030,2025-10-04,44467.07,salary,True
INC_NPU_00030_202511,NPU_00030,2025-11-03,44829.66,salary,True
INC_NPU_00030_202512,NPU_00030,2025-12-04,44144.29,salary,True
INC_NPU_00031_202301,NPU_00031,2023-01-02,165447.27,salary,True
INC_NPU_00031_202302,NPU_00031,2023-02-03,160861.63,salary,True
INC_NPU_00031_202303,NPU_00031,2023-03-05,155990.39,salary,True
INC_NPU_00031_202304,NPU_00031,2023-04-02,159510.02,salary,True
INC_NPU_00031_202305,NPU_00031,2023-05-01,161893.46,salary,True
INC_NPU_00031_202306,NPU_00031,2023-06-01,163076.7,salary,True
INC_NPU_00031_202307,NPU_00031,2023-07-01,159249.33,salary,True
INC_NPU_00031_202308,NPU_00031,2023-08-04,155753.15,salary,True
INC_NPU_00031_202309,NPU_00031,2023-09-01,157976.71,salary,True
INC_NPU_00031_202310,NPU_00031,2023-10-02,154378.46,salary,True
INC_NPU_00031_202311,NPU_00031,2023-11-02,161212.84,salary,True
INC_NPU_00031_202312,NPU_00031,2023-12-02,157355.86,salary,True
INC_NPU_00031_202401,NPU_00031,2024-01-02,156446.28,salary,True
INC_NPU_00031_202402,NPU_00031,2024-02-04,161551.16,salary,True
INC_NPU_00031_202403,NPU_00031,2024-03-01,163857.2,salary,True
INC_NPU_00031_202404,NPU_00031,2024-04-04,156433.23,salary,True
INC_NPU_00031_202405,NPU_00031,2024-05-02,159270.75,salary,True
INC_NPU_00031_202406,NPU_00031,2024-06-03,158107.92,salary,True
INC_NPU_00031_202407,NPU_00031,2024-07-03,163250.8,salary,True
INC_NPU_00031_202408,NPU_00031,2024-08-02,158465.4,salary,True
INC_NPU_00031_202409,NPU_00031,2024-09-01,155471.65,salary,True
INC_NPU_00031_202410,NPU_00031,2024-10-05,158616.88,salary,True
INC_NPU_00031_202411,NPU_00031,2024-11-01,162429.95,salary,True
INC_NPU_00031_202412,NPU_00031,2024-12-04,157921.34,salary,True
INC_NPU_00031_202501,NPU_00031,2025-01-02,156743.78,salary,True
INC_NPU_00031_202502,NPU_00031,2025-02-04,158321.16,salary,True
INC_NPU_00031_202503,NPU_00031,2025-03-02,155564.91,salary,True
INC_NPU_00031_202504,NPU_00031,2025-04-01,158103.83,salary,True
INC_NPU_00031_202505,NPU_00031,2025-05-03,156970.75,salary,True
INC_NPU_00031_202506,NPU_00031,2025-06-01,166189.57,salary,True
INC_NPU_00031_202507,NPU_00031,2025-07-04,152580.13,salary,True
INC_NPU_00031_202508,NPU_00031,2025-08-02,155977.36,salary,True
INC_NPU_00031_202509,NPU_00031,2025-09-01,156741.47,salary,True
INC_NPU_00031_202510,NPU_00031,2025-10-02,155584.9,salary,True
INC_NPU_00031_202511,NPU_00031,2025-11-01,160026.81,salary,True
INC_NPU_00031_202512,NPU_00031,2025-12-01,156379.33,salary,True
INC_NPU_00032_202301,NPU_00032,2023-01-03,56731.14,salary,True
INC_NPU_00032_202302,NPU_00032,2023-02-01,58538.75,salary,True
INC_NPU_00032_202303,NPU_00032,2023-03-01,58083.03,salary,True
INC_NPU_00032_202304,NPU_00032,2023-04-02,57634.09,salary,True
INC_NPU_00032_202305,NPU_00032,2023-05-01,60077.22,salary,True
INC_NPU_00032_202306,NPU_00032,2023-06-01,58966.71,salary,True
INC_NPU_00032_202307,NPU_00032,2023-07-03,58826.89,salary,True
INC_NPU_00032_202308,NPU_00032,2023-08-01,58994.11,salary,True
INC_NPU_00032_202309,NPU_00032,2023-09-01,58930.27,salary,True
INC_NPU_00032_202310,NPU_00032,2023-10-01,58141.18,salary,True
INC_NPU_00032_202311,NPU_00032,2023-11-01,57593.95,salary,True
INC_NPU_00032_202312,NPU_00032,2023-12-02,58564.89,salary,True
INC_NPU_00032_202401,NPU_00032,2024-01-01,58119.95,salary,True
INC_NPU_00032_202402,NPU_00032,2024-02-04,56169.4,salary,True
INC_NPU_00032_202403,NPU_00032,2024-03-04,57194.59,salary,True
INC_NPU_00032_202404,NPU_00032,2024-04-04,57972.84,salary,True
INC_NPU_00032_202405,NPU_00032,2024-05-03,59514.68,salary,True
INC_NPU_00032_202406,NPU_00032,2024-06-03,58570.1,salary,True
INC_NPU_00032_202407,NPU_00032,2024-07-01,57393.2,salary,True
INC_NPU_00032_202408,NPU_00032,2024-08-01,57101.13,salary,True
INC_NPU_00032_202409,NPU_00032,2024-09-02,59785.41,salary,True
INC_NPU_00032_202410,NPU_00032,2024-10-04,58194.18,salary,True
INC_NPU_00032_202411,NPU_00032,2024-11-01,55057.75,salary,True
INC_NPU_00032_202412,NPU_00032,2024-12-04,58267.6,salary,True
INC_NPU_00032_202501,NPU_00032,2025-01-03,59225.23,salary,True
INC_NPU_00032_202502,NPU_00032,2025-02-03,57068.24,salary,True
INC_NPU_00032_202503,NPU_00032,2025-03-01,58478.9,salary,True
INC_NPU_00032_202504,NPU_00032,2025-04-01,58589.12,salary,True
INC_NPU_00032_202505,NPU_00032,2025-05-02,57131.51,salary,True
INC_NPU_00032_202506,NPU_00032,2025-06-01,59906.64,salary,True
INC_NPU_00032_202507,NPU_00032,2025-07-03,58609.83,salary,True
INC_NPU_00032_202508,NPU_00032,2025-08-05,57967.01,salary,True
INC_NPU_00032_202509,NPU_00032,2025-09-04,58201.96,salary,True
INC_NPU_00032_202510,NPU_00032,2025-10-03,56923.15,salary,True
INC_NPU_00032_202511,NPU_00032,2025-11-04,56879.34,salary,True
INC_NPU_00032_202512,NPU_00032,2025-12-02,57859.99,salary,True
INC_NPU_00033_202301,NPU_00033,2023-01-03,58524.72,salary,True
INC_NPU_00033_202302,NPU_00033,2023-02-05,58722.52,salary,True
INC_NPU_00033_202303,NPU_00033,2023-03-01,60642.64,salary,True
INC_NPU_00033_202304,NPU_00033,2023-04-01,59764.14,salary,True
INC_NPU_00033_202305,NPU_00033,2023-05-01,56903.89,salary,True
INC_NPU_00033_202306,NPU_00033,2023-06-01,60368.91,salary,True
INC_NPU_00033_202307,NPU_00033,2023-07-01,58445.56,salary,True
INC_NPU_00033_202308,NPU_00033,2023-08-01,59884.72,salary,True
INC_NPU_00033_202309,NPU_00033,2023-09-02,58535.51,salary,True
INC_NPU_00033_202310,NPU_00033,2023-10-02,59134.37,salary,True
INC_NPU_00033_202311,NPU_00033,2023-11-05,57586.85,salary,True
INC_NPU_00033_202312,NPU_00033,2023-12-03,59391.22,salary,True
INC_NPU_00033_202401,NPU_00033,2024-01-05,60028.93,salary,True
INC_NPU_00033_202402,NPU_00033,2024-02-03,57091.99,salary,True
INC_NPU_00033_202403,NPU_00033,2024-03-01,60049.17,salary,True
INC_NPU_00033_202404,NPU_00033,2024-04-03,58181.03,salary,True
INC_NPU_00033_202405,NPU_00033,2024-05-02,61068.12,salary,True
INC_NPU_00033_202406,NPU_00033,2024-06-04,59908.48,salary,True
INC_NPU_00033_202407,NPU_00033,2024-07-03,59680.52,salary,True
INC_NPU_00033_202408,NPU_00033,2024-08-01,58806.76,salary,True
INC_NPU_00033_202409,NPU_00033,2024-09-01,62108.99,salary,True
INC_NPU_00033_202410,NPU_00033,2024-10-02,58452.72,salary,True
INC_NPU_00033_202411,NPU_00033,2024-11-01,57807.17,salary,True
INC_NPU_00033_202412,NPU_00033,2024-12-02,58219.94,salary,True
INC_NPU_00033_202501,NPU_00033,2025-01-01,60257.85,salary,True
INC_NPU_00033_202502,NPU_00033,2025-02-01,59111.47,salary,True
INC_NPU_00033_202503,NPU_00033,2025-03-02,58933.4,salary,True
INC_NPU_00033_202504,NPU_00033,2025-04-01,58469.61,salary,True
INC_NPU_00033_202505,NPU_00033,2025-05-05,58871.93,salary,True
INC_NPU_00033_202506,NPU_00033,2025-06-02,58390.77,salary,True
INC_NPU_00033_202507,NPU_00033,2025-07-02,59797.22,salary,True
INC_NPU_00033_202508,NPU_00033,2025-08-01,58696.12,salary,True
INC_NPU_00033_202509,NPU_00033,2025-09-02,58240.6,salary,True
INC_NPU_00033_202510,NPU_00033,2025-10-02,60144.37,salary,True
INC_NPU_00033_202511,NPU_00033,2025-11-05,57841.35,salary,True
INC_NPU_00033_202512,NPU_00033,2025-12-02,59128.27,salary,True
INC_NPU_00034_202301,NPU_00034,2023-01-01,167910.85,salary,True
INC_NPU_00034_202302,NPU_00034,2023-02-01,169794.86,salary,True
INC_NPU_00034_202303,NPU_00034,2023-03-02,173327.42,salary,True
INC_NPU_00034_202304,NPU_00034,2023-04-01,172735.98,salary,True
INC_NPU_00034_202305,NPU_00034,2023-05-01,172730.89,salary,True
INC_NPU_00034_202306,NPU_00034,2023-06-01,177323.3,salary,True
INC_NPU_00034_202307,NPU_00034,2023-07-01,177544.36,salary,True
INC_NPU_00034_202308,NPU_00034,2023-08-05,175643.82,salary,True
INC_NPU_00034_202309,NPU_00034,2023-09-01,170999.04,salary,True
INC_NPU_00034_202310,NPU_00034,2023-10-05,174194.0,salary,True
INC_NPU_00034_202311,NPU_00034,2023-11-02,181320.34,salary,True
INC_NPU_00034_202312,NPU_00034,2023-12-01,183308.79,salary,True
INC_NPU_00034_202401,NPU_00034,2024-01-01,178024.51,salary,True
INC_NPU_00034_202402,NPU_00034,2024-02-02,171123.05,salary,True
INC_NPU_00034_202403,NPU_00034,2024-03-05,174224.49,salary,True
INC_NPU_00034_202404,NPU_00034,2024-04-05,175405.51,salary,True
INC_NPU_00034_202405,NPU_00034,2024-05-03,174863.3,salary,True
INC_NPU_00034_202406,NPU_00034,2024-06-01,178427.46,salary,True
INC_NPU_00034_202407,NPU_00034,2024-07-02,177155.49,salary,True
INC_NPU_00034_202408,NPU_00034,2024-08-01,170949.94,salary,True
INC_NPU_00034_202409,NPU_00034,2024-09-03,172432.09,salary,True
INC_NPU_00034_202410,NPU_00034,2024-10-01,178008.14,salary,True
INC_NPU_00034_202411,NPU_00034,2024-11-04,179596.77,salary,True
INC_NPU_00034_202412,NPU_00034,2024-12-03,175449.95,salary,True
INC_NPU_00034_202501,NPU_00034,2025-01-01,180101.22,salary,True
INC_NPU_00034_202502,NPU_00034,2025-02-03,175040.57,salary,True
INC_NPU_00034_202503,NPU_00034,2025-03-02,171492.85,salary,True
INC_NPU_00034_202504,NPU_00034,2025-04-02,176809.98,salary,True
INC_NPU_00034_202505,NPU_00034,2025-05-03,185283.88,salary,True
INC_NPU_00034_202506,NPU_00034,2025-06-01,170209.22,salary,True
INC_NPU_00034_202507,NPU_00034,2025-07-04,179940.36,salary,True
INC_NPU_00034_202508,NPU_00034,2025-08-02,176598.27,salary,True
INC_NPU_00034_202509,NPU_00034,2025-09-01,172234.13,salary,True
INC_NPU_00034_202510,NPU_00034,2025-10-01,167982.5,salary,True
INC_NPU_00034_202511,NPU_00034,2025-11-01,166768.05,salary,True
INC_NPU_00034_202512,NPU_00034,2025-12-01,172724.12,salary,True
INC_NPU_00035_202301,NPU_00035,2023-01-02,35277.49,salary,True
INC_NPU_00035_202302,NPU_00035,2023-02-03,35625.66,salary,True
INC_NPU_00035_202303,NPU_00035,2023-03-04,35798.57,salary,True
INC_NPU_00035_202304,NPU_00035,2023-04-03,35212.43,salary,True
INC_NPU_00035_202305,NPU_00035,2023-05-04,35099.16,salary,True
INC_NPU_00035_202306,NPU_00035,2023-06-01,34767.29,salary,True
INC_NPU_00035_202307,NPU_00035,2023-07-01,35295.13,salary,True
INC_NPU_00035_202308,NPU_00035,2023-08-05,34535.78,salary,True
INC_NPU_00035_202309,NPU_00035,2023-09-02,34152.72,salary,True
INC_NPU_00035_202310,NPU_00035,2023-10-02,35055.03,salary,True
INC_NPU_00035_202311,NPU_00035,2023-11-01,35565.98,salary,True
INC_NPU_00035_202312,NPU_00035,2023-12-01,34015.45,salary,True
INC_NPU_00035_202401,NPU_00035,2024-01-03,34624.03,salary,True
INC_NPU_00035_202402,NPU_00035,2024-02-05,35028.83,salary,True
INC_NPU_00035_202403,NPU_00035,2024-03-04,35014.03,salary,True
INC_NPU_00035_202404,NPU_00035,2024-04-03,35380.71,salary,True
INC_NPU_00035_202405,NPU_00035,2024-05-04,36321.55,salary,True
INC_NPU_00035_202406,NPU_00035,2024-06-01,33435.48,salary,True
INC_NPU_00035_202407,NPU_00035,2024-07-02,36361.22,salary,True
INC_NPU_00035_202408,NPU_00035,2024-08-01,36281.67,salary,True
INC_NPU_00035_202409,NPU_00035,2024-09-02,35638.51,salary,True
INC_NPU_00035_202410,NPU_00035,2024-10-02,35157.0,salary,True
INC_NPU_00035_202411,NPU_00035,2024-11-04,34548.88,salary,True
INC_NPU_00035_202412,NPU_00035,2024-12-02,35628.99,salary,True
INC_NPU_00035_202501,NPU_00035,2025-01-02,35193.77,salary,True
INC_NPU_00035_202502,NPU_00035,2025-02-01,34781.85,salary,True
INC_NPU_00035_202503,NPU_00035,2025-03-01,35608.77,salary,True
INC_NPU_00035_202504,NPU_00035,2025-04-02,35739.47,salary,True
INC_NPU_00035_202505,NPU_00035,2025-05-03,33082.33,salary,True
INC_NPU_00035_202506,NPU_00035,2025-06-03,35995.14,salary,True
INC_NPU_00035_202507,NPU_00035,2025-07-01,34474.49,salary,True
INC_NPU_00035_202508,NPU_00035,2025-08-03,35885.61,salary,True
INC_NPU_00035_202509,NPU_00035,2025-09-04,34794.62,salary,True
INC_NPU_00035_202510,NPU_00035,2025-10-03,35159.01,salary,True
INC_NPU_00035_202511,NPU_00035,2025-11-03,35295.73,salary,True
INC_NPU_00035_202512,NPU_00035,2025-12-01,35818.49,salary,True
INC_NPU_00036_202301,NPU_00036,2023-01-01,35934.44,salary,True
INC_NPU_00036_202302,NPU_00036,2023-02-03,35167.69,salary,True
INC_NPU_00036_202303,NPU_00036,2023-03-02,33893.26,salary,True
INC_NPU_00036_202304,NPU_00036,2023-04-01,35776.11,salary,True
INC_NPU_00036_202305,NPU_00036,2023-05-04,35530.53,salary,True
INC_NPU_00036_202306,NPU_00036,2023-06-01,34501.48,salary,True
INC_NPU_00036_202307,NPU_00036,2023-07-01,35615.54,salary,True
INC_NPU_00036_202308,NPU_00036,2023-08-01,35420.06,salary,True
INC_NPU_00036_202309,NPU_00036,2023-09-03,36398.21,salary,True
INC_NPU_00036_202310,NPU_00036,2023-10-01,36838.23,salary,True
INC_NPU_00036_202311,NPU_00036,2023-11-02,36127.86,salary,True
INC_NPU_00036_202312,NPU_00036,2023-12-05,35378.23,salary,True
INC_NPU_00036_202401,NPU_00036,2024-01-02,35484.34,salary,True
INC_NPU_00036_202402,NPU_00036,2024-02-03,34844.74,salary,True
INC_NPU_00036_202403,NPU_00036,2024-03-01,34968.05,salary,True
INC_NPU_00036_202404,NPU_00036,2024-04-01,35336.47,salary,True
INC_NPU_00036_202405,NPU_00036,2024-05-03,35261.5,salary,True
INC_NPU_00036_202406,NPU_00036,2024-06-02,34464.47,salary,True
INC_NPU_00036_202407,NPU_00036,2024-07-01,36406.98,salary,True
INC_NPU_00036_202408,NPU_00036,2024-08-01,36522.89,salary,True
INC_NPU_00036_202409,NPU_00036,2024-09-02,36379.67,salary,True
INC_NPU_00036_202410,NPU_00036,2024-10-04,36552.2,salary,True
INC_NPU_00036_202411,NPU_00036,2024-11-02,37092.28,salary,True
INC_NPU_00036_202412,NPU_00036,2024-12-01,34857.35,salary,True
INC_NPU_00036_202501,NPU_00036,2025-01-02,37050.37,salary,True
INC_NPU_00036_202502,NPU_00036,2025-02-05,35163.44,salary,True
INC_NPU_00036_202503,NPU_00036,2025-03-03,35886.89,salary,True
INC_NPU_00036_202504,NPU_00036,2025-04-04,34304.13,salary,True
INC_NPU_00036_202505,NPU_00036,2025-05-02,35072.53,salary,True
INC_NPU_00036_202506,NPU_00036,2025-06-01,36150.71,salary,True
INC_NPU_00036_202507,NPU_00036,2025-07-01,35923.66,salary,True
INC_NPU_00036_202508,NPU_00036,2025-08-03,35149.9,salary,True
INC_NPU_00036_202509,NPU_00036,2025-09-01,35484.01,salary,True
INC_NPU_00036_202510,NPU_00036,2025-10-02,34998.77,salary,True
INC_NPU_00036_202511,NPU_00036,2025-11-04,36148.49,salary,True
INC_NPU_00036_202512,NPU_00036,2025-12-05,33952.33,salary,True
INC_NPU_00037_202301,NPU_00037,2023-01-01,72925.75,salary,True
INC_NPU_00037_202302,NPU_00037,2023-02-01,69720.73,salary,True
INC_NPU_00037_202303,NPU_00037,2023-03-05,70818.74,salary,True
INC_NPU_00037_202304,NPU_00037,2023-04-05,68876.7,salary,True
INC_NPU_00037_202305,NPU_00037,2023-05-03,71186.51,salary,True
INC_NPU_00037_202306,NPU_00037,2023-06-01,71609.75,salary,True
INC_NPU_00037_202307,NPU_00037,2023-07-01,71305.69,salary,True
INC_NPU_00037_202308,NPU_00037,2023-08-01,71489.34,salary,True
INC_NPU_00037_202309,NPU_00037,2023-09-03,70664.23,salary,True
INC_NPU_00037_202310,NPU_00037,2023-10-02,70698.05,salary,True
INC_NPU_00037_202311,NPU_00037,2023-11-01,70631.46,salary,True
INC_NPU_00037_202312,NPU_00037,2023-12-01,70102.98,salary,True
INC_NPU_00037_202401,NPU_00037,2024-01-01,70271.1,salary,True
INC_NPU_00037_202402,NPU_00037,2024-02-01,71540.35,salary,True
INC_NPU_00037_202403,NPU_00037,2024-03-01,72815.76,salary,True
INC_NPU_00037_202404,NPU_00037,2024-04-02,69477.12,salary,True
INC_NPU_00037_202405,NPU_00037,2024-05-03,70692.71,salary,True
INC_NPU_00037_202406,NPU_00037,2024-06-02,69188.13,salary,True
INC_NPU_00037_202407,NPU_00037,2024-07-01,70128.09,salary,True
INC_NPU_00037_202408,NPU_00037,2024-08-03,70352.84,salary,True
INC_NPU_00037_202409,NPU_00037,2024-09-04,71082.12,salary,True
INC_NPU_00037_202410,NPU_00037,2024-10-03,71041.44,salary,True
INC_NPU_00037_202411,NPU_00037,2024-11-01,70805.85,salary,True
INC_NPU_00037_202412,NPU_00037,2024-12-05,71416.32,salary,True
INC_NPU_00037_202501,NPU_00037,2025-01-04,69603.03,salary,True
INC_NPU_00037_202502,NPU_00037,2025-02-03,71094.17,salary,True
INC_NPU_00037_202503,NPU_00037,2025-03-04,71891.31,salary,True
INC_NPU_00037_202504,NPU_00037,2025-04-01,69586.24,salary,True
INC_NPU_00037_202505,NPU_00037,2025-05-01,68356.9,salary,True
INC_NPU_00037_202506,NPU_00037,2025-06-01,72284.01,salary,True
INC_NPU_00037_202507,NPU_00037,2025-07-01,69229.93,salary,True
INC_NPU_00037_202508,NPU_00037,2025-08-04,70060.26,salary,True
INC_NPU_00037_202509,NPU_00037,2025-09-05,71846.89,salary,True
INC_NPU_00037_202510,NPU_00037,2025-10-01,69518.0,salary,True
INC_NPU_00037_202511,NPU_00037,2025-11-02,72172.68,salary,True
INC_NPU_00037_202512,NPU_00037,2025-12-01,69858.27,salary,True
INC_NPU_00038_202301,NPU_00038,2023-01-11,119268.19,business,True
INC_NPU_00038_202302,NPU_00038,2023-02-01,107392.04,business,True
INC_NPU_00038_202303,NPU_00038,2023-03-16,224788.74,business,True
INC_NPU_00038_202304,NPU_00038,2023-04-16,276052.57,business,True
INC_NPU_00038_202305,NPU_00038,2023-05-11,180190.31,business,True
INC_NPU_00038_202306,NPU_00038,2023-06-16,129017.21,business,True
INC_NPU_00038_202307,NPU_00038,2023-07-16,190751.54,business,True
INC_NPU_00038_202308,NPU_00038,2023-08-06,147732.42,business,True
INC_NPU_00038_202309,NPU_00038,2023-09-16,152935.28,business,True
INC_NPU_00038_202310,NPU_00038,2023-10-21,156986.04,business,True
INC_NPU_00038_202311,NPU_00038,2023-11-21,102367.15,business,True
INC_NPU_00038_202312,NPU_00038,2023-12-01,161928.25,business,True
INC_NPU_00038_202401,NPU_00038,2024-01-21,217296.35,business,True
INC_NPU_00038_202402,NPU_00038,2024-02-16,190657.04,business,True
INC_NPU_00038_202403,NPU_00038,2024-03-11,164482.57,business,True
INC_NPU_00038_202404,NPU_00038,2024-04-06,123543.35,business,True
INC_NPU_00038_202405,NPU_00038,2024-05-06,144120.26,business,True
INC_NPU_00038_202406,NPU_00038,2024-06-11,103751.08,business,True
INC_NPU_00038_202407,NPU_00038,2024-07-16,166781.08,business,True
INC_NPU_00038_202408,NPU_00038,2024-08-06,185473.7,business,True
INC_NPU_00038_202409,NPU_00038,2024-09-11,177762.95,business,True
INC_NPU_00038_202410,NPU_00038,2024-10-01,178324.04,business,True
INC_NPU_00038_202411,NPU_00038,2024-11-06,148980.05,business,True
INC_NPU_00038_202412,NPU_00038,2024-12-21,121361.54,business,True
INC_NPU_00038_202501,NPU_00038,2025-01-11,168600.02,business,True
INC_NPU_00038_202502,NPU_00038,2025-02-21,123434.78,business,True
INC_NPU_00038_202503,NPU_00038,2025-03-06,153264.78,business,True
INC_NPU_00038_202504,NPU_00038,2025-04-01,128852.12,business,True
INC_NPU_00038_202505,NPU_00038,2025-05-16,107677.28,business,True
INC_NPU_00038_202506,NPU_00038,2025-06-06,207747.4,business,True
INC_NPU_00038_202507,NPU_00038,2025-07-21,177300.76,business,True
INC_NPU_00038_202508,NPU_00038,2025-08-11,142571.5,business,True
INC_NPU_00038_202509,NPU_00038,2025-09-16,374707.64,business,True
INC_NPU_00038_202510,NPU_00038,2025-10-01,162906.33,business,True
INC_NPU_00038_202511,NPU_00038,2025-11-21,133925.54,business,True
INC_NPU_00038_202512,NPU_00038,2025-12-06,193892.1,business,True
INC_NPU_00039_202301,NPU_00039,2023-01-03,107354.85,salary,True
INC_NPU_00039_202302,NPU_00039,2023-02-04,108114.65,salary,True
INC_NPU_00039_202303,NPU_00039,2023-03-01,105643.84,salary,True
INC_NPU_00039_202304,NPU_00039,2023-04-02,107311.57,salary,True
INC_NPU_00039_202305,NPU_00039,2023-05-01,105929.03,salary,True
INC_NPU_00039_202306,NPU_00039,2023-06-01,107033.0,salary,True
INC_NPU_00039_202307,NPU_00039,2023-07-01,106097.43,salary,True
INC_NPU_00039_202308,NPU_00039,2023-08-01,108776.43,salary,True
INC_NPU_00039_202309,NPU_00039,2023-09-01,109056.07,salary,True
INC_NPU_00039_202310,NPU_00039,2023-10-02,108332.63,salary,True
INC_NPU_00039_202311,NPU_00039,2023-11-01,106266.53,salary,True
INC_NPU_00039_202312,NPU_00039,2023-12-02,105042.59,salary,True
INC_NPU_00039_202401,NPU_00039,2024-01-04,109081.89,salary,True
INC_NPU_00039_202402,NPU_00039,2024-02-02,107684.6,salary,True
INC_NPU_00039_202403,NPU_00039,2024-03-02,103809.71,salary,True
INC_NPU_00039_202404,NPU_00039,2024-04-02,107981.16,salary,True
INC_NPU_00039_202405,NPU_00039,2024-05-04,108417.81,salary,True
INC_NPU_00039_202406,NPU_00039,2024-06-01,104376.22,salary,True
INC_NPU_00039_202407,NPU_00039,2024-07-01,108815.7,salary,True
INC_NPU_00039_202408,NPU_00039,2024-08-03,104656.19,salary,True
INC_NPU_00039_202409,NPU_00039,2024-09-02,106043.6,salary,True
INC_NPU_00039_202410,NPU_00039,2024-10-01,104668.87,salary,True
INC_NPU_00039_202411,NPU_00039,2024-11-03,105831.41,salary,True
INC_NPU_00039_202412,NPU_00039,2024-12-01,105059.36,salary,True
INC_NPU_00039_202501,NPU_00039,2025-01-02,109878.01,salary,True
INC_NPU_00039_202502,NPU_00039,2025-02-03,107155.73,salary,True
INC_NPU_00039_202503,NPU_00039,2025-03-04,106699.89,salary,True
INC_NPU_00039_202504,NPU_00039,2025-04-02,110103.84,salary,True
INC_NPU_00039_202505,NPU_00039,2025-05-01,109976.87,salary,True
INC_NPU_00039_202506,NPU_00039,2025-06-01,106862.2,salary,True
INC_NPU_00039_202507,NPU_00039,2025-07-01,108289.61,salary,True
INC_NPU_00039_202508,NPU_00039,2025-08-02,106419.96,salary,True
INC_NPU_00039_202509,NPU_00039,2025-09-02,107467.62,salary,True
INC_NPU_00039_202510,NPU_00039,2025-10-02,105393.81,salary,True
INC_NPU_00039_202511,NPU_00039,2025-11-03,108603.54,salary,True
INC_NPU_00039_202512,NPU_00039,2025-12-02,110200.18,salary,True
INC_NPU_00040_202301,NPU_00040,2023-01-05,63854.3,salary,True
INC_NPU_00040_202302,NPU_00040,2023-02-02,62706.88,salary,True
INC_NPU_00040_202303,NPU_00040,2023-03-01,60291.16,salary,True
INC_NPU_00040_202304,NPU_00040,2023-04-01,61858.84,salary,True
INC_NPU_00040_202305,NPU_00040,2023-05-05,62521.44,salary,True
INC_NPU_00040_202306,NPU_00040,2023-06-01,60974.89,salary,True
INC_NPU_00040_202307,NPU_00040,2023-07-01,60781.15,salary,True
INC_NPU_00040_202308,NPU_00040,2023-08-01,64490.36,salary,True
INC_NPU_00040_202309,NPU_00040,2023-09-05,63688.94,salary,True
INC_NPU_00040_202310,NPU_00040,2023-10-02,63283.33,salary,True
INC_NPU_00040_202311,NPU_00040,2023-11-01,63528.08,salary,True
INC_NPU_00040_202312,NPU_00040,2023-12-01,61158.2,salary,True
INC_NPU_00040_202401,NPU_00040,2024-01-01,61532.43,salary,True
INC_NPU_00040_202402,NPU_00040,2024-02-02,62923.32,salary,True
INC_NPU_00040_202403,NPU_00040,2024-03-04,63021.87,salary,True
INC_NPU_00040_202404,NPU_00040,2024-04-04,60909.97,salary,True
INC_NPU_00040_202405,NPU_00040,2024-05-04,62832.66,salary,True
INC_NPU_00040_202406,NPU_00040,2024-06-01,62543.99,salary,True
INC_NPU_00040_202407,NPU_00040,2024-07-01,63809.59,salary,True
INC_NPU_00040_202408,NPU_00040,2024-08-01,63028.19,salary,True
INC_NPU_00040_202409,NPU_00040,2024-09-01,64658.67,salary,True
INC_NPU_00040_202410,NPU_00040,2024-10-04,62177.54,salary,True
INC_NPU_00040_202411,NPU_00040,2024-11-02,61232.59,salary,True
INC_NPU_00040_202412,NPU_00040,2024-12-04,64618.11,salary,True
INC_NPU_00040_202501,NPU_00040,2025-01-01,63094.72,salary,True
INC_NPU_00040_202502,NPU_00040,2025-02-03,62551.26,salary,True
INC_NPU_00040_202503,NPU_00040,2025-03-02,61575.24,salary,True
INC_NPU_00040_202504,NPU_00040,2025-04-01,62191.54,salary,True
INC_NPU_00040_202505,NPU_00040,2025-05-01,62127.75,salary,True
INC_NPU_00040_202506,NPU_00040,2025-06-01,61182.75,salary,True
INC_NPU_00040_202507,NPU_00040,2025-07-01,59958.34,salary,True
INC_NPU_00040_202508,NPU_00040,2025-08-02,62099.55,salary,True
INC_NPU_00040_202509,NPU_00040,2025-09-03,63562.29,salary,True
INC_NPU_00040_202510,NPU_00040,2025-10-01,64233.25,salary,True
INC_NPU_00040_202511,NPU_00040,2025-11-02,63863.39,salary,True
INC_NPU_00040_202512,NPU_00040,2025-12-01,63943.72,salary,True
INC_NPU_00041_202301,NPU_00041,2023-01-03,50048.87,salary,True
INC_NPU_00041_202302,NPU_00041,2023-02-02,51383.45,salary,True
INC_NPU_00041_202303,NPU_00041,2023-03-01,51666.14,salary,True
INC_NPU_00041_202304,NPU_00041,2023-04-01,51734.02,salary,True
INC_NPU_00041_202305,NPU_00041,2023-05-02,51037.74,salary,True
INC_NPU_00041_202306,NPU_00041,2023-06-04,51254.87,salary,True
INC_NPU_00041_202307,NPU_00041,2023-07-05,53207.16,salary,True
INC_NPU_00041_202308,NPU_00041,2023-08-04,52097.46,salary,True
INC_NPU_00041_202309,NPU_00041,2023-09-02,51627.31,salary,True
INC_NPU_00041_202310,NPU_00041,2023-10-03,51819.5,salary,True
INC_NPU_00041_202311,NPU_00041,2023-11-05,50646.33,salary,True
INC_NPU_00041_202312,NPU_00041,2023-12-01,51761.86,salary,True
INC_NPU_00041_202401,NPU_00041,2024-01-03,51241.26,salary,True
INC_NPU_00041_202402,NPU_00041,2024-02-01,51982.14,salary,True
INC_NPU_00041_202403,NPU_00041,2024-03-05,50415.27,salary,True
INC_NPU_00041_202404,NPU_00041,2024-04-01,51890.92,salary,True
INC_NPU_00041_202405,NPU_00041,2024-05-03,50779.96,salary,True
INC_NPU_00041_202406,NPU_00041,2024-06-04,51895.96,salary,True
INC_NPU_00041_202407,NPU_00041,2024-07-04,51390.15,salary,True
INC_NPU_00041_202408,NPU_00041,2024-08-04,51165.55,salary,True
INC_NPU_00041_202409,NPU_00041,2024-09-01,50832.99,salary,True
INC_NPU_00041_202410,NPU_00041,2024-10-01,51064.56,salary,True
INC_NPU_00041_202411,NPU_00041,2024-11-01,50693.77,salary,True
INC_NPU_00041_202412,NPU_00041,2024-12-01,50812.44,salary,True
INC_NPU_00041_202501,NPU_00041,2025-01-01,51598.73,salary,True
INC_NPU_00041_202502,NPU_00041,2025-02-03,49436.14,salary,True
INC_NPU_00041_202503,NPU_00041,2025-03-04,51880.92,salary,True
INC_NPU_00041_202504,NPU_00041,2025-04-01,51899.34,salary,True
INC_NPU_00041_202505,NPU_00041,2025-05-02,50862.52,salary,True
INC_NPU_00041_202506,NPU_00041,2025-06-02,51281.5,salary,True
INC_NPU_00041_202507,NPU_00041,2025-07-04,50162.78,salary,True
INC_NPU_00041_202508,NPU_00041,2025-08-04,51529.57,salary,True
INC_NPU_00041_202509,NPU_00041,2025-09-02,50276.56,salary,True
INC_NPU_00041_202510,NPU_00041,2025-10-01,48336.7,salary,True
INC_NPU_00041_202511,NPU_00041,2025-11-02,52387.57,salary,True
INC_NPU_00041_202512,NPU_00041,2025-12-01,50057.98,salary,True
INC_NPU_00042_202301,NPU_00042,2023-01-02,21475.94,salary,True
INC_NPU_00042_202302,NPU_00042,2023-02-01,21592.67,salary,True
INC_NPU_00042_202303,NPU_00042,2023-03-01,21708.85,salary,True
INC_NPU_00042_202304,NPU_00042,2023-04-01,21512.9,salary,True
INC_NPU_00042_202305,NPU_00042,2023-05-03,21630.33,salary,True
INC_NPU_00042_202306,NPU_00042,2023-06-04,21390.28,salary,True
INC_NPU_00042_202307,NPU_00042,2023-07-02,20864.8,salary,True
INC_NPU_00042_202308,NPU_00042,2023-08-01,21496.44,salary,True
INC_NPU_00042_202309,NPU_00042,2023-09-03,21768.84,salary,True
INC_NPU_00042_202310,NPU_00042,2023-10-04,21085.04,salary,True
INC_NPU_00042_202311,NPU_00042,2023-11-03,21597.12,salary,True
INC_NPU_00042_202312,NPU_00042,2023-12-03,22307.7,salary,True
INC_NPU_00042_202401,NPU_00042,2024-01-01,21468.4,salary,True
INC_NPU_00042_202402,NPU_00042,2024-02-03,21489.93,salary,True
INC_NPU_00042_202403,NPU_00042,2024-03-01,20833.82,salary,True
INC_NPU_00042_202404,NPU_00042,2024-04-05,21038.31,salary,True
INC_NPU_00042_202405,NPU_00042,2024-05-02,21157.86,salary,True
INC_NPU_00042_202406,NPU_00042,2024-06-02,21751.03,salary,True
INC_NPU_00042_202407,NPU_00042,2024-07-02,21111.33,salary,True
INC_NPU_00042_202408,NPU_00042,2024-08-04,20700.96,salary,True
INC_NPU_00042_202409,NPU_00042,2024-09-02,21671.56,salary,True
INC_NPU_00042_202410,NPU_00042,2024-10-03,21193.39,salary,True
INC_NPU_00042_202411,NPU_00042,2024-11-02,20848.25,salary,True
INC_NPU_00042_202412,NPU_00042,2024-12-03,21805.15,salary,True
INC_NPU_00042_202501,NPU_00042,2025-01-03,21342.32,salary,True
INC_NPU_00042_202502,NPU_00042,2025-02-02,21712.18,salary,True
INC_NPU_00042_202503,NPU_00042,2025-03-01,20835.35,salary,True
INC_NPU_00042_202504,NPU_00042,2025-04-02,20556.07,salary,True
INC_NPU_00042_202505,NPU_00042,2025-05-04,21555.65,salary,True
INC_NPU_00042_202506,NPU_00042,2025-06-03,21024.49,salary,True
INC_NPU_00042_202507,NPU_00042,2025-07-04,21549.51,salary,True
INC_NPU_00042_202508,NPU_00042,2025-08-02,21558.74,salary,True
INC_NPU_00042_202509,NPU_00042,2025-09-03,21503.44,salary,True
INC_NPU_00042_202510,NPU_00042,2025-10-02,21957.65,salary,True
INC_NPU_00042_202511,NPU_00042,2025-11-04,22710.21,salary,True
INC_NPU_00042_202512,NPU_00042,2025-12-01,21663.76,salary,True
INC_NPU_00043_202301,NPU_00043,2023-01-03,34757.68,salary,True
INC_NPU_00043_202302,NPU_00043,2023-02-05,32424.61,salary,True
INC_NPU_00043_202303,NPU_00043,2023-03-03,33271.6,salary,True
INC_NPU_00043_202304,NPU_00043,2023-04-01,32642.9,salary,True
INC_NPU_00043_202305,NPU_00043,2023-05-03,33063.58,salary,True
INC_NPU_00043_202306,NPU_00043,2023-06-04,33309.65,salary,True
INC_NPU_00043_202307,NPU_00043,2023-07-01,34828.11,salary,True
INC_NPU_00043_202308,NPU_00043,2023-08-02,33542.87,salary,True
INC_NPU_00043_202309,NPU_00043,2023-09-01,34241.02,salary,True
INC_NPU_00043_202310,NPU_00043,2023-10-02,33217.7,salary,True
INC_NPU_00043_202311,NPU_00043,2023-11-01,33139.34,salary,True
INC_NPU_00043_202312,NPU_00043,2023-12-01,32440.52,salary,True
INC_NPU_00043_202401,NPU_00043,2024-01-03,34800.38,salary,True
INC_NPU_00043_202402,NPU_00043,2024-02-02,34479.41,salary,True
INC_NPU_00043_202403,NPU_00043,2024-03-01,33658.34,salary,True
INC_NPU_00043_202404,NPU_00043,2024-04-02,33347.4,salary,True
INC_NPU_00043_202405,NPU_00043,2024-05-01,33568.22,salary,True
INC_NPU_00043_202406,NPU_00043,2024-06-02,32618.93,salary,True
INC_NPU_00043_202407,NPU_00043,2024-07-05,33829.27,salary,True
INC_NPU_00043_202408,NPU_00043,2024-08-04,34412.85,salary,True
INC_NPU_00043_202409,NPU_00043,2024-09-02,34452.12,salary,True
INC_NPU_00043_202410,NPU_00043,2024-10-02,32464.65,salary,True
INC_NPU_00043_202411,NPU_00043,2024-11-03,34234.0,salary,True
INC_NPU_00043_202412,NPU_00043,2024-12-05,32622.91,salary,True
INC_NPU_00043_202501,NPU_00043,2025-01-02,32067.87,salary,True
INC_NPU_00043_202502,NPU_00043,2025-02-02,34262.43,salary,True
INC_NPU_00043_202503,NPU_00043,2025-03-01,33165.71,salary,True
INC_NPU_00043_202504,NPU_00043,2025-04-04,34153.08,salary,True
INC_NPU_00043_202505,NPU_00043,2025-05-02,34085.81,salary,True
INC_NPU_00043_202506,NPU_00043,2025-06-01,33991.05,salary,True
INC_NPU_00043_202507,NPU_00043,2025-07-01,33559.97,salary,True
INC_NPU_00043_202508,NPU_00043,2025-08-02,32687.71,salary,True
INC_NPU_00043_202509,NPU_00043,2025-09-01,33311.05,salary,True
INC_NPU_00043_202510,NPU_00043,2025-10-01,34465.34,salary,True
INC_NPU_00043_202511,NPU_00043,2025-11-01,34172.33,salary,True
INC_NPU_00043_202512,NPU_00043,2025-12-03,33344.93,salary,True
INC_NPU_00044_202301,NPU_00044,2023-01-03,27863.62,salary,True
INC_NPU_00044_202302,NPU_00044,2023-02-04,28356.07,salary,True
INC_NPU_00044_202303,NPU_00044,2023-03-02,28090.45,salary,True
INC_NPU_00044_202304,NPU_00044,2023-04-01,27898.51,salary,True
INC_NPU_00044_202305,NPU_00044,2023-05-01,28305.69,salary,True
INC_NPU_00044_202306,NPU_00044,2023-06-01,28286.0,salary,True
INC_NPU_00044_202307,NPU_00044,2023-07-05,27649.65,salary,True
INC_NPU_00044_202308,NPU_00044,2023-08-02,28199.78,salary,True
INC_NPU_00044_202309,NPU_00044,2023-09-01,28250.02,salary,True
INC_NPU_00044_202310,NPU_00044,2023-10-01,28007.04,salary,True
INC_NPU_00044_202311,NPU_00044,2023-11-01,27592.67,salary,True
INC_NPU_00044_202312,NPU_00044,2023-12-01,27825.13,salary,True
INC_NPU_00044_202401,NPU_00044,2024-01-01,27484.54,salary,True
INC_NPU_00044_202402,NPU_00044,2024-02-01,28215.45,salary,True
INC_NPU_00044_202403,NPU_00044,2024-03-04,27137.4,salary,True
INC_NPU_00044_202404,NPU_00044,2024-04-03,28874.26,salary,True
INC_NPU_00044_202405,NPU_00044,2024-05-01,28731.92,salary,True
INC_NPU_00044_202406,NPU_00044,2024-06-05,28263.9,salary,True
INC_NPU_00044_202407,NPU_00044,2024-07-01,28525.01,salary,True
INC_NPU_00044_202408,NPU_00044,2024-08-04,28483.33,salary,True
INC_NPU_00044_202409,NPU_00044,2024-09-02,28099.15,salary,True
INC_NPU_00044_202410,NPU_00044,2024-10-03,27913.74,salary,True
INC_NPU_00044_202411,NPU_00044,2024-11-01,27850.82,salary,True
INC_NPU_00044_202412,NPU_00044,2024-12-05,28899.07,salary,True
INC_NPU_00044_202501,NPU_00044,2025-01-02,27573.92,salary,True
INC_NPU_00044_202502,NPU_00044,2025-02-01,27584.1,salary,True
INC_NPU_00044_202503,NPU_00044,2025-03-01,28578.93,salary,True
INC_NPU_00044_202504,NPU_00044,2025-04-02,28519.04,salary,True
INC_NPU_00044_202505,NPU_00044,2025-05-01,27881.53,salary,True
INC_NPU_00044_202506,NPU_00044,2025-06-01,28325.47,salary,True
INC_NPU_00044_202507,NPU_00044,2025-07-03,28401.93,salary,True
INC_NPU_00044_202508,NPU_00044,2025-08-01,27296.61,salary,True
INC_NPU_00044_202509,NPU_00044,2025-09-04,28773.52,salary,True
INC_NPU_00044_202510,NPU_00044,2025-10-01,28401.72,salary,True
INC_NPU_00044_202511,NPU_00044,2025-11-01,28274.74,salary,True
INC_NPU_00044_202512,NPU_00044,2025-12-01,28406.4,salary,True
INC_NPU_00045_202301,NPU_00045,2023-01-02,40693.52,salary,True
INC_NPU_00045_202302,NPU_00045,2023-02-01,40363.63,salary,True
INC_NPU_00045_202303,NPU_00045,2023-03-04,38866.47,salary,True
INC_NPU_00045_202304,NPU_00045,2023-04-03,40550.33,salary,True
INC_NPU_00045_202305,NPU_00045,2023-05-02,39319.26,salary,True
INC_NPU_00045_202306,NPU_00045,2023-06-01,42060.07,salary,True
INC_NPU_00045_202307,NPU_00045,2023-07-02,40350.17,salary,True
INC_NPU_00045_202308,NPU_00045,2023-08-02,42042.13,salary,True
INC_NPU_00045_202309,NPU_00045,2023-09-01,40564.19,salary,True
INC_NPU_00045_202310,NPU_00045,2023-10-04,39958.02,salary,True
INC_NPU_00045_202311,NPU_00045,2023-11-02,41488.64,salary,True
INC_NPU_00045_202312,NPU_00045,2023-12-01,40762.1,salary,True
INC_NPU_00045_202401,NPU_00045,2024-01-01,42414.13,salary,True
INC_NPU_00045_202402,NPU_00045,2024-02-02,39938.52,salary,True
INC_NPU_00045_202403,NPU_00045,2024-03-01,41528.04,salary,True
INC_NPU_00045_202404,NPU_00045,2024-04-05,42353.59,salary,True
INC_NPU_00045_202405,NPU_00045,2024-05-01,41578.2,salary,True
INC_NPU_00045_202406,NPU_00045,2024-06-02,41051.33,salary,True
INC_NPU_00045_202407,NPU_00045,2024-07-02,41586.21,salary,True
INC_NPU_00045_202408,NPU_00045,2024-08-02,40368.56,salary,True
INC_NPU_00045_202409,NPU_00045,2024-09-01,39781.48,salary,True
INC_NPU_00045_202410,NPU_00045,2024-10-02,40025.54,salary,True
INC_NPU_00045_202411,NPU_00045,2024-11-01,40507.3,salary,True
INC_NPU_00045_202412,NPU_00045,2024-12-03,41096.3,salary,True
INC_NPU_00045_202501,NPU_00045,2025-01-01,39833.31,salary,True
INC_NPU_00045_202502,NPU_00045,2025-02-03,40185.44,salary,True
INC_NPU_00045_202503,NPU_00045,2025-03-03,39892.92,salary,True
INC_NPU_00045_202504,NPU_00045,2025-04-03,41250.08,salary,True
INC_NPU_00045_202505,NPU_00045,2025-05-03,42033.86,salary,True
INC_NPU_00045_202506,NPU_00045,2025-06-04,39651.73,salary,True
INC_NPU_00045_202507,NPU_00045,2025-07-04,40909.69,salary,True
INC_NPU_00045_202508,NPU_00045,2025-08-02,41362.01,salary,True
INC_NPU_00045_202509,NPU_00045,2025-09-02,40297.18,salary,True
INC_NPU_00045_202510,NPU_00045,2025-10-02,39357.08,salary,True
INC_NPU_00045_202511,NPU_00045,2025-11-03,41479.79,salary,True
INC_NPU_00045_202512,NPU_00045,2025-12-01,39312.38,salary,True
INC_NPU_00046_202301,NPU_00046,2023-01-03,140528.19,salary,True
INC_NPU_00046_202302,NPU_00046,2023-02-04,134239.04,salary,True
INC_NPU_00046_202303,NPU_00046,2023-03-02,131981.72,salary,True
INC_NPU_00046_202304,NPU_00046,2023-04-05,134930.9,salary,True
INC_NPU_00046_202305,NPU_00046,2023-05-03,136140.49,salary,True
INC_NPU_00046_202306,NPU_00046,2023-06-02,136698.21,salary,True
INC_NPU_00046_202307,NPU_00046,2023-07-01,137955.93,salary,True
INC_NPU_00046_202308,NPU_00046,2023-08-02,136946.38,salary,True
INC_NPU_00046_202309,NPU_00046,2023-09-03,141209.98,salary,True
INC_NPU_00046_202310,NPU_00046,2023-10-04,136011.72,salary,True
INC_NPU_00046_202311,NPU_00046,2023-11-01,137094.64,salary,True
INC_NPU_00046_202312,NPU_00046,2023-12-02,136856.11,salary,True
INC_NPU_00046_202401,NPU_00046,2024-01-03,131697.09,salary,True
INC_NPU_00046_202402,NPU_00046,2024-02-01,133006.46,salary,True
INC_NPU_00046_202403,NPU_00046,2024-03-01,136372.3,salary,True
INC_NPU_00046_202404,NPU_00046,2024-04-01,137432.62,salary,True
INC_NPU_00046_202405,NPU_00046,2024-05-01,130743.36,salary,True
INC_NPU_00046_202406,NPU_00046,2024-06-01,141367.98,salary,True
INC_NPU_00046_202407,NPU_00046,2024-07-03,137661.49,salary,True
INC_NPU_00046_202408,NPU_00046,2024-08-01,136216.71,salary,True
INC_NPU_00046_202409,NPU_00046,2024-09-02,137527.39,salary,True
INC_NPU_00046_202410,NPU_00046,2024-10-05,134780.65,salary,True
INC_NPU_00046_202411,NPU_00046,2024-11-04,136728.35,salary,True
INC_NPU_00046_202412,NPU_00046,2024-12-02,137162.75,salary,True
INC_NPU_00046_202501,NPU_00046,2025-01-01,139672.46,salary,True
INC_NPU_00046_202502,NPU_00046,2025-02-05,135767.15,salary,True
INC_NPU_00046_202503,NPU_00046,2025-03-04,132403.38,salary,True
INC_NPU_00046_202504,NPU_00046,2025-04-01,133851.86,salary,True
INC_NPU_00046_202505,NPU_00046,2025-05-05,135549.43,salary,True
INC_NPU_00046_202506,NPU_00046,2025-06-01,132663.19,salary,True
INC_NPU_00046_202507,NPU_00046,2025-07-03,133575.04,salary,True
INC_NPU_00046_202508,NPU_00046,2025-08-01,133875.16,salary,True
INC_NPU_00046_202509,NPU_00046,2025-09-01,135368.62,salary,True
INC_NPU_00046_202510,NPU_00046,2025-10-03,137623.69,salary,True
INC_NPU_00046_202511,NPU_00046,2025-11-03,135243.15,salary,True
INC_NPU_00046_202512,NPU_00046,2025-12-01,137817.5,salary,True
INC_NPU_00047_202301,NPU_00047,2023-01-01,49980.45,salary,True
INC_NPU_00047_202302,NPU_00047,2023-02-01,49041.04,salary,True
INC_NPU_00047_202303,NPU_00047,2023-03-01,50344.05,salary,True
INC_NPU_00047_202304,NPU_00047,2023-04-02,50180.29,salary,True
INC_NPU_00047_202305,NPU_00047,2023-05-03,50595.02,salary,True
INC_NPU_00047_202306,NPU_00047,2023-06-01,50809.41,salary,True
INC_NPU_00047_202307,NPU_00047,2023-07-01,51284.22,salary,True
INC_NPU_00047_202308,NPU_00047,2023-08-01,50531.11,salary,True
INC_NPU_00047_202309,NPU_00047,2023-09-01,50146.51,salary,True
INC_NPU_00047_202310,NPU_00047,2023-10-04,50599.95,salary,True
INC_NPU_00047_202311,NPU_00047,2023-11-02,49525.95,salary,True
INC_NPU_00047_202312,NPU_00047,2023-12-01,49454.69,salary,True
INC_NPU_00047_202401,NPU_00047,2024-01-02,51441.36,salary,True
INC_NPU_00047_202402,NPU_00047,2024-02-01,49426.87,salary,True
INC_NPU_00047_202403,NPU_00047,2024-03-02,49143.9,salary,True
INC_NPU_00047_202404,NPU_00047,2024-04-02,50530.54,salary,True
INC_NPU_00047_202405,NPU_00047,2024-05-02,49534.05,salary,True
INC_NPU_00047_202406,NPU_00047,2024-06-02,50798.2,salary,True
INC_NPU_00047_202407,NPU_00047,2024-07-01,51196.75,salary,True
INC_NPU_00047_202408,NPU_00047,2024-08-01,49269.45,salary,True
INC_NPU_00047_202409,NPU_00047,2024-09-03,50656.26,salary,True
INC_NPU_00047_202410,NPU_00047,2024-10-02,49404.27,salary,True
INC_NPU_00047_202411,NPU_00047,2024-11-03,49755.47,salary,True
INC_NPU_00047_202412,NPU_00047,2024-12-01,50296.24,salary,True
INC_NPU_00047_202501,NPU_00047,2025-01-02,49456.77,salary,True
INC_NPU_00047_202502,NPU_00047,2025-02-01,50202.44,salary,True
INC_NPU_00047_202503,NPU_00047,2025-03-02,49835.08,salary,True
INC_NPU_00047_202504,NPU_00047,2025-04-04,50822.85,salary,True
INC_NPU_00047_202505,NPU_00047,2025-05-03,50825.69,salary,True
INC_NPU_00047_202506,NPU_00047,2025-06-02,49461.42,salary,True
INC_NPU_00047_202507,NPU_00047,2025-07-03,50319.52,salary,True
INC_NPU_00047_202508,NPU_00047,2025-08-05,50988.29,salary,True
INC_NPU_00047_202509,NPU_00047,2025-09-02,48995.38,salary,True
INC_NPU_00047_202510,NPU_00047,2025-10-02,49828.98,salary,True
INC_NPU_00047_202511,NPU_00047,2025-11-01,50274.36,salary,True
INC_NPU_00047_202512,NPU_00047,2025-12-01,48956.63,salary,True
INC_NPU_00048_202301,NPU_00048,2023-01-05,103338.81,salary,True
INC_NPU_00048_202302,NPU_00048,2023-02-01,99043.19,salary,True
INC_NPU_00048_202303,NPU_00048,2023-03-01,103251.77,salary,True
INC_NPU_00048_202304,NPU_00048,2023-04-03,98749.09,salary,True
INC_NPU_00048_202305,NPU_00048,2023-05-03,98952.67,salary,True
INC_NPU_00048_202306,NPU_00048,2023-06-05,96754.58,salary,True
INC_NPU_00048_202307,NPU_00048,2023-07-05,100936.44,salary,True
INC_NPU_00048_202308,NPU_00048,2023-08-05,97595.47,salary,True
INC_NPU_00048_202309,NPU_00048,2023-09-01,99600.49,salary,True
INC_NPU_00048_202310,NPU_00048,2023-10-02,98206.99,salary,True
INC_NPU_00048_202311,NPU_00048,2023-11-05,100300.42,salary,True
INC_NPU_00048_202312,NPU_00048,2023-12-01,94465.46,salary,True
INC_NPU_00048_202401,NPU_00048,2024-01-01,100017.24,salary,True
INC_NPU_00048_202402,NPU_00048,2024-02-01,100504.33,salary,True
INC_NPU_00048_202403,NPU_00048,2024-03-03,99092.09,salary,True
INC_NPU_00048_202404,NPU_00048,2024-04-01,99210.47,salary,True
INC_NPU_00048_202405,NPU_00048,2024-05-04,98854.84,salary,True
INC_NPU_00048_202406,NPU_00048,2024-06-02,99574.76,salary,True
INC_NPU_00048_202407,NPU_00048,2024-07-02,102811.34,salary,True
INC_NPU_00048_202408,NPU_00048,2024-08-04,101611.86,salary,True
INC_NPU_00048_202409,NPU_00048,2024-09-01,99572.87,salary,True
INC_NPU_00048_202410,NPU_00048,2024-10-02,99043.87,salary,True
INC_NPU_00048_202411,NPU_00048,2024-11-03,101403.35,salary,True
INC_NPU_00048_202412,NPU_00048,2024-12-01,100169.17,salary,True
INC_NPU_00048_202501,NPU_00048,2025-01-01,97770.82,salary,True
INC_NPU_00048_202502,NPU_00048,2025-02-01,99345.42,salary,True
INC_NPU_00048_202503,NPU_00048,2025-03-02,102553.61,salary,True
INC_NPU_00048_202504,NPU_00048,2025-04-01,100852.84,salary,True
INC_NPU_00048_202505,NPU_00048,2025-05-02,99064.57,salary,True
INC_NPU_00048_202506,NPU_00048,2025-06-02,96942.82,salary,True
INC_NPU_00048_202507,NPU_00048,2025-07-02,100290.29,salary,True
INC_NPU_00048_202508,NPU_00048,2025-08-01,99871.48,salary,True
INC_NPU_00048_202509,NPU_00048,2025-09-02,99512.59,salary,True
INC_NPU_00048_202510,NPU_00048,2025-10-01,101427.53,salary,True
INC_NPU_00048_202511,NPU_00048,2025-11-01,100878.67,salary,True
INC_NPU_00048_202512,NPU_00048,2025-12-01,97000.51,salary,True
INC_NPU_00049_202301,NPU_00049,2023-01-01,57104.34,salary,True
INC_NPU_00049_202302,NPU_00049,2023-02-04,55689.96,salary,True
INC_NPU_00049_202303,NPU_00049,2023-03-02,56534.68,salary,True
INC_NPU_00049_202304,NPU_00049,2023-04-05,55615.28,salary,True
INC_NPU_00049_202305,NPU_00049,2023-05-01,55650.51,salary,True
INC_NPU_00049_202306,NPU_00049,2023-06-05,55044.04,salary,True
INC_NPU_00049_202307,NPU_00049,2023-07-01,57475.8,salary,True
INC_NPU_00049_202308,NPU_00049,2023-08-01,57359.15,salary,True
INC_NPU_00049_202309,NPU_00049,2023-09-03,57019.99,salary,True
INC_NPU_00049_202310,NPU_00049,2023-10-01,56441.24,salary,True
INC_NPU_00049_202311,NPU_00049,2023-11-02,55542.27,salary,True
INC_NPU_00049_202312,NPU_00049,2023-12-02,56539.67,salary,True
INC_NPU_00049_202401,NPU_00049,2024-01-05,57364.29,salary,True
INC_NPU_00049_202402,NPU_00049,2024-02-02,57337.88,salary,True
INC_NPU_00049_202403,NPU_00049,2024-03-01,58603.54,salary,True
INC_NPU_00049_202404,NPU_00049,2024-04-01,58408.79,salary,True
INC_NPU_00049_202405,NPU_00049,2024-05-02,57064.0,salary,True
INC_NPU_00049_202406,NPU_00049,2024-06-01,56528.49,salary,True
INC_NPU_00049_202407,NPU_00049,2024-07-02,56172.52,salary,True
INC_NPU_00049_202408,NPU_00049,2024-08-01,55388.59,salary,True
INC_NPU_00049_202409,NPU_00049,2024-09-01,55795.77,salary,True
INC_NPU_00049_202410,NPU_00049,2024-10-05,55177.71,salary,True
INC_NPU_00049_202411,NPU_00049,2024-11-05,59041.62,salary,True
INC_NPU_00049_202412,NPU_00049,2024-12-01,57365.99,salary,True
INC_NPU_00049_202501,NPU_00049,2025-01-01,57755.28,salary,True
INC_NPU_00049_202502,NPU_00049,2025-02-01,56736.59,salary,True
INC_NPU_00049_202503,NPU_00049,2025-03-01,59788.8,salary,True
INC_NPU_00049_202504,NPU_00049,2025-04-03,55805.46,salary,True
INC_NPU_00049_202505,NPU_00049,2025-05-04,55293.81,salary,True
INC_NPU_00049_202506,NPU_00049,2025-06-02,59761.59,salary,True
INC_NPU_00049_202507,NPU_00049,2025-07-02,55494.72,salary,True
INC_NPU_00049_202508,NPU_00049,2025-08-01,56721.72,salary,True
INC_NPU_00049_202509,NPU_00049,2025-09-01,56257.52,salary,True
INC_NPU_00049_202510,NPU_00049,2025-10-05,57450.5,salary,True
INC_NPU_00049_202511,NPU_00049,2025-11-02,56639.62,salary,True
INC_NPU_00049_202512,NPU_00049,2025-12-01,57759.05,salary,True
INC_NPU_00050_202301,NPU_00050,2023-01-24,150339.98,freelance,True
INC_NPU_00050_202302,NPU_00050,2023-02-03,52864.83,freelance,True
INC_NPU_00050_202303,NPU_00050,2023-03-11,62665.99,freelance,True
INC_NPU_00050_202304,NPU_00050,2023-04-22,165301.51,freelance,True
INC_NPU_00050_202305,NPU_00050,2023-05-15,110722.9,freelance,True
INC_NPU_00050_202306,NPU_00050,2023-06-12,103936.88,freelance,True
INC_NPU_00050_202307,NPU_00050,2023-07-06,37156.83,freelance,True
INC_NPU_00050_202308,NPU_00050,2023-08-14,110180.26,freelance,True
INC_NPU_00050_202309,NPU_00050,2023-09-13,175881.61,freelance,True
INC_NPU_00050_202310,NPU_00050,2023-10-10,41538.95,freelance,True
INC_NPU_00050_202311,NPU_00050,2023-11-17,98997.6,freelance,True
INC_NPU_00050_202312,NPU_00050,2023-12-23,97841.78,freelance,True
INC_NPU_00050_202401,NPU_00050,2024-01-02,101984.55,freelance,True
INC_NPU_00050_202402,NPU_00050,2024-02-18,156898.07,freelance,True
INC_NPU_00050_202403,NPU_00050,2024-03-16,69417.88,freelance,True
INC_NPU_00050_202404,NPU_00050,2024-04-20,127202.98,freelance,True
INC_NPU_00050_202405,NPU_00050,2024-05-11,90502.4,freelance,True
INC_NPU_00050_202406,NPU_00050,2024-06-20,22050.36,freelance,True
INC_NPU_00050_202407,NPU_00050,2024-07-06,63276.49,freelance,True
INC_NPU_00050_202408,NPU_00050,2024-08-03,112023.24,freelance,True
INC_NPU_00050_202409,NPU_00050,2024-09-22,74618.32,freelance,True
INC_NPU_00050_202410,NPU_00050,2024-10-05,89919.2,freelance,True
INC_NPU_00050_202411,NPU_00050,2024-11-03,142878.05,freelance,True
INC_NPU_00050_202412,NPU_00050,2024-12-01,85819.8,freelance,True
INC_NPU_00050_202501,NPU_00050,2025-01-23,70138.75,freelance,True
INC_NPU_00050_202502,NPU_00050,2025-02-11,122867.21,freelance,True
INC_NPU_00050_202503,NPU_00050,2025-03-12,66987.78,freelance,True
INC_NPU_00050_202504,NPU_00050,2025-04-13,87875.71,freelance,True
INC_NPU_00050_202505,NPU_00050,2025-05-17,46254.99,freelance,True
INC_NPU_00050_202506,NPU_00050,2025-06-05,90248.23,freelance,True
INC_NPU_00050_202507,NPU_00050,2025-07-04,57348.75,freelance,True
INC_NPU_00050_202508,NPU_00050,2025-08-06,113992.53,freelance,True
INC_NPU_00050_202509,NPU_00050,2025-09-13,191817.18,freelance,True
INC_NPU_00050_202510,NPU_00050,2025-10-22,124524.42,freelance,True
INC_NPU_00050_202511,NPU_00050,2025-11-08,59629.23,freelance,True
INC_NPU_00050_202512,NPU_00050,2025-12-22,137313.62,freelance,True
INC_NPU_00051_202301,NPU_00051,2023-01-02,64519.85,salary,True
INC_NPU_00051_202302,NPU_00051,2023-02-04,66240.21,salary,True
INC_NPU_00051_202303,NPU_00051,2023-03-02,63887.22,salary,True
INC_NPU_00051_202304,NPU_00051,2023-04-01,64551.26,salary,True
INC_NPU_00051_202305,NPU_00051,2023-05-04,62555.41,salary,True
INC_NPU_00051_202306,NPU_00051,2023-06-02,63158.82,salary,True
INC_NPU_00051_202307,NPU_00051,2023-07-03,63472.04,salary,True
INC_NPU_00051_202308,NPU_00051,2023-08-01,64082.76,salary,True
INC_NPU_00051_202309,NPU_00051,2023-09-01,62725.55,salary,True
INC_NPU_00051_202310,NPU_00051,2023-10-02,65055.21,salary,True
INC_NPU_00051_202311,NPU_00051,2023-11-04,63368.2,salary,True
INC_NPU_00051_202312,NPU_00051,2023-12-02,67127.72,salary,True
INC_NPU_00051_202401,NPU_00051,2024-01-02,63408.56,salary,True
INC_NPU_00051_202402,NPU_00051,2024-02-01,64418.54,salary,True
INC_NPU_00051_202403,NPU_00051,2024-03-04,64259.68,salary,True
INC_NPU_00051_202404,NPU_00051,2024-04-03,63062.06,salary,True
INC_NPU_00051_202405,NPU_00051,2024-05-02,64087.47,salary,True
INC_NPU_00051_202406,NPU_00051,2024-06-01,64072.36,salary,True
INC_NPU_00051_202407,NPU_00051,2024-07-01,65443.79,salary,True
INC_NPU_00051_202408,NPU_00051,2024-08-03,64813.25,salary,True
INC_NPU_00051_202409,NPU_00051,2024-09-02,65035.72,salary,True
INC_NPU_00051_202410,NPU_00051,2024-10-02,65413.44,salary,True
INC_NPU_00051_202411,NPU_00051,2024-11-01,65057.11,salary,True
INC_NPU_00051_202412,NPU_00051,2024-12-01,64614.99,salary,True
INC_NPU_00051_202501,NPU_00051,2025-01-01,63461.43,salary,True
INC_NPU_00051_202502,NPU_00051,2025-02-01,64533.32,salary,True
INC_NPU_00051_202503,NPU_00051,2025-03-01,63240.2,salary,True
INC_NPU_00051_202504,NPU_00051,2025-04-01,64179.12,salary,True
INC_NPU_00051_202505,NPU_00051,2025-05-02,64017.6,salary,True
INC_NPU_00051_202506,NPU_00051,2025-06-02,64093.86,salary,True
INC_NPU_00051_202507,NPU_00051,2025-07-03,62736.48,salary,True
INC_NPU_00051_202508,NPU_00051,2025-08-01,60940.72,salary,True
INC_NPU_00051_202509,NPU_00051,2025-09-02,63791.2,salary,True
INC_NPU_00051_202510,NPU_00051,2025-10-05,65724.47,salary,True
INC_NPU_00051_202511,NPU_00051,2025-11-04,64400.12,salary,True
INC_NPU_00051_202512,NPU_00051,2025-12-01,65619.68,salary,True
INC_NPU_00052_202301,NPU_00052,2023-01-09,42071.4,freelance,True
INC_NPU_00052_202302,NPU_00052,2023-02-12,29885.02,freelance,True
INC_NPU_00052_202303,NPU_00052,2023-03-05,62509.24,freelance,True
INC_NPU_00052_202304,NPU_00052,2023-04-02,77942.35,freelance,True
INC_NPU_00052_202305,NPU_00052,2023-05-15,77885.91,freelance,True
INC_NPU_00052_202306,NPU_00052,2023-06-21,19277.14,freelance,True
INC_NPU_00052_202307,NPU_00052,2023-07-17,22981.51,freelance,True
INC_NPU_00052_202308,NPU_00052,2023-08-05,51900.79,freelance,True
INC_NPU_00052_202309,NPU_00052,2023-09-03,20475.18,freelance,True
INC_NPU_00052_202310,NPU_00052,2023-10-15,61621.76,freelance,True
INC_NPU_00052_202311,NPU_00052,2023-11-13,78172.79,freelance,True
INC_NPU_00052_202312,NPU_00052,2023-12-11,42254.3,freelance,True
INC_NPU_00052_202401,NPU_00052,2024-01-07,100958.97,freelance,True
INC_NPU_00052_202402,NPU_00052,2024-02-03,43705.78,freelance,True
INC_NPU_00052_202403,NPU_00052,2024-03-05,84544.46,freelance,True
INC_NPU_00052_202404,NPU_00052,2024-04-24,29780.35,freelance,True
INC_NPU_00052_202405,NPU_00052,2024-05-12,95786.18,freelance,True
INC_NPU_00052_202406,NPU_00052,2024-06-04,39166.78,freelance,True
INC_NPU_00052_202407,NPU_00052,2024-07-24,43062.63,freelance,True
INC_NPU_00052_202408,NPU_00052,2024-08-14,13250.23,freelance,True
INC_NPU_00052_202409,NPU_00052,2024-09-10,39648.78,freelance,True
INC_NPU_00052_202410,NPU_00052,2024-10-19,69754.89,freelance,True
INC_NPU_00052_202411,NPU_00052,2024-11-16,287697.81,freelance,True
INC_NPU_00052_202412,NPU_00052,2024-12-16,115192.24,freelance,True
INC_NPU_00052_202501,NPU_00052,2025-01-13,63436.15,freelance,True
INC_NPU_00052_202502,NPU_00052,2025-02-18,9755.02,freelance,True
INC_NPU_00052_202503,NPU_00052,2025-03-15,116994.03,freelance,True
INC_NPU_00052_202504,NPU_00052,2025-04-20,44666.8,freelance,True
INC_NPU_00052_202505,NPU_00052,2025-05-01,25035.8,freelance,True
INC_NPU_00052_202506,NPU_00052,2025-06-21,74648.86,freelance,True
INC_NPU_00052_202507,NPU_00052,2025-07-23,33448.94,freelance,True
INC_NPU_00052_202508,NPU_00052,2025-08-07,54931.37,freelance,True
INC_NPU_00052_202509,NPU_00052,2025-09-23,36440.2,freelance,True
INC_NPU_00052_202510,NPU_00052,2025-10-17,76266.4,freelance,True
INC_NPU_00052_202511,NPU_00052,2025-11-01,79899.04,freelance,True
INC_NPU_00052_202512,NPU_00052,2025-12-19,40868.9,freelance,True
INC_NPU_00053_202301,NPU_00053,2023-01-01,21528.8,salary,True
INC_NPU_00053_202302,NPU_00053,2023-02-02,22180.37,salary,True
INC_NPU_00053_202303,NPU_00053,2023-03-01,21076.04,salary,True
INC_NPU_00053_202304,NPU_00053,2023-04-01,22529.98,salary,True
INC_NPU_00053_202305,NPU_00053,2023-05-02,21376.52,salary,True
INC_NPU_00053_202306,NPU_00053,2023-06-04,21987.27,salary,True
INC_NPU_00053_202307,NPU_00053,2023-07-04,22175.79,salary,True
INC_NPU_00053_202308,NPU_00053,2023-08-05,21679.87,salary,True
INC_NPU_00053_202309,NPU_00053,2023-09-01,22441.41,salary,True
INC_NPU_00053_202310,NPU_00053,2023-10-01,22253.57,salary,True
INC_NPU_00053_202311,NPU_00053,2023-11-04,22562.11,salary,True
INC_NPU_00053_202312,NPU_00053,2023-12-02,22124.65,salary,True
INC_NPU_00053_202401,NPU_00053,2024-01-02,21102.02,salary,True
INC_NPU_00053_202402,NPU_00053,2024-02-02,21644.0,salary,True
INC_NPU_00053_202403,NPU_00053,2024-03-05,22237.87,salary,True
INC_NPU_00053_202404,NPU_00053,2024-04-01,22611.41,salary,True
INC_NPU_00053_202405,NPU_00053,2024-05-02,22003.89,salary,True
INC_NPU_00053_202406,NPU_00053,2024-06-05,22493.74,salary,True
INC_NPU_00053_202407,NPU_00053,2024-07-02,22015.04,salary,True
INC_NPU_00053_202408,NPU_00053,2024-08-01,22243.71,salary,True
INC_NPU_00053_202409,NPU_00053,2024-09-02,21947.16,salary,True
INC_NPU_00053_202410,NPU_00053,2024-10-03,22532.19,salary,True
INC_NPU_00053_202411,NPU_00053,2024-11-01,22756.41,salary,True
INC_NPU_00053_202412,NPU_00053,2024-12-02,22714.11,salary,True
INC_NPU_00053_202501,NPU_00053,2025-01-01,23439.25,salary,True
INC_NPU_00053_202502,NPU_00053,2025-02-02,21696.69,salary,True
INC_NPU_00053_202503,NPU_00053,2025-03-03,22174.78,salary,True
INC_NPU_00053_202504,NPU_00053,2025-04-05,21705.92,salary,True
INC_NPU_00053_202505,NPU_00053,2025-05-05,22511.48,salary,True
INC_NPU_00053_202506,NPU_00053,2025-06-02,21577.16,salary,True
INC_NPU_00053_202507,NPU_00053,2025-07-01,22540.9,salary,True
INC_NPU_00053_202508,NPU_00053,2025-08-01,22089.91,salary,True
INC_NPU_00053_202509,NPU_00053,2025-09-04,21965.36,salary,True
INC_NPU_00053_202510,NPU_00053,2025-10-01,22013.7,salary,True
INC_NPU_00053_202511,NPU_00053,2025-11-01,21506.68,salary,True
INC_NPU_00053_202512,NPU_00053,2025-12-05,21538.62,salary,True
INC_NPU_00054_202301,NPU_00054,2023-01-04,58157.23,salary,True
INC_NPU_00054_202302,NPU_00054,2023-02-04,58149.37,salary,True
INC_NPU_00054_202303,NPU_00054,2023-03-01,57173.56,salary,True
INC_NPU_00054_202304,NPU_00054,2023-04-01,57589.99,salary,True
INC_NPU_00054_202305,NPU_00054,2023-05-03,58458.6,salary,True
INC_NPU_00054_202306,NPU_00054,2023-06-01,56984.56,salary,True
INC_NPU_00054_202307,NPU_00054,2023-07-03,55888.07,salary,True
INC_NPU_00054_202308,NPU_00054,2023-08-02,59649.9,salary,True
INC_NPU_00054_202309,NPU_00054,2023-09-05,58237.92,salary,True
INC_NPU_00054_202310,NPU_00054,2023-10-02,57359.46,salary,True
INC_NPU_00054_202311,NPU_00054,2023-11-01,57122.81,salary,True
INC_NPU_00054_202312,NPU_00054,2023-12-01,56974.37,salary,True
INC_NPU_00054_202401,NPU_00054,2024-01-02,59240.93,salary,True
INC_NPU_00054_202402,NPU_00054,2024-02-02,56427.89,salary,True
INC_NPU_00054_202403,NPU_00054,2024-03-03,58356.95,salary,True
INC_NPU_00054_202404,NPU_00054,2024-04-04,58355.93,salary,True
INC_NPU_00054_202405,NPU_00054,2024-05-02,58787.24,salary,True
INC_NPU_00054_202406,NPU_00054,2024-06-01,57461.95,salary,True
INC_NPU_00054_202407,NPU_00054,2024-07-04,59530.98,salary,True
INC_NPU_00054_202408,NPU_00054,2024-08-01,58823.92,salary,True
INC_NPU_00054_202409,NPU_00054,2024-09-03,57424.83,salary,True
INC_NPU_00054_202410,NPU_00054,2024-10-01,57073.04,salary,True
INC_NPU_00054_202411,NPU_00054,2024-11-02,57749.0,salary,True
INC_NPU_00054_202412,NPU_00054,2024-12-01,57388.33,salary,True
INC_NPU_00054_202501,NPU_00054,2025-01-01,56897.52,salary,True
INC_NPU_00054_202502,NPU_00054,2025-02-01,57986.59,salary,True
INC_NPU_00054_202503,NPU_00054,2025-03-03,57597.27,salary,True
INC_NPU_00054_202504,NPU_00054,2025-04-01,59842.63,salary,True
INC_NPU_00054_202505,NPU_00054,2025-05-02,57386.58,salary,True
INC_NPU_00054_202506,NPU_00054,2025-06-04,57063.51,salary,True
INC_NPU_00054_202507,NPU_00054,2025-07-04,57911.87,salary,True
INC_NPU_00054_202508,NPU_00054,2025-08-01,58200.63,salary,True
INC_NPU_00054_202509,NPU_00054,2025-09-03,58289.38,salary,True
INC_NPU_00054_202510,NPU_00054,2025-10-01,58277.85,salary,True
INC_NPU_00054_202511,NPU_00054,2025-11-01,57950.32,salary,True
INC_NPU_00054_202512,NPU_00054,2025-12-02,57866.79,salary,True
INC_NPU_00055_202301,NPU_00055,2023-01-01,83713.98,salary,True
INC_NPU_00055_202302,NPU_00055,2023-02-01,81132.53,salary,True
INC_NPU_00055_202303,NPU_00055,2023-03-01,81515.97,salary,True
INC_NPU_00055_202304,NPU_00055,2023-04-01,80226.18,salary,True
INC_NPU_00055_202305,NPU_00055,2023-05-01,81156.44,salary,True
INC_NPU_00055_202306,NPU_00055,2023-06-04,84428.54,salary,True
INC_NPU_00055_202307,NPU_00055,2023-07-01,83640.15,salary,True
INC_NPU_00055_202308,NPU_00055,2023-08-02,85738.22,salary,True
INC_NPU_00055_202309,NPU_00055,2023-09-01,85228.24,salary,True
INC_NPU_00055_202310,NPU_00055,2023-10-01,83654.91,salary,True
INC_NPU_00055_202311,NPU_00055,2023-11-01,82950.73,salary,True
INC_NPU_00055_202312,NPU_00055,2023-12-04,82748.03,salary,True
INC_NPU_00055_202401,NPU_00055,2024-01-02,79328.14,salary,True
INC_NPU_00055_202402,NPU_00055,2024-02-02,82565.85,salary,True
INC_NPU_00055_202403,NPU_00055,2024-03-01,81773.22,salary,True
INC_NPU_00055_202404,NPU_00055,2024-04-05,81221.73,salary,True
INC_NPU_00055_202405,NPU_00055,2024-05-03,83373.39,salary,True
INC_NPU_00055_202406,NPU_00055,2024-06-01,82369.81,salary,True
INC_NPU_00055_202407,NPU_00055,2024-07-02,82847.1,salary,True
INC_NPU_00055_202408,NPU_00055,2024-08-04,81000.96,salary,True
INC_NPU_00055_202409,NPU_00055,2024-09-02,84095.88,salary,True
INC_NPU_00055_202410,NPU_00055,2024-10-05,81959.23,salary,True
INC_NPU_00055_202411,NPU_00055,2024-11-01,83282.97,salary,True
INC_NPU_00055_202412,NPU_00055,2024-12-03,82088.51,salary,True
INC_NPU_00055_202501,NPU_00055,2025-01-01,79083.68,salary,True
INC_NPU_00055_202502,NPU_00055,2025-02-01,83441.5,salary,True
INC_NPU_00055_202503,NPU_00055,2025-03-01,82473.03,salary,True
INC_NPU_00055_202504,NPU_00055,2025-04-03,80128.51,salary,True
INC_NPU_00055_202505,NPU_00055,2025-05-01,80820.56,salary,True
INC_NPU_00055_202506,NPU_00055,2025-06-05,84148.33,salary,True
INC_NPU_00055_202507,NPU_00055,2025-07-02,80196.24,salary,True
INC_NPU_00055_202508,NPU_00055,2025-08-01,81918.58,salary,True
INC_NPU_00055_202509,NPU_00055,2025-09-01,85916.64,salary,True
INC_NPU_00055_202510,NPU_00055,2025-10-01,83485.35,salary,True
INC_NPU_00055_202511,NPU_00055,2025-11-02,83894.64,salary,True
INC_NPU_00055_202512,NPU_00055,2025-12-04,82231.35,salary,True
INC_NPU_00056_202301,NPU_00056,2023-01-01,99644.27,salary,True
INC_NPU_00056_202302,NPU_00056,2023-02-01,103375.72,salary,True
INC_NPU_00056_202303,NPU_00056,2023-03-02,100784.64,salary,True
INC_NPU_00056_202304,NPU_00056,2023-04-03,100606.49,salary,True
INC_NPU_00056_202305,NPU_00056,2023-05-02,103135.93,salary,True
INC_NPU_00056_202306,NPU_00056,2023-06-02,100911.02,salary,True
INC_NPU_00056_202307,NPU_00056,2023-07-01,102900.12,salary,True
INC_NPU_00056_202308,NPU_00056,2023-08-01,101587.65,salary,True
INC_NPU_00056_202309,NPU_00056,2023-09-01,102830.41,salary,True
INC_NPU_00056_202310,NPU_00056,2023-10-02,101901.5,salary,True
INC_NPU_00056_202311,NPU_00056,2023-11-01,102885.72,salary,True
INC_NPU_00056_202312,NPU_00056,2023-12-01,105942.38,salary,True
INC_NPU_00056_202401,NPU_00056,2024-01-01,104537.62,salary,True
INC_NPU_00056_202402,NPU_00056,2024-02-01,102660.42,salary,True
INC_NPU_00056_202403,NPU_00056,2024-03-02,105546.16,salary,True
INC_NPU_00056_202404,NPU_00056,2024-04-04,103756.13,salary,True
INC_NPU_00056_202405,NPU_00056,2024-05-02,105382.06,salary,True
INC_NPU_00056_202406,NPU_00056,2024-06-03,100071.24,salary,True
INC_NPU_00056_202407,NPU_00056,2024-07-02,100931.99,salary,True
INC_NPU_00056_202408,NPU_00056,2024-08-01,103351.54,salary,True
INC_NPU_00056_202409,NPU_00056,2024-09-02,102611.19,salary,True
INC_NPU_00056_202410,NPU_00056,2024-10-01,102890.5,salary,True
INC_NPU_00056_202411,NPU_00056,2024-11-04,104089.38,salary,True
INC_NPU_00056_202412,NPU_00056,2024-12-01,103372.16,salary,True
INC_NPU_00056_202501,NPU_00056,2025-01-01,104746.62,salary,True
INC_NPU_00056_202502,NPU_00056,2025-02-02,104685.22,salary,True
INC_NPU_00056_202503,NPU_00056,2025-03-01,101017.31,salary,True
INC_NPU_00056_202504,NPU_00056,2025-04-01,98554.01,salary,True
INC_NPU_00056_202505,NPU_00056,2025-05-01,100898.26,salary,True
INC_NPU_00056_202506,NPU_00056,2025-06-03,100779.86,salary,True
INC_NPU_00056_202507,NPU_00056,2025-07-03,103039.81,salary,True
INC_NPU_00056_202508,NPU_00056,2025-08-03,103013.87,salary,True
INC_NPU_00056_202509,NPU_00056,2025-09-03,102491.42,salary,True
INC_NPU_00056_202510,NPU_00056,2025-10-03,103836.64,salary,True
INC_NPU_00056_202511,NPU_00056,2025-11-01,108086.54,salary,True
INC_NPU_00056_202512,NPU_00056,2025-12-04,102448.34,salary,True
INC_NPU_00057_202301,NPU_00057,2023-01-03,45190.9,salary,True
INC_NPU_00057_202302,NPU_00057,2023-02-01,44951.96,salary,True
INC_NPU_00057_202303,NPU_00057,2023-03-02,44444.72,salary,True
INC_NPU_00057_202304,NPU_00057,2023-04-04,45484.65,salary,True
INC_NPU_00057_202305,NPU_00057,2023-05-01,44716.56,salary,True
INC_NPU_00057_202306,NPU_00057,2023-06-01,44264.69,salary,True
INC_NPU_00057_202307,NPU_00057,2023-07-01,44324.8,salary,True
INC_NPU_00057_202308,NPU_00057,2023-08-01,45798.14,salary,True
INC_NPU_00057_202309,NPU_00057,2023-09-03,45461.34,salary,True
INC_NPU_00057_202310,NPU_00057,2023-10-05,44535.04,salary,True
INC_NPU_00057_202311,NPU_00057,2023-11-03,45350.37,salary,True
INC_NPU_00057_202312,NPU_00057,2023-12-04,44962.27,salary,True
INC_NPU_00057_202401,NPU_00057,2024-01-04,45206.45,salary,True
INC_NPU_00057_202402,NPU_00057,2024-02-02,44423.09,salary,True
INC_NPU_00057_202403,NPU_00057,2024-03-01,44054.62,salary,True
INC_NPU_00057_202404,NPU_00057,2024-04-05,44711.78,salary,True
INC_NPU_00057_202405,NPU_00057,2024-05-01,44186.87,salary,True
INC_NPU_00057_202406,NPU_00057,2024-06-01,44127.16,salary,True
INC_NPU_00057_202407,NPU_00057,2024-07-05,43764.25,salary,True
INC_NPU_00057_202408,NPU_00057,2024-08-03,43062.87,salary,True
INC_NPU_00057_202409,NPU_00057,2024-09-01,44549.81,salary,True
INC_NPU_00057_202410,NPU_00057,2024-10-01,45977.05,salary,True
INC_NPU_00057_202411,NPU_00057,2024-11-05,45717.25,salary,True
INC_NPU_00057_202412,NPU_00057,2024-12-01,46441.41,salary,True
INC_NPU_00057_202501,NPU_00057,2025-01-02,44092.76,salary,True
INC_NPU_00057_202502,NPU_00057,2025-02-01,45544.97,salary,True
INC_NPU_00057_202503,NPU_00057,2025-03-02,44847.59,salary,True
INC_NPU_00057_202504,NPU_00057,2025-04-02,44326.18,salary,True
INC_NPU_00057_202505,NPU_00057,2025-05-05,45859.17,salary,True
INC_NPU_00057_202506,NPU_00057,2025-06-04,44856.35,salary,True
INC_NPU_00057_202507,NPU_00057,2025-07-02,43435.07,salary,True
INC_NPU_00057_202508,NPU_00057,2025-08-01,45706.81,salary,True
INC_NPU_00057_202509,NPU_00057,2025-09-01,45286.52,salary,True
INC_NPU_00057_202510,NPU_00057,2025-10-02,45067.43,salary,True
INC_NPU_00057_202511,NPU_00057,2025-11-01,43931.41,salary,True
INC_NPU_00057_202512,NPU_00057,2025-12-01,45169.84,salary,True
INC_NPU_00058_202301,NPU_00058,2023-01-01,486885.7,business,True
INC_NPU_00058_202302,NPU_00058,2023-02-16,345718.99,business,True
INC_NPU_00058_202303,NPU_00058,2023-03-11,542862.36,business,True
INC_NPU_00058_202304,NPU_00058,2023-04-06,316166.31,business,True
INC_NPU_00058_202305,NPU_00058,2023-05-11,353713.53,business,True
INC_NPU_00058_202306,NPU_00058,2023-06-01,346818.17,business,True
INC_NPU_00058_202307,NPU_00058,2023-07-16,227377.47,business,True
INC_NPU_00058_202308,NPU_00058,2023-08-21,435257.02,business,True
INC_NPU_00058_202309,NPU_00058,2023-09-21,343877.77,business,True
INC_NPU_00058_202310,NPU_00058,2023-10-11,237115.7,business,True
INC_NPU_00058_202311,NPU_00058,2023-11-11,375402.68,business,True
INC_NPU_00058_202312,NPU_00058,2023-12-01,141229.39,business,True
INC_NPU_00058_202401,NPU_00058,2024-01-11,460096.1,business,True
INC_NPU_00058_202402,NPU_00058,2024-02-21,247859.95,business,True
INC_NPU_00058_202403,NPU_00058,2024-03-11,427123.39,business,True
INC_NPU_00058_202404,NPU_00058,2024-04-01,257765.6,business,True
INC_NPU_00058_202405,NPU_00058,2024-05-11,352867.3,business,True
INC_NPU_00058_202406,NPU_00058,2024-06-11,515770.77,business,True
INC_NPU_00058_202407,NPU_00058,2024-07-01,353011.18,business,True
INC_NPU_00058_202408,NPU_00058,2024-08-11,401832.75,business,True
INC_NPU_00058_202409,NPU_00058,2024-09-06,217346.13,business,True
INC_NPU_00058_202410,NPU_00058,2024-10-21,289042.1,business,True
INC_NPU_00058_202411,NPU_00058,2024-11-11,384456.55,business,True
INC_NPU_00058_202412,NPU_00058,2024-12-06,348671.31,business,True
INC_NPU_00058_202501,NPU_00058,2025-01-01,295996.01,business,True
INC_NPU_00058_202502,NPU_00058,2025-02-16,328329.38,business,True
INC_NPU_00058_202503,NPU_00058,2025-03-11,126049.81,business,True
INC_NPU_00058_202504,NPU_00058,2025-04-01,384226.47,business,True
INC_NPU_00058_202505,NPU_00058,2025-05-06,362260.94,business,True
INC_NPU_00058_202506,NPU_00058,2025-06-16,518652.85,business,True
INC_NPU_00058_202507,NPU_00058,2025-07-06,347928.92,business,True
INC_NPU_00058_202508,NPU_00058,2025-08-11,433518.22,business,True
INC_NPU_00058_202509,NPU_00058,2025-09-01,353316.47,business,True
INC_NPU_00058_202510,NPU_00058,2025-10-11,152487.87,business,True
INC_NPU_00058_202511,NPU_00058,2025-11-16,274636.94,business,True
INC_NPU_00058_202512,NPU_00058,2025-12-21,285047.94,business,True
INC_NPU_00059_202301,NPU_00059,2023-01-02,164087.81,salary,True
INC_NPU_00059_202302,NPU_00059,2023-02-02,165660.45,salary,True
INC_NPU_00059_202303,NPU_00059,2023-03-05,163010.4,salary,True
INC_NPU_00059_202304,NPU_00059,2023-04-01,166350.17,salary,True
INC_NPU_00059_202305,NPU_00059,2023-05-01,160019.34,salary,True
INC_NPU_00059_202306,NPU_00059,2023-06-02,166493.25,salary,True
INC_NPU_00059_202307,NPU_00059,2023-07-01,160554.57,salary,True
INC_NPU_00059_202308,NPU_00059,2023-08-01,162674.29,salary,True
INC_NPU_00059_202309,NPU_00059,2023-09-04,164305.91,salary,True
INC_NPU_00059_202310,NPU_00059,2023-10-01,162566.89,salary,True
INC_NPU_00059_202311,NPU_00059,2023-11-02,167606.18,salary,True
INC_NPU_00059_202312,NPU_00059,2023-12-01,161642.57,salary,True
INC_NPU_00059_202401,NPU_00059,2024-01-02,163300.39,salary,True
INC_NPU_00059_202402,NPU_00059,2024-02-02,162112.54,salary,True
INC_NPU_00059_202403,NPU_00059,2024-03-01,165689.49,salary,True
INC_NPU_00059_202404,NPU_00059,2024-04-01,160104.28,salary,True
INC_NPU_00059_202405,NPU_00059,2024-05-02,167930.89,salary,True
INC_NPU_00059_202406,NPU_00059,2024-06-04,159348.77,salary,True
INC_NPU_00059_202407,NPU_00059,2024-07-01,166858.24,salary,True
INC_NPU_00059_202408,NPU_00059,2024-08-03,158261.16,salary,True
INC_NPU_00059_202409,NPU_00059,2024-09-01,163408.55,salary,True
INC_NPU_00059_202410,NPU_00059,2024-10-02,161364.6,salary,True
INC_NPU_00059_202411,NPU_00059,2024-11-01,164232.98,salary,True
INC_NPU_00059_202412,NPU_00059,2024-12-01,162755.02,salary,True
INC_NPU_00059_202501,NPU_00059,2025-01-01,164042.28,salary,True
INC_NPU_00059_202502,NPU_00059,2025-02-02,158162.32,salary,True
INC_NPU_00059_202503,NPU_00059,2025-03-01,156444.64,salary,True
INC_NPU_00059_202504,NPU_00059,2025-04-02,157695.74,salary,True
INC_NPU_00059_202505,NPU_00059,2025-05-02,157625.93,salary,True
INC_NPU_00059_202506,NPU_00059,2025-06-02,158128.16,salary,True
INC_NPU_00059_202507,NPU_00059,2025-07-05,159544.4,salary,True
INC_NPU_00059_202508,NPU_00059,2025-08-05,159518.26,salary,True
INC_NPU_00059_202509,NPU_00059,2025-09-02,161438.69,salary,True
INC_NPU_00059_202510,NPU_00059,2025-10-02,158801.72,salary,True
INC_NPU_00059_202511,NPU_00059,2025-11-01,159028.74,salary,True
INC_NPU_00059_202512,NPU_00059,2025-12-02,160736.91,salary,True
INC_NPU_00060_202301,NPU_00060,2023-01-11,359671.61,business,True
INC_NPU_00060_202302,NPU_00060,2023-02-16,233505.19,business,True
INC_NPU_00060_202303,NPU_00060,2023-03-16,279016.53,business,True
INC_NPU_00060_202304,NPU_00060,2023-04-01,205890.78,business,True
INC_NPU_00060_202305,NPU_00060,2023-05-16,272809.02,business,True
INC_NPU_00060_202306,NPU_00060,2023-06-01,201168.52,business,True
INC_NPU_00060_202307,NPU_00060,2023-07-16,164152.02,business,True
INC_NPU_00060_202308,NPU_00060,2023-08-06,316623.8,business,True
INC_NPU_00060_202309,NPU_00060,2023-09-16,216854.22,business,True
INC_NPU_00060_202310,NPU_00060,2023-10-21,348392.19,business,True
INC_NPU_00060_202311,NPU_00060,2023-11-06,395014.38,business,True
INC_NPU_00060_202312,NPU_00060,2023-12-21,465672.51,business,True
INC_NPU_00060_202401,NPU_00060,2024-01-16,210929.2,business,True
INC_NPU_00060_202402,NPU_00060,2024-02-16,259024.72,business,True
INC_NPU_00060_202403,NPU_00060,2024-03-11,233640.93,business,True
INC_NPU_00060_202404,NPU_00060,2024-04-11,279521.22,business,True
INC_NPU_00060_202405,NPU_00060,2024-05-21,290111.38,business,True
INC_NPU_00060_202406,NPU_00060,2024-06-21,299537.73,business,True
INC_NPU_00060_202407,NPU_00060,2024-07-21,339439.93,business,True
INC_NPU_00060_202408,NPU_00060,2024-08-01,192290.07,business,True
INC_NPU_00060_202409,NPU_00060,2024-09-11,433485.04,business,True
INC_NPU_00060_202410,NPU_00060,2024-10-16,221551.34,business,True
INC_NPU_00060_202411,NPU_00060,2024-11-11,221673.32,business,True
INC_NPU_00060_202412,NPU_00060,2024-12-01,215925.93,business,True
INC_NPU_00060_202501,NPU_00060,2025-01-21,181758.48,business,True
INC_NPU_00060_202502,NPU_00060,2025-02-16,251922.58,business,True
INC_NPU_00060_202503,NPU_00060,2025-03-11,223574.65,business,True
INC_NPU_00060_202504,NPU_00060,2025-04-11,291647.57,business,True
INC_NPU_00060_202505,NPU_00060,2025-05-06,289228.9,business,True
INC_NPU_00060_202506,NPU_00060,2025-06-16,257575.94,business,True
INC_NPU_00060_202507,NPU_00060,2025-07-16,297651.53,business,True
INC_NPU_00060_202508,NPU_00060,2025-08-11,259681.42,business,True
INC_NPU_00060_202509,NPU_00060,2025-09-16,369208.03,business,True
INC_NPU_00060_202510,NPU_00060,2025-10-11,338822.8,business,True
INC_NPU_00060_202511,NPU_00060,2025-11-06,230596.05,business,True
INC_NPU_00060_202512,NPU_00060,2025-12-16,289492.91,business,True
INC_NPU_00061_202301,NPU_00061,2023-01-03,104291.27,salary,True
INC_NPU_00061_202302,NPU_00061,2023-02-02,103668.02,salary,True
INC_NPU_00061_202303,NPU_00061,2023-03-02,101141.33,salary,True
INC_NPU_00061_202304,NPU_00061,2023-04-04,103676.78,salary,True
INC_NPU_00061_202305,NPU_00061,2023-05-01,105080.98,salary,True
INC_NPU_00061_202306,NPU_00061,2023-06-03,101600.28,salary,True
INC_NPU_00061_202307,NPU_00061,2023-07-04,104585.8,salary,True
INC_NPU_00061_202308,NPU_00061,2023-08-01,103390.85,salary,True
INC_NPU_00061_202309,NPU_00061,2023-09-01,97155.02,salary,True
INC_NPU_00061_202310,NPU_00061,2023-10-02,102695.46,salary,True
INC_NPU_00061_202311,NPU_00061,2023-11-02,103308.04,salary,True
INC_NPU_00061_202312,NPU_00061,2023-12-01,102138.92,salary,True
INC_NPU_00061_202401,NPU_00061,2024-01-03,103467.9,salary,True
INC_NPU_00061_202402,NPU_00061,2024-02-03,102479.13,salary,True
INC_NPU_00061_202403,NPU_00061,2024-03-03,107409.22,salary,True
INC_NPU_00061_202404,NPU_00061,2024-04-01,102001.59,salary,True
INC_NPU_00061_202405,NPU_00061,2024-05-05,101193.97,salary,True
INC_NPU_00061_202406,NPU_00061,2024-06-02,104472.06,salary,True
INC_NPU_00061_202407,NPU_00061,2024-07-01,102243.49,salary,True
INC_NPU_00061_202408,NPU_00061,2024-08-04,102584.56,salary,True
INC_NPU_00061_202409,NPU_00061,2024-09-03,102413.47,salary,True
INC_NPU_00061_202410,NPU_00061,2024-10-01,104348.6,salary,True
INC_NPU_00061_202411,NPU_00061,2024-11-01,100639.84,salary,True
INC_NPU_00061_202412,NPU_00061,2024-12-02,104581.31,salary,True
INC_NPU_00061_202501,NPU_00061,2025-01-01,103838.83,salary,True
INC_NPU_00061_202502,NPU_00061,2025-02-02,106469.85,salary,True
INC_NPU_00061_202503,NPU_00061,2025-03-02,103145.83,salary,True
INC_NPU_00061_202504,NPU_00061,2025-04-03,100770.77,salary,True
INC_NPU_00061_202505,NPU_00061,2025-05-01,103168.38,salary,True
INC_NPU_00061_202506,NPU_00061,2025-06-02,103419.11,salary,True
INC_NPU_00061_202507,NPU_00061,2025-07-01,105278.86,salary,True
INC_NPU_00061_202508,NPU_00061,2025-08-04,100766.21,salary,True
INC_NPU_00061_202509,NPU_00061,2025-09-03,99719.89,salary,True
INC_NPU_00061_202510,NPU_00061,2025-10-05,103211.21,salary,True
INC_NPU_00061_202511,NPU_00061,2025-11-01,106580.19,salary,True
INC_NPU_00061_202512,NPU_00061,2025-12-01,104144.52,salary,True
INC_NPU_00062_202301,NPU_00062,2023-01-02,39963.42,salary,True
INC_NPU_00062_202302,NPU_00062,2023-02-02,38370.89,salary,True
INC_NPU_00062_202303,NPU_00062,2023-03-03,39424.87,salary,True
INC_NPU_00062_202304,NPU_00062,2023-04-01,40367.11,salary,True
INC_NPU_00062_202305,NPU_00062,2023-05-04,39646.77,salary,True
INC_NPU_00062_202306,NPU_00062,2023-06-02,38173.31,salary,True
INC_NPU_00062_202307,NPU_00062,2023-07-01,39409.39,salary,True
INC_NPU_00062_202308,NPU_00062,2023-08-01,39856.46,salary,True
INC_NPU_00062_202309,NPU_00062,2023-09-02,36948.94,salary,True
INC_NPU_00062_202310,NPU_00062,2023-10-05,39324.18,salary,True
INC_NPU_00062_202311,NPU_00062,2023-11-04,38705.99,salary,True
INC_NPU_00062_202312,NPU_00062,2023-12-05,40066.78,salary,True
INC_NPU_00062_202401,NPU_00062,2024-01-01,39064.24,salary,True
INC_NPU_00062_202402,NPU_00062,2024-02-01,39722.05,salary,True
INC_NPU_00062_202403,NPU_00062,2024-03-02,39388.7,salary,True
INC_NPU_00062_202404,NPU_00062,2024-04-01,39036.0,salary,True
INC_NPU_00062_202405,NPU_00062,2024-05-03,40957.86,salary,True
INC_NPU_00062_202406,NPU_00062,2024-06-03,38952.07,salary,True
INC_NPU_00062_202407,NPU_00062,2024-07-03,39452.94,salary,True
INC_NPU_00062_202408,NPU_00062,2024-08-02,39386.26,salary,True
INC_NPU_00062_202409,NPU_00062,2024-09-01,39537.76,salary,True
INC_NPU_00062_202410,NPU_00062,2024-10-02,40882.13,salary,True
INC_NPU_00062_202411,NPU_00062,2024-11-04,39857.53,salary,True
INC_NPU_00062_202412,NPU_00062,2024-12-02,39028.85,salary,True
INC_NPU_00062_202501,NPU_00062,2025-01-02,40558.14,salary,True
INC_NPU_00062_202502,NPU_00062,2025-02-02,39997.37,salary,True
INC_NPU_00062_202503,NPU_00062,2025-03-03,39043.34,salary,True
INC_NPU_00062_202504,NPU_00062,2025-04-01,40411.67,salary,True
INC_NPU_00062_202505,NPU_00062,2025-05-01,38363.26,salary,True
INC_NPU_00062_202506,NPU_00062,2025-06-01,38543.05,salary,True
INC_NPU_00062_202507,NPU_00062,2025-07-04,38127.79,salary,True
INC_NPU_00062_202508,NPU_00062,2025-08-01,37812.4,salary,True
INC_NPU_00062_202509,NPU_00062,2025-09-01,40345.93,salary,True
INC_NPU_00062_202510,NPU_00062,2025-10-02,39547.72,salary,True
INC_NPU_00062_202511,NPU_00062,2025-11-01,38189.57,salary,True
INC_NPU_00062_202512,NPU_00062,2025-12-01,39365.95,salary,True
INC_NPU_00063_202301,NPU_00063,2023-01-01,55381.78,salary,True
INC_NPU_00063_202302,NPU_00063,2023-02-02,53597.54,salary,True
INC_NPU_00063_202303,NPU_00063,2023-03-01,54050.38,salary,True
INC_NPU_00063_202304,NPU_00063,2023-04-02,56616.4,salary,True
INC_NPU_00063_202305,NPU_00063,2023-05-02,54144.67,salary,True
INC_NPU_00063_202306,NPU_00063,2023-06-04,52805.11,salary,True
INC_NPU_00063_202307,NPU_00063,2023-07-04,53824.41,salary,True
INC_NPU_00063_202308,NPU_00063,2023-08-01,52663.6,salary,True
INC_NPU_00063_202309,NPU_00063,2023-09-01,55124.92,salary,True
INC_NPU_00063_202310,NPU_00063,2023-10-02,53453.03,salary,True
INC_NPU_00063_202311,NPU_00063,2023-11-04,53421.41,salary,True
INC_NPU_00063_202312,NPU_00063,2023-12-01,56742.97,salary,True
INC_NPU_00063_202401,NPU_00063,2024-01-03,53107.97,salary,True
INC_NPU_00063_202402,NPU_00063,2024-02-02,52929.25,salary,True
INC_NPU_00063_202403,NPU_00063,2024-03-01,53267.26,salary,True
INC_NPU_00063_202404,NPU_00063,2024-04-01,55419.42,salary,True
INC_NPU_00063_202405,NPU_00063,2024-05-01,54969.02,salary,True
INC_NPU_00063_202406,NPU_00063,2024-06-03,53811.05,salary,True
INC_NPU_00063_202407,NPU_00063,2024-07-01,53716.39,salary,True
INC_NPU_00063_202408,NPU_00063,2024-08-03,54880.2,salary,True
INC_NPU_00063_202409,NPU_00063,2024-09-03,54645.95,salary,True
INC_NPU_00063_202410,NPU_00063,2024-10-01,54213.02,salary,True
INC_NPU_00063_202411,NPU_00063,2024-11-01,55008.59,salary,True
INC_NPU_00063_202412,NPU_00063,2024-12-01,53200.87,salary,True
INC_NPU_00063_202501,NPU_00063,2025-01-02,53469.94,salary,True
INC_NPU_00063_202502,NPU_00063,2025-02-02,55068.73,salary,True
INC_NPU_00063_202503,NPU_00063,2025-03-04,54735.29,salary,True
INC_NPU_00063_202504,NPU_00063,2025-04-04,52134.52,salary,True
INC_NPU_00063_202505,NPU_00063,2025-05-02,54428.04,salary,True
INC_NPU_00063_202506,NPU_00063,2025-06-02,56691.59,salary,True
INC_NPU_00063_202507,NPU_00063,2025-07-02,55254.15,salary,True
INC_NPU_00063_202508,NPU_00063,2025-08-01,53841.86,salary,True
INC_NPU_00063_202509,NPU_00063,2025-09-01,53556.36,salary,True
INC_NPU_00063_202510,NPU_00063,2025-10-02,54788.32,salary,True
INC_NPU_00063_202511,NPU_00063,2025-11-04,55702.14,salary,True
INC_NPU_00063_202512,NPU_00063,2025-12-04,52518.77,salary,True
INC_NPU_00064_202301,NPU_00064,2023-01-04,69353.63,freelance,True
INC_NPU_00064_202302,NPU_00064,2023-02-06,253425.49,freelance,True
INC_NPU_00064_202303,NPU_00064,2023-03-04,96613.94,freelance,True
INC_NPU_00064_202304,NPU_00064,2023-04-24,104675.85,freelance,True
INC_NPU_00064_202305,NPU_00064,2023-05-20,342258.28,freelance,True
INC_NPU_00064_202306,NPU_00064,2023-06-06,40552.01,freelance,True
INC_NPU_00064_202307,NPU_00064,2023-07-14,222256.76,freelance,True
INC_NPU_00064_202308,NPU_00064,2023-08-07,195987.39,freelance,True
INC_NPU_00064_202309,NPU_00064,2023-09-14,83724.24,freelance,True
INC_NPU_00064_202310,NPU_00064,2023-10-05,48324.87,freelance,True
INC_NPU_00064_202311,NPU_00064,2023-11-07,124199.38,freelance,True
INC_NPU_00064_202312,NPU_00064,2023-12-13,325634.14,freelance,True
INC_NPU_00064_202401,NPU_00064,2024-01-10,172623.9,freelance,True
INC_NPU_00064_202402,NPU_00064,2024-02-08,120190.67,freelance,True
INC_NPU_00064_202403,NPU_00064,2024-03-15,76908.5,freelance,True
INC_NPU_00064_202404,NPU_00064,2024-04-06,181006.84,freelance,True
INC_NPU_00064_202405,NPU_00064,2024-05-21,229636.67,freelance,True
INC_NPU_00064_202406,NPU_00064,2024-06-05,81015.05,freelance,True
INC_NPU_00064_202407,NPU_00064,2024-07-02,140168.98,freelance,True
INC_NPU_00064_202408,NPU_00064,2024-08-10,145218.3,freelance,True
INC_NPU_00064_202409,NPU_00064,2024-09-20,150331.7,freelance,True
INC_NPU_00064_202410,NPU_00064,2024-10-10,92426.97,freelance,True
INC_NPU_00064_202411,NPU_00064,2024-11-01,50908.63,freelance,True
INC_NPU_00064_202412,NPU_00064,2024-12-14,186639.35,freelance,True
INC_NPU_00064_202501,NPU_00064,2025-01-06,289901.67,freelance,True
INC_NPU_00064_202502,NPU_00064,2025-02-14,190683.68,freelance,True
INC_NPU_00064_202503,NPU_00064,2025-03-06,143727.43,freelance,True
INC_NPU_00064_202504,NPU_00064,2025-04-11,208091.86,freelance,True
INC_NPU_00064_202505,NPU_00064,2025-05-09,139761.59,freelance,True
INC_NPU_00064_202506,NPU_00064,2025-06-05,169503.69,freelance,True
INC_NPU_00064_202507,NPU_00064,2025-07-01,128729.53,freelance,True
INC_NPU_00064_202508,NPU_00064,2025-08-23,52363.53,freelance,True
INC_NPU_00064_202509,NPU_00064,2025-09-17,178552.19,freelance,True
INC_NPU_00064_202510,NPU_00064,2025-10-15,152586.09,freelance,True
INC_NPU_00064_202511,NPU_00064,2025-11-14,211730.65,freelance,True
INC_NPU_00064_202512,NPU_00064,2025-12-02,83039.05,freelance,True
INC_NPU_00065_202301,NPU_00065,2023-01-05,28155.73,freelance,True
INC_NPU_00065_202302,NPU_00065,2023-02-08,65530.99,freelance,True
INC_NPU_00065_202303,NPU_00065,2023-03-13,86325.41,freelance,True
INC_NPU_00065_202304,NPU_00065,2023-04-02,76262.3,freelance,True
INC_NPU_00065_202305,NPU_00065,2023-05-01,67944.71,freelance,True
INC_NPU_00065_202306,NPU_00065,2023-06-14,189908.51,freelance,True
INC_NPU_00065_202307,NPU_00065,2023-07-02,72598.5,freelance,True
INC_NPU_00065_202308,NPU_00065,2023-08-22,109958.83,freelance,True
INC_NPU_00065_202309,NPU_00065,2023-09-04,168272.74,freelance,True
INC_NPU_00065_202310,NPU_00065,2023-10-03,58785.75,freelance,True
INC_NPU_00065_202311,NPU_00065,2023-11-11,113377.99,freelance,True
INC_NPU_00065_202312,NPU_00065,2023-12-08,160023.92,freelance,True
INC_NPU_00065_202401,NPU_00065,2024-01-12,19326.92,freelance,True
INC_NPU_00065_202402,NPU_00065,2024-02-23,80119.34,freelance,True
INC_NPU_00065_202403,NPU_00065,2024-03-13,51456.92,freelance,True
INC_NPU_00065_202404,NPU_00065,2024-04-09,174366.94,freelance,True
INC_NPU_00065_202405,NPU_00065,2024-05-17,40580.19,freelance,True
INC_NPU_00065_202406,NPU_00065,2024-06-21,43437.81,freelance,True
INC_NPU_00065_202407,NPU_00065,2024-07-15,83565.54,freelance,True
INC_NPU_00065_202408,NPU_00065,2024-08-01,102689.41,freelance,True
INC_NPU_00065_202409,NPU_00065,2024-09-15,119970.11,freelance,True
INC_NPU_00065_202410,NPU_00065,2024-10-01,166544.08,freelance,True
INC_NPU_00065_202411,NPU_00065,2024-11-18,105240.36,freelance,True
INC_NPU_00065_202412,NPU_00065,2024-12-13,44739.43,freelance,True
INC_NPU_00065_202501,NPU_00065,2025-01-18,85610.35,freelance,True
INC_NPU_00065_202502,NPU_00065,2025-02-03,113576.01,freelance,True
INC_NPU_00065_202503,NPU_00065,2025-03-07,102478.16,freelance,True
INC_NPU_00065_202504,NPU_00065,2025-04-09,139964.72,freelance,True
INC_NPU_00065_202505,NPU_00065,2025-05-21,170031.74,freelance,True
INC_NPU_00065_202506,NPU_00065,2025-06-05,30486.09,freelance,True
INC_NPU_00065_202507,NPU_00065,2025-07-09,36791.3,freelance,True
INC_NPU_00065_202508,NPU_00065,2025-08-23,74837.91,freelance,True
INC_NPU_00065_202509,NPU_00065,2025-09-04,60833.71,freelance,True
INC_NPU_00065_202510,NPU_00065,2025-10-24,144079.17,freelance,True
INC_NPU_00065_202511,NPU_00065,2025-11-15,116038.89,freelance,True
INC_NPU_00065_202512,NPU_00065,2025-12-01,65936.84,freelance,True
INC_NPU_00066_202301,NPU_00066,2023-01-01,41989.31,salary,True
INC_NPU_00066_202302,NPU_00066,2023-02-02,42048.64,salary,True
INC_NPU_00066_202303,NPU_00066,2023-03-01,43692.26,salary,True
INC_NPU_00066_202304,NPU_00066,2023-04-01,42831.3,salary,True
INC_NPU_00066_202305,NPU_00066,2023-05-04,43561.86,salary,True
INC_NPU_00066_202306,NPU_00066,2023-06-02,42577.37,salary,True
INC_NPU_00066_202307,NPU_00066,2023-07-03,42639.08,salary,True
INC_NPU_00066_202308,NPU_00066,2023-08-01,42809.05,salary,True
INC_NPU_00066_202309,NPU_00066,2023-09-02,44209.4,salary,True
INC_NPU_00066_202310,NPU_00066,2023-10-01,43487.64,salary,True
INC_NPU_00066_202311,NPU_00066,2023-11-01,42194.13,salary,True
INC_NPU_00066_202312,NPU_00066,2023-12-02,42946.58,salary,True
INC_NPU_00066_202401,NPU_00066,2024-01-02,42519.17,salary,True
INC_NPU_00066_202402,NPU_00066,2024-02-01,42363.05,salary,True
INC_NPU_00066_202403,NPU_00066,2024-03-02,43210.74,salary,True
INC_NPU_00066_202404,NPU_00066,2024-04-01,43025.49,salary,True
INC_NPU_00066_202405,NPU_00066,2024-05-03,41998.27,salary,True
INC_NPU_00066_202406,NPU_00066,2024-06-02,42811.17,salary,True
INC_NPU_00066_202407,NPU_00066,2024-07-02,42338.16,salary,True
INC_NPU_00066_202408,NPU_00066,2024-08-03,43153.94,salary,True
INC_NPU_00066_202409,NPU_00066,2024-09-01,42302.39,salary,True
INC_NPU_00066_202410,NPU_00066,2024-10-01,42644.14,salary,True
INC_NPU_00066_202411,NPU_00066,2024-11-01,42385.1,salary,True
INC_NPU_00066_202412,NPU_00066,2024-12-04,41360.37,salary,True
INC_NPU_00066_202501,NPU_00066,2025-01-05,44156.98,salary,True
INC_NPU_00066_202502,NPU_00066,2025-02-04,42801.84,salary,True
INC_NPU_00066_202503,NPU_00066,2025-03-01,44192.91,salary,True
INC_NPU_00066_202504,NPU_00066,2025-04-02,42839.91,salary,True
INC_NPU_00066_202505,NPU_00066,2025-05-01,43366.23,salary,True
INC_NPU_00066_202506,NPU_00066,2025-06-05,42245.93,salary,True
INC_NPU_00066_202507,NPU_00066,2025-07-05,42265.75,salary,True
INC_NPU_00066_202508,NPU_00066,2025-08-01,42754.43,salary,True
INC_NPU_00066_202509,NPU_00066,2025-09-03,44183.54,salary,True
INC_NPU_00066_202510,NPU_00066,2025-10-01,42025.17,salary,True
INC_NPU_00066_202511,NPU_00066,2025-11-01,41182.68,salary,True
INC_NPU_00066_202512,NPU_00066,2025-12-04,43669.97,salary,True
INC_NPU_00067_202301,NPU_00067,2023-01-03,173484.28,salary,True
INC_NPU_00067_202302,NPU_00067,2023-02-05,169522.7,salary,True
INC_NPU_00067_202303,NPU_00067,2023-03-01,178044.4,salary,True
INC_NPU_00067_202304,NPU_00067,2023-04-02,178235.45,salary,True
INC_NPU_00067_202305,NPU_00067,2023-05-03,165046.48,salary,True
INC_NPU_00067_202306,NPU_00067,2023-06-01,168711.87,salary,True
INC_NPU_00067_202307,NPU_00067,2023-07-05,170793.73,salary,True
INC_NPU_00067_202308,NPU_00067,2023-08-01,172317.74,salary,True
INC_NPU_00067_202309,NPU_00067,2023-09-02,171783.08,salary,True
INC_NPU_00067_202310,NPU_00067,2023-10-02,170994.62,salary,True
INC_NPU_00067_202311,NPU_00067,2023-11-01,167426.75,salary,True
INC_NPU_00067_202312,NPU_00067,2023-12-04,172748.98,salary,True
INC_NPU_00067_202401,NPU_00067,2024-01-01,172950.09,salary,True
INC_NPU_00067_202402,NPU_00067,2024-02-02,174204.43,salary,True
INC_NPU_00067_202403,NPU_00067,2024-03-01,166992.59,salary,True
INC_NPU_00067_202404,NPU_00067,2024-04-01,170248.86,salary,True
INC_NPU_00067_202405,NPU_00067,2024-05-05,169364.1,salary,True
INC_NPU_00067_202406,NPU_00067,2024-06-01,166936.36,salary,True
INC_NPU_00067_202407,NPU_00067,2024-07-03,170196.47,salary,True
INC_NPU_00067_202408,NPU_00067,2024-08-01,167578.2,salary,True
INC_NPU_00067_202409,NPU_00067,2024-09-03,166431.16,salary,True
INC_NPU_00067_202410,NPU_00067,2024-10-03,173531.56,salary,True
INC_NPU_00067_202411,NPU_00067,2024-11-01,169505.37,salary,True
INC_NPU_00067_202412,NPU_00067,2024-12-01,168558.14,salary,True
INC_NPU_00067_202501,NPU_00067,2025-01-02,175092.02,salary,True
INC_NPU_00067_202502,NPU_00067,2025-02-01,173057.3,salary,True
INC_NPU_00067_202503,NPU_00067,2025-03-03,164237.71,salary,True
INC_NPU_00067_202504,NPU_00067,2025-04-01,172340.85,salary,True
INC_NPU_00067_202505,NPU_00067,2025-05-03,172324.09,salary,True
INC_NPU_00067_202506,NPU_00067,2025-06-03,170058.44,salary,True
INC_NPU_00067_202507,NPU_00067,2025-07-05,169933.82,salary,True
INC_NPU_00067_202508,NPU_00067,2025-08-02,165574.32,salary,True
INC_NPU_00067_202509,NPU_00067,2025-09-04,177993.3,salary,True
INC_NPU_00067_202510,NPU_00067,2025-10-01,170183.7,salary,True
INC_NPU_00067_202511,NPU_00067,2025-11-04,172148.59,salary,True
INC_NPU_00067_202512,NPU_00067,2025-12-05,170365.21,salary,True
INC_NPU_00068_202301,NPU_00068,2023-01-03,79374.99,salary,True
INC_NPU_00068_202302,NPU_00068,2023-02-01,81823.79,salary,True
INC_NPU_00068_202303,NPU_00068,2023-03-05,80726.27,salary,True
INC_NPU_00068_202304,NPU_00068,2023-04-02,80128.84,salary,True
INC_NPU_00068_202305,NPU_00068,2023-05-03,81023.05,salary,True
INC_NPU_00068_202306,NPU_00068,2023-06-03,80343.73,salary,True
INC_NPU_00068_202307,NPU_00068,2023-07-04,83252.35,salary,True
INC_NPU_00068_202308,NPU_00068,2023-08-03,81764.16,salary,True
INC_NPU_00068_202309,NPU_00068,2023-09-01,81284.33,salary,True
INC_NPU_00068_202310,NPU_00068,2023-10-03,78105.17,salary,True
INC_NPU_00068_202311,NPU_00068,2023-11-01,81342.35,salary,True
INC_NPU_00068_202312,NPU_00068,2023-12-05,81300.39,salary,True
INC_NPU_00068_202401,NPU_00068,2024-01-01,78914.71,salary,True
INC_NPU_00068_202402,NPU_00068,2024-02-02,78073.54,salary,True
INC_NPU_00068_202403,NPU_00068,2024-03-02,81692.43,salary,True
INC_NPU_00068_202404,NPU_00068,2024-04-01,81904.72,salary,True
INC_NPU_00068_202405,NPU_00068,2024-05-01,79502.9,salary,True
INC_NPU_00068_202406,NPU_00068,2024-06-01,79435.54,salary,True
INC_NPU_00068_202407,NPU_00068,2024-07-01,80698.53,salary,True
INC_NPU_00068_202408,NPU_00068,2024-08-03,79791.46,salary,True
INC_NPU_00068_202409,NPU_00068,2024-09-01,78043.37,salary,True
INC_NPU_00068_202410,NPU_00068,2024-10-04,78898.36,salary,True
INC_NPU_00068_202411,NPU_00068,2024-11-03,80980.47,salary,True
INC_NPU_00068_202412,NPU_00068,2024-12-01,78978.73,salary,True
INC_NPU_00068_202501,NPU_00068,2025-01-02,81992.87,salary,True
INC_NPU_00068_202502,NPU_00068,2025-02-05,81273.3,salary,True
INC_NPU_00068_202503,NPU_00068,2025-03-01,81045.69,salary,True
INC_NPU_00068_202504,NPU_00068,2025-04-02,80664.9,salary,True
INC_NPU_00068_202505,NPU_00068,2025-05-01,79308.07,salary,True
INC_NPU_00068_202506,NPU_00068,2025-06-03,81497.5,salary,True
INC_NPU_00068_202507,NPU_00068,2025-07-04,79266.11,salary,True
INC_NPU_00068_202508,NPU_00068,2025-08-02,82091.14,salary,True
INC_NPU_00068_202509,NPU_00068,2025-09-02,82934.55,salary,True
INC_NPU_00068_202510,NPU_00068,2025-10-02,80716.74,salary,True
INC_NPU_00068_202511,NPU_00068,2025-11-01,82675.1,salary,True
INC_NPU_00068_202512,NPU_00068,2025-12-01,78918.25,salary,True
INC_NPU_00069_202301,NPU_00069,2023-01-01,199544.11,salary,True
INC_NPU_00069_202302,NPU_00069,2023-02-04,197495.55,salary,True
INC_NPU_00069_202303,NPU_00069,2023-03-03,200599.71,salary,True
INC_NPU_00069_202304,NPU_00069,2023-04-01,189966.57,salary,True
INC_NPU_00069_202305,NPU_00069,2023-05-01,200345.41,salary,True
INC_NPU_00069_202306,NPU_00069,2023-06-02,195011.85,salary,True
INC_NPU_00069_202307,NPU_00069,2023-07-02,197685.75,salary,True
INC_NPU_00069_202308,NPU_00069,2023-08-01,205593.27,salary,True
INC_NPU_00069_202309,NPU_00069,2023-09-02,199680.95,salary,True
INC_NPU_00069_202310,NPU_00069,2023-10-03,199131.9,salary,True
INC_NPU_00069_202311,NPU_00069,2023-11-01,198800.39,salary,True
INC_NPU_00069_202312,NPU_00069,2023-12-01,201956.95,salary,True
INC_NPU_00069_202401,NPU_00069,2024-01-03,200744.69,salary,True
INC_NPU_00069_202402,NPU_00069,2024-02-04,198844.75,salary,True
INC_NPU_00069_202403,NPU_00069,2024-03-01,198343.27,salary,True
INC_NPU_00069_202404,NPU_00069,2024-04-01,198079.14,salary,True
INC_NPU_00069_202405,NPU_00069,2024-05-01,197282.27,salary,True
INC_NPU_00069_202406,NPU_00069,2024-06-01,192911.16,salary,True
INC_NPU_00069_202407,NPU_00069,2024-07-01,199592.63,salary,True
INC_NPU_00069_202408,NPU_00069,2024-08-02,195367.9,salary,True
INC_NPU_00069_202409,NPU_00069,2024-09-05,201518.16,salary,True
INC_NPU_00069_202410,NPU_00069,2024-10-01,196811.41,salary,True
INC_NPU_00069_202411,NPU_00069,2024-11-01,201030.6,salary,True
INC_NPU_00069_202412,NPU_00069,2024-12-04,197372.48,salary,True
INC_NPU_00069_202501,NPU_00069,2025-01-01,197071.1,salary,True
INC_NPU_00069_202502,NPU_00069,2025-02-03,198143.89,salary,True
INC_NPU_00069_202503,NPU_00069,2025-03-03,196319.86,salary,True
INC_NPU_00069_202504,NPU_00069,2025-04-01,205483.24,salary,True
INC_NPU_00069_202505,NPU_00069,2025-05-01,204771.6,salary,True
INC_NPU_00069_202506,NPU_00069,2025-06-01,204642.05,salary,True
INC_NPU_00069_202507,NPU_00069,2025-07-01,198813.69,salary,True
INC_NPU_00069_202508,NPU_00069,2025-08-02,195133.79,salary,True
INC_NPU_00069_202509,NPU_00069,2025-09-02,201146.37,salary,True
INC_NPU_00069_202510,NPU_00069,2025-10-02,196348.71,salary,True
INC_NPU_00069_202511,NPU_00069,2025-11-02,201522.27,salary,True
INC_NPU_00069_202512,NPU_00069,2025-12-02,194963.42,salary,True
INC_NPU_00070_202301,NPU_00070,2023-01-01,183078.59,salary,True
INC_NPU_00070_202302,NPU_00070,2023-02-05,185864.53,salary,True
INC_NPU_00070_202303,NPU_00070,2023-03-01,180740.35,salary,True
INC_NPU_00070_202304,NPU_00070,2023-04-02,180727.86,salary,True
INC_NPU_00070_202305,NPU_00070,2023-05-01,176530.27,salary,True
INC_NPU_00070_202306,NPU_00070,2023-06-03,179377.37,salary,True
INC_NPU_00070_202307,NPU_00070,2023-07-04,182744.09,salary,True
INC_NPU_00070_202308,NPU_00070,2023-08-01,183289.69,salary,True
INC_NPU_00070_202309,NPU_00070,2023-09-04,183825.59,salary,True
INC_NPU_00070_202310,NPU_00070,2023-10-04,175292.95,salary,True
INC_NPU_00070_202311,NPU_00070,2023-11-01,180565.85,salary,True
INC_NPU_00070_202312,NPU_00070,2023-12-03,176890.67,salary,True
INC_NPU_00070_202401,NPU_00070,2024-01-02,182558.61,salary,True
INC_NPU_00070_202402,NPU_00070,2024-02-01,175939.18,salary,True
INC_NPU_00070_202403,NPU_00070,2024-03-02,177756.25,salary,True
INC_NPU_00070_202404,NPU_00070,2024-04-02,184524.4,salary,True
INC_NPU_00070_202405,NPU_00070,2024-05-01,179755.7,salary,True
INC_NPU_00070_202406,NPU_00070,2024-06-02,186645.52,salary,True
INC_NPU_00070_202407,NPU_00070,2024-07-02,183925.26,salary,True
INC_NPU_00070_202408,NPU_00070,2024-08-01,180759.79,salary,True
INC_NPU_00070_202409,NPU_00070,2024-09-01,185126.7,salary,True
INC_NPU_00070_202410,NPU_00070,2024-10-04,181051.87,salary,True
INC_NPU_00070_202411,NPU_00070,2024-11-01,184300.27,salary,True
INC_NPU_00070_202412,NPU_00070,2024-12-01,179212.22,salary,True
INC_NPU_00070_202501,NPU_00070,2025-01-01,185357.22,salary,True
INC_NPU_00070_202502,NPU_00070,2025-02-01,176221.81,salary,True
INC_NPU_00070_202503,NPU_00070,2025-03-01,177751.53,salary,True
INC_NPU_00070_202504,NPU_00070,2025-04-01,178289.33,salary,True
INC_NPU_00070_202505,NPU_00070,2025-05-04,179558.59,salary,True
INC_NPU_00070_202506,NPU_00070,2025-06-01,182874.5,salary,True
INC_NPU_00070_202507,NPU_00070,2025-07-04,181679.04,salary,True
INC_NPU_00070_202508,NPU_00070,2025-08-01,184344.77,salary,True
INC_NPU_00070_202509,NPU_00070,2025-09-03,185921.74,salary,True
INC_NPU_00070_202510,NPU_00070,2025-10-03,175877.33,salary,True
INC_NPU_00070_202511,NPU_00070,2025-11-01,186409.49,salary,True
INC_NPU_00070_202512,NPU_00070,2025-12-03,180974.4,salary,True
INC_NPU_00071_202301,NPU_00071,2023-01-05,17597.64,salary,True
INC_NPU_00071_202302,NPU_00071,2023-02-01,16753.37,salary,True
INC_NPU_00071_202303,NPU_00071,2023-03-02,16368.95,salary,True
INC_NPU_00071_202304,NPU_00071,2023-04-03,17212.23,salary,True
INC_NPU_00071_202305,NPU_00071,2023-05-01,17189.76,salary,True
INC_NPU_00071_202306,NPU_00071,2023-06-02,16638.53,salary,True
INC_NPU_00071_202307,NPU_00071,2023-07-02,16668.42,salary,True
INC_NPU_00071_202308,NPU_00071,2023-08-02,17274.31,salary,True
INC_NPU_00071_202309,NPU_00071,2023-09-01,17126.4,salary,True
INC_NPU_00071_202310,NPU_00071,2023-10-04,16898.97,salary,True
INC_NPU_00071_202311,NPU_00071,2023-11-02,17161.05,salary,True
INC_NPU_00071_202312,NPU_00071,2023-12-02,17091.52,salary,True
INC_NPU_00071_202401,NPU_00071,2024-01-03,16700.25,salary,True
INC_NPU_00071_202402,NPU_00071,2024-02-03,17301.47,salary,True
INC_NPU_00071_202403,NPU_00071,2024-03-03,17228.01,salary,True
INC_NPU_00071_202404,NPU_00071,2024-04-01,17005.61,salary,True
INC_NPU_00071_202405,NPU_00071,2024-05-04,17274.55,salary,True
INC_NPU_00071_202406,NPU_00071,2024-06-01,17648.99,salary,True
INC_NPU_00071_202407,NPU_00071,2024-07-01,16664.8,salary,True
INC_NPU_00071_202408,NPU_00071,2024-08-02,16913.47,salary,True
INC_NPU_00071_202409,NPU_00071,2024-09-02,16929.47,salary,True
INC_NPU_00071_202410,NPU_00071,2024-10-03,17266.48,salary,True
INC_NPU_00071_202411,NPU_00071,2024-11-01,16795.76,salary,True
INC_NPU_00071_202412,NPU_00071,2024-12-01,17245.91,salary,True
INC_NPU_00071_202501,NPU_00071,2025-01-01,16832.37,salary,True
INC_NPU_00071_202502,NPU_00071,2025-02-03,16629.18,salary,True
INC_NPU_00071_202503,NPU_00071,2025-03-03,17025.22,salary,True
INC_NPU_00071_202504,NPU_00071,2025-04-02,16825.43,salary,True
INC_NPU_00071_202505,NPU_00071,2025-05-03,17058.18,salary,True
INC_NPU_00071_202506,NPU_00071,2025-06-01,17136.8,salary,True
INC_NPU_00071_202507,NPU_00071,2025-07-01,16476.04,salary,True
INC_NPU_00071_202508,NPU_00071,2025-08-01,16861.52,salary,True
INC_NPU_00071_202509,NPU_00071,2025-09-02,17025.49,salary,True
INC_NPU_00071_202510,NPU_00071,2025-10-01,17276.11,salary,True
INC_NPU_00071_202511,NPU_00071,2025-11-01,17230.66,salary,True
INC_NPU_00071_202512,NPU_00071,2025-12-03,16725.94,salary,True
INC_NPU_00072_202301,NPU_00072,2023-01-03,7974.34,salary,True
INC_NPU_00072_202302,NPU_00072,2023-02-01,8072.83,salary,True
INC_NPU_00072_202303,NPU_00072,2023-03-01,7963.57,salary,True
INC_NPU_00072_202304,NPU_00072,2023-04-03,7884.95,salary,True
INC_NPU_00072_202305,NPU_00072,2023-05-04,7993.05,salary,True
INC_NPU_00072_202306,NPU_00072,2023-06-04,8057.14,salary,True
INC_NPU_00072_202307,NPU_00072,2023-07-04,7856.91,salary,True
INC_NPU_00072_202308,NPU_00072,2023-08-02,8090.36,salary,True
INC_NPU_00072_202309,NPU_00072,2023-09-04,8021.21,salary,True
INC_NPU_00072_202310,NPU_00072,2023-10-02,8096.38,salary,True
INC_NPU_00072_202311,NPU_00072,2023-11-01,7989.57,salary,True
INC_NPU_00072_202312,NPU_00072,2023-12-01,8274.29,salary,True
INC_NPU_00072_202401,NPU_00072,2024-01-02,8054.0,salary,True
INC_NPU_00072_202402,NPU_00072,2024-02-01,8114.98,salary,True
INC_NPU_00072_202403,NPU_00072,2024-03-01,8089.68,salary,True
INC_NPU_00072_202404,NPU_00072,2024-04-04,7972.33,salary,True
INC_NPU_00072_202405,NPU_00072,2024-05-01,8039.4,salary,True
INC_NPU_00072_202406,NPU_00072,2024-06-04,7907.33,salary,True
INC_NPU_00072_202407,NPU_00072,2024-07-01,8259.97,salary,True
INC_NPU_00072_202408,NPU_00072,2024-08-04,8071.59,salary,True
INC_NPU_00072_202409,NPU_00072,2024-09-04,7876.29,salary,True
INC_NPU_00072_202410,NPU_00072,2024-10-01,8214.58,salary,True
INC_NPU_00072_202411,NPU_00072,2024-11-02,7980.11,salary,True
INC_NPU_00072_202412,NPU_00072,2024-12-04,8138.33,salary,True
INC_NPU_00072_202501,NPU_00072,2025-01-01,7749.79,salary,True
INC_NPU_00072_202502,NPU_00072,2025-02-03,8179.97,salary,True
INC_NPU_00072_202503,NPU_00072,2025-03-05,8064.84,salary,True
INC_NPU_00072_202504,NPU_00072,2025-04-01,7864.68,salary,True
INC_NPU_00072_202505,NPU_00072,2025-05-04,8062.0,salary,True
INC_NPU_00072_202506,NPU_00072,2025-06-01,8240.34,salary,True
INC_NPU_00072_202507,NPU_00072,2025-07-03,7911.68,salary,True
INC_NPU_00072_202508,NPU_00072,2025-08-01,7909.71,salary,True
INC_NPU_00072_202509,NPU_00072,2025-09-04,7970.02,salary,True
INC_NPU_00072_202510,NPU_00072,2025-10-03,8010.52,salary,True
INC_NPU_00072_202511,NPU_00072,2025-11-04,8149.55,salary,True
INC_NPU_00072_202512,NPU_00072,2025-12-01,8073.78,salary,True
INC_NPU_00073_202301,NPU_00073,2023-01-03,116260.69,salary,True
INC_NPU_00073_202302,NPU_00073,2023-02-01,117374.15,salary,True
INC_NPU_00073_202303,NPU_00073,2023-03-02,120644.05,salary,True
INC_NPU_00073_202304,NPU_00073,2023-04-04,118177.05,salary,True
INC_NPU_00073_202305,NPU_00073,2023-05-03,116494.7,salary,True
INC_NPU_00073_202306,NPU_00073,2023-06-03,116195.45,salary,True
INC_NPU_00073_202307,NPU_00073,2023-07-03,117235.55,salary,True
INC_NPU_00073_202308,NPU_00073,2023-08-01,118850.38,salary,True
INC_NPU_00073_202309,NPU_00073,2023-09-05,115105.7,salary,True
INC_NPU_00073_202310,NPU_00073,2023-10-01,118499.47,salary,True
INC_NPU_00073_202311,NPU_00073,2023-11-03,116449.77,salary,True
INC_NPU_00073_202312,NPU_00073,2023-12-01,116773.69,salary,True
INC_NPU_00073_202401,NPU_00073,2024-01-01,122616.67,salary,True
INC_NPU_00073_202402,NPU_00073,2024-02-01,118246.5,salary,True
INC_NPU_00073_202403,NPU_00073,2024-03-01,115568.24,salary,True
INC_NPU_00073_202404,NPU_00073,2024-04-03,117639.0,salary,True
INC_NPU_00073_202405,NPU_00073,2024-05-02,118975.97,salary,True
INC_NPU_00073_202406,NPU_00073,2024-06-01,118273.17,salary,True
INC_NPU_00073_202407,NPU_00073,2024-07-01,112041.55,salary,True
INC_NPU_00073_202408,NPU_00073,2024-08-04,110230.26,salary,True
INC_NPU_00073_202409,NPU_00073,2024-09-01,116679.81,salary,True
INC_NPU_00073_202410,NPU_00073,2024-10-01,117741.29,salary,True
INC_NPU_00073_202411,NPU_00073,2024-11-03,117549.31,salary,True
INC_NPU_00073_202412,NPU_00073,2024-12-03,115739.15,salary,True
INC_NPU_00073_202501,NPU_00073,2025-01-05,118314.81,salary,True
INC_NPU_00073_202502,NPU_00073,2025-02-02,119336.44,salary,True
INC_NPU_00073_202503,NPU_00073,2025-03-01,113164.24,salary,True
INC_NPU_00073_202504,NPU_00073,2025-04-04,112982.0,salary,True
INC_NPU_00073_202505,NPU_00073,2025-05-04,117618.23,salary,True
INC_NPU_00073_202506,NPU_00073,2025-06-04,118513.82,salary,True
INC_NPU_00073_202507,NPU_00073,2025-07-01,115420.6,salary,True
INC_NPU_00073_202508,NPU_00073,2025-08-03,112149.16,salary,True
INC_NPU_00073_202509,NPU_00073,2025-09-02,116717.24,salary,True
INC_NPU_00073_202510,NPU_00073,2025-10-03,117584.3,salary,True
INC_NPU_00073_202511,NPU_00073,2025-11-02,116083.02,salary,True
INC_NPU_00073_202512,NPU_00073,2025-12-03,119038.74,salary,True
INC_NPU_00074_202301,NPU_00074,2023-01-02,69941.46,salary,True
INC_NPU_00074_202302,NPU_00074,2023-02-03,68601.01,salary,True
INC_NPU_00074_202303,NPU_00074,2023-03-01,68728.24,salary,True
INC_NPU_00074_202304,NPU_00074,2023-04-02,69539.27,salary,True
INC_NPU_00074_202305,NPU_00074,2023-05-03,69043.88,salary,True
INC_NPU_00074_202306,NPU_00074,2023-06-02,67212.34,salary,True
INC_NPU_00074_202307,NPU_00074,2023-07-01,69821.85,salary,True
INC_NPU_00074_202308,NPU_00074,2023-08-01,68761.27,salary,True
INC_NPU_00074_202309,NPU_00074,2023-09-03,68972.17,salary,True
INC_NPU_00074_202310,NPU_00074,2023-10-03,68118.78,salary,True
INC_NPU_00074_202311,NPU_00074,2023-11-01,71630.35,salary,True
INC_NPU_00074_202312,NPU_00074,2023-12-03,70335.04,salary,True
INC_NPU_00074_202401,NPU_00074,2024-01-02,72017.66,salary,True
INC_NPU_00074_202402,NPU_00074,2024-02-03,69126.05,salary,True
INC_NPU_00074_202403,NPU_00074,2024-03-01,70415.89,salary,True
INC_NPU_00074_202404,NPU_00074,2024-04-02,69845.72,salary,True
INC_NPU_00074_202405,NPU_00074,2024-05-04,68649.59,salary,True
INC_NPU_00074_202406,NPU_00074,2024-06-02,69112.75,salary,True
INC_NPU_00074_202407,NPU_00074,2024-07-01,70332.38,salary,True
INC_NPU_00074_202408,NPU_00074,2024-08-01,68117.04,salary,True
INC_NPU_00074_202409,NPU_00074,2024-09-02,70907.81,salary,True
INC_NPU_00074_202410,NPU_00074,2024-10-05,69731.76,salary,True
INC_NPU_00074_202411,NPU_00074,2024-11-01,70705.38,salary,True
INC_NPU_00074_202412,NPU_00074,2024-12-05,70032.16,salary,True
INC_NPU_00074_202501,NPU_00074,2025-01-01,67403.36,salary,True
INC_NPU_00074_202502,NPU_00074,2025-02-01,69489.0,salary,True
INC_NPU_00074_202503,NPU_00074,2025-03-02,70940.56,salary,True
INC_NPU_00074_202504,NPU_00074,2025-04-02,69711.7,salary,True
INC_NPU_00074_202505,NPU_00074,2025-05-02,69523.28,salary,True
INC_NPU_00074_202506,NPU_00074,2025-06-03,69710.37,salary,True
INC_NPU_00074_202507,NPU_00074,2025-07-03,67122.45,salary,True
INC_NPU_00074_202508,NPU_00074,2025-08-04,71094.85,salary,True
INC_NPU_00074_202509,NPU_00074,2025-09-01,66501.0,salary,True
INC_NPU_00074_202510,NPU_00074,2025-10-02,71405.33,salary,True
INC_NPU_00074_202511,NPU_00074,2025-11-01,69032.79,salary,True
INC_NPU_00074_202512,NPU_00074,2025-12-01,70128.63,salary,True
INC_NPU_00075_202301,NPU_00075,2023-01-11,137932.78,business,True
INC_NPU_00075_202302,NPU_00075,2023-02-16,296188.14,business,True
INC_NPU_00075_202303,NPU_00075,2023-03-21,330623.74,business,True
INC_NPU_00075_202304,NPU_00075,2023-04-06,286400.45,business,True
INC_NPU_00075_202305,NPU_00075,2023-05-11,275201.2,business,True
INC_NPU_00075_202306,NPU_00075,2023-06-16,136409.16,business,True
INC_NPU_00075_202307,NPU_00075,2023-07-06,150049.97,business,True
INC_NPU_00075_202308,NPU_00075,2023-08-01,226408.33,business,True
INC_NPU_00075_202309,NPU_00075,2023-09-16,264469.85,business,True
INC_NPU_00075_202310,NPU_00075,2023-10-21,329118.52,business,True
INC_NPU_00075_202311,NPU_00075,2023-11-21,332232.42,business,True
INC_NPU_00075_202312,NPU_00075,2023-12-11,252865.83,business,True
INC_NPU_00075_202401,NPU_00075,2024-01-11,182534.05,business,True
INC_NPU_00075_202402,NPU_00075,2024-02-01,259257.97,business,True
INC_NPU_00075_202403,NPU_00075,2024-03-01,84662.48,business,True
INC_NPU_00075_202404,NPU_00075,2024-04-21,278999.17,business,True
INC_NPU_00075_202405,NPU_00075,2024-05-06,196876.22,business,True
INC_NPU_00075_202406,NPU_00075,2024-06-21,212099.78,business,True
INC_NPU_00075_202407,NPU_00075,2024-07-16,244947.04,business,True
INC_NPU_00075_202408,NPU_00075,2024-08-16,386404.11,business,True
INC_NPU_00075_202409,NPU_00075,2024-09-11,228101.52,business,True
INC_NPU_00075_202410,NPU_00075,2024-10-16,337788.8,business,True
INC_NPU_00075_202411,NPU_00075,2024-11-16,280571.34,business,True
INC_NPU_00075_202412,NPU_00075,2024-12-01,328456.2,business,True
INC_NPU_00075_202501,NPU_00075,2025-01-11,504128.48,business,True
INC_NPU_00075_202502,NPU_00075,2025-02-11,243791.71,business,True
INC_NPU_00075_202503,NPU_00075,2025-03-11,247763.42,business,True
INC_NPU_00075_202504,NPU_00075,2025-04-11,196669.94,business,True
INC_NPU_00075_202505,NPU_00075,2025-05-16,216543.39,business,True
INC_NPU_00075_202506,NPU_00075,2025-06-21,165029.76,business,True
INC_NPU_00075_202507,NPU_00075,2025-07-16,201531.6,business,True
INC_NPU_00075_202508,NPU_00075,2025-08-01,400218.72,business,True
INC_NPU_00075_202509,NPU_00075,2025-09-06,276464.95,business,True
INC_NPU_00075_202510,NPU_00075,2025-10-11,189216.54,business,True
INC_NPU_00075_202511,NPU_00075,2025-11-16,355565.97,business,True
INC_NPU_00075_202512,NPU_00075,2025-12-21,237396.36,business,True
INC_NPU_00076_202301,NPU_00076,2023-01-05,101196.36,salary,True
INC_NPU_00076_202302,NPU_00076,2023-02-01,100071.63,salary,True
INC_NPU_00076_202303,NPU_00076,2023-03-02,106740.77,salary,True
INC_NPU_00076_202304,NPU_00076,2023-04-01,100516.21,salary,True
INC_NPU_00076_202305,NPU_00076,2023-05-04,101140.24,salary,True
INC_NPU_00076_202306,NPU_00076,2023-06-02,103531.52,salary,True
INC_NPU_00076_202307,NPU_00076,2023-07-04,101465.13,salary,True
INC_NPU_00076_202308,NPU_00076,2023-08-01,100136.48,salary,True
INC_NPU_00076_202309,NPU_00076,2023-09-03,100951.64,salary,True
INC_NPU_00076_202310,NPU_00076,2023-10-03,105963.81,salary,True
INC_NPU_00076_202311,NPU_00076,2023-11-02,103268.83,salary,True
INC_NPU_00076_202312,NPU_00076,2023-12-01,103674.46,salary,True
INC_NPU_00076_202401,NPU_00076,2024-01-03,102656.55,salary,True
INC_NPU_00076_202402,NPU_00076,2024-02-01,102995.34,salary,True
INC_NPU_00076_202403,NPU_00076,2024-03-01,101318.61,salary,True
INC_NPU_00076_202404,NPU_00076,2024-04-01,102398.62,salary,True
INC_NPU_00076_202405,NPU_00076,2024-05-01,98239.86,salary,True
INC_NPU_00076_202406,NPU_00076,2024-06-01,104071.23,salary,True
INC_NPU_00076_202407,NPU_00076,2024-07-01,101301.17,salary,True
INC_NPU_00076_202408,NPU_00076,2024-08-03,99834.56,salary,True
INC_NPU_00076_202409,NPU_00076,2024-09-01,102513.13,salary,True
INC_NPU_00076_202410,NPU_00076,2024-10-05,101742.79,salary,True
INC_NPU_00076_202411,NPU_00076,2024-11-01,103991.66,salary,True
INC_NPU_00076_202412,NPU_00076,2024-12-01,102029.23,salary,True
INC_NPU_00076_202501,NPU_00076,2025-01-03,100910.83,salary,True
INC_NPU_00076_202502,NPU_00076,2025-02-02,102076.94,salary,True
INC_NPU_00076_202503,NPU_00076,2025-03-01,105038.59,salary,True
INC_NPU_00076_202504,NPU_00076,2025-04-01,104064.74,salary,True
INC_NPU_00076_202505,NPU_00076,2025-05-01,103263.34,salary,True
INC_NPU_00076_202506,NPU_00076,2025-06-02,104160.61,salary,True
INC_NPU_00076_202507,NPU_00076,2025-07-03,103424.37,salary,True
INC_NPU_00076_202508,NPU_00076,2025-08-04,100381.74,salary,True
INC_NPU_00076_202509,NPU_00076,2025-09-01,103691.99,salary,True
INC_NPU_00076_202510,NPU_00076,2025-10-04,104421.49,salary,True
INC_NPU_00076_202511,NPU_00076,2025-11-04,104548.71,salary,True
INC_NPU_00076_202512,NPU_00076,2025-12-01,99982.46,salary,True
INC_NPU_00077_202301,NPU_00077,2023-01-01,29719.62,salary,True
INC_NPU_00077_202302,NPU_00077,2023-02-02,29635.48,salary,True
INC_NPU_00077_202303,NPU_00077,2023-03-04,29827.52,salary,True
INC_NPU_00077_202304,NPU_00077,2023-04-04,30276.45,salary,True
INC_NPU_00077_202305,NPU_00077,2023-05-03,30106.34,salary,True
INC_NPU_00077_202306,NPU_00077,2023-06-02,30106.51,salary,True
INC_NPU_00077_202307,NPU_00077,2023-07-01,29232.37,salary,True
INC_NPU_00077_202308,NPU_00077,2023-08-04,29698.72,salary,True
INC_NPU_00077_202309,NPU_00077,2023-09-05,30768.74,salary,True
INC_NPU_00077_202310,NPU_00077,2023-10-04,30679.23,salary,True
INC_NPU_00077_202311,NPU_00077,2023-11-04,29969.41,salary,True
INC_NPU_00077_202312,NPU_00077,2023-12-04,30469.51,salary,True
INC_NPU_00077_202401,NPU_00077,2024-01-01,30220.89,salary,True
INC_NPU_00077_202402,NPU_00077,2024-02-01,30538.32,salary,True
INC_NPU_00077_202403,NPU_00077,2024-03-02,30497.23,salary,True
INC_NPU_00077_202404,NPU_00077,2024-04-05,31198.97,salary,True
INC_NPU_00077_202405,NPU_00077,2024-05-04,30015.4,salary,True
INC_NPU_00077_202406,NPU_00077,2024-06-01,30345.64,salary,True
INC_NPU_00077_202407,NPU_00077,2024-07-02,30260.26,salary,True
INC_NPU_00077_202408,NPU_00077,2024-08-03,30030.84,salary,True
INC_NPU_00077_202409,NPU_00077,2024-09-01,29902.72,salary,True
INC_NPU_00077_202410,NPU_00077,2024-10-01,31030.86,salary,True
INC_NPU_00077_202411,NPU_00077,2024-11-02,30031.57,salary,True
INC_NPU_00077_202412,NPU_00077,2024-12-04,30429.98,salary,True
INC_NPU_00077_202501,NPU_00077,2025-01-01,30974.7,salary,True
INC_NPU_00077_202502,NPU_00077,2025-02-01,30344.61,salary,True
INC_NPU_00077_202503,NPU_00077,2025-03-04,30316.81,salary,True
INC_NPU_00077_202504,NPU_00077,2025-04-02,30034.96,salary,True
INC_NPU_00077_202505,NPU_00077,2025-05-01,30271.15,salary,True
INC_NPU_00077_202506,NPU_00077,2025-06-01,29854.5,salary,True
INC_NPU_00077_202507,NPU_00077,2025-07-02,31626.33,salary,True
INC_NPU_00077_202508,NPU_00077,2025-08-01,29244.32,salary,True
INC_NPU_00077_202509,NPU_00077,2025-09-04,29938.03,salary,True
INC_NPU_00077_202510,NPU_00077,2025-10-01,30354.75,salary,True
INC_NPU_00077_202511,NPU_00077,2025-11-04,30317.36,salary,True
INC_NPU_00077_202512,NPU_00077,2025-12-02,29853.53,salary,True
INC_NPU_00078_202301,NPU_00078,2023-01-01,78917.73,salary,True
INC_NPU_00078_202302,NPU_00078,2023-02-01,79671.85,salary,True
INC_NPU_00078_202303,NPU_00078,2023-03-02,81899.93,salary,True
INC_NPU_00078_202304,NPU_00078,2023-04-01,78501.36,salary,True
INC_NPU_00078_202305,NPU_00078,2023-05-02,82581.04,salary,True
INC_NPU_00078_202306,NPU_00078,2023-06-01,83496.15,salary,True
INC_NPU_00078_202307,NPU_00078,2023-07-01,82874.65,salary,True
INC_NPU_00078_202308,NPU_00078,2023-08-02,83209.71,salary,True
INC_NPU_00078_202309,NPU_00078,2023-09-05,77794.72,salary,True
INC_NPU_00078_202310,NPU_00078,2023-10-02,78552.69,salary,True
INC_NPU_00078_202311,NPU_00078,2023-11-01,81162.96,salary,True
INC_NPU_00078_202312,NPU_00078,2023-12-01,80013.95,salary,True
INC_NPU_00078_202401,NPU_00078,2024-01-04,79139.18,salary,True
INC_NPU_00078_202402,NPU_00078,2024-02-05,80832.92,salary,True
INC_NPU_00078_202403,NPU_00078,2024-03-01,84099.75,salary,True
INC_NPU_00078_202404,NPU_00078,2024-04-02,84609.45,salary,True
INC_NPU_00078_202405,NPU_00078,2024-05-01,80199.02,salary,True
INC_NPU_00078_202406,NPU_00078,2024-06-05,81697.29,salary,True
INC_NPU_00078_202407,NPU_00078,2024-07-03,82213.15,salary,True
INC_NPU_00078_202408,NPU_00078,2024-08-01,81174.2,salary,True
INC_NPU_00078_202409,NPU_00078,2024-09-01,83626.49,salary,True
INC_NPU_00078_202410,NPU_00078,2024-10-01,80856.15,salary,True
INC_NPU_00078_202411,NPU_00078,2024-11-01,80597.36,salary,True
INC_NPU_00078_202412,NPU_00078,2024-12-01,80276.89,salary,True
INC_NPU_00078_202501,NPU_00078,2025-01-02,81163.24,salary,True
INC_NPU_00078_202502,NPU_00078,2025-02-01,77459.63,salary,True
INC_NPU_00078_202503,NPU_00078,2025-03-03,81237.0,salary,True
INC_NPU_00078_202504,NPU_00078,2025-04-01,81794.96,salary,True
INC_NPU_00078_202505,NPU_00078,2025-05-05,78038.08,salary,True
INC_NPU_00078_202506,NPU_00078,2025-06-01,81896.12,salary,True
INC_NPU_00078_202507,NPU_00078,2025-07-01,79925.12,salary,True
INC_NPU_00078_202508,NPU_00078,2025-08-01,81864.95,salary,True
INC_NPU_00078_202509,NPU_00078,2025-09-02,81831.16,salary,True
INC_NPU_00078_202510,NPU_00078,2025-10-03,81866.94,salary,True
INC_NPU_00078_202511,NPU_00078,2025-11-04,82908.39,salary,True
INC_NPU_00078_202512,NPU_00078,2025-12-04,76633.11,salary,True
INC_NPU_00079_202301,NPU_00079,2023-01-01,110414.76,business,True
INC_NPU_00079_202302,NPU_00079,2023-02-06,140997.99,business,True
INC_NPU_00079_202303,NPU_00079,2023-03-06,168777.12,business,True
INC_NPU_00079_202304,NPU_00079,2023-04-01,184317.65,business,True
INC_NPU_00079_202305,NPU_00079,2023-05-06,187595.74,business,True
INC_NPU_00079_202306,NPU_00079,2023-06-01,115007.87,business,True
INC_NPU_00079_202307,NPU_00079,2023-07-01,111216.0,business,True
INC_NPU_00079_202308,NPU_00079,2023-08-11,94814.36,business,True
INC_NPU_00079_202309,NPU_00079,2023-09-06,205332.13,business,True
INC_NPU_00079_202310,NPU_00079,2023-10-21,144971.52,business,True
INC_NPU_00079_202311,NPU_00079,2023-11-16,89376.82,business,True
INC_NPU_00079_202312,NPU_00079,2023-12-11,100910.69,business,True
INC_NPU_00079_202401,NPU_00079,2024-01-16,179354.33,business,True
INC_NPU_00079_202402,NPU_00079,2024-02-21,173274.74,business,True
INC_NPU_00079_202403,NPU_00079,2024-03-16,153237.86,business,True
INC_NPU_00079_202404,NPU_00079,2024-04-11,192806.99,business,True
INC_NPU_00079_202405,NPU_00079,2024-05-11,77062.03,business,True
INC_NPU_00079_202406,NPU_00079,2024-06-16,242528.26,business,True
INC_NPU_00079_202407,NPU_00079,2024-07-21,229814.08,business,True
INC_NPU_00079_202408,NPU_00079,2024-08-11,136289.79,business,True
INC_NPU_00079_202409,NPU_00079,2024-09-06,123290.94,business,True
INC_NPU_00079_202410,NPU_00079,2024-10-21,175638.84,business,True
INC_NPU_00079_202411,NPU_00079,2024-11-01,117110.1,business,True
INC_NPU_00079_202412,NPU_00079,2024-12-16,282940.28,business,True
INC_NPU_00079_202501,NPU_00079,2025-01-16,146455.66,business,True
INC_NPU_00079_202502,NPU_00079,2025-02-16,99669.95,business,True
INC_NPU_00079_202503,NPU_00079,2025-03-06,188341.6,business,True
INC_NPU_00079_202504,NPU_00079,2025-04-01,194092.91,business,True
INC_NPU_00079_202505,NPU_00079,2025-05-16,127128.38,business,True
INC_NPU_00079_202506,NPU_00079,2025-06-01,142280.14,business,True
INC_NPU_00079_202507,NPU_00079,2025-07-16,119765.6,business,True
INC_NPU_00079_202508,NPU_00079,2025-08-01,104185.34,business,True
INC_NPU_00079_202509,NPU_00079,2025-09-01,270993.7,business,True
INC_NPU_00079_202510,NPU_00079,2025-10-11,181026.23,business,True
INC_NPU_00079_202511,NPU_00079,2025-11-21,127005.06,business,True
INC_NPU_00079_202512,NPU_00079,2025-12-16,139090.32,business,True
INC_NPU_00080_202301,NPU_00080,2023-01-21,155565.88,business,True
INC_NPU_00080_202302,NPU_00080,2023-02-01,86103.66,business,True
INC_NPU_00080_202303,NPU_00080,2023-03-11,117137.78,business,True
INC_NPU_00080_202304,NPU_00080,2023-04-16,114861.53,business,True
INC_NPU_00080_202305,NPU_00080,2023-05-21,129854.99,business,True
INC_NPU_00080_202306,NPU_00080,2023-06-06,124317.24,business,True
INC_NPU_00080_202307,NPU_00080,2023-07-06,135627.12,business,True
INC_NPU_00080_202308,NPU_00080,2023-08-16,79107.44,business,True
INC_NPU_00080_202309,NPU_00080,2023-09-11,83739.6,business,True
INC_NPU_00080_202310,NPU_00080,2023-10-11,74968.49,business,True
INC_NPU_00080_202311,NPU_00080,2023-11-01,141932.21,business,True
INC_NPU_00080_202312,NPU_00080,2023-12-01,114498.35,business,True
INC_NPU_00080_202401,NPU_00080,2024-01-21,51361.9,business,True
INC_NPU_00080_202402,NPU_00080,2024-02-11,85492.61,business,True
INC_NPU_00080_202403,NPU_00080,2024-03-11,206904.1,business,True
INC_NPU_00080_202404,NPU_00080,2024-04-11,87618.42,business,True
INC_NPU_00080_202405,NPU_00080,2024-05-21,57734.61,business,True
INC_NPU_00080_202406,NPU_00080,2024-06-21,80345.37,business,True
INC_NPU_00080_202407,NPU_00080,2024-07-01,81029.36,business,True
INC_NPU_00080_202408,NPU_00080,2024-08-01,141163.4,business,True
INC_NPU_00080_202409,NPU_00080,2024-09-01,138400.36,business,True
INC_NPU_00080_202410,NPU_00080,2024-10-21,91012.75,business,True
INC_NPU_00080_202411,NPU_00080,2024-11-01,119385.45,business,True
INC_NPU_00080_202412,NPU_00080,2024-12-01,101109.07,business,True
INC_NPU_00080_202501,NPU_00080,2025-01-01,95684.66,business,True
INC_NPU_00080_202502,NPU_00080,2025-02-01,151686.84,business,True
INC_NPU_00080_202503,NPU_00080,2025-03-16,150510.31,business,True
INC_NPU_00080_202504,NPU_00080,2025-04-21,150844.87,business,True
INC_NPU_00080_202505,NPU_00080,2025-05-01,110331.12,business,True
INC_NPU_00080_202506,NPU_00080,2025-06-21,90392.21,business,True
INC_NPU_00080_202507,NPU_00080,2025-07-06,94512.38,business,True
INC_NPU_00080_202508,NPU_00080,2025-08-06,122600.95,business,True
INC_NPU_00080_202509,NPU_00080,2025-09-21,117812.59,business,True
INC_NPU_00080_202510,NPU_00080,2025-10-16,232875.77,business,True
INC_NPU_00080_202511,NPU_00080,2025-11-16,165374.85,business,True
INC_NPU_00080_202512,NPU_00080,2025-12-06,102989.5,business,True
