recurring_id,user_id,category,expected_amount_npr,frequency,payment_method
REC_NPE_00000003,NPU_00002,rent,11641.6,monthly,credit_card
REC_NPE_00000006,NPU_00004,rent,27491.89,monthly,debit_card
REC_NPE_00000007,NPU_00005,rent,39171.38,monthly,bank_transfer
REC_NPE_00000008,NPU_00006,rent,16414.14,monthly,cash
REC_NPE_00000010,NPU_00007,rent,42964.73,monthly,fonepay_qr
REC_NPE_00000014,NPU_00009,rent,43686.53,monthly,cash
REC_NPE_00000016,NPU_00010,rent,47764.42,monthly,cash
REC_NPE_00000018,NPU_00012,rent,15752.4,monthly,cash
REC_NPE_00000020,NPU_00013,rent,12713.82,monthly,cash
REC_NPE_00000024,NPU_00015,rent,52360.0,monthly,cash
REC_NPE_00000032,NPU_00019,rent,26647.29,monthly,bank_transfer
REC_NPE_00000034,NPU_00020,rent,22783.16,monthly,bank_transfer
REC_NPE_00000038,NPU_00022,rent,62475.0,monthly,esewa
REC_NPE_00000043,NPU_00025,rent,71307.16,monthly,cash
REC_NPE_00000045,NPU_00026,rent,22358.41,monthly,khalti
REC_NPE_00000050,NPU_00031,rent,12038.66,monthly,fonepay_qr
REC_NPE_00000051,NPU_00033,rent,10760.42,monthly,khalti
REC_NPE_00000053,NPU_00035,rent,13865.89,monthly,cash
REC_NPE_00000058,NPU_00037,rent,26629.1,monthly,cash
REC_NPE_00000061,NPU_00039,rent,14152.97,monthly,esewa
REC_NPE_00000066,NPU_00043,rent,25695.79,monthly,cash
REC_NPE_00000071,NPU_00046,rent,20958.22,monthly,bank_transfer
REC_NPE_00000075,NPU_00048,rent,29907.81,monthly,fonepay_qr
REC_NPE_00000079,NPU_00049,rent,45894.29,monthly,esewa
REC_NPE_00000082,NPU_00051,rent,14462.99,monthly,fonepay_qr
REC_NPE_00000092,NPU_00057,rent,19288.77,monthly,esewa
REC_NPE_00000100,NPU_00061,rent,15311.04,monthly,cash
REC_NPE_00000106,NPU_00063,rent,17999.74,monthly,fonepay_qr
REC_NPE_00000108,NPU_00064,rent,16282.49,monthly,cash
REC_NPE_00000111,NPU_00066,rent,24521.92,monthly,bank_transfer
REC_NPE_00000112,NPU_00067,rent,28624.16,monthly,cash
REC_NPE_00000116,NPU_00072,rent,15943.12,monthly,esewa
REC_NPE_00000223,NPU_00006,savings_investment,24103.08,monthly,cash
REC_NPE_00000227,NPU_00009,savings_investment,9017.42,monthly,cash
REC_NPE_00000233,NPU_00011,savings_investment,21652.3,monthly,esewa
REC_NPE_00000235,NPU_00015,savings_investment,2853.41,monthly,cash
REC_NPE_00000237,NPU_00017,savings_investment,14279.12,monthly,bank_transfer
REC_NPE_00000240,NPU_00019,savings_investment,31189.92,monthly,debit_card
REC_NPE_00000244,NPU_00021,savings_investment,5786.67,monthly,fonepay_qr
REC_NPE_00000247,NPU_00022,savings_investment,12121.32,monthly,credit_card
REC_NPE_00000251,NPU_00026,savings_investment,10238.26,monthly,khalti
REC_NPE_00000259,NPU_00032,savings_investment,3842.19,monthly,esewa
REC_NPE_00000261,NPU_00035,savings_investment,4708.85,monthly,esewa
REC_NPE_00000263,NPU_00036,savings_investment,4237.34,monthly,khalti
REC_NPE_00000264,NPU_00038,savings_investment,17615.38,monthly,khalti
REC_NPE_00000266,NPU_00039,savings_investment,13445.66,monthly,esewa
REC_NPE_00000269,NPU_00040,savings_investment,6253.23,monthly,esewa
REC_NPE_00000270,NPU_00041,savings_investment,3086.05,monthly,cash
REC_NPE_00000273,NPU_00047,savings_investment,3093.22,monthly,fonepay_qr
REC_NPE_00000276,NPU_00049,savings_investment,5713.11,monthly,cash
REC_NPE_00000278,NPU_00050,savings_investment,12045.66,monthly,cash
REC_NPE_00000279,NPU_00051,savings_investment,2252.3,monthly,cash
REC_NPE_00000285,NPU_00055,savings_investment,3536.88,monthly,cash
REC_NPE_00000305,NPU_00069,savings_investment,11811.57,monthly,esewa
REC_NPE_00000310,NPU_00072,savings_investment,250.0,monthly,khalti
REC_NPE_00000311,NPU_00073,savings_investment,7279.12,monthly,khalti
REC_NPE_00000314,NPU_00075,savings_investment,25864.4,monthly,cash
REC_NPE_00000316,NPU_00076,savings_investment,14686.08,monthly,bank_transfer
REC_NPE_00000317,NPU_00079,savings_investment,21880.42,monthly,khalti
REC_NPE_00000318,NPU_00080,savings_investment,14149.06,monthly,cash
REC_NPE_00000402,NPU_00001,family_support,16921.94,monthly,khalti
REC_NPE_00000404,NPU_00003,family_support,7863.03,monthly,credit_card
REC_NPE_00000407,NPU_00004,family_support,29697.81,monthly,bank_transfer
REC_NPE_00000409,NPU_00006,family_support,8941.43,monthly,cash
REC_NPE_00000410,NPU_00007,family_support,27975.85,monthly,bank_transfer
REC_NPE_00000412,NPU_00008,family_support,16820.47,monthly,esewa
REC_NPE_00000413,NPU_00010,family_support,18536.85,monthly,cash
REC_NPE_00000415,NPU_00012,family_support,11494.25,monthly,esewa
REC_NPE_00000420,NPU_00018,family_support,42745.56,monthly,esewa
REC_NPE_00000422,NPU_00019,family_support,19665.57,monthly,bank_transfer
REC_NPE_00000423,NPU_00020,family_support,48093.89,monthly,cash
REC_NPE_00000425,NPU_00021,family_support,14159.86,monthly,esewa
REC_NPE_00000429,NPU_00025,family_support,21146.6,monthly,cash
REC_NPE_00000431,NPU_00026,family_support,11518.99,monthly,bank_transfer
REC_NPE_00000436,NPU_00031,family_support,46264.65,monthly,khalti
REC_NPE_00000442,NPU_00033,family_support,17363.47,monthly,khalti
REC_NPE_00000445,NPU_00035,family_support,22591.9,monthly,khalti
REC_NPE_00000453,NPU_00039,family_support,13163.64,monthly,bank_transfer
REC_NPE_00000455,NPU_00042,family_support,63609.6,monthly,cash
REC_NPE_00000467,NPU_00047,family_support,11318.12,monthly,cash
REC_NPE_00000470,NPU_00052,family_support,13238.93,monthly,cash
REC_NPE_00000471,NPU_00053,family_support,7006.37,monthly,cash
REC_NPE_00000472,NPU_00054,family_support,9452.68,monthly,khalti
REC_NPE_00000477,NPU_00058,family_support,22390.55,monthly,cash
REC_NPE_00000481,NPU_00061,family_support,25507.66,monthly,credit_card
REC_NPE_00000483,NPU_00062,family_support,72547.59,monthly,bank_transfer
REC_NPE_00000484,NPU_00063,family_support,6838.07,monthly,cash
REC_NPE_00000487,NPU_00064,family_support,12148.82,monthly,khalti
REC_NPE_00000490,NPU_00065,family_support,8681.47,monthly,bank_transfer
REC_NPE_00000492,NPU_00066,family_support,30598.92,monthly,cash
REC_NPE_00000493,NPU_00067,family_support,10799.43,monthly,cash
REC_NPE_00000494,NPU_00068,family_support,10690.8,monthly,cash
REC_NPE_00000502,NPU_00071,family_support,9976.67,monthly,fonepay_qr
REC_NPE_00000504,NPU_00072,family_support,13869.47,monthly,cash
REC_NPE_00000505,NPU_00073,family_support,20690.9,monthly,khalti
REC_NPE_00000509,NPU_00076,family_support,24617.09,monthly,khalti
REC_NPE_00000510,NPU_00077,family_support,25803.68,monthly,cash
REC_NPE_00000513,NPU_00078,family_support,50345.03,monthly,debit_card
REC_NPE_00000514,NPU_00079,family_support,8358.2,monthly,bank_transfer
REC_NPE_00000714,NPU_00001,utilities,9137.47,monthly,cash
REC_NPE_00000716,NPU_00002,utilities,2889.78,monthly,esewa
REC_NPE_00000719,NPU_00003,utilities,3044.83,monthly,esewa
REC_NPE_00000722,NPU_00004,utilities,1685.59,monthly,khalti
REC_NPE_00000724,NPU_00005,utilities,2622.33,monthly,esewa
REC_NPE_00000727,NPU_00008,utilities,2820.47,monthly,cash
REC_NPE_00000730,NPU_00009,utilities,4435.9,monthly,esewa
REC_NPE_00000733,NPU_00010,utilities,2722.86,monthly,fonepay_qr
REC_NPE_00000737,NPU_00012,utilities,3235.57,monthly,bank_transfer
REC_NPE_00000739,NPU_00013,utilities,6130.6,monthly,cash
REC_NPE_00000742,NPU_00014,utilities,1840.97,monthly,esewa
REC_NPE_00000744,NPU_00015,utilities,6124.37,monthly,cash
REC_NPE_00000746,NPU_00016,utilities,3527.26,monthly,cash
REC_NPE_00000747,NPU_00017,utilities,6534.99,monthly,khalti
REC_NPE_00000752,NPU_00021,utilities,5592.57,monthly,esewa
REC_NPE_00000754,NPU_00022,utilities,4329.0,monthly,esewa
REC_NPE_00000756,NPU_00023,utilities,9719.45,monthly,cash
REC_NPE_00000761,NPU_00025,utilities,10254.89,monthly,cash
REC_NPE_00000763,NPU_00028,utilities,4008.66,monthly,cash
REC_NPE_00000766,NPU_00030,utilities,3243.75,monthly,cash
REC_NPE_00000767,NPU_00031,utilities,6708.18,monthly,cash
REC_NPE_00000769,NPU_00032,utilities,4795.2,monthly,bank_transfer
REC_NPE_00000771,NPU_00033,utilities,4005.93,monthly,cash
REC_NPE_00000776,NPU_00038,utilities,3576.34,monthly,bank_transfer
REC_NPE_00000777,NPU_00039,utilities,2881.5,monthly,esewa
REC_NPE_00000778,NPU_00040,utilities,6074.48,monthly,cash
REC_NPE_00000779,NPU_00041,utilities,3691.74,monthly,esewa
REC_NPE_00000780,NPU_00042,utilities,7493.73,monthly,fonepay_qr
REC_NPE_00000781,NPU_00043,utilities,2138.15,monthly,bank_transfer
REC_NPE_00000783,NPU_00044,utilities,2316.62,monthly,cash
REC_NPE_00000786,NPU_00046,utilities,4263.29,monthly,cash
REC_NPE_00000788,NPU_00047,utilities,2366.29,monthly,cash
REC_NPE_00000790,NPU_00048,utilities,5712.24,monthly,debit_card
REC_NPE_00000791,NPU_00049,utilities,8134.14,monthly,esewa
REC_NPE_00000793,NPU_00050,utilities,1438.85,monthly,bank_transfer
REC_NPE_00000795,NPU_00051,utilities,2833.56,monthly,bank_transfer
REC_NPE_00000801,NPU_00054,utilities,698.88,monthly,cash
REC_NPE_00000803,NPU_00055,utilities,7508.15,monthly,debit_card
REC_NPE_00000807,NPU_00056,utilities,5313.23,monthly,cash
REC_NPE_00000811,NPU_00057,utilities,4191.41,monthly,khalti
REC_NPE_00000813,NPU_00058,utilities,6555.69,monthly,cash
REC_NPE_00000815,NPU_00059,utilities,5080.76,monthly,khalti
REC_NPE_00000819,NPU_00061,utilities,6636.39,monthly,cash
REC_NPE_00000820,NPU_00062,utilities,5028.55,monthly,esewa
REC_NPE_00000822,NPU_00063,utilities,3676.16,monthly,fonepay_qr
REC_NPE_00000826,NPU_00065,utilities,2502.31,monthly,cash
REC_NPE_00000831,NPU_00067,utilities,3166.72,monthly,khalti
REC_NPE_00000833,NPU_00068,utilities,2607.0,monthly,esewa
REC_NPE_00000836,NPU_00070,utilities,1335.17,monthly,debit_card
REC_NPE_00000838,NPU_00071,utilities,5015.48,monthly,cash
REC_NPE_00000841,NPU_00073,utilities,1556.58,monthly,cash
REC_NPE_00000843,NPU_00074,utilities,5059.57,monthly,credit_card
REC_NPE_00000845,NPU_00075,utilities,6616.97,monthly,cash
REC_NPE_00000847,NPU_00076,utilities,1057.06,monthly,cash
REC_NPE_00000848,NPU_00077,utilities,2554.48,monthly,esewa
REC_NPE_00000849,NPU_00078,utilities,3829.26,monthly,cash
REC_NPE_00000850,NPU_00080,utilities,2649.82,monthly,esewa
REC_NPE_00001103,NPU_00001,internet_mobile,4577.21,monthly,fonepay_qr
REC_NPE_00001104,NPU_00002,internet_mobile,2361.46,monthly,cash
REC_NPE_00001105,NPU_00003,internet_mobile,759.81,monthly,cash
REC_NPE_00001106,NPU_00004,internet_mobile,2996.95,monthly,esewa
REC_NPE_00001107,NPU_00005,internet_mobile,1610.82,monthly,cash
REC_NPE_00001109,NPU_00008,internet_mobile,1508.07,monthly,khalti
REC_NPE_00001113,NPU_00010,internet_mobile,1201.33,monthly,debit_card
REC_NPE_00001115,NPU_00011,internet_mobile,2829.47,monthly,bank_transfer
REC_NPE_00001116,NPU_00012,internet_mobile,1956.8,monthly,cash
REC_NPE_00001118,NPU_00014,internet_mobile,2176.96,monthly,debit_card
REC_NPE_00001119,NPU_00015,internet_mobile,735.25,monthly,esewa
REC_NPE_00001121,NPU_00018,internet_mobile,3874.33,monthly,esewa
REC_NPE_00001123,NPU_00019,internet_mobile,2906.18,monthly,bank_transfer
REC_NPE_00001125,NPU_00020,internet_mobile,1666.62,monthly,cash
REC_NPE_00001126,NPU_00021,internet_mobile,2211.6,monthly,khalti
REC_NPE_00001127,NPU_00022,internet_mobile,1809.07,monthly,credit_card
REC_NPE_00001129,NPU_00025,internet_mobile,3851.0,monthly,debit_card
REC_NPE_00001130,NPU_00026,internet_mobile,3523.53,monthly,cash
REC_NPE_00001134,NPU_00027,internet_mobile,2260.09,monthly,cash
REC_NPE_00001136,NPU_00028,internet_mobile,1527.41,monthly,bank_transfer
REC_NPE_00001137,NPU_00029,internet_mobile,1026.2,monthly,cash
REC_NPE_00001140,NPU_00030,internet_mobile,6444.05,monthly,esewa
REC_NPE_00001143,NPU_00031,internet_mobile,2838.47,monthly,cash
REC_NPE_00001145,NPU_00032,internet_mobile,2757.12,monthly,cash
REC_NPE_00001147,NPU_00033,internet_mobile,2689.01,monthly,bank_transfer
REC_NPE_00001149,NPU_00034,internet_mobile,773.87,monthly,khalti
REC_NPE_00001150,NPU_00035,internet_mobile,1065.08,monthly,cash
REC_NPE_00001152,NPU_00036,internet_mobile,1198.36,monthly,khalti
REC_NPE_00001154,NPU_00037,internet_mobile,606.73,monthly,bank_transfer
REC_NPE_00001156,NPU_00038,internet_mobile,3700.81,monthly,khalti
REC_NPE_00001159,NPU_00040,internet_mobile,4234.24,monthly,khalti
REC_NPE_00001161,NPU_00041,internet_mobile,1643.84,monthly,khalti
REC_NPE_00001164,NPU_00042,internet_mobile,2471.0,monthly,khalti
REC_NPE_00001167,NPU_00043,internet_mobile,2462.05,monthly,cash
REC_NPE_00001168,NPU_00044,internet_mobile,2192.66,monthly,credit_card
REC_NPE_00001170,NPU_00045,internet_mobile,1587.44,monthly,esewa
REC_NPE_00001171,NPU_00046,internet_mobile,1383.63,monthly,credit_card
REC_NPE_00001172,NPU_00047,internet_mobile,722.01,monthly,cash
REC_NPE_00001176,NPU_00048,internet_mobile,1207.23,monthly,debit_card
REC_NPE_00001177,NPU_00049,internet_mobile,2005.7,monthly,cash
REC_NPE_00001179,NPU_00050,internet_mobile,2861.03,monthly,cash
REC_NPE_00001180,NPU_00051,internet_mobile,2141.07,monthly,esewa
REC_NPE_00001183,NPU_00052,internet_mobile,1503.4,monthly,bank_transfer
REC_NPE_00001185,NPU_00054,internet_mobile,761.62,monthly,esewa
REC_NPE_00001187,NPU_00055,internet_mobile,1948.23,monthly,cash
REC_NPE_00001191,NPU_00056,internet_mobile,2566.13,monthly,esewa
REC_NPE_00001193,NPU_00057,internet_mobile,3135.44,monthly,cash
REC_NPE_00001195,NPU_00058,internet_mobile,3653.45,monthly,cash
REC_NPE_00001200,NPU_00060,internet_mobile,3365.29,monthly,cash
REC_NPE_00001203,NPU_00061,internet_mobile,789.3,monthly,bank_transfer
REC_NPE_00001204,NPU_00062,internet_mobile,2506.1,monthly,credit_card
REC_NPE_00001206,NPU_00063,internet_mobile,1396.49,monthly,cash
REC_NPE_00001208,NPU_00064,internet_mobile,1844.82,monthly,fonepay_qr
REC_NPE_00001214,NPU_00066,internet_mobile,7437.5,monthly,bank_transfer
REC_NPE_00001216,NPU_00067,internet_mobile,884.5,monthly,bank_transfer
REC_NPE_00001219,NPU_00068,internet_mobile,1091.76,monthly,esewa
REC_NPE_00001220,NPU_00069,internet_mobile,1394.62,monthly,cash
REC_NPE_00001222,NPU_00071,internet_mobile,904.72,monthly,fonepay_qr
REC_NPE_00001223,NPU_00072,internet_mobile,2786.24,monthly,esewa
REC_NPE_00001227,NPU_00073,internet_mobile,686.72,monthly,esewa
REC_NPE_00001228,NPU_00074,internet_mobile,2489.09,monthly,debit_card
REC_NPE_00001230,NPU_00075,internet_mobile,2658.84,monthly,debit_card
REC_NPE_00001231,NPU_00076,internet_mobile,727.42,monthly,cash
REC_NPE_00001232,NPU_00077,internet_mobile,2036.11,monthly,credit_card
REC_NPE_00001236,NPU_00080,internet_mobile,1643.66,monthly,cash
REC_NPE_00001424,NPU_00001,loan_emi,6776.19,monthly,debit_card
REC_NPE_00001426,NPU_00002,loan_emi,41888.0,monthly,cash
REC_NPE_00001430,NPU_00006,loan_emi,13703.29,monthly,cash
REC_NPE_00001434,NPU_00008,loan_emi,9165.1,monthly,cash
REC_NPE_00001436,NPU_00009,loan_emi,15848.66,monthly,cash
REC_NPE_00001451,NPU_00021,loan_emi,23655.47,monthly,khalti
REC_NPE_00001457,NPU_00031,loan_emi,7548.26,monthly,cash
REC_NPE_00001460,NPU_00032,loan_emi,16306.65,monthly,cash
REC_NPE_00001461,NPU_00033,loan_emi,7998.94,monthly,cash
REC_NPE_00001462,NPU_00034,loan_emi,18074.86,monthly,bank_transfer
REC_NPE_00001469,NPU_00039,loan_emi,13458.43,monthly,debit_card
REC_NPE_00001475,NPU_00043,loan_emi,8585.55,monthly,esewa
REC_NPE_00001477,NPU_00044,loan_emi,20305.93,monthly,fonepay_qr
REC_NPE_00001478,NPU_00045,loan_emi,24085.42,monthly,debit_card
REC_NPE_00001481,NPU_00047,loan_emi,16855.69,monthly,cash
REC_NPE_00001484,NPU_00049,loan_emi,58330.69,monthly,khalti
REC_NPE_00001492,NPU_00055,loan_emi,10741.43,monthly,cash
REC_NPE_00001502,NPU_00063,loan_emi,14622.44,monthly,khalti
REC_NPE_00001504,NPU_00066,loan_emi,57102.41,monthly,khalti
REC_NPE_00001506,NPU_00068,loan_emi,26793.41,monthly,cash
REC_NPE_00001509,NPU_00072,loan_emi,16988.71,monthly,cash
REC_NPE_00001510,NPU_00074,loan_emi,59500.0,monthly,khalti
REC_NPE_00001516,NPU_00080,loan_emi,11604.27,monthly,cash
REC_NPE_00001687,NPU_00001,subscriptions,1996.48,monthly,cash
REC_NPE_00001689,NPU_00002,subscriptions,1369.46,monthly,bank_transfer
REC_NPE_00001691,NPU_00003,subscriptions,2334.57,monthly,debit_card
REC_NPE_00001692,NPU_00004,subscriptions,1370.01,monthly,cash
REC_NPE_00001695,NPU_00006,subscriptions,418.84,monthly,esewa
REC_NPE_00001697,NPU_00007,subscriptions,6819.04,monthly,cash
REC_NPE_00001698,NPU_00008,subscriptions,2324.84,monthly,khalti
REC_NPE_00001700,NPU_00009,subscriptions,1526.43,monthly,cash
REC_NPE_00001703,NPU_00010,subscriptions,1086.75,monthly,khalti
REC_NPE_00001705,NPU_00011,subscriptions,813.34,monthly,khalti
REC_NPE_00001706,NPU_00012,subscriptions,1364.61,monthly,cash
REC_NPE_00001709,NPU_00014,subscriptions,4326.11,monthly,cash
REC_NPE_00001710,NPU_00015,subscriptions,1563.3,monthly,cash
REC_NPE_00001720,NPU_00026,subscriptions,1454.43,monthly,esewa
REC_NPE_00001722,NPU_00027,subscriptions,2965.96,monthly,credit_card
REC_NPE_00001724,NPU_00029,subscriptions,3647.65,monthly,cash
REC_NPE_00001725,NPU_00030,subscriptions,2552.8,monthly,cash
REC_NPE_00001728,NPU_00031,subscriptions,3654.78,monthly,cash
REC_NPE_00001730,NPU_00032,subscriptions,2881.5,monthly,cash
REC_NPE_00001732,NPU_00036,subscriptions,4296.52,monthly,esewa
REC_NPE_00001733,NPU_00037,subscriptions,2337.45,monthly,cash
REC_NPE_00001737,NPU_00040,subscriptions,1332.54,monthly,cash
REC_NPE_00001741,NPU_00042,subscriptions,2229.27,monthly,cash
REC_NPE_00001745,NPU_00045,subscriptions,3473.96,monthly,cash
REC_NPE_00001746,NPU_00046,subscriptions,2221.4,monthly,credit_card
REC_NPE_00001748,NPU_00047,subscriptions,2710.92,monthly,cash
REC_NPE_00001751,NPU_00048,subscriptions,1965.33,monthly,cash
REC_NPE_00001753,NPU_00050,subscriptions,1649.7,monthly,cash
REC_NPE_00001756,NPU_00052,subscriptions,1507.41,monthly,esewa
REC_NPE_00001760,NPU_00056,subscriptions,3759.6,monthly,khalti
REC_NPE_00001763,NPU_00057,subscriptions,1454.09,monthly,cash
REC_NPE_00001767,NPU_00058,subscriptions,1502.6,monthly,cash
REC_NPE_00001769,NPU_00059,subscriptions,1024.82,monthly,cash
REC_NPE_00001771,NPU_00060,subscriptions,3924.86,monthly,debit_card
REC_NPE_00001774,NPU_00062,subscriptions,2439.93,monthly,bank_transfer
REC_NPE_00001777,NPU_00063,subscriptions,1286.87,monthly,bank_transfer
REC_NPE_00001784,NPU_00067,subscriptions,2433.94,monthly,esewa
REC_NPE_00001785,NPU_00068,subscriptions,3670.31,monthly,esewa
REC_NPE_00001787,NPU_00069,subscriptions,2714.61,monthly,esewa
REC_NPE_00001791,NPU_00073,subscriptions,4038.7,monthly,esewa
REC_NPE_00001795,NPU_00077,subscriptions,2239.53,monthly,fonepay_qr
REC_NPE_00001796,NPU_00078,subscriptions,8500.0,monthly,esewa
REC_NPE_00001797,NPU_00079,subscriptions,1738.12,monthly,debit_card
REC_NPE_00001799,NPU_00080,subscriptions,2569.51,monthly,khalti
REC_NPE_00002889,NPU_00002,rent,8695.39,monthly,esewa
REC_NPE_00002891,NPU_00004,rent,21722.77,monthly,esewa
REC_NPE_00002895,NPU_00007,rent,17076.54,monthly,fonepay_qr
REC_NPE_00002899,NPU_00013,rent,25666.73,monthly,cash
REC_NPE_00002901,NPU_00015,rent,52360.0,monthly,cash
REC_NPE_00002903,NPU_00016,rent,38511.42,monthly,cash
REC_NPE_00002904,NPU_00019,rent,72147.64,monthly,esewa
REC_NPE_00002908,NPU_00022,rent,8624.92,monthly,bank_transfer
REC_NPE_00002909,NPU_00024,rent,21223.72,monthly,cash
REC_NPE_00002912,NPU_00025,rent,11800.69,monthly,cash
REC_NPE_00002920,NPU_00031,rent,18896.89,monthly,cash
REC_NPE_00002923,NPU_00033,rent,11449.53,monthly,bank_transfer
REC_NPE_00002925,NPU_00035,rent,14267.92,monthly,debit_card
REC_NPE_00002928,NPU_00037,rent,13785.39,monthly,cash
REC_NPE_00002931,NPU_00039,rent,50857.15,monthly,cash
REC_NPE_00002934,NPU_00043,rent,42520.85,monthly,esewa
REC_NPE_00002935,NPU_00044,rent,12436.17,monthly,bank_transfer
REC_NPE_00002945,NPU_00048,rent,28353.69,monthly,bank_transfer
REC_NPE_00002948,NPU_00050,rent,8703.49,monthly,cash
REC_NPE_00002952,NPU_00055,rent,43576.75,monthly,cash
REC_NPE_00002958,NPU_00063,rent,10338.53,monthly,cash
REC_NPE_00002967,NPU_00067,rent,49487.3,monthly,cash
REC_NPE_00002973,NPU_00072,rent,22770.12,monthly,fonepay_qr
REC_NPE_00002978,NPU_00075,rent,16283.07,monthly,cash
REC_NPE_00002991,NPU_00080,rent,9828.41,monthly,credit_card
REC_NPE_00003099,NPU_00008,savings_investment,26374.1,monthly,cash
REC_NPE_00003107,NPU_00011,savings_investment,21347.45,monthly,esewa
REC_NPE_00003112,NPU_00013,savings_investment,1282.11,monthly,cash
REC_NPE_00003114,NPU_00015,savings_investment,2924.23,monthly,cash
REC_NPE_00003117,NPU_00017,savings_investment,9760.22,monthly,khalti
REC_NPE_00003121,NPU_00020,savings_investment,5599.54,monthly,cash
REC_NPE_00003124,NPU_00021,savings_investment,7129.02,monthly,esewa
REC_NPE_00003126,NPU_00027,savings_investment,8823.04,monthly,esewa
REC_NPE_00003128,NPU_00028,savings_investment,810.0,monthly,bank_transfer
REC_NPE_00003129,NPU_00029,savings_investment,18564.68,monthly,cash
REC_NPE_00003136,NPU_00036,savings_investment,3633.74,monthly,khalti
REC_NPE_00003138,NPU_00038,savings_investment,15644.65,monthly,bank_transfer
REC_NPE_00003139,NPU_00039,savings_investment,11826.74,monthly,bank_transfer
REC_NPE_00003147,NPU_00043,savings_investment,2971.01,monthly,bank_transfer
REC_NPE_00003152,NPU_00048,savings_investment,13954.63,monthly,cash
REC_NPE_00003153,NPU_00049,savings_investment,8244.96,monthly,cash
REC_NPE_00003157,NPU_00055,savings_investment,4835.22,monthly,bank_transfer
REC_NPE_00003162,NPU_00060,savings_investment,32328.96,monthly,cash
REC_NPE_00003166,NPU_00064,savings_investment,14298.27,monthly,debit_card
REC_NPE_00003178,NPU_00072,savings_investment,273.93,monthly,cash
REC_NPE_00003179,NPU_00073,savings_investment,8297.25,monthly,khalti
REC_NPE_00003182,NPU_00077,savings_investment,849.03,monthly,esewa
REC_NPE_00003185,NPU_00080,savings_investment,10081.41,monthly,debit_card
REC_NPE_00003305,NPU_00002,family_support,24009.21,monthly,bank_transfer
REC_NPE_00003307,NPU_00003,family_support,32912.0,monthly,cash
REC_NPE_00003310,NPU_00004,family_support,26679.99,monthly,khalti
REC_NPE_00003311,NPU_00005,family_support,23723.03,monthly,khalti
REC_NPE_00003314,NPU_00007,family_support,13138.05,monthly,cash
REC_NPE_00003319,NPU_00008,family_support,39452.13,monthly,esewa
REC_NPE_00003321,NPU_00009,family_support,13730.32,monthly,cash
REC_NPE_00003326,NPU_00014,family_support,41045.26,monthly,khalti
REC_NPE_00003330,NPU_00017,family_support,12376.62,monthly,khalti
REC_NPE_00003332,NPU_00018,family_support,36509.07,monthly,khalti
REC_NPE_00003334,NPU_00019,family_support,12544.07,monthly,esewa
REC_NPE_00003340,NPU_00021,family_support,33690.03,monthly,cash
REC_NPE_00003344,NPU_00022,family_support,8292.58,monthly,bank_transfer
REC_NPE_00003350,NPU_00025,family_support,30482.87,monthly,cash
REC_NPE_00003352,NPU_00027,family_support,11285.24,monthly,bank_transfer
REC_NPE_00003355,NPU_00028,family_support,5858.19,monthly,credit_card
REC_NPE_00003358,NPU_00030,family_support,16043.63,monthly,cash
REC_NPE_00003362,NPU_00032,family_support,11256.0,monthly,esewa
REC_NPE_00003363,NPU_00033,family_support,16525.52,monthly,cash
REC_NPE_00003365,NPU_00034,family_support,5893.57,monthly,fonepay_qr
REC_NPE_00003370,NPU_00037,family_support,9126.95,monthly,cash
REC_NPE_00003375,NPU_00041,family_support,15099.85,monthly,cash
REC_NPE_00003376,NPU_00042,family_support,27249.94,monthly,cash
REC_NPE_00003379,NPU_00043,family_support,32912.0,monthly,esewa
REC_NPE_00003382,NPU_00045,family_support,3898.3,monthly,esewa
REC_NPE_00003387,NPU_00049,family_support,11718.97,monthly,khalti
REC_NPE_00003390,NPU_00051,family_support,15831.55,monthly,esewa
REC_NPE_00003392,NPU_00052,family_support,7159.96,monthly,fonepay_qr
REC_NPE_00003395,NPU_00055,family_support,77605.0,monthly,cash
REC_NPE_00003398,NPU_00056,family_support,7699.25,monthly,bank_transfer
REC_NPE_00003399,NPU_00058,family_support,28358.09,monthly,cash
REC_NPE_00003402,NPU_00059,family_support,17122.22,monthly,cash
REC_NPE_00003404,NPU_00060,family_support,14150.36,monthly,esewa
REC_NPE_00003409,NPU_00063,family_support,47228.49,monthly,bank_transfer
REC_NPE_00003415,NPU_00065,family_support,12679.32,monthly,credit_card
REC_NPE_00003418,NPU_00066,family_support,18588.17,monthly,credit_card
REC_NPE_00003421,NPU_00067,family_support,15078.18,monthly,esewa
REC_NPE_00003424,NPU_00068,family_support,12885.99,monthly,cash
REC_NPE_00003431,NPU_00070,family_support,16116.72,monthly,esewa
REC_NPE_00003439,NPU_00073,family_support,18046.64,monthly,esewa
REC_NPE_00003444,NPU_00078,family_support,17729.38,monthly,bank_transfer
REC_NPE_00003445,NPU_00079,family_support,13528.98,monthly,cash
REC_NPE_00003447,NPU_00080,family_support,11767.41,monthly,cash
REC_NPE_00003634,NPU_00001,utilities,3360.38,monthly,esewa
REC_NPE_00003637,NPU_00004,utilities,2553.28,monthly,cash
REC_NPE_00003638,NPU_00005,utilities,1661.16,monthly,fonepay_qr
REC_NPE_00003641,NPU_00006,utilities,1601.73,monthly,khalti
REC_NPE_00003645,NPU_00007,utilities,3102.33,monthly,esewa
REC_NPE_00003646,NPU_00008,utilities,1029.69,monthly,bank_transfer
REC_NPE_00003647,NPU_00009,utilities,4115.86,monthly,cash
REC_NPE_00003651,NPU_00011,utilities,6609.91,monthly,cash
REC_NPE_00003652,NPU_00012,utilities,6610.6,monthly,cash
REC_NPE_00003655,NPU_00014,utilities,2433.64,monthly,cash
REC_NPE_00003656,NPU_00015,utilities,2250.01,monthly,khalti
REC_NPE_00003658,NPU_00016,utilities,2109.95,monthly,bank_transfer
REC_NPE_00003661,NPU_00019,utilities,3188.08,monthly,credit_card
REC_NPE_00003663,NPU_00020,utilities,1738.26,monthly,cash
REC_NPE_00003664,NPU_00021,utilities,2874.43,monthly,cash
REC_NPE_00003666,NPU_00022,utilities,7412.79,monthly,cash
REC_NPE_00003669,NPU_00024,utilities,3849.47,monthly,cash
REC_NPE_00003670,NPU_00025,utilities,3254.18,monthly,cash
REC_NPE_00003673,NPU_00027,utilities,2194.26,monthly,bank_transfer
REC_NPE_00003676,NPU_00028,utilities,4347.63,monthly,cash
REC_NPE_00003677,NPU_00029,utilities,3675.22,monthly,cash
REC_NPE_00003679,NPU_00030,utilities,11389.28,monthly,bank_transfer
REC_NPE_00003682,NPU_00032,utilities,8578.29,monthly,bank_transfer
REC_NPE_00003684,NPU_00033,utilities,4285.64,monthly,esewa
REC_NPE_00003687,NPU_00034,utilities,5743.82,monthly,esewa
REC_NPE_00003691,NPU_00035,utilities,6933.3,monthly,khalti
REC_NPE_00003692,NPU_00036,utilities,3403.87,monthly,esewa
REC_NPE_00003693,NPU_00037,utilities,1238.72,monthly,cash
REC_NPE_00003694,NPU_00038,utilities,4043.84,monthly,cash
REC_NPE_00003695,NPU_00039,utilities,8976.0,monthly,fonepay_qr
REC_NPE_00003696,NPU_00040,utilities,1421.97,monthly,cash
REC_NPE_00003698,NPU_00042,utilities,5398.46,monthly,debit_card
REC_NPE_00003700,NPU_00043,utilities,5044.03,monthly,fonepay_qr
REC_NPE_00003706,NPU_00046,utilities,4055.33,monthly,esewa
REC_NPE_00003708,NPU_00047,utilities,3231.02,monthly,debit_card
REC_NPE_00003709,NPU_00048,utilities,12276.97,monthly,cash
REC_NPE_00003710,NPU_00049,utilities,12225.51,monthly,bank_transfer
REC_NPE_00003711,NPU_00051,utilities,1867.22,monthly,bank_transfer
REC_NPE_00003714,NPU_00052,utilities,8253.84,monthly,fonepay_qr
REC_NPE_00003719,NPU_00055,utilities,2634.49,monthly,cash
REC_NPE_00003721,NPU_00056,utilities,4269.46,monthly,cash
REC_NPE_00003723,NPU_00058,utilities,1583.99,monthly,cash
REC_NPE_00003730,NPU_00061,utilities,1546.69,monthly,cash
REC_NPE_00003733,NPU_00062,utilities,2566.44,monthly,debit_card
REC_NPE_00003735,NPU_00063,utilities,3122.55,monthly,cash
REC_NPE_00003736,NPU_00064,utilities,4485.91,monthly,esewa
REC_NPE_00003737,NPU_00065,utilities,3853.67,monthly,esewa
REC_NPE_00003742,NPU_00067,utilities,2532.96,monthly,debit_card
REC_NPE_00003744,NPU_00068,utilities,3849.79,monthly,fonepay_qr
REC_NPE_00003747,NPU_00070,utilities,2719.14,monthly,khalti
REC_NPE_00003750,NPU_00072,utilities,8106.72,monthly,cash
REC_NPE_00003751,NPU_00073,utilities,1635.41,monthly,cash
REC_NPE_00003753,NPU_00076,utilities,2625.68,monthly,cash
REC_NPE_00003755,NPU_00077,utilities,5024.46,monthly,credit_card
REC_NPE_00003757,NPU_00078,utilities,5994.47,monthly,cash
REC_NPE_00003758,NPU_00079,utilities,2066.84,monthly,khalti
REC_NPE_00004042,NPU_00001,internet_mobile,623.99,monthly,cash
REC_NPE_00004044,NPU_00002,internet_mobile,987.19,monthly,credit_card
REC_NPE_00004049,NPU_00003,internet_mobile,2029.31,monthly,fonepay_qr
REC_NPE_00004051,NPU_00004,internet_mobile,1758.09,monthly,cash
REC_NPE_00004053,NPU_00005,internet_mobile,1821.97,monthly,cash
REC_NPE_00004055,NPU_00006,internet_mobile,423.69,monthly,cash
REC_NPE_00004056,NPU_00007,internet_mobile,863.7,monthly,cash
REC_NPE_00004057,NPU_00008,internet_mobile,2692.42,monthly,debit_card
REC_NPE_00004058,NPU_00009,internet_mobile,1375.46,monthly,cash
REC_NPE_00004059,NPU_00010,internet_mobile,3642.4,monthly,esewa
REC_NPE_00004061,NPU_00011,internet_mobile,1157.39,monthly,cash
REC_NPE_00004065,NPU_00012,internet_mobile,987.73,monthly,cash
REC_NPE_00004066,NPU_00013,internet_mobile,2319.63,monthly,fonepay_qr
REC_NPE_00004068,NPU_00014,internet_mobile,1250.04,monthly,cash
REC_NPE_00004070,NPU_00015,internet_mobile,1423.9,monthly,cash
REC_NPE_00004073,NPU_00018,internet_mobile,4657.07,monthly,esewa
REC_NPE_00004076,NPU_00019,internet_mobile,1678.74,monthly,cash
REC_NPE_00004083,NPU_00021,internet_mobile,2392.35,monthly,cash
REC_NPE_00004084,NPU_00022,internet_mobile,2742.23,monthly,esewa
REC_NPE_00004086,NPU_00023,internet_mobile,1675.55,monthly,cash
REC_NPE_00004090,NPU_00024,internet_mobile,2578.36,monthly,khalti
REC_NPE_00004092,NPU_00025,internet_mobile,1890.66,monthly,esewa
REC_NPE_00004094,NPU_00026,internet_mobile,1316.28,monthly,esewa
REC_NPE_00004096,NPU_00027,internet_mobile,2525.62,monthly,debit_card
REC_NPE_00004097,NPU_00028,internet_mobile,1253.64,monthly,cash
REC_NPE_00004100,NPU_00029,internet_mobile,1465.13,monthly,khalti
REC_NPE_00004102,NPU_00030,internet_mobile,1414.21,monthly,debit_card
REC_NPE_00004105,NPU_00031,internet_mobile,1824.66,monthly,esewa
REC_NPE_00004109,NPU_00032,internet_mobile,807.55,monthly,bank_transfer
REC_NPE_00004110,NPU_00033,internet_mobile,1957.45,monthly,bank_transfer
REC_NPE_00004112,NPU_00034,internet_mobile,1829.52,monthly,cash
REC_NPE_00004114,NPU_00035,internet_mobile,1395.29,monthly,esewa
REC_NPE_00004118,NPU_00036,internet_mobile,3072.6,monthly,cash
REC_NPE_00004121,NPU_00037,internet_mobile,1829.49,monthly,cash
REC_NPE_00004123,NPU_00038,internet_mobile,1954.96,monthly,cash
REC_NPE_00004125,NPU_00039,internet_mobile,1738.01,monthly,cash
REC_NPE_00004126,NPU_00040,internet_mobile,1845.05,monthly,bank_transfer
REC_NPE_00004128,NPU_00042,internet_mobile,6216.86,monthly,esewa
REC_NPE_00004130,NPU_00043,internet_mobile,2603.98,monthly,fonepay_qr
REC_NPE_00004132,NPU_00044,internet_mobile,671.94,monthly,esewa
REC_NPE_00004134,NPU_00045,internet_mobile,3776.06,monthly,cash
REC_NPE_00004136,NPU_00046,internet_mobile,5177.68,monthly,cash
REC_NPE_00004137,NPU_00047,internet_mobile,1801.19,monthly,khalti
REC_NPE_00004139,NPU_00048,internet_mobile,3536.78,monthly,bank_transfer
REC_NPE_00004141,NPU_00049,internet_mobile,1464.43,monthly,bank_transfer
REC_NPE_00004143,NPU_00050,internet_mobile,1738.1,monthly,cash
REC_NPE_00004145,NPU_00051,internet_mobile,3492.42,monthly,cash
REC_NPE_00004146,NPU_00052,internet_mobile,3711.39,monthly,cash
REC_NPE_00004147,NPU_00053,internet_mobile,553.35,monthly,debit_card
REC_NPE_00004152,NPU_00056,internet_mobile,622.24,monthly,cash
REC_NPE_00004154,NPU_00057,internet_mobile,1239.03,monthly,cash
REC_NPE_00004156,NPU_00058,internet_mobile,2402.68,monthly,cash
REC_NPE_00004159,NPU_00059,internet_mobile,1485.99,monthly,cash
REC_NPE_00004161,NPU_00060,internet_mobile,1568.75,monthly,cash
REC_NPE_00004163,NPU_00061,internet_mobile,6814.83,monthly,cash
REC_NPE_00004170,NPU_00066,internet_mobile,2565.45,monthly,khalti
REC_NPE_00004174,NPU_00067,internet_mobile,5236.0,monthly,bank_transfer
REC_NPE_00004178,NPU_00069,internet_mobile,1029.37,monthly,credit_card
REC_NPE_00004183,NPU_00072,internet_mobile,1495.85,monthly,bank_transfer
REC_NPE_00004184,NPU_00073,internet_mobile,4217.63,monthly,bank_transfer
REC_NPE_00004187,NPU_00074,internet_mobile,1549.89,monthly,fonepay_qr
REC_NPE_00004188,NPU_00076,internet_mobile,1195.18,monthly,esewa
REC_NPE_00004191,NPU_00078,internet_mobile,5882.78,monthly,esewa
REC_NPE_00004192,NPU_00079,internet_mobile,2463.21,monthly,debit_card
REC_NPE_00004193,NPU_00080,internet_mobile,869.14,monthly,khalti
REC_NPE_00004370,NPU_00005,loan_emi,4956.4,monthly,cash
REC_NPE_00004371,NPU_00006,loan_emi,9539.35,monthly,esewa
REC_NPE_00004374,NPU_00007,loan_emi,25675.31,monthly,bank_transfer
REC_NPE_00004380,NPU_00010,loan_emi,19138.22,monthly,credit_card
REC_NPE_00004383,NPU_00011,loan_emi,11255.58,monthly,esewa
REC_NPE_00004392,NPU_00020,loan_emi,11057.11,monthly,cash
REC_NPE_00004397,NPU_00024,loan_emi,28919.04,monthly,cash
REC_NPE_00004403,NPU_00029,loan_emi,15572.19,monthly,cash
REC_NPE_00004407,NPU_00030,loan_emi,11895.19,monthly,esewa
REC_NPE_00004408,NPU_00031,loan_emi,22297.27,monthly,cash
REC_NPE_00004410,NPU_00032,loan_emi,21132.59,monthly,cash
REC_NPE_00004413,NPU_00036,loan_emi,15800.91,monthly,khalti
REC_NPE_00004415,NPU_00037,loan_emi,37867.45,monthly,khalti
REC_NPE_00004416,NPU_00038,loan_emi,21776.06,monthly,esewa
REC_NPE_00004418,NPU_00039,loan_emi,27791.71,monthly,cash
REC_NPE_00004422,NPU_00041,loan_emi,16698.33,monthly,cash
REC_NPE_00004424,NPU_00043,loan_emi,11335.04,monthly,cash
REC_NPE_00004428,NPU_00046,loan_emi,17666.56,monthly,cash
REC_NPE_00004434,NPU_00052,loan_emi,8469.47,monthly,fonepay_qr
REC_NPE_00004440,NPU_00059,loan_emi,15791.86,monthly,cash
REC_NPE_00004456,NPU_00070,loan_emi,49980.0,monthly,cash
REC_NPE_00004461,NPU_00075,loan_emi,4051.07,monthly,cash
REC_NPE_00004466,NPU_00077,loan_emi,59500.0,monthly,cash
REC_NPE_00004467,NPU_00079,loan_emi,11908.13,monthly,esewa
REC_NPE_00004653,NPU_00002,subscriptions,3327.02,monthly,cash
REC_NPE_00004657,NPU_00004,subscriptions,1169.72,monthly,bank_transfer
REC_NPE_00004659,NPU_00005,subscriptions,1906.06,monthly,debit_card
REC_NPE_00004660,NPU_00006,subscriptions,2694.38,monthly,cash
REC_NPE_00004665,NPU_00008,subscriptions,1047.9,monthly,esewa
REC_NPE_00004667,NPU_00009,subscriptions,2593.13,monthly,cash
REC_NPE_00004671,NPU_00011,subscriptions,1998.87,monthly,khalti
REC_NPE_00004673,NPU_00012,subscriptions,3056.93,monthly,khalti
REC_NPE_00004675,NPU_00014,subscriptions,1492.82,monthly,cash
REC_NPE_00004680,NPU_00017,subscriptions,2392.74,monthly,fonepay_qr
REC_NPE_00004685,NPU_00018,subscriptions,1610.93,monthly,cash
REC_NPE_00004686,NPU_00019,subscriptions,8500.0,monthly,khalti
REC_NPE_00004689,NPU_00020,subscriptions,2872.55,monthly,khalti
REC_NPE_00004690,NPU_00021,subscriptions,1422.48,monthly,cash
REC_NPE_00004692,NPU_00022,subscriptions,2296.5,monthly,cash
REC_NPE_00004696,NPU_00023,subscriptions,1779.68,monthly,cash
REC_NPE_00004699,NPU_00026,subscriptions,1720.1,monthly,cash
REC_NPE_00004702,NPU_00029,subscriptions,3061.38,monthly,esewa
REC_NPE_00004703,NPU_00030,subscriptions,3193.36,monthly,cash
REC_NPE_00004704,NPU_00031,subscriptions,2523.64,monthly,khalti
REC_NPE_00004706,NPU_00032,subscriptions,4297.65,monthly,fonepay_qr
REC_NPE_00004708,NPU_00033,subscriptions,1515.3,monthly,cash
REC_NPE_00004710,NPU_00035,subscriptions,1340.6,monthly,esewa
REC_NPE_00004712,NPU_00036,subscriptions,2196.47,monthly,debit_card
REC_NPE_00004713,NPU_00037,subscriptions,1084.91,monthly,credit_card
REC_NPE_00004717,NPU_00040,subscriptions,938.98,monthly,esewa
REC_NPE_00004722,NPU_00045,subscriptions,2214.36,monthly,debit_card
REC_NPE_00004728,NPU_00049,subscriptions,4208.92,monthly,fonepay_qr
REC_NPE_00004732,NPU_00051,subscriptions,1220.79,monthly,bank_transfer
REC_NPE_00004734,NPU_00053,subscriptions,1228.48,monthly,cash
REC_NPE_00004736,NPU_00054,subscriptions,1293.12,monthly,debit_card
REC_NPE_00004738,NPU_00055,subscriptions,921.24,monthly,esewa
REC_NPE_00004741,NPU_00056,subscriptions,1728.34,monthly,esewa
REC_NPE_00004743,NPU_00057,subscriptions,2336.0,monthly,debit_card
REC_NPE_00004749,NPU_00060,subscriptions,1927.53,monthly,fonepay_qr
REC_NPE_00004752,NPU_00061,subscriptions,3034.7,monthly,cash
REC_NPE_00004753,NPU_00062,subscriptions,1963.61,monthly,bank_transfer
REC_NPE_00004755,NPU_00063,subscriptions,1849.19,monthly,cash
REC_NPE_00004758,NPU_00064,subscriptions,3708.11,monthly,cash
REC_NPE_00004764,NPU_00066,subscriptions,1910.71,monthly,khalti
REC_NPE_00004769,NPU_00068,subscriptions,2347.17,monthly,bank_transfer
REC_NPE_00004772,NPU_00070,subscriptions,1887.11,monthly,cash
REC_NPE_00004774,NPU_00071,subscriptions,4352.58,monthly,debit_card
REC_NPE_00004777,NPU_00072,subscriptions,4835.41,monthly,esewa
REC_NPE_00004778,NPU_00074,subscriptions,2262.57,monthly,bank_transfer
REC_NPE_00004781,NPU_00076,subscriptions,1309.03,monthly,cash
REC_NPE_00004784,NPU_00077,subscriptions,2375.53,monthly,esewa
REC_NPE_00004785,NPU_00078,subscriptions,2538.15,monthly,bank_transfer
REC_NPE_00005673,NPU_00004,rent,14990.19,monthly,cash
REC_NPE_00005676,NPU_00006,rent,17818.99,monthly,khalti
REC_NPE_00005678,NPU_00007,rent,18458.52,monthly,esewa
REC_NPE_00005683,NPU_00009,rent,14905.13,monthly,esewa
REC_NPE_00005684,NPU_00010,rent,17574.19,monthly,cash
REC_NPE_00005686,NPU_00012,rent,12122.47,monthly,debit_card
REC_NPE_00005687,NPU_00013,rent,41273.84,monthly,esewa
REC_NPE_00005688,NPU_00015,rent,52360.0,monthly,cash
REC_NPE_00005691,NPU_00017,rent,10074.67,monthly,bank_transfer
REC_NPE_00005693,NPU_00019,rent,32932.62,monthly,bank_transfer
REC_NPE_00005698,NPU_00022,rent,18813.48,monthly,esewa
REC_NPE_00005699,NPU_00023,rent,38771.05,monthly,khalti
REC_NPE_00005700,NPU_00024,rent,29439.16,monthly,khalti
REC_NPE_00005705,NPU_00025,rent,30271.72,monthly,cash
REC_NPE_00005709,NPU_00030,rent,26037.02,monthly,esewa
REC_NPE_00005712,NPU_00031,rent,26366.92,monthly,cash
REC_NPE_00005715,NPU_00033,rent,33483.8,monthly,bank_transfer
REC_NPE_00005718,NPU_00035,rent,42840.0,monthly,khalti
REC_NPE_00005722,NPU_00038,rent,15239.34,monthly,cash
REC_NPE_00005724,NPU_00039,rent,8645.57,monthly,cash
REC_NPE_00005727,NPU_00042,rent,24692.96,monthly,cash
REC_NPE_00005728,NPU_00043,rent,11459.59,monthly,cash
REC_NPE_00005733,NPU_00048,rent,22253.19,monthly,fonepay_qr
REC_NPE_00005742,NPU_00056,rent,39255.34,monthly,khalti
REC_NPE_00005745,NPU_00057,rent,15910.3,monthly,cash
REC_NPE_00005746,NPU_00058,rent,36866.77,monthly,cash
REC_NPE_00005751,NPU_00063,rent,21281.26,monthly,esewa
REC_NPE_00005759,NPU_00067,rent,29217.77,monthly,khalti
REC_NPE_00005767,NPU_00072,rent,8781.3,monthly,bank_transfer
REC_NPE_00005770,NPU_00075,rent,17881.91,monthly,cash
REC_NPE_00005773,NPU_00077,rent,11170.7,monthly,cash
REC_NPE_00005858,NPU_00006,savings_investment,15918.58,monthly,esewa
REC_NPE_00005866,NPU_00015,savings_investment,4389.4,monthly,debit_card
REC_NPE_00005869,NPU_00017,savings_investment,10584.59,monthly,esewa
REC_NPE_00005870,NPU_00018,savings_investment,3727.63,monthly,esewa
REC_NPE_00005877,NPU_00024,savings_investment,3962.33,monthly,esewa
REC_NPE_00005879,NPU_00025,savings_investment,3929.5,monthly,cash
REC_NPE_00005882,NPU_00027,savings_investment,5581.18,monthly,cash
REC_NPE_00005893,NPU_00035,savings_investment,3621.78,monthly,cash
REC_NPE_00005894,NPU_00038,savings_investment,16288.74,monthly,debit_card
REC_NPE_00005897,NPU_00041,savings_investment,4144.63,monthly,bank_transfer
REC_NPE_00005901,NPU_00044,savings_investment,875.05,monthly,esewa
REC_NPE_00005903,NPU_00046,savings_investment,4489.9,monthly,cash
REC_NPE_00005905,NPU_00048,savings_investment,17229.28,monthly,credit_card
REC_NPE_00005909,NPU_00052,savings_investment,6948.43,monthly,bank_transfer
REC_NPE_00005918,NPU_00056,savings_investment,7990.38,monthly,esewa
REC_NPE_00005919,NPU_00057,savings_investment,3990.89,monthly,debit_card
REC_NPE_00005924,NPU_00063,savings_investment,2244.47,monthly,esewa
REC_NPE_00005926,NPU_00064,savings_investment,17134.0,monthly,esewa
REC_NPE_00005930,NPU_00067,savings_investment,9117.38,monthly,bank_transfer
REC_NPE_00005933,NPU_00069,savings_investment,18888.08,monthly,fonepay_qr
REC_NPE_00005936,NPU_00070,savings_investment,16202.72,monthly,cash
REC_NPE_00005939,NPU_00071,savings_investment,634.04,monthly,fonepay_qr
REC_NPE_00005940,NPU_00072,savings_investment,332.01,monthly,debit_card
REC_NPE_00005943,NPU_00076,savings_investment,15496.45,monthly,khalti
REC_NPE_00005945,NPU_00077,savings_investment,1052.71,monthly,fonepay_qr
REC_NPE_00005946,NPU_00078,savings_investment,2963.49,monthly,esewa
REC_NPE_00005947,NPU_00079,savings_investment,14027.02,monthly,debit_card
REC_NPE_00005952,NPU_00080,savings_investment,13826.33,monthly,khalti
REC_NPE_00006072,NPU_00002,family_support,10321.32,monthly,fonepay_qr
REC_NPE_00006075,NPU_00003,family_support,11416.53,monthly,esewa
REC_NPE_00006077,NPU_00004,family_support,9079.14,monthly,cash
REC_NPE_00006080,NPU_00006,family_support,8649.13,monthly,cash
REC_NPE_00006083,NPU_00008,family_support,25973.81,monthly,cash
REC_NPE_00006087,NPU_00010,family_support,8593.62,monthly,bank_transfer
REC_NPE_00006091,NPU_00013,family_support,12762.2,monthly,debit_card
REC_NPE_00006093,NPU_00014,family_support,26125.36,monthly,cash
REC_NPE_00006097,NPU_00016,family_support,11197.44,monthly,cash
REC_NPE_00006104,NPU_00020,family_support,36954.43,monthly,bank_transfer
REC_NPE_00006109,NPU_00022,family_support,16556.57,monthly,cash
REC_NPE_00006117,NPU_00028,family_support,5004.08,monthly,fonepay_qr
REC_NPE_00006118,NPU_00029,family_support,17969.21,monthly,esewa
REC_NPE_00006120,NPU_00031,family_support,18318.19,monthly,khalti
REC_NPE_00006122,NPU_00032,family_support,30490.2,monthly,credit_card
REC_NPE_00006125,NPU_00033,family_support,16033.33,monthly,esewa
REC_NPE_00006127,NPU_00035,family_support,21403.35,monthly,cash
REC_NPE_00006133,NPU_00038,family_support,17411.01,monthly,debit_card
REC_NPE_00006134,NPU_00039,family_support,7828.0,monthly,debit_card
REC_NPE_00006135,NPU_00041,family_support,36235.0,monthly,credit_card
REC_NPE_00006136,NPU_00042,family_support,83197.1,monthly,khalti
REC_NPE_00006139,NPU_00043,family_support,7933.43,monthly,cash
REC_NPE_00006141,NPU_00044,family_support,24193.1,monthly,cash
REC_NPE_00006143,NPU_00045,family_support,3874.03,monthly,cash
REC_NPE_00006146,NPU_00047,family_support,18101.71,monthly,debit_card
REC_NPE_00006155,NPU_00051,family_support,6897.0,monthly,cash
REC_NPE_00006159,NPU_00054,family_support,9150.46,monthly,cash
REC_NPE_00006160,NPU_00055,family_support,18082.66,monthly,khalti
REC_NPE_00006164,NPU_00057,family_support,4617.43,monthly,credit_card
REC_NPE_00006166,NPU_00058,family_support,40218.76,monthly,cash
REC_NPE_00006173,NPU_00061,family_support,40891.09,monthly,cash
REC_NPE_00006178,NPU_00064,family_support,26605.56,monthly,cash
REC_NPE_00006183,NPU_00066,family_support,18493.34,monthly,cash
REC_NPE_00006186,NPU_00067,family_support,12203.4,monthly,esewa
REC_NPE_00006188,NPU_00068,family_support,13816.19,monthly,esewa
REC_NPE_00006193,NPU_00071,family_support,47393.28,monthly,cash
REC_NPE_00006196,NPU_00072,family_support,19226.5,monthly,esewa
REC_NPE_00006197,NPU_00074,family_support,15921.02,monthly,fonepay_qr
REC_NPE_00006200,NPU_00075,family_support,11252.49,monthly,esewa
REC_NPE_00006204,NPU_00077,family_support,27722.11,monthly,khalti
REC_NPE_00006207,NPU_00078,family_support,40739.67,monthly,cash
REC_NPE_00006208,NPU_00079,family_support,8696.21,monthly,debit_card
REC_NPE_00006210,NPU_00080,family_support,12492.75,monthly,esewa
REC_NPE_00006369,NPU_00002,utilities,4339.4,monthly,cash
REC_NPE_00006372,NPU_00005,utilities,1388.87,monthly,cash
REC_NPE_00006375,NPU_00006,utilities,1019.89,monthly,khalti
REC_NPE_00006378,NPU_00008,utilities,2550.46,monthly,cash
REC_NPE_00006380,NPU_00010,utilities,2476.31,monthly,esewa
REC_NPE_00006383,NPU_00013,utilities,10710.0,monthly,bank_transfer
REC_NPE_00006386,NPU_00014,utilities,11494.73,monthly,cash
REC_NPE_00006387,NPU_00015,utilities,3571.65,monthly,bank_transfer
REC_NPE_00006391,NPU_00016,utilities,5264.18,monthly,esewa
REC_NPE_00006392,NPU_00017,utilities,2795.45,monthly,credit_card
REC_NPE_00006395,NPU_00019,utilities,5116.81,monthly,khalti
REC_NPE_00006397,NPU_00020,utilities,5356.5,monthly,cash
REC_NPE_00006399,NPU_00021,utilities,6172.87,monthly,khalti
REC_NPE_00006400,NPU_00022,utilities,4469.73,monthly,debit_card
REC_NPE_00006403,NPU_00023,utilities,4469.89,monthly,credit_card
REC_NPE_00006405,NPU_00024,utilities,3385.86,monthly,cash
REC_NPE_00006407,NPU_00025,utilities,12750.0,monthly,debit_card
REC_NPE_00006410,NPU_00026,utilities,3683.61,monthly,cash
REC_NPE_00006411,NPU_00028,utilities,1684.15,monthly,debit_card
REC_NPE_00006412,NPU_00029,utilities,8500.94,monthly,cash
REC_NPE_00006414,NPU_00030,utilities,2105.82,monthly,khalti
REC_NPE_00006418,NPU_00031,utilities,8157.83,monthly,cash
REC_NPE_00006420,NPU_00032,utilities,5283.18,monthly,debit_card
REC_NPE_00006421,NPU_00033,utilities,1954.9,monthly,cash
REC_NPE_00006422,NPU_00034,utilities,1457.2,monthly,cash
REC_NPE_00006425,NPU_00035,utilities,987.59,monthly,cash
REC_NPE_00006428,NPU_00036,utilities,1829.27,monthly,esewa
REC_NPE_00006429,NPU_00037,utilities,6064.36,monthly,khalti
REC_NPE_00006430,NPU_00038,utilities,7955.44,monthly,cash
REC_NPE_00006432,NPU_00039,utilities,2075.67,monthly,cash
REC_NPE_00006435,NPU_00040,utilities,2275.87,monthly,cash
REC_NPE_00006436,NPU_00041,utilities,1723.73,monthly,cash
REC_NPE_00006439,NPU_00042,utilities,7490.44,monthly,cash
REC_NPE_00006443,NPU_00044,utilities,3059.89,monthly,bank_transfer
REC_NPE_00006445,NPU_00045,utilities,2286.54,monthly,cash
REC_NPE_00006449,NPU_00046,utilities,5231.48,monthly,credit_card
REC_NPE_00006451,NPU_00047,utilities,3667.52,monthly,bank_transfer
REC_NPE_00006453,NPU_00048,utilities,2894.63,monthly,cash
REC_NPE_00006455,NPU_00049,utilities,5592.87,monthly,bank_transfer
REC_NPE_00006456,NPU_00050,utilities,4530.07,monthly,cash
REC_NPE_00006457,NPU_00051,utilities,3097.05,monthly,bank_transfer
REC_NPE_00006459,NPU_00053,utilities,1057.91,monthly,khalti
REC_NPE_00006461,NPU_00054,utilities,654.44,monthly,debit_card
REC_NPE_00006463,NPU_00055,utilities,5461.85,monthly,cash
REC_NPE_00006466,NPU_00057,utilities,3004.58,monthly,cash
REC_NPE_00006468,NPU_00058,utilities,3811.41,monthly,bank_transfer
REC_NPE_00006470,NPU_00059,utilities,9462.34,monthly,cash
REC_NPE_00006473,NPU_00064,utilities,4971.09,monthly,esewa
REC_NPE_00006474,NPU_00065,utilities,1600.46,monthly,cash
REC_NPE_00006475,NPU_00066,utilities,3639.14,monthly,esewa
REC_NPE_00006478,NPU_00069,utilities,6512.56,monthly,esewa
REC_NPE_00006479,NPU_00073,utilities,4909.97,monthly,bank_transfer
REC_NPE_00006483,NPU_00074,utilities,2111.65,monthly,esewa
REC_NPE_00006485,NPU_00075,utilities,4194.98,monthly,cash
REC_NPE_00006488,NPU_00077,utilities,2890.21,monthly,bank_transfer
REC_NPE_00006490,NPU_00078,utilities,2681.54,monthly,cash
REC_NPE_00006491,NPU_00079,utilities,1452.92,monthly,cash
REC_NPE_00006493,NPU_00080,utilities,2576.0,monthly,cash
REC_NPE_00006747,NPU_00001,internet_mobile,1643.11,monthly,credit_card
REC_NPE_00006749,NPU_00002,internet_mobile,397.2,monthly,cash
REC_NPE_00006751,NPU_00003,internet_mobile,837.61,monthly,cash
REC_NPE_00006756,NPU_00005,internet_mobile,1834.97,monthly,esewa
REC_NPE_00006762,NPU_00009,internet_mobile,2544.5,monthly,cash
REC_NPE_00006765,NPU_00010,internet_mobile,619.13,monthly,cash
REC_NPE_00006768,NPU_00011,internet_mobile,1839.66,monthly,cash
REC_NPE_00006771,NPU_00012,internet_mobile,2842.29,monthly,khalti
REC_NPE_00006773,NPU_00013,internet_mobile,1345.75,monthly,cash
REC_NPE_00006774,NPU_00014,internet_mobile,4287.67,monthly,cash
REC_NPE_00006776,NPU_00015,internet_mobile,1061.13,monthly,bank_transfer
REC_NPE_00006778,NPU_00016,internet_mobile,975.29,monthly,cash
REC_NPE_00006779,NPU_00017,internet_mobile,918.46,monthly,bank_transfer
REC_NPE_00006781,NPU_00018,internet_mobile,1454.17,monthly,cash
REC_NPE_00006783,NPU_00019,internet_mobile,1251.22,monthly,debit_card
REC_NPE_00006786,NPU_00021,internet_mobile,1627.84,monthly,bank_transfer
REC_NPE_00006789,NPU_00022,internet_mobile,395.51,monthly,cash
REC_NPE_00006791,NPU_00023,internet_mobile,1989.63,monthly,khalti
REC_NPE_00006796,NPU_00026,internet_mobile,2144.59,monthly,cash
REC_NPE_00006797,NPU_00027,internet_mobile,996.24,monthly,credit_card
REC_NPE_00006800,NPU_00031,internet_mobile,3847.2,monthly,debit_card
REC_NPE_00006803,NPU_00032,internet_mobile,2039.64,monthly,cash
REC_NPE_00006804,NPU_00033,internet_mobile,2131.52,monthly,cash
REC_NPE_00006806,NPU_00034,internet_mobile,642.64,monthly,esewa
REC_NPE_00006809,NPU_00035,internet_mobile,1524.18,monthly,cash
REC_NPE_00006815,NPU_00037,internet_mobile,2713.54,monthly,cash
REC_NPE_00006818,NPU_00039,internet_mobile,1848.54,monthly,bank_transfer
REC_NPE_00006820,NPU_00040,internet_mobile,1844.6,monthly,khalti
REC_NPE_00006822,NPU_00041,internet_mobile,1597.66,monthly,cash
REC_NPE_00006824,NPU_00042,internet_mobile,3226.46,monthly,cash
REC_NPE_00006826,NPU_00043,internet_mobile,3757.06,monthly,cash
REC_NPE_00006830,NPU_00044,internet_mobile,1427.62,monthly,cash
REC_NPE_00006831,NPU_00046,internet_mobile,1111.57,monthly,fonepay_qr
REC_NPE_00006833,NPU_00047,internet_mobile,2674.44,monthly,credit_card
REC_NPE_00006835,NPU_00048,internet_mobile,1075.17,monthly,cash
REC_NPE_00006837,NPU_00049,internet_mobile,1558.69,monthly,bank_transfer
REC_NPE_00006839,NPU_00050,internet_mobile,2035.69,monthly,cash
REC_NPE_00006841,NPU_00051,internet_mobile,993.9,monthly,khalti
REC_NPE_00006843,NPU_00052,internet_mobile,2740.87,monthly,debit_card
REC_NPE_00006845,NPU_00053,internet_mobile,1885.84,monthly,esewa
REC_NPE_00006847,NPU_00055,internet_mobile,1409.54,monthly,cash
REC_NPE_00006850,NPU_00056,internet_mobile,849.12,monthly,debit_card
REC_NPE_00006855,NPU_00059,internet_mobile,1184.17,monthly,bank_transfer
REC_NPE_00006857,NPU_00060,internet_mobile,1680.3,monthly,cash
REC_NPE_00006859,NPU_00061,internet_mobile,1850.42,monthly,cash
REC_NPE_00006861,NPU_00062,internet_mobile,2988.25,monthly,cash
REC_NPE_00006864,NPU_00063,internet_mobile,1289.89,monthly,bank_transfer
REC_NPE_00006871,NPU_00065,internet_mobile,1108.85,monthly,cash
REC_NPE_00006874,NPU_00067,internet_mobile,1583.4,monthly,bank_transfer
REC_NPE_00006876,NPU_00068,internet_mobile,1152.64,monthly,cash
REC_NPE_00006878,NPU_00069,internet_mobile,1275.31,monthly,cash
REC_NPE_00006879,NPU_00070,internet_mobile,994.04,monthly,esewa
REC_NPE_00006885,NPU_00072,internet_mobile,2284.49,monthly,cash
REC_NPE_00006889,NPU_00073,internet_mobile,865.06,monthly,khalti
REC_NPE_00006891,NPU_00074,internet_mobile,1410.97,monthly,khalti
REC_NPE_00006893,NPU_00075,internet_mobile,3181.98,monthly,cash
REC_NPE_00006896,NPU_00076,internet_mobile,1498.47,monthly,cash
REC_NPE_00006899,NPU_00077,internet_mobile,1174.11,monthly,cash
REC_NPE_00006901,NPU_00078,internet_mobile,2701.5,monthly,debit_card
REC_NPE_00006903,NPU_00079,internet_mobile,1410.45,monthly,bank_transfer
REC_NPE_00006905,NPU_00080,internet_mobile,1579.26,monthly,cash
REC_NPE_00007104,NPU_00001,loan_emi,29794.84,monthly,cash
REC_NPE_00007107,NPU_00002,loan_emi,23869.43,monthly,khalti
REC_NPE_00007111,NPU_00003,loan_emi,5458.08,monthly,esewa
REC_NPE_00007116,NPU_00005,loan_emi,20115.53,monthly,cash
REC_NPE_00007119,NPU_00007,loan_emi,12207.91,monthly,cash
REC_NPE_00007122,NPU_00010,loan_emi,36299.51,monthly,fonepay_qr
REC_NPE_00007126,NPU_00012,loan_emi,12937.77,monthly,esewa
REC_NPE_00007129,NPU_00013,loan_emi,6401.32,monthly,cash
REC_NPE_00007137,NPU_00016,loan_emi,14265.53,monthly,bank_transfer
REC_NPE_00007148,NPU_00025,loan_emi,16862.96,monthly,cash
REC_NPE_00007153,NPU_00027,loan_emi,26070.95,monthly,cash
REC_NPE_00007156,NPU_00029,loan_emi,20833.84,monthly,cash
REC_NPE_00007161,NPU_00032,loan_emi,21347.98,monthly,cash
REC_NPE_00007168,NPU_00037,loan_emi,14570.08,monthly,cash
REC_NPE_00007174,NPU_00043,loan_emi,17820.86,monthly,cash
REC_NPE_00007176,NPU_00046,loan_emi,19840.27,monthly,esewa
REC_NPE_00007180,NPU_00054,loan_emi,15255.95,monthly,esewa
REC_NPE_00007183,NPU_00056,loan_emi,13843.6,monthly,cash
REC_NPE_00007188,NPU_00059,loan_emi,14251.98,monthly,bank_transfer
REC_NPE_00007201,NPU_00070,loan_emi,13733.12,monthly,fonepay_qr
REC_NPE_00007206,NPU_00078,loan_emi,6279.15,monthly,bank_transfer
REC_NPE_00007382,NPU_00001,subscriptions,1802.68,monthly,debit_card
REC_NPE_00007385,NPU_00002,subscriptions,2954.75,monthly,khalti
REC_NPE_00007390,NPU_00003,subscriptions,3484.98,monthly,debit_card
REC_NPE_00007396,NPU_00008,subscriptions,3666.45,monthly,cash
REC_NPE_00007398,NPU_00009,subscriptions,533.82,monthly,bank_transfer
REC_NPE_00007401,NPU_00010,subscriptions,1299.32,monthly,cash
REC_NPE_00007403,NPU_00011,subscriptions,3866.79,monthly,debit_card
REC_NPE_00007409,NPU_00016,subscriptions,1889.72,monthly,fonepay_qr
REC_NPE_00007411,NPU_00017,subscriptions,2534.73,monthly,fonepay_qr
REC_NPE_00007420,NPU_00023,subscriptions,3157.06,monthly,esewa
REC_NPE_00007427,NPU_00030,subscriptions,6093.86,monthly,debit_card
REC_NPE_00007431,NPU_00031,subscriptions,2497.25,monthly,cash
REC_NPE_00007433,NPU_00032,subscriptions,3392.37,monthly,debit_card
REC_NPE_00007435,NPU_00033,subscriptions,1036.3,monthly,bank_transfer
REC_NPE_00007439,NPU_00035,subscriptions,1727.09,monthly,esewa
REC_NPE_00007441,NPU_00036,subscriptions,1245.26,monthly,esewa
REC_NPE_00007451,NPU_00042,subscriptions,3649.23,monthly,cash
REC_NPE_00007453,NPU_00044,subscriptions,1563.21,monthly,bank_transfer
REC_NPE_00007456,NPU_00046,subscriptions,3177.53,monthly,cash
REC_NPE_00007462,NPU_00049,subscriptions,3069.82,monthly,cash
REC_NPE_00007463,NPU_00050,subscriptions,2159.94,monthly,cash
REC_NPE_00007465,NPU_00052,subscriptions,4426.84,monthly,esewa
REC_NPE_00007467,NPU_00054,subscriptions,1859.27,monthly,fonepay_qr
REC_NPE_00007470,NPU_00057,subscriptions,2326.52,monthly,cash
REC_NPE_00007471,NPU_00058,subscriptions,2617.54,monthly,cash
REC_NPE_00007473,NPU_00059,subscriptions,4740.05,monthly,cash
REC_NPE_00007474,NPU_00060,subscriptions,3985.85,monthly,esewa
REC_NPE_00007476,NPU_00061,subscriptions,1153.61,monthly,fonepay_qr
REC_NPE_00007478,NPU_00062,subscriptions,2068.89,monthly,debit_card
REC_NPE_00007479,NPU_00063,subscriptions,2399.71,monthly,khalti
REC_NPE_00007481,NPU_00064,subscriptions,5979.15,monthly,cash
REC_NPE_00007484,NPU_00067,subscriptions,2266.7,monthly,bank_transfer
REC_NPE_00007488,NPU_00069,subscriptions,3729.56,monthly,cash
REC_NPE_00007492,NPU_00071,subscriptions,1345.1,monthly,khalti
REC_NPE_00007494,NPU_00073,subscriptions,1817.17,monthly,cash
REC_NPE_00007497,NPU_00075,subscriptions,1259.76,monthly,debit_card
REC_NPE_00007500,NPU_00077,subscriptions,1733.42,monthly,khalti
REC_NPE_00007501,NPU_00078,subscriptions,2883.73,monthly,bank_transfer
REC_NPE_00007503,NPU_00079,subscriptions,2326.73,monthly,cash
REC_NPE_00007506,NPU_00080,subscriptions,2042.93,monthly,cash
REC_NPE_00008607,NPU_00004,rent,19657.09,monthly,cash
REC_NPE_00008609,NPU_00005,rent,41845.8,monthly,bank_transfer
REC_NPE_00008613,NPU_00007,rent,11896.53,monthly,cash
REC_NPE_00008617,NPU_00009,rent,40501.24,monthly,debit_card
REC_NPE_00008619,NPU_00012,rent,29397.41,monthly,khalti
REC_NPE_00008621,NPU_00013,rent,29811.18,monthly,cash
REC_NPE_00008629,NPU_00019,rent,46082.4,monthly,cash
REC_NPE_00008632,NPU_00021,rent,34098.6,monthly,fonepay_qr
REC_NPE_00008634,NPU_00022,rent,16523.79,monthly,esewa
REC_NPE_00008636,NPU_00023,rent,21329.28,monthly,esewa
REC_NPE_00008637,NPU_00024,rent,33106.21,monthly,cash
REC_NPE_00008639,NPU_00025,rent,70867.99,monthly,khalti
REC_NPE_00008640,NPU_00026,rent,11059.55,monthly,khalti
REC_NPE_00008649,NPU_00034,rent,52360.0,monthly,debit_card
REC_NPE_00008651,NPU_00035,rent,5760.0,monthly,bank_transfer
REC_NPE_00008660,NPU_00043,rent,11132.91,monthly,esewa
REC_NPE_00008664,NPU_00048,rent,29488.63,monthly,cash
REC_NPE_00008666,NPU_00049,rent,19762.68,monthly,cash
REC_NPE_00008669,NPU_00051,rent,15460.36,monthly,cash
REC_NPE_00008673,NPU_00053,rent,52360.0,monthly,cash
REC_NPE_00008675,NPU_00055,rent,45756.63,monthly,debit_card
REC_NPE_00008677,NPU_00056,rent,17670.75,monthly,khalti
REC_NPE_00008680,NPU_00057,rent,22522.97,monthly,cash
REC_NPE_00008686,NPU_00061,rent,23482.19,monthly,cash
REC_NPE_00008689,NPU_00063,rent,11009.95,monthly,esewa
REC_NPE_00008692,NPU_00064,rent,13978.64,monthly,bank_transfer
REC_NPE_00008694,NPU_00066,rent,45445.79,monthly,debit_card
REC_NPE_00008695,NPU_00067,rent,25214.81,monthly,cash
REC_NPE_00008702,NPU_00072,rent,31389.62,monthly,esewa
REC_NPE_00008707,NPU_00075,rent,34575.16,monthly,cash
REC_NPE_00008709,NPU_00077,rent,21750.9,monthly,cash
REC_NPE_00008711,NPU_00080,rent,7040.0,monthly,cash
REC_NPE_00008820,NPU_00001,savings_investment,7627.22,monthly,cash
REC_NPE_00008832,NPU_00006,savings_investment,20943.6,monthly,cash
REC_NPE_00008835,NPU_00007,savings_investment,10611.67,monthly,khalti
REC_NPE_00008844,NPU_00017,savings_investment,9541.42,monthly,debit_card
REC_NPE_00008850,NPU_00020,savings_investment,5801.87,monthly,cash
REC_NPE_00008851,NPU_00021,savings_investment,4688.74,monthly,fonepay_qr
REC_NPE_00008856,NPU_00025,savings_investment,5112.53,monthly,cash
REC_NPE_00008859,NPU_00027,savings_investment,8710.27,monthly,debit_card
REC_NPE_00008861,NPU_00029,savings_investment,22277.73,monthly,esewa
REC_NPE_00008862,NPU_00030,savings_investment,7116.56,monthly,cash
REC_NPE_00008869,NPU_00036,savings_investment,4378.76,monthly,esewa
REC_NPE_00008873,NPU_00039,savings_investment,13752.46,monthly,cash
REC_NPE_00008876,NPU_00044,savings_investment,936.07,monthly,debit_card
REC_NPE_00008881,NPU_00049,savings_investment,5918.82,monthly,cash
REC_NPE_00008890,NPU_00056,savings_investment,8266.88,monthly,debit_card
REC_NPE_00008891,NPU_00058,savings_investment,34990.13,monthly,cash
REC_NPE_00008897,NPU_00065,savings_investment,9443.3,monthly,cash
REC_NPE_00008901,NPU_00068,savings_investment,4775.0,monthly,cash
REC_NPE_00008992,NPU_00003,family_support,18499.07,monthly,debit_card
REC_NPE_00008993,NPU_00004,family_support,33685.68,monthly,khalti
REC_NPE_00008994,NPU_00005,family_support,25137.33,monthly,cash
REC_NPE_00008995,NPU_00006,family_support,30329.43,monthly,fonepay_qr
REC_NPE_00008999,NPU_00011,family_support,16833.85,monthly,cash
REC_NPE_00009002,NPU_00013,family_support,30034.89,monthly,cash
REC_NPE_00009004,NPU_00014,family_support,24581.25,monthly,cash
REC_NPE_00009014,NPU_00021,family_support,31893.9,monthly,esewa
REC_NPE_00009016,NPU_00023,family_support,11637.26,monthly,esewa
REC_NPE_00009017,NPU_00024,family_support,33334.06,monthly,fonepay_qr
REC_NPE_00009019,NPU_00026,family_support,15216.33,monthly,credit_card
REC_NPE_00009022,NPU_00027,family_support,8676.73,monthly,cash
REC_NPE_00009023,NPU_00028,family_support,10552.49,monthly,bank_transfer
REC_NPE_00009026,NPU_00029,family_support,5213.47,monthly,cash
REC_NPE_00009028,NPU_00030,family_support,27085.46,monthly,esewa
REC_NPE_00009030,NPU_00031,family_support,23990.78,monthly,fonepay_qr
REC_NPE_00009035,NPU_00034,family_support,14165.89,monthly,credit_card
REC_NPE_00009037,NPU_00035,family_support,15981.47,monthly,credit_card
REC_NPE_00009039,NPU_00036,family_support,13385.95,monthly,bank_transfer
REC_NPE_00009040,NPU_00037,family_support,12874.16,monthly,esewa
REC_NPE_00009044,NPU_00038,family_support,25716.3,monthly,esewa
REC_NPE_00009053,NPU_00042,family_support,27613.84,monthly,bank_transfer
REC_NPE_00009060,NPU_00046,family_support,20321.61,monthly,khalti
REC_NPE_00009063,NPU_00047,family_support,11834.8,monthly,debit_card
REC_NPE_00009065,NPU_00049,family_support,14294.15,monthly,cash
REC_NPE_00009069,NPU_00051,family_support,18633.09,monthly,khalti
REC_NPE_00009075,NPU_00054,family_support,26515.87,monthly,debit_card
REC_NPE_00009076,NPU_00055,family_support,9402.12,monthly,credit_card
REC_NPE_00009085,NPU_00057,family_support,8533.45,monthly,fonepay_qr
REC_NPE_00009088,NPU_00059,family_support,18861.66,monthly,fonepay_qr
REC_NPE_00009091,NPU_00060,family_support,15705.86,monthly,cash
REC_NPE_00009094,NPU_00061,family_support,45455.56,monthly,cash
REC_NPE_00009096,NPU_00062,family_support,36793.98,monthly,cash
REC_NPE_00009098,NPU_00063,family_support,10693.61,monthly,debit_card
REC_NPE_00009101,NPU_00066,family_support,6187.6,monthly,cash
REC_NPE_00009104,NPU_00067,family_support,9668.12,monthly,fonepay_qr
REC_NPE_00009108,NPU_00068,family_support,8197.54,monthly,debit_card
REC_NPE_00009111,NPU_00070,family_support,13712.32,monthly,cash
REC_NPE_00009114,NPU_00072,family_support,34328.29,monthly,cash
REC_NPE_00009115,NPU_00075,family_support,28604.29,monthly,khalti
REC_NPE_00009117,NPU_00076,family_support,18325.29,monthly,cash
REC_NPE_00009119,NPU_00078,family_support,22941.28,monthly,esewa
REC_NPE_00009120,NPU_00079,family_support,9403.49,monthly,cash
REC_NPE_00009283,NPU_00001,utilities,1945.3,monthly,cash
REC_NPE_00009287,NPU_00003,utilities,1889.22,monthly,cash
REC_NPE_00009290,NPU_00004,utilities,6124.05,monthly,cash
REC_NPE_00009294,NPU_00006,utilities,2425.4,monthly,cash
REC_NPE_00009297,NPU_00007,utilities,2661.57,monthly,debit_card
REC_NPE_00009299,NPU_00008,utilities,3286.22,monthly,debit_card
REC_NPE_00009303,NPU_00013,utilities,6044.18,monthly,cash
REC_NPE_00009306,NPU_00015,utilities,1883.64,monthly,cash
REC_NPE_00009308,NPU_00016,utilities,3781.45,monthly,khalti
REC_NPE_00009309,NPU_00017,utilities,4826.06,monthly,debit_card
REC_NPE_00009311,NPU_00018,utilities,4662.19,monthly,cash
REC_NPE_00009317,NPU_00020,utilities,6077.36,monthly,khalti
REC_NPE_00009318,NPU_00021,utilities,3956.13,monthly,cash
REC_NPE_00009320,NPU_00023,utilities,6694.43,monthly,debit_card
REC_NPE_00009322,NPU_00024,utilities,4424.03,monthly,khalti
REC_NPE_00009325,NPU_00025,utilities,4143.64,monthly,cash
REC_NPE_00009328,NPU_00026,utilities,1831.85,monthly,bank_transfer
REC_NPE_00009329,NPU_00027,utilities,6496.88,monthly,credit_card
REC_NPE_00009330,NPU_00028,utilities,4350.86,monthly,fonepay_qr
REC_NPE_00009331,NPU_00029,utilities,3250.52,monthly,cash
REC_NPE_00009336,NPU_00031,utilities,3308.36,monthly,cash
REC_NPE_00009339,NPU_00033,utilities,4440.87,monthly,cash
REC_NPE_00009342,NPU_00035,utilities,2594.6,monthly,cash
REC_NPE_00009346,NPU_00036,utilities,3061.49,monthly,khalti
REC_NPE_00009348,NPU_00037,utilities,5170.02,monthly,bank_transfer
REC_NPE_00009350,NPU_00038,utilities,12750.0,monthly,cash
REC_NPE_00009353,NPU_00040,utilities,9353.12,monthly,bank_transfer
REC_NPE_00009356,NPU_00041,utilities,7717.43,monthly,bank_transfer
REC_NPE_00009361,NPU_00043,utilities,1757.53,monthly,esewa
REC_NPE_00009362,NPU_00045,utilities,4348.61,monthly,cash
REC_NPE_00009364,NPU_00046,utilities,525.0,monthly,esewa
REC_NPE_00009366,NPU_00047,utilities,3750.86,monthly,cash
REC_NPE_00009368,NPU_00048,utilities,4432.16,monthly,cash
REC_NPE_00009371,NPU_00050,utilities,2219.96,monthly,cash
REC_NPE_00009372,NPU_00051,utilities,614.81,monthly,esewa
REC_NPE_00009375,NPU_00052,utilities,3183.48,monthly,khalti
REC_NPE_00009378,NPU_00053,utilities,2512.99,monthly,fonepay_qr
REC_NPE_00009383,NPU_00055,utilities,3608.12,monthly,cash
REC_NPE_00009385,NPU_00056,utilities,2318.14,monthly,cash
REC_NPE_00009386,NPU_00057,utilities,1756.38,monthly,cash
REC_NPE_00009390,NPU_00059,utilities,5506.69,monthly,cash
REC_NPE_00009393,NPU_00060,utilities,4572.4,monthly,debit_card
REC_NPE_00009395,NPU_00061,utilities,3206.53,monthly,cash
REC_NPE_00009396,NPU_00062,utilities,4157.96,monthly,cash
REC_NPE_00009398,NPU_00064,utilities,1284.25,monthly,cash
REC_NPE_00009400,NPU_00066,utilities,3446.89,monthly,cash
REC_NPE_00009403,NPU_00067,utilities,2069.72,monthly,credit_card
REC_NPE_00009405,NPU_00068,utilities,6034.82,monthly,khalti
REC_NPE_00009411,NPU_00070,utilities,1391.18,monthly,cash
REC_NPE_00009413,NPU_00071,utilities,8613.62,monthly,cash
REC_NPE_00009414,NPU_00072,utilities,3540.89,monthly,bank_transfer
REC_NPE_00009416,NPU_00073,utilities,10768.35,monthly,cash
REC_NPE_00009418,NPU_00074,utilities,7668.96,monthly,cash
REC_NPE_00009419,NPU_00075,utilities,3258.1,monthly,khalti
REC_NPE_00009423,NPU_00076,utilities,2190.6,monthly,cash
REC_NPE_00009426,NPU_00077,utilities,4885.33,monthly,fonepay_qr
REC_NPE_00009427,NPU_00078,utilities,3816.12,monthly,esewa
REC_NPE_00009431,NPU_00079,utilities,2002.02,monthly,cash
REC_NPE_00009433,NPU_00080,utilities,5879.27,monthly,cash
REC_NPE_00009711,NPU_00001,internet_mobile,4399.84,monthly,esewa
REC_NPE_00009714,NPU_00002,internet_mobile,3012.82,monthly,esewa
REC_NPE_00009716,NPU_00003,internet_mobile,3887.24,monthly,esewa
REC_NPE_00009718,NPU_00005,internet_mobile,2812.4,monthly,khalti
REC_NPE_00009719,NPU_00006,internet_mobile,2044.62,monthly,cash
REC_NPE_00009723,NPU_00010,internet_mobile,5236.0,monthly,cash
REC_NPE_00009725,NPU_00011,internet_mobile,2189.57,monthly,fonepay_qr
REC_NPE_00009726,NPU_00012,internet_mobile,1386.87,monthly,esewa
REC_NPE_00009728,NPU_00013,internet_mobile,994.54,monthly,cash
REC_NPE_00009730,NPU_00015,internet_mobile,2671.23,monthly,esewa
REC_NPE_00009734,NPU_00016,internet_mobile,2736.16,monthly,cash
REC_NPE_00009737,NPU_00017,internet_mobile,2952.69,monthly,cash
REC_NPE_00009738,NPU_00018,internet_mobile,1357.09,monthly,cash
REC_NPE_00009739,NPU_00019,internet_mobile,1409.14,monthly,esewa
REC_NPE_00009741,NPU_00020,internet_mobile,2867.28,monthly,esewa
REC_NPE_00009742,NPU_00021,internet_mobile,628.62,monthly,esewa
REC_NPE_00009744,NPU_00022,internet_mobile,1091.7,monthly,cash
REC_NPE_00009747,NPU_00024,internet_mobile,1604.48,monthly,esewa
REC_NPE_00009749,NPU_00025,internet_mobile,3764.85,monthly,fonepay_qr
REC_NPE_00009752,NPU_00026,internet_mobile,1810.01,monthly,debit_card
REC_NPE_00009753,NPU_00027,internet_mobile,1514.68,monthly,bank_transfer
REC_NPE_00009755,NPU_00028,internet_mobile,544.07,monthly,cash
REC_NPE_00009757,NPU_00029,internet_mobile,2391.83,monthly,cash
REC_NPE_00009759,NPU_00030,internet_mobile,2061.81,monthly,cash
REC_NPE_00009761,NPU_00031,internet_mobile,2053.6,monthly,cash
REC_NPE_00009762,NPU_00032,internet_mobile,1386.83,monthly,bank_transfer
REC_NPE_00009766,NPU_00033,internet_mobile,1196.73,monthly,bank_transfer
REC_NPE_00009769,NPU_00035,internet_mobile,1084.88,monthly,credit_card
REC_NPE_00009770,NPU_00036,internet_mobile,931.69,monthly,cash
REC_NPE_00009774,NPU_00037,internet_mobile,981.34,monthly,debit_card
REC_NPE_00009777,NPU_00039,internet_mobile,1390.13,monthly,esewa
REC_NPE_00009780,NPU_00040,internet_mobile,1472.18,monthly,cash
REC_NPE_00009784,NPU_00042,internet_mobile,3162.62,monthly,credit_card
REC_NPE_00009785,NPU_00043,internet_mobile,1247.56,monthly,esewa
REC_NPE_00009788,NPU_00044,internet_mobile,2901.91,monthly,esewa
REC_NPE_00009789,NPU_00045,internet_mobile,1941.2,monthly,khalti
REC_NPE_00009791,NPU_00046,internet_mobile,2392.85,monthly,cash
REC_NPE_00009794,NPU_00048,internet_mobile,1108.0,monthly,esewa
REC_NPE_00009797,NPU_00049,internet_mobile,3475.13,monthly,esewa
REC_NPE_00009799,NPU_00050,internet_mobile,3335.21,monthly,debit_card
REC_NPE_00009801,NPU_00052,internet_mobile,1280.84,monthly,cash
REC_NPE_00009803,NPU_00054,internet_mobile,1181.48,monthly,cash
REC_NPE_00009804,NPU_00055,internet_mobile,3425.85,monthly,esewa
REC_NPE_00009806,NPU_00056,internet_mobile,3466.78,monthly,bank_transfer
REC_NPE_00009808,NPU_00057,internet_mobile,950.14,monthly,bank_transfer
REC_NPE_00009809,NPU_00058,internet_mobile,1585.36,monthly,bank_transfer
REC_NPE_00009810,NPU_00060,internet_mobile,3054.71,monthly,cash
REC_NPE_00009812,NPU_00061,internet_mobile,4546.53,monthly,esewa
REC_NPE_00009816,NPU_00063,internet_mobile,919.55,monthly,cash
REC_NPE_00009821,NPU_00065,internet_mobile,1784.26,monthly,esewa
REC_NPE_00009824,NPU_00068,internet_mobile,1549.41,monthly,fonepay_qr
REC_NPE_00009828,NPU_00070,internet_mobile,1713.61,monthly,cash
REC_NPE_00009830,NPU_00071,internet_mobile,3901.59,monthly,khalti
REC_NPE_00009832,NPU_00072,internet_mobile,1179.08,monthly,cash
REC_NPE_00009833,NPU_00073,internet_mobile,928.59,monthly,cash
REC_NPE_00009837,NPU_00075,internet_mobile,1708.51,monthly,khalti
REC_NPE_00009838,NPU_00076,internet_mobile,2068.35,monthly,khalti
REC_NPE_00009839,NPU_00077,internet_mobile,1801.94,monthly,cash
REC_NPE_00009840,NPU_00078,internet_mobile,3609.06,monthly,khalti
REC_NPE_00009842,NPU_00079,internet_mobile,518.49,monthly,cash
REC_NPE_00009844,NPU_00080,internet_mobile,1399.12,monthly,cash
REC_NPE_00009994,NPU_00003,loan_emi,10559.99,monthly,esewa
REC_NPE_00009996,NPU_00005,loan_emi,12059.45,monthly,cash
REC_NPE_00009999,NPU_00006,loan_emi,30409.98,monthly,cash
REC_NPE_00010004,NPU_00009,loan_emi,18174.16,monthly,bank_transfer
REC_NPE_00010007,NPU_00011,loan_emi,43057.19,monthly,cash
REC_NPE_00010027,NPU_00022,loan_emi,5068.62,monthly,esewa
REC_NPE_00010036,NPU_00028,loan_emi,21032.19,monthly,cash
REC_NPE_00010037,NPU_00029,loan_emi,10229.33,monthly,debit_card
REC_NPE_00010046,NPU_00036,loan_emi,11637.83,monthly,bank_transfer
REC_NPE_00010054,NPU_00045,loan_emi,14351.33,monthly,cash
REC_NPE_00010060,NPU_00052,loan_emi,11801.11,monthly,cash
REC_NPE_00010063,NPU_00053,loan_emi,12245.02,monthly,cash
REC_NPE_00010072,NPU_00061,loan_emi,19234.04,monthly,credit_card
REC_NPE_00010074,NPU_00062,loan_emi,12885.97,monthly,cash
REC_NPE_00010076,NPU_00063,loan_emi,8811.39,monthly,bank_transfer
REC_NPE_00010088,NPU_00068,loan_emi,26686.62,monthly,credit_card
REC_NPE_00010090,NPU_00069,loan_emi,7039.03,monthly,bank_transfer
REC_NPE_00010294,NPU_00001,subscriptions,3376.34,monthly,credit_card
REC_NPE_00010296,NPU_00002,subscriptions,684.91,monthly,cash
REC_NPE_00010300,NPU_00004,subscriptions,4424.06,monthly,cash
REC_NPE_00010305,NPU_00009,subscriptions,5488.25,monthly,khalti
REC_NPE_00010307,NPU_00010,subscriptions,862.57,monthly,esewa
REC_NPE_00010313,NPU_00012,subscriptions,2272.47,monthly,cash
REC_NPE_00010314,NPU_00014,subscriptions,3389.36,monthly,debit_card
REC_NPE_00010315,NPU_00015,subscriptions,937.8,monthly,khalti
REC_NPE_00010317,NPU_00017,subscriptions,1954.26,monthly,esewa
REC_NPE_00010319,NPU_00018,subscriptions,2014.57,monthly,debit_card
REC_NPE_00010323,NPU_00020,subscriptions,3379.6,monthly,fonepay_qr
REC_NPE_00010325,NPU_00022,subscriptions,2572.08,monthly,cash
REC_NPE_00010327,NPU_00023,subscriptions,2278.31,monthly,khalti
REC_NPE_00010329,NPU_00025,subscriptions,2243.11,monthly,cash
REC_NPE_00010331,NPU_00026,subscriptions,4023.76,monthly,bank_transfer
REC_NPE_00010333,NPU_00027,subscriptions,3195.23,monthly,bank_transfer
REC_NPE_00010336,NPU_00029,subscriptions,3923.27,monthly,cash
REC_NPE_00010341,NPU_00033,subscriptions,2400.44,monthly,bank_transfer
REC_NPE_00010344,NPU_00034,subscriptions,1428.74,monthly,debit_card
REC_NPE_00010345,NPU_00035,subscriptions,2822.41,monthly,cash
REC_NPE_00010347,NPU_00037,subscriptions,7140.0,monthly,debit_card
REC_NPE_00010348,NPU_00038,subscriptions,2000.23,monthly,bank_transfer
REC_NPE_00010351,NPU_00042,subscriptions,1913.45,monthly,khalti
REC_NPE_00010353,NPU_00043,subscriptions,3948.04,monthly,esewa
REC_NPE_00010356,NPU_00044,subscriptions,3014.47,monthly,khalti
REC_NPE_00010357,NPU_00045,subscriptions,3449.16,monthly,cash
REC_NPE_00010358,NPU_00046,subscriptions,4950.68,monthly,bank_transfer
REC_NPE_00010360,NPU_00048,subscriptions,1505.79,monthly,cash
REC_NPE_00010365,NPU_00050,subscriptions,2257.12,monthly,cash
REC_NPE_00010366,NPU_00051,subscriptions,1766.45,monthly,bank_transfer
REC_NPE_00010371,NPU_00057,subscriptions,1826.37,monthly,cash
REC_NPE_00010372,NPU_00058,subscriptions,2221.16,monthly,cash
REC_NPE_00010373,NPU_00059,subscriptions,1898.45,monthly,bank_transfer
REC_NPE_00010375,NPU_00062,subscriptions,6071.01,monthly,cash
REC_NPE_00010377,NPU_00063,subscriptions,5175.79,monthly,cash
REC_NPE_00010381,NPU_00064,subscriptions,1170.39,monthly,esewa
REC_NPE_00010382,NPU_00067,subscriptions,1423.35,monthly,khalti
REC_NPE_00010388,NPU_00070,subscriptions,4102.6,monthly,cash
REC_NPE_00010389,NPU_00071,subscriptions,5984.0,monthly,bank_transfer
REC_NPE_00010394,NPU_00074,subscriptions,4330.7,monthly,credit_card
REC_NPE_00010402,NPU_00079,subscriptions,1674.23,monthly,cash
REC_NPE_00010404,NPU_00080,subscriptions,5250.73,monthly,cash
REC_NPE_00011408,NPU_00001,rent,12312.09,monthly,fonepay_qr
REC_NPE_00011410,NPU_00002,rent,18545.06,monthly,debit_card
REC_NPE_00011415,NPU_00004,rent,19765.34,monthly,credit_card
REC_NPE_00011416,NPU_00005,rent,23638.45,monthly,cash
REC_NPE_00011417,NPU_00006,rent,14245.81,monthly,debit_card
REC_NPE_00011421,NPU_00007,rent,33031.28,monthly,bank_transfer
REC_NPE_00011424,NPU_00010,rent,16690.18,monthly,cash
REC_NPE_00011427,NPU_00013,rent,12575.46,monthly,cash
REC_NPE_00011429,NPU_00015,rent,28328.17,monthly,bank_transfer
REC_NPE_00011432,NPU_00019,rent,27730.53,monthly,cash
REC_NPE_00011435,NPU_00020,rent,56696.19,monthly,cash
REC_NPE_00011437,NPU_00022,rent,52559.46,monthly,esewa
REC_NPE_00011440,NPU_00024,rent,33306.55,monthly,esewa
REC_NPE_00011444,NPU_00025,rent,20067.05,monthly,bank_transfer
REC_NPE_00011446,NPU_00026,rent,34621.74,monthly,credit_card
REC_NPE_00011450,NPU_00033,rent,18446.59,monthly,cash
REC_NPE_00011452,NPU_00035,rent,19263.35,monthly,bank_transfer
REC_NPE_00011456,NPU_00039,rent,7886.13,monthly,esewa
REC_NPE_00011465,NPU_00048,rent,24501.43,monthly,bank_transfer
REC_NPE_00011471,NPU_00049,rent,41074.11,monthly,cash
REC_NPE_00011475,NPU_00051,rent,15738.03,monthly,cash
REC_NPE_00011478,NPU_00055,rent,41803.12,monthly,cash
REC_NPE_00011480,NPU_00056,rent,24998.51,monthly,esewa
REC_NPE_00011483,NPU_00057,rent,42394.43,monthly,cash
REC_NPE_00011491,NPU_00063,rent,12218.71,monthly,cash
REC_NPE_00011492,NPU_00064,rent,19115.9,monthly,khalti
REC_NPE_00011503,NPU_00068,rent,14715.9,monthly,bank_transfer
REC_NPE_00011505,NPU_00072,rent,29730.5,monthly,cash
REC_NPE_00011510,NPU_00075,rent,7040.0,monthly,cash
REC_NPE_00011514,NPU_00077,rent,16561.01,monthly,bank_transfer
REC_NPE_00011604,NPU_00002,savings_investment,4752.85,monthly,fonepay_qr
REC_NPE_00011606,NPU_00004,savings_investment,896.64,monthly,bank_transfer
REC_NPE_00011607,NPU_00007,savings_investment,12452.44,monthly,khalti
REC_NPE_00011609,NPU_00009,savings_investment,12656.61,monthly,cash
REC_NPE_00011613,NPU_00011,savings_investment,23976.83,monthly,debit_card
REC_NPE_00011615,NPU_00012,savings_investment,5828.09,monthly,cash
REC_NPE_00011621,NPU_00015,savings_investment,3602.91,monthly,cash
REC_NPE_00011622,NPU_00017,savings_investment,9747.97,monthly,bank_transfer
REC_NPE_00011625,NPU_00021,savings_investment,4847.55,monthly,cash
REC_NPE_00011626,NPU_00023,savings_investment,16991.78,monthly,esewa
REC_NPE_00011628,NPU_00024,savings_investment,5198.33,monthly,fonepay_qr
REC_NPE_00011633,NPU_00027,savings_investment,6262.39,monthly,credit_card
REC_NPE_00011637,NPU_00029,savings_investment,24464.62,monthly,debit_card
REC_NPE_00011638,NPU_00030,savings_investment,5588.1,monthly,cash
REC_NPE_00011641,NPU_00032,savings_investment,5657.26,monthly,esewa
REC_NPE_00011642,NPU_00033,savings_investment,1295.97,monthly,cash
REC_NPE_00011643,NPU_00034,savings_investment,8861.0,monthly,esewa
REC_NPE_00011645,NPU_00035,savings_investment,3510.05,monthly,bank_transfer
REC_NPE_00011652,NPU_00042,savings_investment,876.66,monthly,fonepay_qr
REC_NPE_00011659,NPU_00048,savings_investment,13306.55,monthly,khalti
REC_NPE_00011671,NPU_00056,savings_investment,9128.17,monthly,bank_transfer
REC_NPE_00011673,NPU_00059,savings_investment,17149.33,monthly,cash
REC_NPE_00011674,NPU_00060,savings_investment,28881.03,monthly,cash
REC_NPE_00011677,NPU_00062,savings_investment,2600.19,monthly,credit_card
REC_NPE_00011683,NPU_00067,savings_investment,6585.24,monthly,cash
REC_NPE_00011691,NPU_00071,savings_investment,658.14,monthly,esewa
REC_NPE_00011694,NPU_00072,savings_investment,373.4,monthly,cash
REC_NPE_00011697,NPU_00075,savings_investment,33502.14,monthly,cash
REC_NPE_00011699,NPU_00076,savings_investment,10169.33,monthly,esewa
REC_NPE_00011700,NPU_00077,savings_investment,1086.69,monthly,bank_transfer
REC_NPE_00011702,NPU_00078,savings_investment,2478.72,monthly,debit_card
REC_NPE_00011791,NPU_00002,family_support,27596.16,monthly,cash
REC_NPE_00011795,NPU_00004,family_support,54163.25,monthly,cash
REC_NPE_00011799,NPU_00006,family_support,37191.11,monthly,bank_transfer
REC_NPE_00011802,NPU_00008,family_support,28481.99,monthly,cash
REC_NPE_00011804,NPU_00009,family_support,38286.94,monthly,esewa
REC_NPE_00011805,NPU_00010,family_support,12581.66,monthly,debit_card
REC_NPE_00011807,NPU_00011,family_support,29954.26,monthly,bank_transfer
REC_NPE_00011813,NPU_00013,family_support,48941.69,monthly,credit_card
REC_NPE_00011814,NPU_00014,family_support,33067.66,monthly,cash
REC_NPE_00011815,NPU_00015,family_support,12934.92,monthly,esewa
REC_NPE_00011819,NPU_00017,family_support,13543.38,monthly,debit_card
REC_NPE_00011822,NPU_00019,family_support,23117.76,monthly,cash
REC_NPE_00011824,NPU_00020,family_support,6079.95,monthly,cash
REC_NPE_00011826,NPU_00021,family_support,43649.8,monthly,cash
REC_NPE_00011830,NPU_00025,family_support,15637.31,monthly,fonepay_qr
REC_NPE_00011833,NPU_00026,family_support,22256.09,monthly,khalti
REC_NPE_00011834,NPU_00027,family_support,10365.95,monthly,bank_transfer
REC_NPE_00011835,NPU_00029,family_support,17304.21,monthly,cash
REC_NPE_00011836,NPU_00031,family_support,9574.0,monthly,esewa
REC_NPE_00011841,NPU_00033,family_support,15622.22,monthly,fonepay_qr
REC_NPE_00011843,NPU_00036,family_support,12575.77,monthly,cash
REC_NPE_00011847,NPU_00038,family_support,9135.91,monthly,khalti
REC_NPE_00011850,NPU_00039,family_support,10089.03,monthly,esewa
REC_NPE_00011852,NPU_00040,family_support,11183.32,monthly,esewa
REC_NPE_00011855,NPU_00042,family_support,15982.11,monthly,esewa
REC_NPE_00011856,NPU_00043,family_support,9417.26,monthly,khalti
REC_NPE_00011857,NPU_00044,family_support,15740.45,monthly,bank_transfer
REC_NPE_00011863,NPU_00047,family_support,24904.97,monthly,cash
REC_NPE_00011866,NPU_00049,family_support,43138.92,monthly,cash
REC_NPE_00011867,NPU_00050,family_support,2819.46,monthly,debit_card
REC_NPE_00011869,NPU_00051,family_support,5107.71,monthly,cash
REC_NPE_00011870,NPU_00052,family_support,11804.45,monthly,cash
REC_NPE_00011874,NPU_00054,family_support,14053.94,monthly,bank_transfer
REC_NPE_00011876,NPU_00055,family_support,77605.0,monthly,cash
REC_NPE_00011879,NPU_00058,family_support,12195.01,monthly,bank_transfer
REC_NPE_00011881,NPU_00059,family_support,17299.21,monthly,cash
REC_NPE_00011882,NPU_00060,family_support,9619.32,monthly,debit_card
REC_NPE_00011886,NPU_00063,family_support,16868.18,monthly,cash
REC_NPE_00011888,NPU_00064,family_support,10772.12,monthly,fonepay_qr
REC_NPE_00011889,NPU_00065,family_support,30387.97,monthly,cash
REC_NPE_00011892,NPU_00066,family_support,16628.38,monthly,cash
REC_NPE_00011896,NPU_00068,family_support,13560.23,monthly,cash
REC_NPE_00011898,NPU_00071,family_support,10020.98,monthly,fonepay_qr
REC_NPE_00011902,NPU_00075,family_support,14110.1,monthly,khalti
REC_NPE_00011903,NPU_00076,family_support,38019.83,monthly,esewa
REC_NPE_00011905,NPU_00077,family_support,19449.6,monthly,bank_transfer
REC_NPE_00011906,NPU_00078,family_support,36515.25,monthly,debit_card
REC_NPE_00011907,NPU_00079,family_support,7443.55,monthly,cash
REC_NPE_00011910,NPU_00080,family_support,11838.77,monthly,esewa
REC_NPE_00012118,NPU_00001,utilities,6468.04,monthly,cash
REC_NPE_00012119,NPU_00002,utilities,5125.96,monthly,khalti
REC_NPE_00012121,NPU_00003,utilities,2378.47,monthly,esewa
REC_NPE_00012122,NPU_00004,utilities,3035.73,monthly,debit_card
REC_NPE_00012124,NPU_00005,utilities,4498.58,monthly,esewa
REC_NPE_00012127,NPU_00007,utilities,3757.7,monthly,cash
REC_NPE_00012128,NPU_00009,utilities,7503.56,monthly,esewa
REC_NPE_00012130,NPU_00010,utilities,2651.15,monthly,esewa
REC_NPE_00012131,NPU_00011,utilities,7231.94,monthly,bank_transfer
REC_NPE_00012132,NPU_00012,utilities,1880.23,monthly,bank_transfer
REC_NPE_00012134,NPU_00016,utilities,2932.57,monthly,bank_transfer
REC_NPE_00012135,NPU_00017,utilities,8976.0,monthly,esewa
REC_NPE_00012136,NPU_00018,utilities,2087.36,monthly,esewa
REC_NPE_00012137,NPU_00019,utilities,5480.63,monthly,fonepay_qr
REC_NPE_00012142,NPU_00022,utilities,1454.08,monthly,esewa
REC_NPE_00012143,NPU_00023,utilities,2933.74,monthly,cash
REC_NPE_00012144,NPU_00024,utilities,2685.99,monthly,cash
REC_NPE_00012145,NPU_00025,utilities,3962.9,monthly,bank_transfer
REC_NPE_00012148,NPU_00026,utilities,4310.17,monthly,cash
REC_NPE_00012152,NPU_00029,utilities,2156.2,monthly,credit_card
REC_NPE_00012154,NPU_00030,utilities,2298.83,monthly,esewa
REC_NPE_00012155,NPU_00031,utilities,1967.44,monthly,esewa
REC_NPE_00012157,NPU_00032,utilities,4190.91,monthly,cash
REC_NPE_00012160,NPU_00034,utilities,2601.3,monthly,bank_transfer
REC_NPE_00012164,NPU_00036,utilities,3220.96,monthly,cash
REC_NPE_00012167,NPU_00039,utilities,2722.61,monthly,cash
REC_NPE_00012168,NPU_00040,utilities,3458.88,monthly,credit_card
REC_NPE_00012169,NPU_00041,utilities,1196.44,monthly,debit_card
REC_NPE_00012171,NPU_00042,utilities,1621.8,monthly,cash
REC_NPE_00012174,NPU_00044,utilities,3184.29,monthly,esewa
REC_NPE_00012178,NPU_00046,utilities,3265.91,monthly,cash
REC_NPE_00012180,NPU_00047,utilities,8276.79,monthly,cash
REC_NPE_00012183,NPU_00048,utilities,6562.86,monthly,bank_transfer
REC_NPE_00012189,NPU_00051,utilities,2479.81,monthly,bank_transfer
REC_NPE_00012193,NPU_00052,utilities,1795.75,monthly,khalti
REC_NPE_00012199,NPU_00054,utilities,5826.71,monthly,cash
REC_NPE_00012202,NPU_00055,utilities,2815.14,monthly,cash
REC_NPE_00012204,NPU_00056,utilities,2004.81,monthly,cash
REC_NPE_00012205,NPU_00057,utilities,3539.87,monthly,debit_card
REC_NPE_00012206,NPU_00058,utilities,3131.94,monthly,cash
REC_NPE_00012209,NPU_00059,utilities,10609.54,monthly,cash
REC_NPE_00012211,NPU_00060,utilities,4732.13,monthly,esewa
REC_NPE_00012216,NPU_00062,utilities,4879.82,monthly,cash
REC_NPE_00012219,NPU_00063,utilities,4084.39,monthly,cash
REC_NPE_00012221,NPU_00064,utilities,2021.2,monthly,debit_card
REC_NPE_00012223,NPU_00067,utilities,1357.94,monthly,esewa
REC_NPE_00012225,NPU_00068,utilities,6069.47,monthly,cash
REC_NPE_00012226,NPU_00069,utilities,6369.84,monthly,cash
REC_NPE_00012228,NPU_00070,utilities,1854.58,monthly,cash
REC_NPE_00012230,NPU_00072,utilities,9502.35,monthly,cash
REC_NPE_00012231,NPU_00073,utilities,8007.05,monthly,bank_transfer
REC_NPE_00012234,NPU_00074,utilities,1647.74,monthly,esewa
REC_NPE_00012236,NPU_00075,utilities,2868.15,monthly,debit_card
REC_NPE_00012238,NPU_00076,utilities,1536.75,monthly,esewa
REC_NPE_00012241,NPU_00077,utilities,6017.93,monthly,esewa
REC_NPE_00012242,NPU_00078,utilities,2854.9,monthly,khalti
REC_NPE_00012244,NPU_00080,utilities,6380.07,monthly,esewa
REC_NPE_00012507,NPU_00002,internet_mobile,1179.96,monthly,cash
REC_NPE_00012511,NPU_00004,internet_mobile,1018.41,monthly,fonepay_qr
REC_NPE_00012512,NPU_00005,internet_mobile,1177.19,monthly,bank_transfer
REC_NPE_00012513,NPU_00006,internet_mobile,2039.26,monthly,cash
REC_NPE_00012518,NPU_00007,internet_mobile,4563.8,monthly,esewa
REC_NPE_00012521,NPU_00008,internet_mobile,5561.94,monthly,debit_card
REC_NPE_00012522,NPU_00009,internet_mobile,2984.98,monthly,cash
REC_NPE_00012523,NPU_00010,internet_mobile,1411.87,monthly,esewa
REC_NPE_00012527,NPU_00014,internet_mobile,3300.33,monthly,cash
REC_NPE_00012528,NPU_00015,internet_mobile,1647.27,monthly,cash
REC_NPE_00012530,NPU_00016,internet_mobile,2130.04,monthly,khalti
REC_NPE_00012531,NPU_00017,internet_mobile,1061.7,monthly,cash
REC_NPE_00012534,NPU_00018,internet_mobile,2910.65,monthly,bank_transfer
REC_NPE_00012535,NPU_00019,internet_mobile,926.44,monthly,esewa
REC_NPE_00012538,NPU_00020,internet_mobile,2485.69,monthly,cash
REC_NPE_00012540,NPU_00021,internet_mobile,1095.23,monthly,esewa
REC_NPE_00012544,NPU_00023,internet_mobile,2680.96,monthly,cash
REC_NPE_00012546,NPU_00024,internet_mobile,3014.1,monthly,cash
REC_NPE_00012548,NPU_00025,internet_mobile,899.47,monthly,fonepay_qr
REC_NPE_00012550,NPU_00026,internet_mobile,1030.04,monthly,cash
REC_NPE_00012553,NPU_00027,internet_mobile,3307.72,monthly,esewa
REC_NPE_00012554,NPU_00028,internet_mobile,1605.63,monthly,esewa
REC_NPE_00012557,NPU_00030,internet_mobile,1554.02,monthly,esewa
REC_NPE_00012559,NPU_00031,internet_mobile,894.46,monthly,bank_transfer
REC_NPE_00012561,NPU_00032,internet_mobile,3375.58,monthly,cash
REC_NPE_00012563,NPU_00034,internet_mobile,1064.58,monthly,cash
REC_NPE_00012564,NPU_00035,internet_mobile,1232.21,monthly,khalti
REC_NPE_00012565,NPU_00036,internet_mobile,1155.81,monthly,esewa
REC_NPE_00012567,NPU_00037,internet_mobile,1724.2,monthly,khalti
REC_NPE_00012569,NPU_00038,internet_mobile,2533.62,monthly,bank_transfer
REC_NPE_00012573,NPU_00039,internet_mobile,971.47,monthly,credit_card
REC_NPE_00012576,NPU_00040,internet_mobile,1754.97,monthly,cash
REC_NPE_00012578,NPU_00041,internet_mobile,3078.04,monthly,bank_transfer
REC_NPE_00012579,NPU_00043,internet_mobile,1128.64,monthly,esewa
REC_NPE_00012582,NPU_00044,internet_mobile,1074.84,monthly,credit_card
REC_NPE_00012584,NPU_00046,internet_mobile,2151.91,monthly,bank_transfer
REC_NPE_00012586,NPU_00048,internet_mobile,2036.63,monthly,cash
REC_NPE_00012590,NPU_00049,internet_mobile,1617.41,monthly,khalti
REC_NPE_00012591,NPU_00050,internet_mobile,2478.15,monthly,cash
REC_NPE_00012593,NPU_00051,internet_mobile,2990.42,monthly,khalti
REC_NPE_00012594,NPU_00053,internet_mobile,1135.46,monthly,bank_transfer
REC_NPE_00012596,NPU_00054,internet_mobile,616.94,monthly,cash
REC_NPE_00012598,NPU_00055,internet_mobile,1779.29,monthly,esewa
REC_NPE_00012600,NPU_00057,internet_mobile,3305.84,monthly,cash
REC_NPE_00012602,NPU_00058,internet_mobile,3933.25,monthly,fonepay_qr
REC_NPE_00012604,NPU_00059,internet_mobile,2012.95,monthly,fonepay_qr
REC_NPE_00012607,NPU_00060,internet_mobile,1547.73,monthly,khalti
REC_NPE_00012609,NPU_00061,internet_mobile,1601.84,monthly,debit_card
REC_NPE_00012612,NPU_00063,internet_mobile,1562.02,monthly,cash
REC_NPE_00012615,NPU_00065,internet_mobile,2352.46,monthly,cash
REC_NPE_00012616,NPU_00066,internet_mobile,1905.28,monthly,debit_card
REC_NPE_00012619,NPU_00067,internet_mobile,3740.38,monthly,cash
REC_NPE_00012621,NPU_00068,internet_mobile,2332.53,monthly,cash
REC_NPE_00012623,NPU_00069,internet_mobile,1652.93,monthly,esewa
REC_NPE_00012626,NPU_00070,internet_mobile,1005.41,monthly,fonepay_qr
REC_NPE_00012627,NPU_00071,internet_mobile,1371.99,monthly,esewa
REC_NPE_00012628,NPU_00072,internet_mobile,2161.48,monthly,khalti
REC_NPE_00012631,NPU_00073,internet_mobile,2380.12,monthly,bank_transfer
REC_NPE_00012635,NPU_00074,internet_mobile,4618.44,monthly,bank_transfer
REC_NPE_00012638,NPU_00075,internet_mobile,1166.21,monthly,cash
REC_NPE_00012640,NPU_00076,internet_mobile,825.41,monthly,cash
REC_NPE_00012641,NPU_00077,internet_mobile,3693.26,monthly,esewa
REC_NPE_00012643,NPU_00079,internet_mobile,1621.49,monthly,fonepay_qr
REC_NPE_00012865,NPU_00003,loan_emi,4965.17,monthly,cash
REC_NPE_00012866,NPU_00005,loan_emi,17742.29,monthly,cash
REC_NPE_00012869,NPU_00008,loan_emi,18369.7,monthly,cash
REC_NPE_00012873,NPU_00009,loan_emi,16644.98,monthly,khalti
REC_NPE_00012874,NPU_00010,loan_emi,11666.73,monthly,cash
REC_NPE_00012876,NPU_00011,loan_emi,22532.64,monthly,debit_card
REC_NPE_00012878,NPU_00012,loan_emi,9684.8,monthly,cash
REC_NPE_00012883,NPU_00014,loan_emi,28120.49,monthly,cash
REC_NPE_00012886,NPU_00016,loan_emi,24887.91,monthly,esewa
REC_NPE_00012887,NPU_00018,loan_emi,16789.9,monthly,bank_transfer
REC_NPE_00012888,NPU_00019,loan_emi,31175.25,monthly,bank_transfer
REC_NPE_00012900,NPU_00031,loan_emi,15221.44,monthly,cash
REC_NPE_00012903,NPU_00033,loan_emi,16332.11,monthly,cash
REC_NPE_00012904,NPU_00034,loan_emi,14788.61,monthly,cash
REC_NPE_00012911,NPU_00037,loan_emi,11140.24,monthly,cash
REC_NPE_00012913,NPU_00038,loan_emi,8363.33,monthly,cash
REC_NPE_00012914,NPU_00040,loan_emi,12229.25,monthly,cash
REC_NPE_00012915,NPU_00041,loan_emi,16730.49,monthly,esewa
REC_NPE_00012917,NPU_00042,loan_emi,33598.36,monthly,cash
REC_NPE_00012920,NPU_00046,loan_emi,11983.68,monthly,credit_card
REC_NPE_00012922,NPU_00048,loan_emi,21876.24,monthly,khalti
REC_NPE_00012932,NPU_00053,loan_emi,21798.48,monthly,cash
REC_NPE_00012938,NPU_00061,loan_emi,14428.51,monthly,cash
REC_NPE_00012942,NPU_00065,loan_emi,12061.78,monthly,debit_card
REC_NPE_00012955,NPU_00075,loan_emi,24867.79,monthly,cash
REC_NPE_00012958,NPU_00077,loan_emi,12628.51,monthly,cash
REC_NPE_00013130,NPU_00001,subscriptions,2973.81,monthly,khalti
REC_NPE_00013133,NPU_00002,subscriptions,1679.62,monthly,bank_transfer
REC_NPE_00013137,NPU_00003,subscriptions,1647.39,monthly,cash
REC_NPE_00013142,NPU_00008,subscriptions,2706.94,monthly,cash
REC_NPE_00013143,NPU_00009,subscriptions,3020.5,monthly,cash
REC_NPE_00013145,NPU_00010,subscriptions,1593.25,monthly,credit_card
REC_NPE_00013147,NPU_00011,subscriptions,1817.78,monthly,khalti
REC_NPE_00013150,NPU_00013,subscriptions,2185.03,monthly,cash
REC_NPE_00013152,NPU_00015,subscriptions,1781.21,monthly,cash
REC_NPE_00013157,NPU_00018,subscriptions,3990.23,monthly,bank_transfer
REC_NPE_00013159,NPU_00020,subscriptions,2866.07,monthly,esewa
REC_NPE_00013163,NPU_00021,subscriptions,2539.35,monthly,bank_transfer
REC_NPE_00013167,NPU_00022,subscriptions,698.78,monthly,esewa
REC_NPE_00013169,NPU_00023,subscriptions,3694.88,monthly,esewa
REC_NPE_00013172,NPU_00024,subscriptions,1642.86,monthly,bank_transfer
REC_NPE_00013174,NPU_00026,subscriptions,645.94,monthly,khalti
REC_NPE_00013176,NPU_00027,subscriptions,2233.07,monthly,cash
REC_NPE_00013178,NPU_00028,subscriptions,2029.53,monthly,fonepay_qr
REC_NPE_00013181,NPU_00029,subscriptions,1465.15,monthly,khalti
REC_NPE_00013184,NPU_00031,subscriptions,2554.92,monthly,debit_card
REC_NPE_00013185,NPU_00032,subscriptions,752.01,monthly,cash
REC_NPE_00013186,NPU_00033,subscriptions,1442.41,monthly,cash
REC_NPE_00013193,NPU_00038,subscriptions,1778.32,monthly,cash
REC_NPE_00013198,NPU_00041,subscriptions,3849.78,monthly,debit_card
REC_NPE_00013201,NPU_00042,subscriptions,1957.0,monthly,cash
REC_NPE_00013207,NPU_00046,subscriptions,1223.23,monthly,esewa
REC_NPE_00013210,NPU_00050,subscriptions,1301.03,monthly,esewa
REC_NPE_00013214,NPU_00053,subscriptions,513.09,monthly,esewa
REC_NPE_00013218,NPU_00055,subscriptions,1419.38,monthly,credit_card
REC_NPE_00013219,NPU_00056,subscriptions,3098.14,monthly,cash
REC_NPE_00013221,NPU_00057,subscriptions,1003.89,monthly,debit_card
REC_NPE_00013223,NPU_00060,subscriptions,3340.7,monthly,cash
REC_NPE_00013225,NPU_00061,subscriptions,2047.0,monthly,bank_transfer
REC_NPE_00013226,NPU_00062,subscriptions,2048.88,monthly,fonepay_qr
REC_NPE_00013231,NPU_00063,subscriptions,1677.04,monthly,bank_transfer
REC_NPE_00013239,NPU_00069,subscriptions,2814.7,monthly,cash
REC_NPE_00013240,NPU_00071,subscriptions,2441.58,monthly,cash
REC_NPE_00013241,NPU_00072,subscriptions,1320.5,monthly,credit_card
REC_NPE_00013245,NPU_00074,subscriptions,2708.94,monthly,cash
REC_NPE_00013247,NPU_00076,subscriptions,2082.98,monthly,esewa
REC_NPE_00013248,NPU_00077,subscriptions,2531.19,monthly,bank_transfer
REC_NPE_00013249,NPU_00079,subscriptions,1495.85,monthly,bank_transfer
REC_NPE_00013250,NPU_00080,subscriptions,2223.56,monthly,credit_card
REC_NPE_00014407,NPU_00002,rent,19757.51,monthly,khalti
REC_NPE_00014410,NPU_00004,rent,11316.07,monthly,cash
REC_NPE_00014412,NPU_00005,rent,24259.96,monthly,khalti
REC_NPE_00014413,NPU_00006,rent,27502.47,monthly,cash
REC_NPE_00014414,NPU_00007,rent,26940.89,monthly,cash
REC_NPE_00014417,NPU_00009,rent,15348.67,monthly,bank_transfer
REC_NPE_00014419,NPU_00010,rent,22536.69,monthly,debit_card
REC_NPE_00014420,NPU_00012,rent,22741.16,monthly,khalti
REC_NPE_00014424,NPU_00015,rent,10569.53,monthly,cash
REC_NPE_00014425,NPU_00016,rent,52360.0,monthly,cash
REC_NPE_00014428,NPU_00019,rent,74375.0,monthly,fonepay_qr
REC_NPE_00014430,NPU_00020,rent,10000.0,monthly,cash
REC_NPE_00014432,NPU_00023,rent,34885.12,monthly,fonepay_qr
REC_NPE_00014433,NPU_00024,rent,27228.67,monthly,khalti
REC_NPE_00014435,NPU_00025,rent,32068.87,monthly,fonepay_qr
REC_NPE_00014437,NPU_00026,rent,30800.5,monthly,khalti
REC_NPE_00014442,NPU_00031,rent,60149.33,monthly,cash
REC_NPE_00014444,NPU_00033,rent,43191.43,monthly,bank_transfer
REC_NPE_00014447,NPU_00035,rent,15385.5,monthly,cash
REC_NPE_00014450,NPU_00037,rent,8400.0,monthly,khalti
REC_NPE_00014459,NPU_00043,rent,7040.0,monthly,cash
REC_NPE_00014467,NPU_00049,rent,27184.88,monthly,cash
REC_NPE_00014469,NPU_00051,rent,21691.47,monthly,cash
REC_NPE_00014473,NPU_00054,rent,7838.47,monthly,cash
REC_NPE_00014475,NPU_00056,rent,12319.37,monthly,fonepay_qr
REC_NPE_00014478,NPU_00057,rent,43658.92,monthly,fonepay_qr
REC_NPE_00014483,NPU_00061,rent,70994.98,monthly,cash
REC_NPE_00014484,NPU_00063,rent,28203.92,monthly,cash
REC_NPE_00014486,NPU_00064,rent,41085.18,monthly,esewa
REC_NPE_00014488,NPU_00066,rent,24363.39,monthly,cash
REC_NPE_00014489,NPU_00067,rent,22563.52,monthly,cash
REC_NPE_00014495,NPU_00072,rent,49062.47,monthly,cash
REC_NPE_00014496,NPU_00074,rent,12886.41,monthly,cash
REC_NPE_00014498,NPU_00075,rent,7040.0,monthly,cash
REC_NPE_00014501,NPU_00076,rent,21372.8,monthly,cash
REC_NPE_00014503,NPU_00080,rent,24202.82,monthly,esewa
REC_NPE_00014589,NPU_00001,savings_investment,6246.61,monthly,fonepay_qr
REC_NPE_00014592,NPU_00004,savings_investment,673.1,monthly,bank_transfer
REC_NPE_00014593,NPU_00006,savings_investment,16643.62,monthly,fonepay_qr
REC_NPE_00014595,NPU_00007,savings_investment,14650.58,monthly,esewa
REC_NPE_00014597,NPU_00008,savings_investment,23990.63,monthly,cash
REC_NPE_00014606,NPU_00013,savings_investment,882.68,monthly,bank_transfer
REC_NPE_00014613,NPU_00019,savings_investment,45151.9,monthly,khalti
REC_NPE_00014615,NPU_00020,savings_investment,5822.53,monthly,cash
REC_NPE_00014617,NPU_00021,savings_investment,5388.12,monthly,bank_transfer
REC_NPE_00014623,NPU_00027,savings_investment,7842.35,monthly,cash
REC_NPE_00014632,NPU_00036,savings_investment,5008.33,monthly,khalti
REC_NPE_00014638,NPU_00039,savings_investment,13409.62,monthly,cash
REC_NPE_00014640,NPU_00041,savings_investment,4318.48,monthly,khalti
REC_NPE_00014646,NPU_00048,savings_investment,12314.47,monthly,khalti
REC_NPE_00014652,NPU_00050,savings_investment,8282.53,monthly,cash
REC_NPE_00014657,NPU_00054,savings_investment,5618.31,monthly,cash
REC_NPE_00014664,NPU_00056,savings_investment,8849.86,monthly,cash
REC_NPE_00014669,NPU_00059,savings_investment,28214.5,monthly,cash
REC_NPE_00014671,NPU_00060,savings_investment,26370.54,monthly,cash
REC_NPE_00014680,NPU_00064,savings_investment,14326.7,monthly,khalti
REC_NPE_00014683,NPU_00065,savings_investment,9527.07,monthly,khalti
REC_NPE_00014686,NPU_00066,savings_investment,1761.64,monthly,cash
REC_NPE_00014687,NPU_00067,savings_investment,7043.0,monthly,bank_transfer
REC_NPE_00014691,NPU_00069,savings_investment,17825.84,monthly,cash
REC_NPE_00014696,NPU_00073,savings_investment,11470.25,monthly,credit_card
REC_NPE_00014706,NPU_00079,savings_investment,15859.95,monthly,esewa
REC_NPE_00014814,NPU_00001,family_support,6448.77,monthly,debit_card
REC_NPE_00014820,NPU_00004,family_support,19698.02,monthly,cash
REC_NPE_00014821,NPU_00006,family_support,4706.93,monthly,esewa
REC_NPE_00014822,NPU_00009,family_support,8252.9,monthly,khalti
REC_NPE_00014823,NPU_00010,family_support,7921.76,monthly,cash
REC_NPE_00014827,NPU_00012,family_support,23576.69,monthly,cash
REC_NPE_00014830,NPU_00013,family_support,2614.5,monthly,cash
REC_NPE_00014832,NPU_00014,family_support,20600.83,monthly,debit_card
REC_NPE_00014833,NPU_00017,family_support,7469.53,monthly,cash
REC_NPE_00014836,NPU_00019,family_support,4230.97,monthly,cash
REC_NPE_00014838,NPU_00020,family_support,36291.59,monthly,khalti
REC_NPE_00014840,NPU_00022,family_support,18709.13,monthly,cash
REC_NPE_00014846,NPU_00025,family_support,36104.18,monthly,cash
REC_NPE_00014849,NPU_00029,family_support,11525.49,monthly,esewa
REC_NPE_00014852,NPU_00031,family_support,18685.12,monthly,bank_transfer
REC_NPE_00014855,NPU_00032,family_support,6037.62,monthly,cash
REC_NPE_00014857,NPU_00033,family_support,9813.11,monthly,cash
REC_NPE_00014860,NPU_00035,family_support,35873.16,monthly,cash
REC_NPE_00014863,NPU_00038,family_support,12358.61,monthly,debit_card
REC_NPE_00014864,NPU_00041,family_support,22868.59,monthly,cash
REC_NPE_00014865,NPU_00042,family_support,9350.81,monthly,khalti
REC_NPE_00014866,NPU_00044,family_support,35704.33,monthly,cash
REC_NPE_00014867,NPU_00045,family_support,12096.28,monthly,khalti
REC_NPE_00014869,NPU_00047,family_support,11674.37,monthly,esewa
REC_NPE_00014872,NPU_00049,family_support,17204.59,monthly,esewa
REC_NPE_00014874,NPU_00051,family_support,12397.72,monthly,bank_transfer
REC_NPE_00014875,NPU_00052,family_support,4903.82,monthly,cash
REC_NPE_00014876,NPU_00053,family_support,9624.67,monthly,esewa
REC_NPE_00014877,NPU_00054,family_support,10423.05,monthly,khalti
REC_NPE_00014880,NPU_00055,family_support,30740.62,monthly,debit_card
REC_NPE_00014883,NPU_00058,family_support,13471.17,monthly,cash
REC_NPE_00014885,NPU_00059,family_support,13629.4,monthly,credit_card
REC_NPE_00014891,NPU_00061,family_support,18207.31,monthly,bank_transfer
REC_NPE_00014894,NPU_00062,family_support,24120.26,monthly,khalti
REC_NPE_00014896,NPU_00063,family_support,17020.53,monthly,cash
REC_NPE_00014903,NPU_00066,family_support,67320.0,monthly,cash
REC_NPE_00014906,NPU_00068,family_support,38011.57,monthly,esewa
REC_NPE_00014909,NPU_00069,family_support,8536.02,monthly,cash
REC_NPE_00014911,NPU_00071,family_support,37739.67,monthly,cash
REC_NPE_00014916,NPU_00076,family_support,15534.43,monthly,debit_card
REC_NPE_00014918,NPU_00077,family_support,34504.39,monthly,credit_card
REC_NPE_00014919,NPU_00078,family_support,29491.26,monthly,fonepay_qr
REC_NPE_00014920,NPU_00079,family_support,24867.86,monthly,debit_card
REC_NPE_00014921,NPU_00080,family_support,21501.11,monthly,khalti
REC_NPE_00015094,NPU_00002,utilities,2022.8,monthly,bank_transfer
REC_NPE_00015095,NPU_00003,utilities,2721.02,monthly,bank_transfer
REC_NPE_00015097,NPU_00005,utilities,4138.19,monthly,fonepay_qr
REC_NPE_00015102,NPU_00008,utilities,2285.54,monthly,credit_card
REC_NPE_00015104,NPU_00009,utilities,4979.53,monthly,esewa
REC_NPE_00015106,NPU_00010,utilities,5244.04,monthly,fonepay_qr
REC_NPE_00015108,NPU_00011,utilities,2659.21,monthly,cash
REC_NPE_00015112,NPU_00013,utilities,4066.42,monthly,cash
REC_NPE_00015114,NPU_00014,utilities,5348.42,monthly,cash
REC_NPE_00015115,NPU_00015,utilities,2091.94,monthly,debit_card
REC_NPE_00015116,NPU_00016,utilities,916.27,monthly,esewa
REC_NPE_00015118,NPU_00017,utilities,1230.43,monthly,cash
REC_NPE_00015121,NPU_00019,utilities,5829.2,monthly,credit_card
REC_NPE_00015122,NPU_00020,utilities,3876.04,monthly,esewa
REC_NPE_00015123,NPU_00021,utilities,2741.85,monthly,cash
REC_NPE_00015127,NPU_00023,utilities,1545.59,monthly,cash
REC_NPE_00015130,NPU_00024,utilities,4904.0,monthly,cash
REC_NPE_00015133,NPU_00025,utilities,3368.04,monthly,fonepay_qr
REC_NPE_00015134,NPU_00026,utilities,5365.43,monthly,cash
REC_NPE_00015137,NPU_00027,utilities,4157.81,monthly,cash
REC_NPE_00015140,NPU_00029,utilities,1639.78,monthly,debit_card
REC_NPE_00015142,NPU_00031,utilities,2441.84,monthly,credit_card
REC_NPE_00015144,NPU_00032,utilities,1449.47,monthly,cash
REC_NPE_00015146,NPU_00033,utilities,3122.0,monthly,debit_card
REC_NPE_00015147,NPU_00034,utilities,1111.81,monthly,cash
REC_NPE_00015150,NPU_00037,utilities,6301.95,monthly,esewa
REC_NPE_00015151,NPU_00038,utilities,3190.61,monthly,bank_transfer
REC_NPE_00015153,NPU_00039,utilities,2664.4,monthly,bank_transfer
REC_NPE_00015158,NPU_00042,utilities,4472.4,monthly,bank_transfer
REC_NPE_00015160,NPU_00044,utilities,2543.87,monthly,esewa
REC_NPE_00015163,NPU_00045,utilities,2709.98,monthly,esewa
REC_NPE_00015165,NPU_00046,utilities,8913.43,monthly,cash
REC_NPE_00015167,NPU_00047,utilities,2437.67,monthly,esewa
REC_NPE_00015169,NPU_00048,utilities,8163.78,monthly,fonepay_qr
REC_NPE_00015171,NPU_00049,utilities,3789.79,monthly,cash
REC_NPE_00015174,NPU_00050,utilities,1773.52,monthly,cash
REC_NPE_00015176,NPU_00052,utilities,5688.77,monthly,cash
REC_NPE_00015178,NPU_00053,utilities,2123.95,monthly,cash
REC_NPE_00015179,NPU_00054,utilities,3372.02,monthly,cash
REC_NPE_00015180,NPU_00055,utilities,2278.66,monthly,cash
REC_NPE_00015183,NPU_00056,utilities,3165.99,monthly,khalti
REC_NPE_00015184,NPU_00057,utilities,4221.55,monthly,cash
REC_NPE_00015187,NPU_00058,utilities,2686.77,monthly,cash
REC_NPE_00015189,NPU_00059,utilities,1609.14,monthly,debit_card
REC_NPE_00015191,NPU_00060,utilities,1824.79,monthly,esewa
REC_NPE_00015192,NPU_00061,utilities,7179.91,monthly,cash
REC_NPE_00015194,NPU_00062,utilities,4323.38,monthly,cash
REC_NPE_00015196,NPU_00063,utilities,1629.52,monthly,khalti
REC_NPE_00015197,NPU_00064,utilities,4411.11,monthly,esewa
REC_NPE_00015198,NPU_00065,utilities,2049.27,monthly,esewa
REC_NPE_00015201,NPU_00066,utilities,3649.69,monthly,khalti
REC_NPE_00015205,NPU_00069,utilities,2390.6,monthly,cash
REC_NPE_00015208,NPU_00070,utilities,1117.49,monthly,cash
REC_NPE_00015210,NPU_00071,utilities,3789.06,monthly,cash
REC_NPE_00015211,NPU_00075,utilities,2505.21,monthly,debit_card
REC_NPE_00015217,NPU_00078,utilities,2580.27,monthly,fonepay_qr
REC_NPE_00015218,NPU_00079,utilities,2248.32,monthly,cash
REC_NPE_00015220,NPU_00080,utilities,2555.18,monthly,cash
REC_NPE_00015504,NPU_00002,internet_mobile,1046.88,monthly,bank_transfer
REC_NPE_00015505,NPU_00003,internet_mobile,2833.75,monthly,cash
REC_NPE_00015506,NPU_00004,internet_mobile,1429.49,monthly,khalti
REC_NPE_00015507,NPU_00005,internet_mobile,983.68,monthly,esewa
REC_NPE_00015508,NPU_00006,internet_mobile,2657.63,monthly,debit_card
REC_NPE_00015511,NPU_00007,internet_mobile,1625.91,monthly,bank_transfer
REC_NPE_00015513,NPU_00008,internet_mobile,2777.09,monthly,cash
REC_NPE_00015516,NPU_00009,internet_mobile,2653.0,monthly,cash
REC_NPE_00015519,NPU_00010,internet_mobile,2342.64,monthly,cash
REC_NPE_00015520,NPU_00011,internet_mobile,2865.21,monthly,cash
REC_NPE_00015521,NPU_00012,internet_mobile,1934.75,monthly,khalti
REC_NPE_00015523,NPU_00013,internet_mobile,2138.2,monthly,debit_card
REC_NPE_00015525,NPU_00014,internet_mobile,816.26,monthly,cash
REC_NPE_00015526,NPU_00015,internet_mobile,551.47,monthly,cash
REC_NPE_00015530,NPU_00016,internet_mobile,3503.82,monthly,fonepay_qr
REC_NPE_00015533,NPU_00017,internet_mobile,1028.65,monthly,khalti
REC_NPE_00015535,NPU_00019,internet_mobile,2865.21,monthly,credit_card
REC_NPE_00015538,NPU_00020,internet_mobile,4216.33,monthly,cash
REC_NPE_00015542,NPU_00021,internet_mobile,2372.94,monthly,cash
REC_NPE_00015545,NPU_00022,internet_mobile,2039.25,monthly,khalti
REC_NPE_00015548,NPU_00023,internet_mobile,5372.31,monthly,esewa
REC_NPE_00015550,NPU_00024,internet_mobile,3882.04,monthly,esewa
REC_NPE_00015552,NPU_00025,internet_mobile,1717.03,monthly,esewa
REC_NPE_00015554,NPU_00027,internet_mobile,5162.88,monthly,cash
REC_NPE_00015555,NPU_00028,internet_mobile,3362.84,monthly,bank_transfer
REC_NPE_00015557,NPU_00029,internet_mobile,1190.06,monthly,cash
REC_NPE_00015558,NPU_00031,internet_mobile,2236.34,monthly,khalti
REC_NPE_00015562,NPU_00033,internet_mobile,2605.73,monthly,esewa
REC_NPE_00015565,NPU_00034,internet_mobile,1494.36,monthly,cash
REC_NPE_00015568,NPU_00035,internet_mobile,622.16,monthly,bank_transfer
REC_NPE_00015574,NPU_00040,internet_mobile,2788.96,monthly,esewa
REC_NPE_00015575,NPU_00041,internet_mobile,1414.73,monthly,khalti
REC_NPE_00015577,NPU_00042,internet_mobile,1927.33,monthly,credit_card
REC_NPE_00015579,NPU_00043,internet_mobile,1125.54,monthly,esewa
REC_NPE_00015582,NPU_00044,internet_mobile,4305.14,monthly,cash
REC_NPE_00015584,NPU_00045,internet_mobile,4390.22,monthly,esewa
REC_NPE_00015586,NPU_00046,internet_mobile,639.23,monthly,esewa
REC_NPE_00015588,NPU_00047,internet_mobile,4599.52,monthly,cash
REC_NPE_00015590,NPU_00048,internet_mobile,3332.88,monthly,credit_card
REC_NPE_00015591,NPU_00049,internet_mobile,4898.39,monthly,fonepay_qr
REC_NPE_00015592,NPU_00050,internet_mobile,1251.25,monthly,khalti
REC_NPE_00015598,NPU_00053,internet_mobile,2006.11,monthly,debit_card
REC_NPE_00015600,NPU_00057,internet_mobile,3458.22,monthly,credit_card
REC_NPE_00015603,NPU_00059,internet_mobile,2338.21,monthly,cash
REC_NPE_00015604,NPU_00060,internet_mobile,1544.05,monthly,khalti
REC_NPE_00015606,NPU_00061,internet_mobile,1968.33,monthly,esewa
REC_NPE_00015607,NPU_00062,internet_mobile,3656.25,monthly,debit_card
REC_NPE_00015610,NPU_00063,internet_mobile,1221.37,monthly,cash
REC_NPE_00015613,NPU_00064,internet_mobile,3092.28,monthly,esewa
REC_NPE_00015614,NPU_00065,internet_mobile,2399.86,monthly,credit_card
REC_NPE_00015617,NPU_00067,internet_mobile,1208.63,monthly,debit_card
REC_NPE_00015618,NPU_00068,internet_mobile,1272.96,monthly,khalti
REC_NPE_00015622,NPU_00069,internet_mobile,3565.79,monthly,esewa
REC_NPE_00015623,NPU_00070,internet_mobile,1510.3,monthly,cash
REC_NPE_00015624,NPU_00071,internet_mobile,1929.31,monthly,khalti
REC_NPE_00015625,NPU_00072,internet_mobile,2707.98,monthly,esewa
REC_NPE_00015626,NPU_00073,internet_mobile,1384.33,monthly,esewa
REC_NPE_00015627,NPU_00074,internet_mobile,2776.03,monthly,fonepay_qr
REC_NPE_00015628,NPU_00075,internet_mobile,326.44,monthly,debit_card
REC_NPE_00015631,NPU_00077,internet_mobile,3982.42,monthly,bank_transfer
REC_NPE_00015632,NPU_00078,internet_mobile,3054.8,monthly,cash
REC_NPE_00015634,NPU_00080,internet_mobile,1498.0,monthly,cash
REC_NPE_00015809,NPU_00001,loan_emi,8222.71,monthly,fonepay_qr
REC_NPE_00015812,NPU_00003,loan_emi,41888.0,monthly,cash
REC_NPE_00015813,NPU_00005,loan_emi,13518.35,monthly,khalti
REC_NPE_00015817,NPU_00009,loan_emi,11957.29,monthly,fonepay_qr
REC_NPE_00015819,NPU_00012,loan_emi,9520.28,monthly,cash
REC_NPE_00015822,NPU_00016,loan_emi,20185.87,monthly,esewa
REC_NPE_00015825,NPU_00019,loan_emi,10023.58,monthly,cash
REC_NPE_00015828,NPU_00020,loan_emi,13870.34,monthly,esewa
REC_NPE_00015831,NPU_00024,loan_emi,11276.58,monthly,fonepay_qr
REC_NPE_00015837,NPU_00026,loan_emi,15217.64,monthly,cash
REC_NPE_00015839,NPU_00031,loan_emi,31876.56,monthly,debit_card
REC_NPE_00015844,NPU_00037,loan_emi,11846.24,monthly,cash
REC_NPE_00015845,NPU_00038,loan_emi,28721.26,monthly,esewa
REC_NPE_00015848,NPU_00043,loan_emi,12175.1,monthly,cash
REC_NPE_00015849,NPU_00044,loan_emi,6829.75,monthly,khalti
REC_NPE_00015854,NPU_00050,loan_emi,29729.38,monthly,cash
REC_NPE_00015855,NPU_00051,loan_emi,14476.52,monthly,debit_card
REC_NPE_00015862,NPU_00053,loan_emi,18760.87,monthly,bank_transfer
REC_NPE_00015870,NPU_00062,loan_emi,9631.86,monthly,cash
REC_NPE_00015880,NPU_00070,loan_emi,40158.49,monthly,esewa
REC_NPE_00015881,NPU_00071,loan_emi,5461.12,monthly,cash
REC_NPE_00015888,NPU_00077,loan_emi,25806.4,monthly,cash
REC_NPE_00015894,NPU_00080,loan_emi,7108.9,monthly,cash
REC_NPE_00016057,NPU_00001,subscriptions,1438.68,monthly,debit_card
REC_NPE_00016061,NPU_00003,subscriptions,1375.0,monthly,esewa
REC_NPE_00016063,NPU_00004,subscriptions,4443.54,monthly,fonepay_qr
REC_NPE_00016064,NPU_00005,subscriptions,877.29,monthly,cash
REC_NPE_00016069,NPU_00007,subscriptions,2832.87,monthly,bank_transfer
REC_NPE_00016071,NPU_00008,subscriptions,1345.91,monthly,esewa
REC_NPE_00016072,NPU_00009,subscriptions,3160.12,monthly,cash
REC_NPE_00016073,NPU_00010,subscriptions,5984.0,monthly,cash
REC_NPE_00016078,NPU_00012,subscriptions,1444.42,monthly,esewa
REC_NPE_00016080,NPU_00013,subscriptions,1328.55,monthly,esewa
REC_NPE_00016083,NPU_00015,subscriptions,1353.45,monthly,cash
REC_NPE_00016086,NPU_00016,subscriptions,4132.3,monthly,credit_card
REC_NPE_00016088,NPU_00017,subscriptions,2912.62,monthly,esewa
REC_NPE_00016092,NPU_00020,subscriptions,1669.49,monthly,esewa
REC_NPE_00016096,NPU_00022,subscriptions,7140.0,monthly,cash
REC_NPE_00016099,NPU_00023,subscriptions,1335.53,monthly,bank_transfer
REC_NPE_00016104,NPU_00026,subscriptions,952.55,monthly,fonepay_qr
REC_NPE_00016108,NPU_00027,subscriptions,1484.16,monthly,esewa
REC_NPE_00016113,NPU_00030,subscriptions,3083.32,monthly,cash
REC_NPE_00016115,NPU_00032,subscriptions,2816.12,monthly,debit_card
REC_NPE_00016117,NPU_00033,subscriptions,2297.2,monthly,bank_transfer
REC_NPE_00016120,NPU_00035,subscriptions,1589.8,monthly,esewa
REC_NPE_00016125,NPU_00040,subscriptions,4336.64,monthly,khalti
REC_NPE_00016129,NPU_00041,subscriptions,1729.87,monthly,esewa
REC_NPE_00016132,NPU_00042,subscriptions,1408.42,monthly,cash
REC_NPE_00016133,NPU_00043,subscriptions,3004.37,monthly,cash
REC_NPE_00016135,NPU_00044,subscriptions,2122.63,monthly,cash
REC_NPE_00016136,NPU_00045,subscriptions,7140.0,monthly,khalti
REC_NPE_00016138,NPU_00046,subscriptions,4186.62,monthly,esewa
REC_NPE_00016140,NPU_00048,subscriptions,6699.11,monthly,bank_transfer
REC_NPE_00016143,NPU_00050,subscriptions,2039.62,monthly,bank_transfer
REC_NPE_00016145,NPU_00052,subscriptions,992.72,monthly,debit_card
REC_NPE_00016148,NPU_00053,subscriptions,3254.5,monthly,cash
REC_NPE_00016152,NPU_00056,subscriptions,1109.7,monthly,khalti
REC_NPE_00016157,NPU_00059,subscriptions,2270.42,monthly,cash
REC_NPE_00016161,NPU_00062,subscriptions,1871.66,monthly,debit_card
REC_NPE_00016164,NPU_00065,subscriptions,1796.5,monthly,debit_card
REC_NPE_00016166,NPU_00067,subscriptions,1659.8,monthly,cash
REC_NPE_00016169,NPU_00068,subscriptions,1929.42,monthly,khalti
REC_NPE_00016170,NPU_00069,subscriptions,849.38,monthly,cash
REC_NPE_00016172,NPU_00070,subscriptions,7140.0,monthly,esewa
REC_NPE_00016175,NPU_00071,subscriptions,2740.01,monthly,cash
REC_NPE_00016176,NPU_00072,subscriptions,2871.2,monthly,cash
REC_NPE_00017161,NPU_00001,rent,11088.7,monthly,credit_card
REC_NPE_00017163,NPU_00002,rent,9610.28,monthly,cash
REC_NPE_00017167,NPU_00004,rent,25917.12,monthly,esewa
REC_NPE_00017170,NPU_00005,rent,12463.84,monthly,fonepay_qr
REC_NPE_00017171,NPU_00006,rent,7040.0,monthly,cash
REC_NPE_00017173,NPU_00007,rent,47630.36,monthly,khalti
REC_NPE_00017177,NPU_00010,rent,7040.0,monthly,cash
REC_NPE_00017182,NPU_00012,rent,28448.77,monthly,bank_transfer
REC_NPE_00017187,NPU_00015,rent,34902.29,monthly,fonepay_qr
REC_NPE_00017189,NPU_00017,rent,10557.54,monthly,cash
REC_NPE_00017191,NPU_00019,rent,12895.61,monthly,bank_transfer
REC_NPE_00017193,NPU_00020,rent,38015.1,monthly,cash
REC_NPE_00017196,NPU_00022,rent,10317.89,monthly,debit_card
REC_NPE_00017198,NPU_00024,rent,74375.0,monthly,bank_transfer
REC_NPE_00017202,NPU_00025,rent,18328.75,monthly,esewa
REC_NPE_00017212,NPU_00031,rent,16111.17,monthly,cash
REC_NPE_00017217,NPU_00033,rent,10011.93,monthly,khalti
REC_NPE_00017221,NPU_00035,rent,12883.24,monthly,esewa
REC_NPE_00017224,NPU_00037,rent,57685.8,monthly,cash
REC_NPE_00017226,NPU_00039,rent,24400.86,monthly,cash
REC_NPE_00017238,NPU_00048,rent,74375.0,monthly,debit_card
REC_NPE_00017240,NPU_00049,rent,21089.29,monthly,esewa
REC_NPE_00017243,NPU_00051,rent,7040.0,monthly,cash
REC_NPE_00017248,NPU_00055,rent,34871.67,monthly,cash
REC_NPE_00017250,NPU_00056,rent,19441.29,monthly,cash
REC_NPE_00017252,NPU_00057,rent,28304.62,monthly,cash
REC_NPE_00017255,NPU_00058,rent,47703.47,monthly,khalti
REC_NPE_00017260,NPU_00061,rent,13930.84,monthly,debit_card
REC_NPE_00017265,NPU_00064,rent,47265.28,monthly,bank_transfer
REC_NPE_00017266,NPU_00065,rent,10292.27,monthly,cash
REC_NPE_00017269,NPU_00066,rent,10516.73,monthly,esewa
REC_NPE_00017271,NPU_00067,rent,24116.93,monthly,debit_card
REC_NPE_00017278,NPU_00072,rent,24866.02,monthly,cash
REC_NPE_00017282,NPU_00075,rent,34486.42,monthly,credit_card
REC_NPE_00017286,NPU_00077,rent,34261.29,monthly,bank_transfer
REC_NPE_00017288,NPU_00078,rent,30457.18,monthly,bank_transfer
REC_NPE_00017292,NPU_00080,rent,20757.4,monthly,fonepay_qr
REC_NPE_00017413,NPU_00001,savings_investment,5881.36,monthly,cash
REC_NPE_00017426,NPU_00011,savings_investment,18005.87,monthly,cash
REC_NPE_00017437,NPU_00021,savings_investment,6623.1,monthly,cash
REC_NPE_00017440,NPU_00023,savings_investment,14395.16,monthly,fonepay_qr
REC_NPE_00017443,NPU_00026,savings_investment,10530.69,monthly,bank_transfer
REC_NPE_00017445,NPU_00027,savings_investment,5574.34,monthly,khalti
REC_NPE_00017451,NPU_00032,savings_investment,4995.15,monthly,debit_card
REC_NPE_00017453,NPU_00033,savings_investment,1990.26,monthly,cash
REC_NPE_00017454,NPU_00034,savings_investment,10721.91,monthly,cash
REC_NPE_00017459,NPU_00036,savings_investment,5959.43,monthly,debit_card
REC_NPE_00017467,NPU_00047,savings_investment,2208.82,monthly,bank_transfer
REC_NPE_00017471,NPU_00048,savings_investment,14759.19,monthly,bank_transfer
REC_NPE_00017472,NPU_00049,savings_investment,8477.37,monthly,credit_card
REC_NPE_00017474,NPU_00050,savings_investment,9609.38,monthly,cash
REC_NPE_00017482,NPU_00056,savings_investment,10017.57,monthly,cash
REC_NPE_00017484,NPU_00057,savings_investment,3308.82,monthly,cash
REC_NPE_00017486,NPU_00058,savings_investment,37727.35,monthly,khalti
REC_NPE_00017489,NPU_00059,savings_investment,20376.06,monthly,fonepay_qr
REC_NPE_00017495,NPU_00064,savings_investment,14910.62,monthly,cash
REC_NPE_00017508,NPU_00075,savings_investment,22919.23,monthly,esewa
REC_NPE_00017511,NPU_00076,savings_investment,11479.24,monthly,cash
REC_NPE_00017519,NPU_00079,savings_investment,12579.77,monthly,esewa
REC_NPE_00017618,NPU_00005,family_support,11026.41,monthly,fonepay_qr
REC_NPE_00017620,NPU_00007,family_support,11794.84,monthly,esewa
REC_NPE_00017622,NPU_00008,family_support,29556.84,monthly,esewa
REC_NPE_00017625,NPU_00012,family_support,38972.53,monthly,debit_card
REC_NPE_00017630,NPU_00016,family_support,6075.08,monthly,cash
REC_NPE_00017631,NPU_00017,family_support,21576.38,monthly,esewa
REC_NPE_00017633,NPU_00018,family_support,36348.98,monthly,cash
REC_NPE_00017635,NPU_00023,family_support,8129.88,monthly,khalti
REC_NPE_00017636,NPU_00025,family_support,37796.71,monthly,esewa
REC_NPE_00017639,NPU_00026,family_support,3747.7,monthly,khalti
REC_NPE_00017640,NPU_00027,family_support,10875.49,monthly,cash
REC_NPE_00017642,NPU_00028,family_support,8104.37,monthly,esewa
REC_NPE_00017644,NPU_00029,family_support,8473.73,monthly,debit_card
REC_NPE_00017645,NPU_00030,family_support,20925.31,monthly,esewa
REC_NPE_00017647,NPU_00032,family_support,17100.1,monthly,bank_transfer
REC_NPE_00017650,NPU_00033,family_support,8156.28,monthly,cash
REC_NPE_00017652,NPU_00035,family_support,17323.13,monthly,bank_transfer
REC_NPE_00017654,NPU_00036,family_support,25492.82,monthly,bank_transfer
REC_NPE_00017660,NPU_00039,family_support,8029.24,monthly,fonepay_qr
REC_NPE_00017664,NPU_00042,family_support,52534.25,monthly,khalti
REC_NPE_00017666,NPU_00043,family_support,10269.99,monthly,fonepay_qr
REC_NPE_00017669,NPU_00047,family_support,11120.12,monthly,bank_transfer
REC_NPE_00017673,NPU_00049,family_support,13396.4,monthly,cash
REC_NPE_00017675,NPU_00050,family_support,7226.71,monthly,esewa
REC_NPE_00017676,NPU_00051,family_support,4481.1,monthly,cash
REC_NPE_00017679,NPU_00052,family_support,10455.67,monthly,cash
REC_NPE_00017684,NPU_00054,family_support,19625.95,monthly,cash
REC_NPE_00017690,NPU_00055,family_support,30218.43,monthly,cash
REC_NPE_00017696,NPU_00058,family_support,27891.05,monthly,esewa
REC_NPE_00017697,NPU_00059,family_support,17603.59,monthly,bank_transfer
REC_NPE_00017700,NPU_00061,family_support,15632.36,monthly,cash
REC_NPE_00017701,NPU_00062,family_support,33396.7,monthly,bank_transfer
REC_NPE_00017704,NPU_00069,family_support,35590.76,monthly,debit_card
REC_NPE_00017706,NPU_00070,family_support,48319.5,monthly,esewa
REC_NPE_00017708,NPU_00071,family_support,28714.59,monthly,cash
REC_NPE_00017710,NPU_00072,family_support,47909.4,monthly,cash
REC_NPE_00017711,NPU_00074,family_support,11468.58,monthly,esewa
REC_NPE_00017714,NPU_00075,family_support,11961.66,monthly,bank_transfer
REC_NPE_00017715,NPU_00077,family_support,6533.77,monthly,bank_transfer
REC_NPE_00017716,NPU_00079,family_support,15567.39,monthly,cash
REC_NPE_00017717,NPU_00080,family_support,19209.57,monthly,esewa
REC_NPE_00017887,NPU_00001,utilities,4926.74,monthly,fonepay_qr
REC_NPE_00017890,NPU_00003,utilities,846.17,monthly,cash
REC_NPE_00017893,NPU_00004,utilities,3897.61,monthly,bank_transfer
REC_NPE_00017895,NPU_00005,utilities,3958.65,monthly,khalti
REC_NPE_00017896,NPU_00006,utilities,2588.95,monthly,debit_card
REC_NPE_00017897,NPU_00007,utilities,1990.05,monthly,cash
REC_NPE_00017903,NPU_00009,utilities,4398.38,monthly,debit_card
REC_NPE_00017906,NPU_00011,utilities,6196.01,monthly,credit_card
REC_NPE_00017907,NPU_00012,utilities,4711.87,monthly,khalti
REC_NPE_00017909,NPU_00013,utilities,3697.36,monthly,esewa
REC_NPE_00017910,NPU_00014,utilities,3033.47,monthly,cash
REC_NPE_00017915,NPU_00018,utilities,7983.19,monthly,khalti
REC_NPE_00017917,NPU_00019,utilities,1776.59,monthly,esewa
REC_NPE_00017921,NPU_00020,utilities,2640.23,monthly,cash
REC_NPE_00017922,NPU_00021,utilities,3663.84,monthly,cash
REC_NPE_00017924,NPU_00022,utilities,4875.74,monthly,debit_card
REC_NPE_00017927,NPU_00023,utilities,12750.0,monthly,esewa
REC_NPE_00017928,NPU_00024,utilities,7505.92,monthly,fonepay_qr
REC_NPE_00017931,NPU_00025,utilities,4871.99,monthly,khalti
REC_NPE_00017933,NPU_00026,utilities,2162.84,monthly,cash
REC_NPE_00017934,NPU_00027,utilities,3590.26,monthly,bank_transfer
REC_NPE_00017935,NPU_00028,utilities,5336.02,monthly,fonepay_qr
REC_NPE_00017938,NPU_00029,utilities,3548.98,monthly,debit_card
REC_NPE_00017939,NPU_00030,utilities,3343.49,monthly,cash
REC_NPE_00017941,NPU_00031,utilities,2851.1,monthly,debit_card
REC_NPE_00017944,NPU_00032,utilities,4518.84,monthly,cash
REC_NPE_00017946,NPU_00033,utilities,4699.92,monthly,debit_card
REC_NPE_00017949,NPU_00035,utilities,1136.15,monthly,fonepay_qr
REC_NPE_00017953,NPU_00036,utilities,2385.05,monthly,credit_card
REC_NPE_00017954,NPU_00037,utilities,839.4,monthly,cash
REC_NPE_00017956,NPU_00038,utilities,6454.26,monthly,esewa
REC_NPE_00017960,NPU_00039,utilities,5942.48,monthly,credit_card
REC_NPE_00017962,NPU_00040,utilities,4835.82,monthly,cash
REC_NPE_00017965,NPU_00041,utilities,2569.55,monthly,esewa
REC_NPE_00017967,NPU_00042,utilities,2399.06,monthly,esewa
REC_NPE_00017973,NPU_00045,utilities,6522.47,monthly,cash
REC_NPE_00017975,NPU_00047,utilities,3590.17,monthly,cash
REC_NPE_00017978,NPU_00048,utilities,4648.26,monthly,credit_card
REC_NPE_00017980,NPU_00049,utilities,3419.01,monthly,cash
REC_NPE_00017983,NPU_00050,utilities,2171.01,monthly,cash
REC_NPE_00017984,NPU_00051,utilities,5053.77,monthly,cash
REC_NPE_00017989,NPU_00053,utilities,3759.03,monthly,bank_transfer
REC_NPE_00017993,NPU_00054,utilities,7241.74,monthly,esewa
REC_NPE_00017997,NPU_00056,utilities,4267.94,monthly,esewa
REC_NPE_00018000,NPU_00057,utilities,5313.32,monthly,esewa
REC_NPE_00018003,NPU_00059,utilities,5799.65,monthly,cash
REC_NPE_00018004,NPU_00060,utilities,1888.1,monthly,cash
REC_NPE_00018006,NPU_00061,utilities,3014.61,monthly,cash
REC_NPE_00018008,NPU_00062,utilities,6178.44,monthly,cash
REC_NPE_00018013,NPU_00064,utilities,5238.4,monthly,esewa
REC_NPE_00018015,NPU_00065,utilities,2404.68,monthly,esewa
REC_NPE_00018017,NPU_00066,utilities,6162.87,monthly,debit_card
REC_NPE_00018019,NPU_00067,utilities,1793.18,monthly,cash
REC_NPE_00018022,NPU_00071,utilities,1975.65,monthly,cash
REC_NPE_00018023,NPU_00072,utilities,3608.39,monthly,khalti
REC_NPE_00018027,NPU_00074,utilities,7353.45,monthly,khalti
REC_NPE_00018031,NPU_00076,utilities,1230.93,monthly,credit_card
REC_NPE_00018034,NPU_00078,utilities,3088.12,monthly,khalti
REC_NPE_00018037,NPU_00079,utilities,4452.12,monthly,esewa
REC_NPE_00018299,NPU_00001,internet_mobile,3688.73,monthly,cash
REC_NPE_00018302,NPU_00002,internet_mobile,2438.84,monthly,debit_card
REC_NPE_00018305,NPU_00003,internet_mobile,2160.94,monthly,cash
REC_NPE_00018306,NPU_00004,internet_mobile,738.15,monthly,cash
REC_NPE_00018307,NPU_00005,internet_mobile,3624.45,monthly,cash
REC_NPE_00018308,NPU_00006,internet_mobile,1242.86,monthly,debit_card
REC_NPE_00018310,NPU_00008,internet_mobile,2528.34,monthly,cash
REC_NPE_00018312,NPU_00010,internet_mobile,600.72,monthly,cash
REC_NPE_00018315,NPU_00011,internet_mobile,1040.06,monthly,esewa
REC_NPE_00018316,NPU_00012,internet_mobile,2447.76,monthly,cash
REC_NPE_00018320,NPU_00014,internet_mobile,1342.71,monthly,esewa
REC_NPE_00018322,NPU_00015,internet_mobile,1407.73,monthly,bank_transfer
REC_NPE_00018324,NPU_00016,internet_mobile,5236.0,monthly,esewa
REC_NPE_00018326,NPU_00017,internet_mobile,3584.15,monthly,bank_transfer
REC_NPE_00018327,NPU_00018,internet_mobile,2945.78,monthly,esewa
REC_NPE_00018328,NPU_00019,internet_mobile,3214.05,monthly,cash
REC_NPE_00018330,NPU_00020,internet_mobile,2158.11,monthly,cash
REC_NPE_00018333,NPU_00021,internet_mobile,2721.62,monthly,cash
REC_NPE_00018335,NPU_00022,internet_mobile,808.56,monthly,khalti
REC_NPE_00018338,NPU_00024,internet_mobile,4025.1,monthly,khalti
REC_NPE_00018339,NPU_00026,internet_mobile,3338.45,monthly,esewa
REC_NPE_00018341,NPU_00027,internet_mobile,3192.98,monthly,esewa
REC_NPE_00018342,NPU_00028,internet_mobile,3290.71,monthly,cash
REC_NPE_00018343,NPU_00029,internet_mobile,2536.2,monthly,cash
REC_NPE_00018345,NPU_00030,internet_mobile,1035.99,monthly,khalti
REC_NPE_00018350,NPU_00034,internet_mobile,2278.33,monthly,fonepay_qr
REC_NPE_00018353,NPU_00035,internet_mobile,464.9,monthly,cash
REC_NPE_00018354,NPU_00036,internet_mobile,2022.05,monthly,khalti
REC_NPE_00018355,NPU_00038,internet_mobile,1539.72,monthly,debit_card
REC_NPE_00018356,NPU_00039,internet_mobile,1045.97,monthly,cash
REC_NPE_00018360,NPU_00041,internet_mobile,1644.81,monthly,cash
REC_NPE_00018361,NPU_00042,internet_mobile,3035.26,monthly,khalti
REC_NPE_00018363,NPU_00043,internet_mobile,2840.09,monthly,cash
REC_NPE_00018365,NPU_00044,internet_mobile,2415.69,monthly,bank_transfer
REC_NPE_00018366,NPU_00045,internet_mobile,3168.76,monthly,khalti
REC_NPE_00018369,NPU_00046,internet_mobile,2541.7,monthly,khalti
REC_NPE_00018372,NPU_00047,internet_mobile,1076.46,monthly,debit_card
REC_NPE_00018375,NPU_00048,internet_mobile,1980.32,monthly,khalti
REC_NPE_00018378,NPU_00050,internet_mobile,2275.88,monthly,cash
REC_NPE_00018382,NPU_00051,internet_mobile,711.58,monthly,cash
REC_NPE_00018383,NPU_00052,internet_mobile,2454.19,monthly,cash
REC_NPE_00018384,NPU_00055,internet_mobile,1876.51,monthly,esewa
REC_NPE_00018388,NPU_00056,internet_mobile,3184.08,monthly,esewa
REC_NPE_00018390,NPU_00057,internet_mobile,1529.93,monthly,cash
REC_NPE_00018391,NPU_00058,internet_mobile,783.65,monthly,cash
REC_NPE_00018393,NPU_00060,internet_mobile,841.06,monthly,cash
REC_NPE_00018394,NPU_00061,internet_mobile,3042.47,monthly,khalti
REC_NPE_00018398,NPU_00064,internet_mobile,1541.83,monthly,cash
REC_NPE_00018400,NPU_00065,internet_mobile,950.25,monthly,bank_transfer
REC_NPE_00018401,NPU_00066,internet_mobile,2601.01,monthly,debit_card
REC_NPE_00018403,NPU_00067,internet_mobile,3000.26,monthly,cash
REC_NPE_00018405,NPU_00069,internet_mobile,2312.9,monthly,bank_transfer
REC_NPE_00018407,NPU_00070,internet_mobile,6247.5,monthly,cash
REC_NPE_00018410,NPU_00071,internet_mobile,1469.86,monthly,bank_transfer
REC_NPE_00018412,NPU_00073,internet_mobile,4915.02,monthly,khalti
REC_NPE_00018414,NPU_00075,internet_mobile,1884.03,monthly,khalti
REC_NPE_00018415,NPU_00076,internet_mobile,1543.44,monthly,cash
REC_NPE_00018416,NPU_00077,internet_mobile,5840.91,monthly,fonepay_qr
REC_NPE_00018418,NPU_00078,internet_mobile,2218.19,monthly,bank_transfer
REC_NPE_00018419,NPU_00079,internet_mobile,850.84,monthly,fonepay_qr
REC_NPE_00018422,NPU_00080,internet_mobile,662.47,monthly,esewa
REC_NPE_00018603,NPU_00002,loan_emi,20264.82,monthly,cash
REC_NPE_00018606,NPU_00005,loan_emi,10797.55,monthly,esewa
REC_NPE_00018608,NPU_00006,loan_emi,17775.77,monthly,cash
REC_NPE_00018609,NPU_00007,loan_emi,12826.31,monthly,khalti
REC_NPE_00018619,NPU_00019,loan_emi,59500.0,monthly,credit_card
REC_NPE_00018624,NPU_00022,loan_emi,22983.97,monthly,esewa
REC_NPE_00018630,NPU_00026,loan_emi,27604.83,monthly,fonepay_qr
REC_NPE_00018633,NPU_00029,loan_emi,11314.66,monthly,esewa
REC_NPE_00018638,NPU_00032,loan_emi,14483.57,monthly,cash
REC_NPE_00018645,NPU_00038,loan_emi,13978.58,monthly,cash
REC_NPE_00018652,NPU_00043,loan_emi,13207.76,monthly,esewa
REC_NPE_00018658,NPU_00047,loan_emi,8707.3,monthly,esewa
REC_NPE_00018663,NPU_00049,loan_emi,59500.0,monthly,esewa
REC_NPE_00018665,NPU_00050,loan_emi,14386.03,monthly,debit_card
REC_NPE_00018670,NPU_00052,loan_emi,12247.68,monthly,cash
REC_NPE_00018673,NPU_00053,loan_emi,9722.07,monthly,cash
REC_NPE_00018675,NPU_00054,loan_emi,6900.28,monthly,fonepay_qr
REC_NPE_00018680,NPU_00059,loan_emi,7525.38,monthly,khalti
REC_NPE_00018694,NPU_00068,loan_emi,32722.56,monthly,bank_transfer
REC_NPE_00018700,NPU_00073,loan_emi,13213.62,monthly,esewa
REC_NPE_00018703,NPU_00074,loan_emi,10350.69,monthly,cash
REC_NPE_00018708,NPU_00076,loan_emi,10993.11,monthly,esewa
REC_NPE_00018711,NPU_00077,loan_emi,20935.01,monthly,bank_transfer
REC_NPE_00018714,NPU_00078,loan_emi,36058.16,monthly,esewa
REC_NPE_00018914,NPU_00002,subscriptions,4900.2,monthly,credit_card
REC_NPE_00018919,NPU_00004,subscriptions,1316.81,monthly,cash
REC_NPE_00018922,NPU_00005,subscriptions,944.58,monthly,debit_card
REC_NPE_00018925,NPU_00007,subscriptions,6610.2,monthly,cash
REC_NPE_00018928,NPU_00008,subscriptions,1151.06,monthly,esewa
REC_NPE_00018931,NPU_00010,subscriptions,3162.19,monthly,cash
REC_NPE_00018934,NPU_00011,subscriptions,2741.33,monthly,cash
REC_NPE_00018936,NPU_00012,subscriptions,2479.81,monthly,khalti
REC_NPE_00018938,NPU_00013,subscriptions,4907.42,monthly,bank_transfer
REC_NPE_00018939,NPU_00014,subscriptions,1989.28,monthly,bank_transfer
REC_NPE_00018943,NPU_00015,subscriptions,1461.73,monthly,credit_card
REC_NPE_00018946,NPU_00016,subscriptions,2496.72,monthly,bank_transfer
REC_NPE_00018949,NPU_00018,subscriptions,1694.17,monthly,esewa
REC_NPE_00018955,NPU_00022,subscriptions,999.77,monthly,bank_transfer
REC_NPE_00018959,NPU_00024,subscriptions,1450.89,monthly,credit_card
REC_NPE_00018960,NPU_00025,subscriptions,7057.48,monthly,cash
REC_NPE_00018964,NPU_00027,subscriptions,4350.95,monthly,cash
REC_NPE_00018965,NPU_00028,subscriptions,937.58,monthly,debit_card
REC_NPE_00018968,NPU_00030,subscriptions,4291.55,monthly,cash
REC_NPE_00018969,NPU_00031,subscriptions,1936.15,monthly,esewa
REC_NPE_00018970,NPU_00033,subscriptions,869.88,monthly,bank_transfer
REC_NPE_00018972,NPU_00034,subscriptions,946.0,monthly,esewa
REC_NPE_00018975,NPU_00035,subscriptions,3382.89,monthly,cash
REC_NPE_00018976,NPU_00036,subscriptions,7140.0,monthly,esewa
REC_NPE_00018977,NPU_00037,subscriptions,4378.08,monthly,debit_card
REC_NPE_00018980,NPU_00039,subscriptions,1155.11,monthly,cash
REC_NPE_00018987,NPU_00043,subscriptions,574.78,monthly,cash
REC_NPE_00018988,NPU_00044,subscriptions,2166.7,monthly,esewa
REC_NPE_00019001,NPU_00048,subscriptions,3048.04,monthly,cash
REC_NPE_00019002,NPU_00049,subscriptions,3365.56,monthly,cash
REC_NPE_00019008,NPU_00053,subscriptions,1962.51,monthly,bank_transfer
REC_NPE_00019009,NPU_00054,subscriptions,677.96,monthly,cash
REC_NPE_00019011,NPU_00056,subscriptions,2605.1,monthly,debit_card
REC_NPE_00019013,NPU_00057,subscriptions,4337.15,monthly,esewa
REC_NPE_00019016,NPU_00058,subscriptions,660.78,monthly,cash
REC_NPE_00019021,NPU_00061,subscriptions,2144.28,monthly,debit_card
REC_NPE_00019023,NPU_00062,subscriptions,1687.53,monthly,bank_transfer
REC_NPE_00019026,NPU_00064,subscriptions,6402.79,monthly,cash
REC_NPE_00019028,NPU_00066,subscriptions,2074.0,monthly,cash
REC_NPE_00019030,NPU_00067,subscriptions,2273.08,monthly,cash
REC_NPE_00019032,NPU_00068,subscriptions,4118.18,monthly,cash
REC_NPE_00019036,NPU_00071,subscriptions,1294.12,monthly,bank_transfer
REC_NPE_00019037,NPU_00072,subscriptions,2151.55,monthly,khalti
REC_NPE_00019041,NPU_00077,subscriptions,5285.01,monthly,cash
REC_NPE_00020180,NPU_00002,rent,16945.57,monthly,bank_transfer
REC_NPE_00020183,NPU_00004,rent,23564.26,monthly,khalti
REC_NPE_00020184,NPU_00006,rent,28795.92,monthly,khalti
REC_NPE_00020187,NPU_00007,rent,21385.22,monthly,cash
REC_NPE_00020191,NPU_00009,rent,57512.9,monthly,bank_transfer
REC_NPE_00020192,NPU_00010,rent,11602.9,monthly,cash
REC_NPE_00020194,NPU_00012,rent,34898.28,monthly,bank_transfer
REC_NPE_00020196,NPU_00013,rent,9487.79,monthly,fonepay_qr
REC_NPE_00020200,NPU_00015,rent,24927.97,monthly,esewa
REC_NPE_00020205,NPU_00018,rent,23002.84,monthly,esewa
REC_NPE_00020207,NPU_00019,rent,14051.13,monthly,credit_card
REC_NPE_00020210,NPU_00020,rent,26388.74,monthly,credit_card
REC_NPE_00020212,NPU_00022,rent,30272.38,monthly,bank_transfer
REC_NPE_00020213,NPU_00023,rent,39859.29,monthly,debit_card
REC_NPE_00020215,NPU_00024,rent,44205.15,monthly,cash
REC_NPE_00020225,NPU_00031,rent,32540.62,monthly,bank_transfer
REC_NPE_00020229,NPU_00033,rent,12705.05,monthly,bank_transfer
REC_NPE_00020236,NPU_00037,rent,22481.49,monthly,bank_transfer
REC_NPE_00020240,NPU_00039,rent,16310.71,monthly,cash
REC_NPE_00020244,NPU_00041,rent,53187.34,monthly,cash
REC_NPE_00020245,NPU_00043,rent,23735.23,monthly,cash
REC_NPE_00020246,NPU_00044,rent,7040.0,monthly,cash
REC_NPE_00020252,NPU_00048,rent,16217.79,monthly,esewa
REC_NPE_00020253,NPU_00049,rent,14650.16,monthly,esewa
REC_NPE_00020257,NPU_00051,rent,10153.55,monthly,cash
REC_NPE_00020259,NPU_00055,rent,17667.83,monthly,bank_transfer
REC_NPE_00020262,NPU_00056,rent,10133.66,monthly,cash
REC_NPE_00020266,NPU_00057,rent,54881.96,monthly,cash
REC_NPE_00020274,NPU_00061,rent,42414.55,monthly,bank_transfer
REC_NPE_00020279,NPU_00063,rent,16357.07,monthly,bank_transfer
REC_NPE_00020282,NPU_00064,rent,12159.68,monthly,bank_transfer
REC_NPE_00020285,NPU_00065,rent,20064.43,monthly,cash
REC_NPE_00020287,NPU_00066,rent,19390.38,monthly,esewa
REC_NPE_00020289,NPU_00067,rent,19478.92,monthly,khalti
REC_NPE_00020295,NPU_00072,rent,24054.63,monthly,esewa
REC_NPE_00020301,NPU_00075,rent,8747.71,monthly,cash
REC_NPE_00020303,NPU_00077,rent,12591.16,monthly,khalti
REC_NPE_00020311,NPU_00080,rent,8430.24,monthly,cash
REC_NPE_00020401,NPU_00008,savings_investment,23232.68,monthly,fonepay_qr
REC_NPE_00020404,NPU_00011,savings_investment,19680.04,monthly,cash
REC_NPE_00020406,NPU_00012,savings_investment,7376.21,monthly,debit_card
REC_NPE_00020410,NPU_00016,savings_investment,804.33,monthly,bank_transfer
REC_NPE_00020412,NPU_00017,savings_investment,15701.33,monthly,bank_transfer
REC_NPE_00020415,NPU_00019,savings_investment,41269.17,monthly,cash
REC_NPE_00020416,NPU_00020,savings_investment,5492.38,monthly,bank_transfer
REC_NPE_00020417,NPU_00021,savings_investment,6201.41,monthly,cash
REC_NPE_00020420,NPU_00024,savings_investment,4184.98,monthly,cash
REC_NPE_00020425,NPU_00025,savings_investment,5089.58,monthly,esewa
REC_NPE_00020428,NPU_00027,savings_investment,5299.2,monthly,credit_card
REC_NPE_00020430,NPU_00029,savings_investment,24628.81,monthly,esewa
REC_NPE_00020441,NPU_00036,savings_investment,5793.97,monthly,khalti
REC_NPE_00020444,NPU_00038,savings_investment,13975.53,monthly,bank_transfer
REC_NPE_00020448,NPU_00039,savings_investment,18676.22,monthly,cash
REC_NPE_00020450,NPU_00040,savings_investment,5582.13,monthly,cash
REC_NPE_00020456,NPU_00045,savings_investment,1045.8,monthly,debit_card
REC_NPE_00020461,NPU_00048,savings_investment,15495.26,monthly,cash
REC_NPE_00020463,NPU_00049,savings_investment,8883.81,monthly,cash
REC_NPE_00020468,NPU_00056,savings_investment,6434.85,monthly,bank_transfer
REC_NPE_00020472,NPU_00061,savings_investment,3852.66,monthly,cash
REC_NPE_00020477,NPU_00065,savings_investment,10215.03,monthly,bank_transfer
REC_NPE_00020482,NPU_00073,savings_investment,7716.17,monthly,cash
REC_NPE_00020485,NPU_00075,savings_investment,24668.17,monthly,cash
REC_NPE_00020488,NPU_00076,savings_investment,13055.75,monthly,esewa
REC_NPE_00020578,NPU_00001,family_support,18794.97,monthly,credit_card
REC_NPE_00020581,NPU_00002,family_support,7258.84,monthly,cash
REC_NPE_00020583,NPU_00003,family_support,6405.39,monthly,esewa
REC_NPE_00020586,NPU_00006,family_support,42114.24,monthly,esewa
REC_NPE_00020588,NPU_00007,family_support,10037.27,monthly,cash
REC_NPE_00020590,NPU_00008,family_support,33758.2,monthly,cash
REC_NPE_00020592,NPU_00010,family_support,11865.36,monthly,bank_transfer
REC_NPE_00020594,NPU_00011,family_support,11717.32,monthly,bank_transfer
REC_NPE_00020597,NPU_00013,family_support,65188.2,monthly,debit_card
REC_NPE_00020600,NPU_00014,family_support,18133.56,monthly,bank_transfer
REC_NPE_00020604,NPU_00018,family_support,19103.28,monthly,esewa
REC_NPE_00020606,NPU_00019,family_support,22883.37,monthly,cash
REC_NPE_00020610,NPU_00020,family_support,23971.14,monthly,cash
REC_NPE_00020613,NPU_00022,family_support,14562.27,monthly,bank_transfer
REC_NPE_00020615,NPU_00025,family_support,28868.71,monthly,cash
REC_NPE_00020616,NPU_00026,family_support,12063.57,monthly,cash
REC_NPE_00020618,NPU_00027,family_support,10972.82,monthly,esewa
REC_NPE_00020626,NPU_00031,family_support,9766.08,monthly,cash
REC_NPE_00020628,NPU_00032,family_support,27119.93,monthly,cash
REC_NPE_00020632,NPU_00035,family_support,3800.35,monthly,cash
REC_NPE_00020635,NPU_00036,family_support,10211.53,monthly,esewa
REC_NPE_00020638,NPU_00037,family_support,19160.77,monthly,bank_transfer
REC_NPE_00020640,NPU_00038,family_support,35409.24,monthly,fonepay_qr
REC_NPE_00020644,NPU_00040,family_support,9874.48,monthly,esewa
REC_NPE_00020648,NPU_00042,family_support,57723.84,monthly,esewa
REC_NPE_00020653,NPU_00044,family_support,23111.01,monthly,bank_transfer
REC_NPE_00020658,NPU_00047,family_support,19927.02,monthly,cash
REC_NPE_00020661,NPU_00048,family_support,16670.01,monthly,fonepay_qr
REC_NPE_00020667,NPU_00052,family_support,12754.18,monthly,fonepay_qr
REC_NPE_00020671,NPU_00053,family_support,5265.5,monthly,bank_transfer
REC_NPE_00020673,NPU_00054,family_support,13384.01,monthly,credit_card
REC_NPE_00020675,NPU_00056,family_support,18585.45,monthly,esewa
REC_NPE_00020678,NPU_00058,family_support,12723.22,monthly,khalti
REC_NPE_00020681,NPU_00059,family_support,7492.96,monthly,khalti
REC_NPE_00020685,NPU_00060,family_support,7619.88,monthly,cash
REC_NPE_00020687,NPU_00061,family_support,20888.07,monthly,esewa
REC_NPE_00020688,NPU_00062,family_support,28601.1,monthly,cash
REC_NPE_00020692,NPU_00063,family_support,17226.53,monthly,bank_transfer
REC_NPE_00020694,NPU_00064,family_support,12480.83,monthly,cash
REC_NPE_00020696,NPU_00065,family_support,25486.65,monthly,khalti
REC_NPE_00020697,NPU_00066,family_support,48276.0,monthly,khalti
REC_NPE_00020701,NPU_00070,family_support,15689.2,monthly,cash
REC_NPE_00020703,NPU_00071,family_support,47393.28,monthly,debit_card
REC_NPE_00020705,NPU_00073,family_support,16320.4,monthly,bank_transfer
REC_NPE_00020710,NPU_00076,family_support,14455.62,monthly,cash
REC_NPE_00020712,NPU_00077,family_support,20275.29,monthly,khalti
REC_NPE_00020715,NPU_00079,family_support,22596.51,monthly,cash
REC_NPE_00020918,NPU_00001,utilities,8929.71,monthly,esewa
REC_NPE_00020919,NPU_00002,utilities,5665.36,monthly,bank_transfer
REC_NPE_00020920,NPU_00004,utilities,3692.93,monthly,cash
REC_NPE_00020921,NPU_00006,utilities,3947.85,monthly,cash
REC_NPE_00020926,NPU_00011,utilities,3236.36,monthly,credit_card
REC_NPE_00020927,NPU_00012,utilities,2868.53,monthly,esewa
REC_NPE_00020928,NPU_00013,utilities,1913.29,monthly,debit_card
REC_NPE_00020929,NPU_00014,utilities,1897.55,monthly,cash
REC_NPE_00020931,NPU_00016,utilities,5054.85,monthly,esewa
REC_NPE_00020934,NPU_00018,utilities,2534.63,monthly,debit_card
REC_NPE_00020936,NPU_00020,utilities,2319.13,monthly,esewa
REC_NPE_00020938,NPU_00021,utilities,1743.32,monthly,cash
REC_NPE_00020939,NPU_00022,utilities,3743.9,monthly,cash
REC_NPE_00020941,NPU_00023,utilities,3421.81,monthly,bank_transfer
REC_NPE_00020943,NPU_00025,utilities,2243.69,monthly,khalti
REC_NPE_00020944,NPU_00026,utilities,3700.37,monthly,bank_transfer
REC_NPE_00020945,NPU_00027,utilities,2398.32,monthly,cash
REC_NPE_00020946,NPU_00029,utilities,3098.33,monthly,cash
REC_NPE_00020949,NPU_00030,utilities,12750.0,monthly,cash
REC_NPE_00020950,NPU_00031,utilities,4142.14,monthly,bank_transfer
REC_NPE_00020951,NPU_00032,utilities,4684.58,monthly,esewa
REC_NPE_00020954,NPU_00033,utilities,4873.87,monthly,esewa
REC_NPE_00020955,NPU_00034,utilities,8976.0,monthly,esewa
REC_NPE_00020957,NPU_00035,utilities,7344.0,monthly,fonepay_qr
REC_NPE_00020959,NPU_00038,utilities,12750.0,monthly,esewa
REC_NPE_00020961,NPU_00039,utilities,1363.44,monthly,cash
REC_NPE_00020963,NPU_00041,utilities,2893.87,monthly,credit_card
REC_NPE_00020964,NPU_00042,utilities,7150.87,monthly,cash
REC_NPE_00020966,NPU_00043,utilities,1848.25,monthly,fonepay_qr
REC_NPE_00020970,NPU_00048,utilities,7970.38,monthly,esewa
REC_NPE_00020971,NPU_00049,utilities,3338.74,monthly,khalti
REC_NPE_00020972,NPU_00050,utilities,2275.03,monthly,cash
REC_NPE_00020973,NPU_00052,utilities,3201.7,monthly,credit_card
REC_NPE_00020975,NPU_00053,utilities,4129.67,monthly,bank_transfer
REC_NPE_00020979,NPU_00055,utilities,4442.42,monthly,esewa
REC_NPE_00020981,NPU_00056,utilities,2527.2,monthly,credit_card
REC_NPE_00020986,NPU_00058,utilities,6593.88,monthly,cash
REC_NPE_00020989,NPU_00060,utilities,6705.46,monthly,cash
REC_NPE_00020993,NPU_00062,utilities,1916.29,monthly,khalti
REC_NPE_00020997,NPU_00065,utilities,4198.56,monthly,esewa
REC_NPE_00020998,NPU_00067,utilities,3577.28,monthly,debit_card
REC_NPE_00021000,NPU_00068,utilities,5859.15,monthly,cash
REC_NPE_00021001,NPU_00069,utilities,2635.85,monthly,cash
REC_NPE_00021003,NPU_00070,utilities,5657.68,monthly,cash
REC_NPE_00021004,NPU_00071,utilities,3487.48,monthly,cash
REC_NPE_00021005,NPU_00072,utilities,1976.6,monthly,khalti
REC_NPE_00021006,NPU_00073,utilities,4154.12,monthly,fonepay_qr
REC_NPE_00021008,NPU_00074,utilities,4755.57,monthly,cash
REC_NPE_00021009,NPU_00075,utilities,3261.82,monthly,esewa
REC_NPE_00021011,NPU_00076,utilities,6264.02,monthly,cash
REC_NPE_00021014,NPU_00077,utilities,2580.23,monthly,cash
REC_NPE_00021017,NPU_00078,utilities,1818.1,monthly,bank_transfer
REC_NPE_00021018,NPU_00079,utilities,3049.63,monthly,fonepay_qr
REC_NPE_00021019,NPU_00080,utilities,3337.77,monthly,cash
REC_NPE_00021269,NPU_00003,internet_mobile,1094.55,monthly,debit_card
REC_NPE_00021272,NPU_00004,internet_mobile,1158.39,monthly,fonepay_qr
REC_NPE_00021274,NPU_00005,internet_mobile,1276.55,monthly,khalti
REC_NPE_00021275,NPU_00006,internet_mobile,987.16,monthly,esewa
REC_NPE_00021280,NPU_00007,internet_mobile,2031.13,monthly,bank_transfer
REC_NPE_00021286,NPU_00009,internet_mobile,4196.77,monthly,cash
REC_NPE_00021292,NPU_00012,internet_mobile,3351.36,monthly,bank_transfer
REC_NPE_00021295,NPU_00013,internet_mobile,2640.64,monthly,cash
REC_NPE_00021296,NPU_00014,internet_mobile,4149.6,monthly,fonepay_qr
REC_NPE_00021300,NPU_00016,internet_mobile,2789.59,monthly,esewa
REC_NPE_00021304,NPU_00018,internet_mobile,2120.78,monthly,bank_transfer
REC_NPE_00021306,NPU_00019,internet_mobile,1694.64,monthly,esewa
REC_NPE_00021309,NPU_00020,internet_mobile,1809.85,monthly,cash
REC_NPE_00021310,NPU_00021,internet_mobile,2415.5,monthly,fonepay_qr
REC_NPE_00021312,NPU_00022,internet_mobile,2056.42,monthly,cash
REC_NPE_00021314,NPU_00023,internet_mobile,2709.21,monthly,esewa
REC_NPE_00021318,NPU_00024,internet_mobile,1760.94,monthly,bank_transfer
REC_NPE_00021321,NPU_00025,internet_mobile,1449.84,monthly,bank_transfer
REC_NPE_00021323,NPU_00026,internet_mobile,3296.4,monthly,esewa
REC_NPE_00021325,NPU_00027,internet_mobile,3426.41,monthly,fonepay_qr
REC_NPE_00021326,NPU_00028,internet_mobile,2672.12,monthly,credit_card
REC_NPE_00021328,NPU_00029,internet_mobile,398.23,monthly,cash
REC_NPE_00021331,NPU_00031,internet_mobile,1192.16,monthly,cash
REC_NPE_00021334,NPU_00032,internet_mobile,1664.04,monthly,cash
REC_NPE_00021337,NPU_00033,internet_mobile,965.57,monthly,cash
REC_NPE_00021343,NPU_00036,internet_mobile,1673.46,monthly,fonepay_qr
REC_NPE_00021346,NPU_00038,internet_mobile,1912.09,monthly,debit_card
REC_NPE_00021349,NPU_00039,internet_mobile,1088.12,monthly,cash
REC_NPE_00021352,NPU_00040,internet_mobile,327.0,monthly,esewa
REC_NPE_00021354,NPU_00041,internet_mobile,1816.01,monthly,cash
REC_NPE_00021357,NPU_00042,internet_mobile,2359.25,monthly,bank_transfer
REC_NPE_00021361,NPU_00044,internet_mobile,700.83,monthly,khalti
REC_NPE_00021363,NPU_00045,internet_mobile,6247.5,monthly,bank_transfer
REC_NPE_00021365,NPU_00046,internet_mobile,3171.75,monthly,credit_card
REC_NPE_00021370,NPU_00048,internet_mobile,2867.8,monthly,cash
REC_NPE_00021371,NPU_00049,internet_mobile,1033.35,monthly,esewa
REC_NPE_00021374,NPU_00050,internet_mobile,2242.52,monthly,cash
REC_NPE_00021376,NPU_00051,internet_mobile,1957.27,monthly,bank_transfer
REC_NPE_00021379,NPU_00052,internet_mobile,1142.57,monthly,bank_transfer
REC_NPE_00021381,NPU_00053,internet_mobile,1044.81,monthly,fonepay_qr
REC_NPE_00021382,NPU_00054,internet_mobile,508.09,monthly,cash
REC_NPE_00021383,NPU_00055,internet_mobile,3282.22,monthly,cash
REC_NPE_00021386,NPU_00056,internet_mobile,1111.61,monthly,esewa
REC_NPE_00021388,NPU_00057,internet_mobile,1084.4,monthly,esewa
REC_NPE_00021389,NPU_00058,internet_mobile,4666.83,monthly,cash
REC_NPE_00021391,NPU_00059,internet_mobile,2563.88,monthly,cash
REC_NPE_00021393,NPU_00061,internet_mobile,3327.99,monthly,bank_transfer
REC_NPE_00021395,NPU_00062,internet_mobile,2606.97,monthly,cash
REC_NPE_00021398,NPU_00063,internet_mobile,1978.8,monthly,bank_transfer
REC_NPE_00021400,NPU_00064,internet_mobile,4830.49,monthly,esewa
REC_NPE_00021404,NPU_00066,internet_mobile,2652.2,monthly,cash
REC_NPE_00021407,NPU_00068,internet_mobile,1655.7,monthly,bank_transfer
REC_NPE_00021409,NPU_00069,internet_mobile,1510.48,monthly,bank_transfer
REC_NPE_00021412,NPU_00070,internet_mobile,2490.7,monthly,cash
REC_NPE_00021417,NPU_00073,internet_mobile,3627.33,monthly,cash
REC_NPE_00021419,NPU_00074,internet_mobile,1157.22,monthly,esewa
REC_NPE_00021420,NPU_00075,internet_mobile,2068.76,monthly,cash
REC_NPE_00021422,NPU_00076,internet_mobile,3253.98,monthly,esewa
REC_NPE_00021423,NPU_00077,internet_mobile,2026.68,monthly,cash
REC_NPE_00021425,NPU_00078,internet_mobile,943.03,monthly,cash
REC_NPE_00021426,NPU_00079,internet_mobile,1642.79,monthly,khalti
REC_NPE_00021428,NPU_00080,internet_mobile,1707.16,monthly,cash
REC_NPE_00021602,NPU_00004,loan_emi,15775.22,monthly,fonepay_qr
REC_NPE_00021604,NPU_00005,loan_emi,3763.26,monthly,cash
REC_NPE_00021606,NPU_00008,loan_emi,18905.17,monthly,esewa
REC_NPE_00021611,NPU_00011,loan_emi,12789.66,monthly,fonepay_qr
REC_NPE_00021613,NPU_00013,loan_emi,19504.31,monthly,cash
REC_NPE_00021617,NPU_00018,loan_emi,15283.77,monthly,bank_transfer
REC_NPE_00021620,NPU_00020,loan_emi,22843.98,monthly,bank_transfer
REC_NPE_00021624,NPU_00022,loan_emi,8850.29,monthly,esewa
REC_NPE_00021631,NPU_00034,loan_emi,6895.2,monthly,cash
REC_NPE_00021633,NPU_00035,loan_emi,15422.68,monthly,esewa
REC_NPE_00021636,NPU_00036,loan_emi,16328.75,monthly,fonepay_qr
REC_NPE_00021638,NPU_00037,loan_emi,23025.01,monthly,cash
REC_NPE_00021641,NPU_00040,loan_emi,20644.67,monthly,cash
REC_NPE_00021643,NPU_00041,loan_emi,18635.62,monthly,khalti
REC_NPE_00021645,NPU_00042,loan_emi,16724.14,monthly,debit_card
REC_NPE_00021647,NPU_00043,loan_emi,13771.34,monthly,khalti
REC_NPE_00021650,NPU_00046,loan_emi,27380.19,monthly,esewa
REC_NPE_00021653,NPU_00047,loan_emi,17004.93,monthly,khalti
REC_NPE_00021656,NPU_00048,loan_emi,31295.37,monthly,esewa
REC_NPE_00021659,NPU_00051,loan_emi,11505.11,monthly,cash
REC_NPE_00021665,NPU_00053,loan_emi,4638.1,monthly,esewa
REC_NPE_00021672,NPU_00063,loan_emi,12376.72,monthly,cash
REC_NPE_00021675,NPU_00066,loan_emi,26665.96,monthly,esewa
REC_NPE_00021679,NPU_00071,loan_emi,12329.15,monthly,bank_transfer
REC_NPE_00021681,NPU_00073,loan_emi,10186.76,monthly,esewa
REC_NPE_00021689,NPU_00079,loan_emi,6205.82,monthly,cash
REC_NPE_00021691,NPU_00080,loan_emi,15570.73,monthly,cash
REC_NPE_00021848,NPU_00001,subscriptions,1684.48,monthly,cash
REC_NPE_00021850,NPU_00002,subscriptions,2227.34,monthly,credit_card
REC_NPE_00021853,NPU_00003,subscriptions,2080.22,monthly,cash
REC_NPE_00021856,NPU_00006,subscriptions,2905.06,monthly,cash
REC_NPE_00021859,NPU_00008,subscriptions,4050.45,monthly,bank_transfer
REC_NPE_00021862,NPU_00010,subscriptions,1538.4,monthly,cash
REC_NPE_00021865,NPU_00014,subscriptions,6836.43,monthly,khalti
REC_NPE_00021867,NPU_00016,subscriptions,1774.55,monthly,khalti
REC_NPE_00021870,NPU_00019,subscriptions,5835.64,monthly,cash
REC_NPE_00021871,NPU_00020,subscriptions,3292.46,monthly,credit_card
REC_NPE_00021873,NPU_00021,subscriptions,6474.12,monthly,cash
REC_NPE_00021876,NPU_00024,subscriptions,3900.08,monthly,cash
REC_NPE_00021877,NPU_00025,subscriptions,2665.98,monthly,khalti
REC_NPE_00021882,NPU_00028,subscriptions,1354.97,monthly,credit_card
REC_NPE_00021885,NPU_00030,subscriptions,850.28,monthly,fonepay_qr
REC_NPE_00021886,NPU_00031,subscriptions,3979.93,monthly,esewa
REC_NPE_00021888,NPU_00032,subscriptions,6439.64,monthly,khalti
REC_NPE_00021895,NPU_00041,subscriptions,2208.42,monthly,esewa
REC_NPE_00021896,NPU_00042,subscriptions,2486.3,monthly,cash
REC_NPE_00021901,NPU_00044,subscriptions,794.15,monthly,cash
REC_NPE_00021904,NPU_00046,subscriptions,2104.8,monthly,fonepay_qr
REC_NPE_00021906,NPU_00047,subscriptions,1134.28,monthly,cash
REC_NPE_00021908,NPU_00049,subscriptions,3362.9,monthly,esewa
REC_NPE_00021912,NPU_00050,subscriptions,1167.17,monthly,cash
REC_NPE_00021913,NPU_00052,subscriptions,544.05,monthly,khalti
REC_NPE_00021916,NPU_00053,subscriptions,1161.5,monthly,cash
REC_NPE_00021920,NPU_00056,subscriptions,2091.16,monthly,cash
REC_NPE_00021921,NPU_00057,subscriptions,2346.98,monthly,bank_transfer
REC_NPE_00021923,NPU_00058,subscriptions,2945.48,monthly,esewa
REC_NPE_00021924,NPU_00059,subscriptions,3372.44,monthly,bank_transfer
REC_NPE_00021926,NPU_00060,subscriptions,6353.25,monthly,bank_transfer
REC_NPE_00021932,NPU_00062,subscriptions,2917.15,monthly,cash
REC_NPE_00021933,NPU_00063,subscriptions,1149.58,monthly,cash
REC_NPE_00021936,NPU_00064,subscriptions,6544.34,monthly,esewa
REC_NPE_00021939,NPU_00065,subscriptions,4322.37,monthly,cash
REC_NPE_00021941,NPU_00068,subscriptions,2931.42,monthly,esewa
REC_NPE_00021942,NPU_00070,subscriptions,3676.1,monthly,cash
REC_NPE_00021943,NPU_00071,subscriptions,1655.62,monthly,cash
REC_NPE_00021948,NPU_00073,subscriptions,3960.19,monthly,cash
REC_NPE_00021957,NPU_00078,subscriptions,1559.8,monthly,cash
REC_NPE_00023051,NPU_00002,rent,25137.86,monthly,esewa
REC_NPE_00023053,NPU_00004,rent,14020.12,monthly,khalti
REC_NPE_00023057,NPU_00005,rent,18109.18,monthly,cash
REC_NPE_00023058,NPU_00006,rent,7771.04,monthly,cash
REC_NPE_00023060,NPU_00009,rent,15565.36,monthly,debit_card
REC_NPE_00023064,NPU_00010,rent,24184.01,monthly,cash
REC_NPE_00023068,NPU_00012,rent,27549.05,monthly,bank_transfer
REC_NPE_00023071,NPU_00015,rent,46357.88,monthly,esewa
REC_NPE_00023073,NPU_00016,rent,10443.12,monthly,cash
REC_NPE_00023074,NPU_00018,rent,17581.04,monthly,esewa
REC_NPE_00023077,NPU_00019,rent,69328.32,monthly,khalti
REC_NPE_00023078,NPU_00020,rent,15083.59,monthly,cash
REC_NPE_00023080,NPU_00021,rent,8400.0,monthly,debit_card
REC_NPE_00023081,NPU_00022,rent,34543.56,monthly,cash
REC_NPE_00023082,NPU_00023,rent,23506.7,monthly,cash
REC_NPE_00023085,NPU_00025,rent,28395.94,monthly,fonepay_qr
REC_NPE_00023086,NPU_00026,rent,34406.02,monthly,esewa
REC_NPE_00023088,NPU_00028,rent,14816.75,monthly,cash
REC_NPE_00023089,NPU_00029,rent,37151.13,monthly,bank_transfer
REC_NPE_00023098,NPU_00037,rent,10296.35,monthly,cash
REC_NPE_00023101,NPU_00039,rent,27143.86,monthly,cash
REC_NPE_00023105,NPU_00043,rent,10429.4,monthly,bank_transfer
REC_NPE_00023114,NPU_00048,rent,20930.09,monthly,debit_card
REC_NPE_00023115,NPU_00049,rent,49822.52,monthly,cash
REC_NPE_00023118,NPU_00055,rent,33994.85,monthly,debit_card
REC_NPE_00023121,NPU_00057,rent,16473.69,monthly,khalti
REC_NPE_00023125,NPU_00061,rent,44597.21,monthly,bank_transfer
REC_NPE_00023127,NPU_00063,rent,27105.15,monthly,cash
REC_NPE_00023128,NPU_00064,rent,35709.62,monthly,esewa
REC_NPE_00023130,NPU_00066,rent,32324.52,monthly,cash
REC_NPE_00023132,NPU_00067,rent,14301.49,monthly,cash
REC_NPE_00023134,NPU_00068,rent,22829.45,monthly,credit_card
REC_NPE_00023139,NPU_00072,rent,20842.75,monthly,cash
REC_NPE_00023144,NPU_00075,rent,16064.0,monthly,cash
REC_NPE_00023148,NPU_00077,rent,10000.0,monthly,fonepay_qr
REC_NPE_00023153,NPU_00080,rent,10450.2,monthly,khalti
REC_NPE_00023270,NPU_00008,savings_investment,21268.47,monthly,esewa
REC_NPE_00023279,NPU_00014,savings_investment,794.55,monthly,cash
REC_NPE_00023289,NPU_00017,savings_investment,11117.43,monthly,credit_card
REC_NPE_00023291,NPU_00020,savings_investment,7356.77,monthly,esewa
REC_NPE_00023293,NPU_00021,savings_investment,4675.28,monthly,cash
REC_NPE_00023296,NPU_00022,savings_investment,18766.02,monthly,cash
REC_NPE_00023300,NPU_00027,savings_investment,8567.1,monthly,cash
REC_NPE_00023302,NPU_00029,savings_investment,27606.95,monthly,khalti
REC_NPE_00023304,NPU_00030,savings_investment,6212.37,monthly,bank_transfer
REC_NPE_00023312,NPU_00036,savings_investment,3695.73,monthly,esewa
REC_NPE_00023320,NPU_00040,savings_investment,3961.46,monthly,cash
REC_NPE_00023333,NPU_00049,savings_investment,6222.01,monthly,cash
REC_NPE_00023337,NPU_00053,savings_investment,638.83,monthly,cash
REC_NPE_00023339,NPU_00054,savings_investment,3973.86,monthly,cash
REC_NPE_00023342,NPU_00055,savings_investment,3324.71,monthly,cash
REC_NPE_00023344,NPU_00056,savings_investment,9771.07,monthly,cash
REC_NPE_00023346,NPU_00057,savings_investment,3209.43,monthly,bank_transfer
REC_NPE_00023350,NPU_00058,savings_investment,42452.93,monthly,cash
REC_NPE_00023353,NPU_00059,savings_investment,21072.46,monthly,cash
REC_NPE_00023358,NPU_00060,savings_investment,31627.12,monthly,esewa
REC_NPE_00023363,NPU_00062,savings_investment,3475.44,monthly,cash
REC_NPE_00023373,NPU_00073,savings_investment,7511.01,monthly,cash
REC_NPE_00023380,NPU_00079,savings_investment,15775.15,monthly,debit_card
REC_NPE_00023480,NPU_00001,family_support,28994.9,monthly,cash
REC_NPE_00023482,NPU_00002,family_support,16773.18,monthly,bank_transfer
REC_NPE_00023484,NPU_00003,family_support,8276.72,monthly,esewa
REC_NPE_00023487,NPU_00005,family_support,13261.3,monthly,bank_transfer
REC_NPE_00023489,NPU_00006,family_support,17429.43,monthly,cash
REC_NPE_00023491,NPU_00007,family_support,10205.29,monthly,esewa
REC_NPE_00023493,NPU_00008,family_support,9820.6,monthly,cash
REC_NPE_00023496,NPU_00009,family_support,12759.61,monthly,bank_transfer
REC_NPE_00023499,NPU_00010,family_support,12046.4,monthly,cash
REC_NPE_00023501,NPU_00011,family_support,27034.85,monthly,bank_transfer
REC_NPE_00023502,NPU_00012,family_support,9224.49,monthly,debit_card
REC_NPE_00023504,NPU_00013,family_support,28556.25,monthly,cash
REC_NPE_00023505,NPU_00014,family_support,37837.87,monthly,credit_card
REC_NPE_00023509,NPU_00017,family_support,14141.55,monthly,bank_transfer
REC_NPE_00023515,NPU_00018,family_support,40204.65,monthly,cash
REC_NPE_00023516,NPU_00021,family_support,25485.27,monthly,debit_card
REC_NPE_00023517,NPU_00023,family_support,33708.09,monthly,bank_transfer
REC_NPE_00023518,NPU_00024,family_support,40484.28,monthly,debit_card
REC_NPE_00023520,NPU_00026,family_support,28812.73,monthly,esewa
REC_NPE_00023521,NPU_00027,family_support,21687.0,monthly,cash
REC_NPE_00023525,NPU_00031,family_support,22103.86,monthly,cash
REC_NPE_00023527,NPU_00033,family_support,10658.73,monthly,cash
REC_NPE_00023529,NPU_00035,family_support,14410.2,monthly,cash
REC_NPE_00023535,NPU_00038,family_support,67320.0,monthly,esewa
REC_NPE_00023537,NPU_00039,family_support,11638.32,monthly,credit_card
REC_NPE_00023538,NPU_00040,family_support,12124.91,monthly,bank_transfer
REC_NPE_00023540,NPU_00041,family_support,23731.75,monthly,esewa
REC_NPE_00023542,NPU_00042,family_support,25893.38,monthly,khalti
REC_NPE_00023546,NPU_00044,family_support,11369.43,monthly,cash
REC_NPE_00023555,NPU_00049,family_support,46750.0,monthly,khalti
REC_NPE_00023557,NPU_00051,family_support,5410.82,monthly,esewa
REC_NPE_00023558,NPU_00052,family_support,33063.28,monthly,cash
REC_NPE_00023559,NPU_00054,family_support,41019.45,monthly,cash
REC_NPE_00023562,NPU_00056,family_support,7319.21,monthly,khalti
REC_NPE_00023564,NPU_00057,family_support,23186.64,monthly,bank_transfer
REC_NPE_00023565,NPU_00058,family_support,7874.77,monthly,cash
REC_NPE_00023566,NPU_00059,family_support,18774.84,monthly,debit_card
REC_NPE_00023567,NPU_00060,family_support,18695.09,monthly,cash
REC_NPE_00023568,NPU_00061,family_support,31793.27,monthly,fonepay_qr
REC_NPE_00023569,NPU_00062,family_support,28357.46,monthly,cash
REC_NPE_00023573,NPU_00065,family_support,9750.15,monthly,esewa
REC_NPE_00023574,NPU_00066,family_support,56255.4,monthly,esewa
REC_NPE_00023581,NPU_00069,family_support,10284.73,monthly,debit_card
REC_NPE_00023583,NPU_00070,family_support,20396.74,monthly,cash
REC_NPE_00023586,NPU_00072,family_support,19433.54,monthly,bank_transfer
REC_NPE_00023588,NPU_00073,family_support,20571.22,monthly,debit_card
REC_NPE_00023589,NPU_00074,family_support,21597.66,monthly,esewa
REC_NPE_00023590,NPU_00076,family_support,31040.46,monthly,esewa
REC_NPE_00023591,NPU_00077,family_support,21918.56,monthly,debit_card
REC_NPE_00023592,NPU_00079,family_support,10108.25,monthly,cash
REC_NPE_00023777,NPU_00001,utilities,4892.31,monthly,cash
REC_NPE_00023778,NPU_00002,utilities,2040.85,monthly,esewa
REC_NPE_00023780,NPU_00003,utilities,1288.51,monthly,esewa
REC_NPE_00023782,NPU_00004,utilities,1907.6,monthly,bank_transfer
REC_NPE_00023786,NPU_00006,utilities,2802.72,monthly,debit_card
REC_NPE_00023789,NPU_00008,utilities,3061.36,monthly,bank_transfer
REC_NPE_00023793,NPU_00010,utilities,4339.21,monthly,bank_transfer
REC_NPE_00023794,NPU_00011,utilities,4131.23,monthly,khalti
REC_NPE_00023795,NPU_00012,utilities,2925.55,monthly,bank_transfer
REC_NPE_00023796,NPU_00013,utilities,10710.0,monthly,cash
REC_NPE_00023797,NPU_00014,utilities,5916.0,monthly,fonepay_qr
REC_NPE_00023800,NPU_00017,utilities,4352.49,monthly,cash
REC_NPE_00023802,NPU_00018,utilities,3934.56,monthly,esewa
REC_NPE_00023807,NPU_00020,utilities,3760.9,monthly,cash
REC_NPE_00023808,NPU_00021,utilities,1532.39,monthly,debit_card
REC_NPE_00023811,NPU_00022,utilities,2294.4,monthly,credit_card
REC_NPE_00023816,NPU_00025,utilities,3723.54,monthly,esewa
REC_NPE_00023817,NPU_00027,utilities,2673.16,monthly,esewa
REC_NPE_00023819,NPU_00028,utilities,3054.51,monthly,cash
REC_NPE_00023821,NPU_00029,utilities,2228.36,monthly,bank_transfer
REC_NPE_00023824,NPU_00030,utilities,6094.71,monthly,cash
REC_NPE_00023827,NPU_00031,utilities,10254.9,monthly,khalti
REC_NPE_00023829,NPU_00032,utilities,8167.05,monthly,cash
REC_NPE_00023830,NPU_00033,utilities,4651.05,monthly,esewa
REC_NPE_00023834,NPU_00034,utilities,3273.18,monthly,cash
REC_NPE_00023837,NPU_00035,utilities,1178.54,monthly,esewa
REC_NPE_00023842,NPU_00037,utilities,4964.19,monthly,khalti
REC_NPE_00023844,NPU_00039,utilities,1830.52,monthly,debit_card
REC_NPE_00023845,NPU_00040,utilities,4026.13,monthly,debit_card
REC_NPE_00023849,NPU_00041,utilities,3311.51,monthly,cash
REC_NPE_00023851,NPU_00042,utilities,5268.31,monthly,bank_transfer
REC_NPE_00023853,NPU_00044,utilities,3653.48,monthly,bank_transfer
REC_NPE_00023855,NPU_00046,utilities,5211.02,monthly,esewa
REC_NPE_00023856,NPU_00047,utilities,2603.92,monthly,credit_card
REC_NPE_00023859,NPU_00048,utilities,3512.56,monthly,esewa
REC_NPE_00023862,NPU_00049,utilities,2839.28,monthly,bank_transfer
REC_NPE_00023864,NPU_00050,utilities,2696.82,monthly,esewa
REC_NPE_00023867,NPU_00051,utilities,2629.73,monthly,khalti
REC_NPE_00023868,NPU_00052,utilities,6111.46,monthly,khalti
REC_NPE_00023870,NPU_00053,utilities,2903.95,monthly,credit_card
REC_NPE_00023873,NPU_00055,utilities,1652.4,monthly,cash
REC_NPE_00023875,NPU_00056,utilities,5031.08,monthly,cash
REC_NPE_00023876,NPU_00057,utilities,2767.15,monthly,debit_card
REC_NPE_00023881,NPU_00058,utilities,1748.33,monthly,esewa
REC_NPE_00023885,NPU_00059,utilities,6447.61,monthly,fonepay_qr
REC_NPE_00023888,NPU_00060,utilities,7529.08,monthly,esewa
REC_NPE_00023891,NPU_00061,utilities,3927.85,monthly,cash
REC_NPE_00023892,NPU_00063,utilities,1948.24,monthly,debit_card
REC_NPE_00023895,NPU_00064,utilities,4418.21,monthly,bank_transfer
REC_NPE_00023896,NPU_00065,utilities,3531.9,monthly,esewa
REC_NPE_00023897,NPU_00067,utilities,2674.96,monthly,cash
REC_NPE_00023899,NPU_00068,utilities,4558.48,monthly,debit_card
REC_NPE_00023901,NPU_00069,utilities,3510.57,monthly,esewa
REC_NPE_00023903,NPU_00071,utilities,2127.64,monthly,esewa
REC_NPE_00023904,NPU_00072,utilities,4376.39,monthly,cash
REC_NPE_00023905,NPU_00073,utilities,4096.82,monthly,bank_transfer
REC_NPE_00023909,NPU_00074,utilities,2547.59,monthly,fonepay_qr
REC_NPE_00023912,NPU_00076,utilities,3847.86,monthly,esewa
REC_NPE_00023914,NPU_00077,utilities,3061.02,monthly,cash
REC_NPE_00023915,NPU_00078,utilities,7627.59,monthly,fonepay_qr
REC_NPE_00023916,NPU_00079,utilities,1449.57,monthly,cash
REC_NPE_00023918,NPU_00080,utilities,1131.92,monthly,cash
REC_NPE_00024209,NPU_00004,internet_mobile,858.55,monthly,bank_transfer
REC_NPE_00024211,NPU_00005,internet_mobile,4284.0,monthly,cash
REC_NPE_00024214,NPU_00008,internet_mobile,1638.4,monthly,esewa
REC_NPE_00024218,NPU_00009,internet_mobile,1115.71,monthly,khalti
REC_NPE_00024219,NPU_00010,internet_mobile,1121.99,monthly,esewa
REC_NPE_00024221,NPU_00011,internet_mobile,3306.96,monthly,fonepay_qr
REC_NPE_00024222,NPU_00012,internet_mobile,999.57,monthly,debit_card
REC_NPE_00024226,NPU_00013,internet_mobile,2512.5,monthly,credit_card
REC_NPE_00024227,NPU_00014,internet_mobile,808.4,monthly,fonepay_qr
REC_NPE_00024228,NPU_00015,internet_mobile,1130.77,monthly,esewa
REC_NPE_00024230,NPU_00016,internet_mobile,2999.64,monthly,cash
REC_NPE_00024232,NPU_00017,internet_mobile,3130.01,monthly,cash
REC_NPE_00024233,NPU_00018,internet_mobile,3674.84,monthly,bank_transfer
REC_NPE_00024234,NPU_00019,internet_mobile,2034.33,monthly,cash
REC_NPE_00024236,NPU_00021,internet_mobile,3401.17,monthly,bank_transfer
REC_NPE_00024238,NPU_00022,internet_mobile,1637.78,monthly,esewa
REC_NPE_00024240,NPU_00023,internet_mobile,2458.09,monthly,debit_card
REC_NPE_00024242,NPU_00024,internet_mobile,665.15,monthly,bank_transfer
REC_NPE_00024243,NPU_00025,internet_mobile,2838.73,monthly,cash
REC_NPE_00024245,NPU_00026,internet_mobile,1364.86,monthly,bank_transfer
REC_NPE_00024248,NPU_00027,internet_mobile,1207.81,monthly,khalti
REC_NPE_00024251,NPU_00029,internet_mobile,1597.9,monthly,bank_transfer
REC_NPE_00024253,NPU_00030,internet_mobile,1308.38,monthly,cash
REC_NPE_00024254,NPU_00031,internet_mobile,5747.76,monthly,cash
REC_NPE_00024256,NPU_00032,internet_mobile,2710.26,monthly,debit_card
REC_NPE_00024257,NPU_00033,internet_mobile,1091.56,monthly,cash
REC_NPE_00024261,NPU_00034,internet_mobile,1681.73,monthly,esewa
REC_NPE_00024263,NPU_00035,internet_mobile,1153.35,monthly,khalti
REC_NPE_00024266,NPU_00036,internet_mobile,1270.98,monthly,cash
REC_NPE_00024269,NPU_00038,internet_mobile,2867.19,monthly,cash
REC_NPE_00024271,NPU_00039,internet_mobile,1104.38,monthly,cash
REC_NPE_00024273,NPU_00040,internet_mobile,2823.76,monthly,debit_card
REC_NPE_00024274,NPU_00041,internet_mobile,2537.91,monthly,credit_card
REC_NPE_00024277,NPU_00042,internet_mobile,4503.15,monthly,cash
REC_NPE_00024278,NPU_00043,internet_mobile,1789.31,monthly,khalti
REC_NPE_00024282,NPU_00046,internet_mobile,4310.58,monthly,bank_transfer
REC_NPE_00024284,NPU_00047,internet_mobile,1379.02,monthly,bank_transfer
REC_NPE_00024285,NPU_00049,internet_mobile,818.99,monthly,cash
REC_NPE_00024289,NPU_00051,internet_mobile,3475.97,monthly,cash
REC_NPE_00024291,NPU_00052,internet_mobile,1881.88,monthly,cash
REC_NPE_00024292,NPU_00053,internet_mobile,1842.43,monthly,cash
REC_NPE_00024293,NPU_00054,internet_mobile,512.85,monthly,cash
REC_NPE_00024295,NPU_00055,internet_mobile,1768.92,monthly,cash
REC_NPE_00024296,NPU_00056,internet_mobile,1160.18,monthly,cash
REC_NPE_00024298,NPU_00059,internet_mobile,1690.58,monthly,esewa
REC_NPE_00024299,NPU_00060,internet_mobile,1536.27,monthly,cash
REC_NPE_00024300,NPU_00061,internet_mobile,1835.04,monthly,esewa
REC_NPE_00024301,NPU_00062,internet_mobile,923.96,monthly,esewa
REC_NPE_00024302,NPU_00063,internet_mobile,1985.67,monthly,khalti
REC_NPE_00024304,NPU_00064,internet_mobile,2908.13,monthly,debit_card
REC_NPE_00024305,NPU_00065,internet_mobile,1689.56,monthly,bank_transfer
REC_NPE_00024306,NPU_00066,internet_mobile,1491.78,monthly,cash
REC_NPE_00024307,NPU_00067,internet_mobile,3898.89,monthly,debit_card
REC_NPE_00024309,NPU_00068,internet_mobile,7437.5,monthly,cash
REC_NPE_00024312,NPU_00069,internet_mobile,3671.23,monthly,debit_card
REC_NPE_00024315,NPU_00070,internet_mobile,1737.52,monthly,esewa
REC_NPE_00024317,NPU_00071,internet_mobile,2299.44,monthly,cash
REC_NPE_00024318,NPU_00072,internet_mobile,5773.17,monthly,debit_card
REC_NPE_00024319,NPU_00073,internet_mobile,2010.88,monthly,cash
REC_NPE_00024321,NPU_00074,internet_mobile,5499.01,monthly,cash
REC_NPE_00024324,NPU_00076,internet_mobile,1812.41,monthly,esewa
REC_NPE_00024327,NPU_00077,internet_mobile,3276.88,monthly,cash
REC_NPE_00024328,NPU_00078,internet_mobile,3824.42,monthly,cash
REC_NPE_00024329,NPU_00079,internet_mobile,2353.94,monthly,cash
REC_NPE_00024501,NPU_00005,loan_emi,14050.59,monthly,cash
REC_NPE_00024504,NPU_00009,loan_emi,19392.68,monthly,bank_transfer
REC_NPE_00024506,NPU_00010,loan_emi,29360.87,monthly,esewa
REC_NPE_00024507,NPU_00015,loan_emi,23343.01,monthly,credit_card
REC_NPE_00024510,NPU_00017,loan_emi,25713.7,monthly,esewa
REC_NPE_00024513,NPU_00019,loan_emi,16007.39,monthly,cash
REC_NPE_00024517,NPU_00024,loan_emi,15160.1,monthly,debit_card
REC_NPE_00024519,NPU_00026,loan_emi,20086.77,monthly,cash
REC_NPE_00024524,NPU_00028,loan_emi,31978.34,monthly,debit_card
REC_NPE_00024526,NPU_00030,loan_emi,15976.09,monthly,bank_transfer
REC_NPE_00024529,NPU_00031,loan_emi,10590.02,monthly,cash
REC_NPE_00024532,NPU_00033,loan_emi,10452.14,monthly,cash
REC_NPE_00024534,NPU_00035,loan_emi,6175.22,monthly,cash
REC_NPE_00024536,NPU_00037,loan_emi,11856.83,monthly,cash
REC_NPE_00024541,NPU_00039,loan_emi,4815.94,monthly,debit_card
REC_NPE_00024542,NPU_00040,loan_emi,18590.15,monthly,bank_transfer
REC_NPE_00024548,NPU_00042,loan_emi,37441.13,monthly,bank_transfer
REC_NPE_00024549,NPU_00044,loan_emi,32461.75,monthly,esewa
REC_NPE_00024550,NPU_00045,loan_emi,15811.31,monthly,cash
REC_NPE_00024566,NPU_00059,loan_emi,8478.53,monthly,cash
REC_NPE_00024568,NPU_00060,loan_emi,30849.79,monthly,khalti
REC_NPE_00024569,NPU_00061,loan_emi,9503.6,monthly,esewa
REC_NPE_00024579,NPU_00067,loan_emi,7960.17,monthly,cash
REC_NPE_00024795,NPU_00001,subscriptions,2332.42,monthly,debit_card
REC_NPE_00024800,NPU_00004,subscriptions,2548.1,monthly,fonepay_qr
REC_NPE_00024801,NPU_00005,subscriptions,1635.97,monthly,esewa
REC_NPE_00024804,NPU_00006,subscriptions,2246.41,monthly,cash
REC_NPE_00024808,NPU_00008,subscriptions,1271.14,monthly,bank_transfer
REC_NPE_00024815,NPU_00015,subscriptions,1259.93,monthly,cash
REC_NPE_00024817,NPU_00016,subscriptions,3466.21,monthly,debit_card
REC_NPE_00024825,NPU_00022,subscriptions,3084.02,monthly,debit_card
REC_NPE_00024828,NPU_00023,subscriptions,6665.68,monthly,bank_transfer
REC_NPE_00024834,NPU_00027,subscriptions,2278.96,monthly,esewa
REC_NPE_00024838,NPU_00028,subscriptions,3066.59,monthly,cash
REC_NPE_00024841,NPU_00030,subscriptions,849.7,monthly,cash
REC_NPE_00024846,NPU_00032,subscriptions,3121.04,monthly,esewa
REC_NPE_00024847,NPU_00033,subscriptions,1036.76,monthly,cash
REC_NPE_00024852,NPU_00035,subscriptions,960.96,monthly,esewa
REC_NPE_00024854,NPU_00036,subscriptions,2309.5,monthly,bank_transfer
REC_NPE_00024859,NPU_00038,subscriptions,2425.29,monthly,cash
REC_NPE_00024862,NPU_00040,subscriptions,1898.23,monthly,debit_card
REC_NPE_00024868,NPU_00044,subscriptions,1520.21,monthly,credit_card
REC_NPE_00024869,NPU_00045,subscriptions,2952.19,monthly,cash
REC_NPE_00024874,NPU_00047,subscriptions,1854.32,monthly,cash
REC_NPE_00024880,NPU_00052,subscriptions,1984.72,monthly,khalti
REC_NPE_00024881,NPU_00053,subscriptions,2608.58,monthly,cash
REC_NPE_00024882,NPU_00054,subscriptions,1602.89,monthly,esewa
REC_NPE_00024885,NPU_00055,subscriptions,1858.07,monthly,cash
REC_NPE_00024888,NPU_00057,subscriptions,2195.68,monthly,esewa
REC_NPE_00024889,NPU_00058,subscriptions,6920.87,monthly,cash
REC_NPE_00024895,NPU_00060,subscriptions,3251.88,monthly,cash
REC_NPE_00024897,NPU_00061,subscriptions,2223.32,monthly,cash
REC_NPE_00024898,NPU_00063,subscriptions,3134.86,monthly,khalti
REC_NPE_00024901,NPU_00064,subscriptions,2388.84,monthly,esewa
REC_NPE_00024906,NPU_00067,subscriptions,1363.87,monthly,cash
REC_NPE_00024910,NPU_00070,subscriptions,1739.27,monthly,cash
REC_NPE_00024913,NPU_00071,subscriptions,1465.28,monthly,khalti
REC_NPE_00024914,NPU_00072,subscriptions,1509.56,monthly,credit_card
REC_NPE_00024916,NPU_00074,subscriptions,1918.25,monthly,debit_card
REC_NPE_00024921,NPU_00078,subscriptions,5518.46,monthly,cash
REC_NPE_00024923,NPU_00079,subscriptions,1789.86,monthly,khalti
REC_NPE_00024926,NPU_00080,subscriptions,2988.01,monthly,bank_transfer
REC_NPE_00025956,NPU_00002,rent,11241.94,monthly,esewa
REC_NPE_00025960,NPU_00004,rent,38297.81,monthly,cash
REC_NPE_00025963,NPU_00005,rent,6933.37,monthly,bank_transfer
REC_NPE_00025966,NPU_00006,rent,21783.17,monthly,esewa
REC_NPE_00025969,NPU_00009,rent,13590.41,monthly,cash
REC_NPE_00025973,NPU_00010,rent,15201.68,monthly,cash
REC_NPE_00025975,NPU_00011,rent,33494.93,monthly,cash
REC_NPE_00025976,NPU_00012,rent,25554.64,monthly,bank_transfer
REC_NPE_00025979,NPU_00013,rent,26439.71,monthly,cash
REC_NPE_00025984,NPU_00015,rent,7040.0,monthly,esewa
REC_NPE_00025990,NPU_00019,rent,35202.61,monthly,credit_card
REC_NPE_00025992,NPU_00020,rent,31525.58,monthly,cash
REC_NPE_00025996,NPU_00022,rent,16603.01,monthly,cash
REC_NPE_00025997,NPU_00023,rent,12997.51,monthly,cash
REC_NPE_00025999,NPU_00024,rent,29617.66,monthly,cash
REC_NPE_00026002,NPU_00025,rent,16366.82,monthly,debit_card
REC_NPE_00026012,NPU_00031,rent,17982.68,monthly,credit_card
REC_NPE_00026017,NPU_00033,rent,17245.08,monthly,cash
REC_NPE_00026021,NPU_00035,rent,25822.28,monthly,bank_transfer
REC_NPE_00026026,NPU_00037,rent,14739.05,monthly,esewa
REC_NPE_00026031,NPU_00039,rent,30544.52,monthly,cash
REC_NPE_00026034,NPU_00043,rent,31233.74,monthly,credit_card
REC_NPE_00026044,NPU_00048,rent,30764.23,monthly,esewa
REC_NPE_00026045,NPU_00049,rent,22103.84,monthly,khalti
REC_NPE_00026046,NPU_00051,rent,12270.67,monthly,cash
REC_NPE_00026050,NPU_00053,rent,13530.71,monthly,bank_transfer
REC_NPE_00026053,NPU_00055,rent,29690.72,monthly,fonepay_qr
REC_NPE_00026056,NPU_00056,rent,39110.02,monthly,esewa
REC_NPE_00026057,NPU_00057,rent,44945.72,monthly,credit_card
REC_NPE_00026061,NPU_00061,rent,16899.25,monthly,cash
REC_NPE_00026066,NPU_00063,rent,23927.9,monthly,bank_transfer
REC_NPE_00026072,NPU_00066,rent,34984.65,monthly,bank_transfer
REC_NPE_00026074,NPU_00067,rent,15893.03,monthly,cash
REC_NPE_00026080,NPU_00072,rent,29227.09,monthly,cash
REC_NPE_00026084,NPU_00075,rent,7663.08,monthly,fonepay_qr
REC_NPE_00026088,NPU_00077,rent,12008.78,monthly,bank_transfer
REC_NPE_00026094,NPU_00080,rent,26593.32,monthly,esewa
REC_NPE_00026196,NPU_00003,savings_investment,12013.66,monthly,cash
REC_NPE_00026199,NPU_00004,savings_investment,875.24,monthly,cash
REC_NPE_00026202,NPU_00007,savings_investment,11105.98,monthly,cash
REC_NPE_00026204,NPU_00008,savings_investment,24769.1,monthly,debit_card
REC_NPE_00026205,NPU_00011,savings_investment,15668.73,monthly,khalti
REC_NPE_00026213,NPU_00017,savings_investment,14469.51,monthly,khalti
REC_NPE_00026217,NPU_00020,savings_investment,6125.69,monthly,cash
REC_NPE_00026219,NPU_00022,savings_investment,18875.34,monthly,debit_card
REC_NPE_00026220,NPU_00023,savings_investment,11008.97,monthly,debit_card
REC_NPE_00026224,NPU_00026,savings_investment,6422.35,monthly,bank_transfer
REC_NPE_00026225,NPU_00027,savings_investment,5525.07,monthly,khalti
REC_NPE_00026229,NPU_00029,savings_investment,21716.11,monthly,cash
REC_NPE_00026231,NPU_00030,savings_investment,5540.8,monthly,khalti
REC_NPE_00026235,NPU_00031,savings_investment,9690.68,monthly,debit_card
REC_NPE_00026237,NPU_00032,savings_investment,4556.35,monthly,debit_card
REC_NPE_00026242,NPU_00038,savings_investment,13030.96,monthly,cash
REC_NPE_00026248,NPU_00043,savings_investment,3207.59,monthly,khalti
REC_NPE_00026260,NPU_00055,savings_investment,5131.21,monthly,esewa
REC_NPE_00026262,NPU_00056,savings_investment,8095.44,monthly,esewa
REC_NPE_00026265,NPU_00058,savings_investment,30888.36,monthly,fonepay_qr
REC_NPE_00026268,NPU_00060,savings_investment,23521.87,monthly,debit_card
REC_NPE_00026272,NPU_00062,savings_investment,3824.55,monthly,bank_transfer
REC_NPE_00026278,NPU_00066,savings_investment,1617.76,monthly,esewa
REC_NPE_00026282,NPU_00071,savings_investment,565.78,monthly,cash
REC_NPE_00026285,NPU_00074,savings_investment,2019.74,monthly,cash
REC_NPE_00026290,NPU_00079,savings_investment,13108.24,monthly,khalti
REC_NPE_00026398,NPU_00006,family_support,12501.34,monthly,cash
REC_NPE_00026400,NPU_00007,family_support,6235.18,monthly,esewa
REC_NPE_00026401,NPU_00008,family_support,23483.19,monthly,cash
REC_NPE_00026402,NPU_00009,family_support,27423.94,monthly,cash
REC_NPE_00026405,NPU_00014,family_support,11261.04,monthly,khalti
REC_NPE_00026408,NPU_00016,family_support,6328.09,monthly,cash
REC_NPE_00026413,NPU_00017,family_support,14382.69,monthly,cash
REC_NPE_00026415,NPU_00018,family_support,14993.07,monthly,cash
REC_NPE_00026418,NPU_00021,family_support,16967.09,monthly,esewa
REC_NPE_00026422,NPU_00023,family_support,8347.73,monthly,cash
REC_NPE_00026426,NPU_00029,family_support,8320.71,monthly,bank_transfer
REC_NPE_00026430,NPU_00031,family_support,14240.75,monthly,cash
REC_NPE_00026435,NPU_00037,family_support,3454.54,monthly,credit_card
REC_NPE_00026438,NPU_00039,family_support,18340.11,monthly,cash
REC_NPE_00026440,NPU_00040,family_support,13343.95,monthly,khalti
REC_NPE_00026443,NPU_00042,family_support,15227.94,monthly,cash
REC_NPE_00026444,NPU_00043,family_support,25518.9,monthly,cash
REC_NPE_00026449,NPU_00044,family_support,17848.4,monthly,esewa
REC_NPE_00026452,NPU_00049,family_support,14033.3,monthly,khalti
REC_NPE_00026455,NPU_00050,family_support,19441.42,monthly,debit_card
REC_NPE_00026457,NPU_00052,family_support,7013.51,monthly,debit_card
REC_NPE_00026460,NPU_00054,family_support,30124.8,monthly,esewa
REC_NPE_00026461,NPU_00056,family_support,14152.15,monthly,bank_transfer
REC_NPE_00026462,NPU_00057,family_support,37809.25,monthly,khalti
REC_NPE_00026464,NPU_00058,family_support,16192.45,monthly,esewa
REC_NPE_00026466,NPU_00059,family_support,19355.54,monthly,credit_card
REC_NPE_00026468,NPU_00060,family_support,13416.9,monthly,esewa
REC_NPE_00026469,NPU_00061,family_support,14574.85,monthly,bank_transfer
REC_NPE_00026472,NPU_00062,family_support,32078.83,monthly,bank_transfer
REC_NPE_00026473,NPU_00063,family_support,18962.76,monthly,debit_card
REC_NPE_00026477,NPU_00067,family_support,11216.51,monthly,cash
REC_NPE_00026478,NPU_00068,family_support,4754.94,monthly,debit_card
REC_NPE_00026483,NPU_00070,family_support,16774.51,monthly,debit_card
REC_NPE_00026491,NPU_00076,family_support,8032.0,monthly,fonepay_qr
REC_NPE_00026494,NPU_00077,family_support,17656.99,monthly,cash
REC_NPE_00026495,NPU_00078,family_support,66882.68,monthly,esewa
REC_NPE_00026499,NPU_00080,family_support,14150.14,monthly,cash
REC_NPE_00026698,NPU_00002,utilities,3607.83,monthly,cash
REC_NPE_00026705,NPU_00005,utilities,5396.52,monthly,debit_card
REC_NPE_00026707,NPU_00006,utilities,1307.54,monthly,cash
REC_NPE_00026709,NPU_00007,utilities,6258.0,monthly,bank_transfer
REC_NPE_00026711,NPU_00008,utilities,1439.55,monthly,cash
REC_NPE_00026714,NPU_00009,utilities,4263.37,monthly,cash
REC_NPE_00026717,NPU_00010,utilities,3185.87,monthly,khalti
REC_NPE_00026719,NPU_00011,utilities,5381.57,monthly,esewa
REC_NPE_00026722,NPU_00012,utilities,3304.61,monthly,credit_card
REC_NPE_00026724,NPU_00013,utilities,4496.79,monthly,cash
REC_NPE_00026728,NPU_00014,utilities,7304.42,monthly,cash
REC_NPE_00026729,NPU_00015,utilities,1097.65,monthly,cash
REC_NPE_00026735,NPU_00019,utilities,4462.21,monthly,cash
REC_NPE_00026737,NPU_00021,utilities,10710.0,monthly,bank_transfer
REC_NPE_00026740,NPU_00022,utilities,2275.23,monthly,cash
REC_NPE_00026743,NPU_00023,utilities,12750.0,monthly,cash
REC_NPE_00026746,NPU_00025,utilities,5606.14,monthly,cash
REC_NPE_00026748,NPU_00026,utilities,1172.88,monthly,esewa
REC_NPE_00026751,NPU_00028,utilities,4559.56,monthly,esewa
REC_NPE_00026753,NPU_00029,utilities,8452.5,monthly,bank_transfer
REC_NPE_00026756,NPU_00030,utilities,1891.03,monthly,cash
REC_NPE_00026759,NPU_00031,utilities,1123.62,monthly,esewa
REC_NPE_00026764,NPU_00032,utilities,3164.05,monthly,cash
REC_NPE_00026767,NPU_00033,utilities,2335.87,monthly,cash
REC_NPE_00026773,NPU_00035,utilities,1581.12,monthly,bank_transfer
REC_NPE_00026775,NPU_00036,utilities,4482.75,monthly,cash
REC_NPE_00026777,NPU_00038,utilities,3519.82,monthly,cash
REC_NPE_00026780,NPU_00039,utilities,2524.46,monthly,cash
REC_NPE_00026782,NPU_00040,utilities,2764.17,monthly,esewa
REC_NPE_00026785,NPU_00041,utilities,5858.92,monthly,esewa
REC_NPE_00026788,NPU_00042,utilities,3521.9,monthly,cash
REC_NPE_00026789,NPU_00043,utilities,3980.6,monthly,cash
REC_NPE_00026790,NPU_00044,utilities,6917.91,monthly,esewa
REC_NPE_00026791,NPU_00045,utilities,3676.95,monthly,cash
REC_NPE_00026793,NPU_00046,utilities,8937.37,monthly,esewa
REC_NPE_00026796,NPU_00047,utilities,1972.67,monthly,cash
REC_NPE_00026798,NPU_00048,utilities,4571.46,monthly,debit_card
REC_NPE_00026799,NPU_00049,utilities,2326.62,monthly,khalti
REC_NPE_00026800,NPU_00050,utilities,1567.6,monthly,cash
REC_NPE_00026802,NPU_00051,utilities,3977.52,monthly,cash
REC_NPE_00026805,NPU_00053,utilities,2822.09,monthly,cash
REC_NPE_00026808,NPU_00054,utilities,1913.69,monthly,khalti
REC_NPE_00026809,NPU_00055,utilities,4367.65,monthly,cash
REC_NPE_00026811,NPU_00056,utilities,1764.35,monthly,bank_transfer
REC_NPE_00026813,NPU_00057,utilities,7203.9,monthly,bank_transfer
REC_NPE_00026816,NPU_00058,utilities,3923.85,monthly,esewa
REC_NPE_00026819,NPU_00060,utilities,3004.86,monthly,cash
REC_NPE_00026822,NPU_00061,utilities,3868.62,monthly,cash
REC_NPE_00026823,NPU_00063,utilities,4993.38,monthly,esewa
REC_NPE_00026827,NPU_00066,utilities,4957.06,monthly,debit_card
REC_NPE_00026830,NPU_00067,utilities,4753.54,monthly,cash
REC_NPE_00026832,NPU_00068,utilities,3477.72,monthly,cash
REC_NPE_00026834,NPU_00069,utilities,3942.44,monthly,cash
REC_NPE_00026836,NPU_00070,utilities,1882.62,monthly,cash
REC_NPE_00026839,NPU_00072,utilities,10710.0,monthly,cash
REC_NPE_00026843,NPU_00074,utilities,5264.4,monthly,bank_transfer
REC_NPE_00026846,NPU_00075,utilities,4515.95,monthly,credit_card
REC_NPE_00026849,NPU_00076,utilities,1761.17,monthly,cash
REC_NPE_00026851,NPU_00077,utilities,8307.88,monthly,cash
REC_NPE_00026853,NPU_00078,utilities,4724.72,monthly,debit_card
REC_NPE_00026855,NPU_00080,utilities,8087.0,monthly,esewa
REC_NPE_00027120,NPU_00002,internet_mobile,390.16,monthly,khalti
REC_NPE_00027122,NPU_00003,internet_mobile,1373.81,monthly,cash
REC_NPE_00027123,NPU_00004,internet_mobile,1825.24,monthly,khalti
REC_NPE_00027124,NPU_00005,internet_mobile,366.25,monthly,cash
REC_NPE_00027127,NPU_00006,internet_mobile,921.86,monthly,fonepay_qr
REC_NPE_00027128,NPU_00007,internet_mobile,3392.36,monthly,esewa
REC_NPE_00027131,NPU_00009,internet_mobile,3967.41,monthly,esewa
REC_NPE_00027134,NPU_00010,internet_mobile,1267.33,monthly,credit_card
REC_NPE_00027136,NPU_00012,internet_mobile,1479.5,monthly,bank_transfer
REC_NPE_00027138,NPU_00013,internet_mobile,1030.53,monthly,cash
REC_NPE_00027139,NPU_00014,internet_mobile,4627.81,monthly,khalti
REC_NPE_00027146,NPU_00017,internet_mobile,780.53,monthly,khalti
REC_NPE_00027147,NPU_00019,internet_mobile,1263.52,monthly,debit_card
REC_NPE_00027148,NPU_00020,internet_mobile,707.14,monthly,esewa
REC_NPE_00027151,NPU_00021,internet_mobile,2528.02,monthly,cash
REC_NPE_00027154,NPU_00022,internet_mobile,2011.23,monthly,cash
REC_NPE_00027155,NPU_00023,internet_mobile,3169.32,monthly,credit_card
REC_NPE_00027157,NPU_00024,internet_mobile,2814.06,monthly,credit_card
REC_NPE_00027164,NPU_00026,internet_mobile,1876.43,monthly,bank_transfer
REC_NPE_00027166,NPU_00027,internet_mobile,1577.57,monthly,cash
REC_NPE_00027168,NPU_00028,internet_mobile,2629.52,monthly,cash
REC_NPE_00027172,NPU_00029,internet_mobile,1153.8,monthly,cash
REC_NPE_00027173,NPU_00031,internet_mobile,5546.21,monthly,cash
REC_NPE_00027175,NPU_00032,internet_mobile,2186.61,monthly,esewa
REC_NPE_00027178,NPU_00033,internet_mobile,1540.72,monthly,cash
REC_NPE_00027182,NPU_00034,internet_mobile,1876.97,monthly,debit_card
REC_NPE_00027184,NPU_00036,internet_mobile,1778.58,monthly,credit_card
REC_NPE_00027186,NPU_00037,internet_mobile,2306.64,monthly,debit_card
REC_NPE_00027193,NPU_00041,internet_mobile,2012.59,monthly,bank_transfer
REC_NPE_00027197,NPU_00042,internet_mobile,2539.76,monthly,cash
REC_NPE_00027199,NPU_00043,internet_mobile,996.63,monthly,bank_transfer
REC_NPE_00027202,NPU_00045,internet_mobile,1229.37,monthly,bank_transfer
REC_NPE_00027205,NPU_00046,internet_mobile,1390.49,monthly,esewa
REC_NPE_00027207,NPU_00047,internet_mobile,2927.53,monthly,cash
REC_NPE_00027208,NPU_00048,internet_mobile,4199.85,monthly,cash
REC_NPE_00027210,NPU_00050,internet_mobile,1559.44,monthly,bank_transfer
REC_NPE_00027212,NPU_00051,internet_mobile,1917.69,monthly,khalti
REC_NPE_00027215,NPU_00052,internet_mobile,2646.42,monthly,bank_transfer
REC_NPE_00027219,NPU_00053,internet_mobile,2290.74,monthly,cash
REC_NPE_00027223,NPU_00056,internet_mobile,957.62,monthly,cash
REC_NPE_00027227,NPU_00057,internet_mobile,1189.04,monthly,debit_card
REC_NPE_00027228,NPU_00058,internet_mobile,1571.38,monthly,khalti
REC_NPE_00027230,NPU_00059,internet_mobile,2331.31,monthly,cash
REC_NPE_00027232,NPU_00060,internet_mobile,2241.57,monthly,khalti
REC_NPE_00027233,NPU_00061,internet_mobile,1269.48,monthly,cash
REC_NPE_00027234,NPU_00063,internet_mobile,1064.78,monthly,debit_card
REC_NPE_00027235,NPU_00064,internet_mobile,4037.47,monthly,cash
REC_NPE_00027236,NPU_00065,internet_mobile,1719.91,monthly,bank_transfer
REC_NPE_00027237,NPU_00067,internet_mobile,2357.93,monthly,debit_card
REC_NPE_00027238,NPU_00068,internet_mobile,2154.17,monthly,cash
REC_NPE_00027240,NPU_00069,internet_mobile,2420.68,monthly,debit_card
REC_NPE_00027242,NPU_00070,internet_mobile,2448.18,monthly,khalti
REC_NPE_00027244,NPU_00072,internet_mobile,1390.98,monthly,debit_card
REC_NPE_00027245,NPU_00073,internet_mobile,2868.69,monthly,bank_transfer
REC_NPE_00027248,NPU_00074,internet_mobile,2146.03,monthly,bank_transfer
REC_NPE_00027250,NPU_00077,internet_mobile,1703.53,monthly,cash
REC_NPE_00027254,NPU_00078,internet_mobile,4496.4,monthly,cash
REC_NPE_00027255,NPU_00079,internet_mobile,1002.47,monthly,esewa
REC_NPE_00027257,NPU_00080,internet_mobile,1314.26,monthly,cash
REC_NPE_00027425,NPU_00001,loan_emi,15851.44,monthly,esewa
REC_NPE_00027427,NPU_00002,loan_emi,11726.46,monthly,esewa
REC_NPE_00027430,NPU_00003,loan_emi,2718.56,monthly,cash
REC_NPE_00027431,NPU_00005,loan_emi,21945.77,monthly,esewa
REC_NPE_00027434,NPU_00008,loan_emi,19851.94,monthly,cash
REC_NPE_00027436,NPU_00009,loan_emi,11521.81,monthly,debit_card
REC_NPE_00027443,NPU_00012,loan_emi,17204.34,monthly,cash
REC_NPE_00027445,NPU_00013,loan_emi,23576.11,monthly,credit_card
REC_NPE_00027458,NPU_00022,loan_emi,18472.63,monthly,cash
REC_NPE_00027460,NPU_00024,loan_emi,19084.84,monthly,bank_transfer
REC_NPE_00027463,NPU_00025,loan_emi,11033.39,monthly,cash
REC_NPE_00027480,NPU_00035,loan_emi,8730.48,monthly,cash
REC_NPE_00027484,NPU_00038,loan_emi,13601.39,monthly,cash
REC_NPE_00027486,NPU_00039,loan_emi,9719.54,monthly,cash
REC_NPE_00027490,NPU_00040,loan_emi,14109.36,monthly,cash
REC_NPE_00027491,NPU_00041,loan_emi,18865.29,monthly,khalti
REC_NPE_00027494,NPU_00043,loan_emi,8259.74,monthly,cash
REC_NPE_00027495,NPU_00044,loan_emi,20936.03,monthly,cash
REC_NPE_00027498,NPU_00048,loan_emi,8109.04,monthly,cash
REC_NPE_00027503,NPU_00053,loan_emi,41888.0,monthly,esewa
REC_NPE_00027509,NPU_00057,loan_emi,14954.63,monthly,cash
REC_NPE_00027512,NPU_00059,loan_emi,5419.06,monthly,cash
REC_NPE_00027516,NPU_00062,loan_emi,6261.44,monthly,credit_card
REC_NPE_00027517,NPU_00063,loan_emi,15446.13,monthly,debit_card
REC_NPE_00027520,NPU_00064,loan_emi,9651.51,monthly,credit_card
REC_NPE_00027521,NPU_00066,loan_emi,14252.01,monthly,cash
REC_NPE_00027532,NPU_00071,loan_emi,14350.33,monthly,esewa
REC_NPE_00027534,NPU_00073,loan_emi,12297.65,monthly,cash
REC_NPE_00027536,NPU_00075,loan_emi,17786.94,monthly,esewa
REC_NPE_00027539,NPU_00076,loan_emi,6112.76,monthly,esewa
REC_NPE_00027704,NPU_00001,subscriptions,4248.74,monthly,debit_card
REC_NPE_00027707,NPU_00002,subscriptions,2454.06,monthly,esewa
REC_NPE_00027709,NPU_00003,subscriptions,1200.07,monthly,cash
REC_NPE_00027711,NPU_00006,subscriptions,2389.42,monthly,cash
REC_NPE_00027717,NPU_00008,subscriptions,2466.56,monthly,cash
REC_NPE_00027718,NPU_00009,subscriptions,2687.89,monthly,cash
REC_NPE_00027723,NPU_00011,subscriptions,1102.7,monthly,cash
REC_NPE_00027729,NPU_00013,subscriptions,3619.11,monthly,bank_transfer
REC_NPE_00027731,NPU_00015,subscriptions,1638.0,monthly,cash
REC_NPE_00027733,NPU_00016,subscriptions,1012.16,monthly,esewa
REC_NPE_00027738,NPU_00018,subscriptions,4903.06,monthly,cash
REC_NPE_00027740,NPU_00020,subscriptions,4224.74,monthly,debit_card
REC_NPE_00027746,NPU_00024,subscriptions,3121.57,monthly,cash
REC_NPE_00027747,NPU_00025,subscriptions,5263.26,monthly,cash
REC_NPE_00027751,NPU_00028,subscriptions,3816.89,monthly,cash
REC_NPE_00027753,NPU_00030,subscriptions,4825.11,monthly,esewa
REC_NPE_00027755,NPU_00032,subscriptions,6701.78,monthly,cash
REC_NPE_00027758,NPU_00035,subscriptions,1329.54,monthly,esewa
REC_NPE_00027763,NPU_00037,subscriptions,1568.56,monthly,khalti
REC_NPE_00027770,NPU_00040,subscriptions,3243.45,monthly,khalti
REC_NPE_00027774,NPU_00044,subscriptions,2847.53,monthly,cash
REC_NPE_00027779,NPU_00047,subscriptions,3175.34,monthly,bank_transfer
REC_NPE_00027782,NPU_00049,subscriptions,3826.05,monthly,cash
REC_NPE_00027786,NPU_00050,subscriptions,1179.71,monthly,cash
REC_NPE_00027789,NPU_00052,subscriptions,2209.84,monthly,esewa
REC_NPE_00027791,NPU_00053,subscriptions,3675.68,monthly,esewa
REC_NPE_00027794,NPU_00054,subscriptions,1942.75,monthly,debit_card
REC_NPE_00027798,NPU_00055,subscriptions,4213.51,monthly,fonepay_qr
REC_NPE_00027803,NPU_00059,subscriptions,2494.11,monthly,cash
REC_NPE_00027805,NPU_00060,subscriptions,1212.08,monthly,bank_transfer
REC_NPE_00027807,NPU_00061,subscriptions,2808.2,monthly,esewa
REC_NPE_00027810,NPU_00064,subscriptions,4520.17,monthly,cash
REC_NPE_00027811,NPU_00067,subscriptions,1754.18,monthly,cash
REC_NPE_00027814,NPU_00068,subscriptions,1772.94,monthly,esewa
REC_NPE_00027815,NPU_00069,subscriptions,3511.47,monthly,esewa
REC_NPE_00027816,NPU_00070,subscriptions,2817.12,monthly,esewa
REC_NPE_00027819,NPU_00071,subscriptions,1121.11,monthly,cash
REC_NPE_00027821,NPU_00072,subscriptions,2457.34,monthly,esewa
REC_NPE_00027822,NPU_00073,subscriptions,1716.56,monthly,khalti
REC_NPE_00027825,NPU_00075,subscriptions,1318.09,monthly,credit_card
REC_NPE_00027828,NPU_00077,subscriptions,3324.64,monthly,bank_transfer
REC_NPE_00027829,NPU_00079,subscriptions,1160.05,monthly,credit_card
REC_NPE_00028921,NPU_00002,rent,22891.54,monthly,esewa
REC_NPE_00028924,NPU_00004,rent,12641.06,monthly,cash
REC_NPE_00028928,NPU_00006,rent,12920.45,monthly,cash
REC_NPE_00028929,NPU_00007,rent,58461.73,monthly,credit_card
REC_NPE_00028931,NPU_00009,rent,14474.38,monthly,esewa
REC_NPE_00028933,NPU_00010,rent,13350.32,monthly,bank_transfer
REC_NPE_00028936,NPU_00012,rent,12809.94,monthly,bank_transfer
REC_NPE_00028939,NPU_00013,rent,19401.15,monthly,cash
REC_NPE_00028940,NPU_00015,rent,16773.7,monthly,esewa
REC_NPE_00028942,NPU_00019,rent,27948.74,monthly,cash
REC_NPE_00028946,NPU_00020,rent,52133.6,monthly,fonepay_qr
REC_NPE_00028947,NPU_00021,rent,29039.26,monthly,bank_transfer
REC_NPE_00028949,NPU_00022,rent,9105.21,monthly,cash
REC_NPE_00028950,NPU_00023,rent,74183.76,monthly,esewa
REC_NPE_00028951,NPU_00025,rent,15321.43,monthly,cash
REC_NPE_00028953,NPU_00026,rent,34710.64,monthly,cash
REC_NPE_00028965,NPU_00033,rent,27573.22,monthly,cash
REC_NPE_00028966,NPU_00034,rent,41223.23,monthly,esewa
REC_NPE_00028971,NPU_00039,rent,27809.65,monthly,cash
REC_NPE_00028974,NPU_00042,rent,17862.13,monthly,fonepay_qr
REC_NPE_00028975,NPU_00043,rent,30068.99,monthly,cash
REC_NPE_00028982,NPU_00048,rent,10970.69,monthly,bank_transfer
REC_NPE_00028984,NPU_00051,rent,44126.56,monthly,cash
REC_NPE_00028989,NPU_00055,rent,45024.38,monthly,cash
REC_NPE_00028990,NPU_00056,rent,27992.29,monthly,fonepay_qr
REC_NPE_00028992,NPU_00057,rent,13858.23,monthly,cash
REC_NPE_00028997,NPU_00061,rent,10000.0,monthly,cash
REC_NPE_00029001,NPU_00064,rent,74375.0,monthly,cash
REC_NPE_00029002,NPU_00067,rent,10528.57,monthly,cash
REC_NPE_00029010,NPU_00072,rent,8400.0,monthly,esewa
REC_NPE_00029012,NPU_00075,rent,32855.83,monthly,esewa
REC_NPE_00029016,NPU_00077,rent,36811.92,monthly,esewa
REC_NPE_00029110,NPU_00002,savings_investment,5323.91,monthly,cash
REC_NPE_00029114,NPU_00006,savings_investment,25985.62,monthly,cash
REC_NPE_00029115,NPU_00007,savings_investment,15961.13,monthly,cash
REC_NPE_00029117,NPU_00011,savings_investment,18815.3,monthly,bank_transfer
REC_NPE_00029119,NPU_00013,savings_investment,1454.56,monthly,esewa
REC_NPE_00029120,NPU_00014,savings_investment,702.58,monthly,cash
REC_NPE_00029124,NPU_00017,savings_investment,13003.53,monthly,esewa
REC_NPE_00029133,NPU_00021,savings_investment,5937.75,monthly,cash
REC_NPE_00029141,NPU_00025,savings_investment,5009.32,monthly,bank_transfer
REC_NPE_00029146,NPU_00030,savings_investment,6802.45,monthly,cash
REC_NPE_00029149,NPU_00034,savings_investment,10702.55,monthly,cash
REC_NPE_00029162,NPU_00048,savings_investment,11390.48,monthly,cash
REC_NPE_00029164,NPU_00050,savings_investment,10244.57,monthly,credit_card
REC_NPE_00029165,NPU_00051,savings_investment,1640.94,monthly,cash
REC_NPE_00029168,NPU_00052,savings_investment,4916.53,monthly,cash
REC_NPE_00029174,NPU_00057,savings_investment,3459.51,monthly,khalti
REC_NPE_00029176,NPU_00058,savings_investment,47519.24,monthly,khalti
REC_NPE_00029178,NPU_00059,savings_investment,17768.05,monthly,fonepay_qr
REC_NPE_00029179,NPU_00060,savings_investment,27741.63,monthly,fonepay_qr
REC_NPE_00029185,NPU_00064,savings_investment,17643.62,monthly,esewa
REC_NPE_00029187,NPU_00065,savings_investment,11509.99,monthly,bank_transfer
REC_NPE_00029190,NPU_00066,savings_investment,1720.67,monthly,khalti
REC_NPE_00029193,NPU_00070,savings_investment,13755.56,monthly,bank_transfer
REC_NPE_00029202,NPU_00076,savings_investment,12174.95,monthly,cash
REC_NPE_00029205,NPU_00077,savings_investment,1007.64,monthly,bank_transfer
REC_NPE_00029339,NPU_00005,family_support,14528.86,monthly,cash
REC_NPE_00029341,NPU_00006,family_support,29904.88,monthly,esewa
REC_NPE_00029343,NPU_00007,family_support,15951.25,monthly,khalti
REC_NPE_00029346,NPU_00009,family_support,9363.47,monthly,cash
REC_NPE_00029349,NPU_00010,family_support,18068.6,monthly,cash
REC_NPE_00029352,NPU_00012,family_support,18518.61,monthly,cash
REC_NPE_00029354,NPU_00013,family_support,35470.76,monthly,fonepay_qr
REC_NPE_00029363,NPU_00020,family_support,41626.61,monthly,cash
REC_NPE_00029364,NPU_00021,family_support,22731.28,monthly,cash
REC_NPE_00029368,NPU_00022,family_support,25390.4,monthly,esewa
REC_NPE_00029373,NPU_00024,family_support,37496.7,monthly,fonepay_qr
REC_NPE_00029374,NPU_00025,family_support,21528.56,monthly,cash
REC_NPE_00029383,NPU_00032,family_support,8666.67,monthly,cash
REC_NPE_00029388,NPU_00036,family_support,14329.41,monthly,cash
REC_NPE_00029390,NPU_00038,family_support,9930.53,monthly,cash
REC_NPE_00029394,NPU_00040,family_support,7030.82,monthly,khalti
REC_NPE_00029396,NPU_00041,family_support,19483.05,monthly,cash
REC_NPE_00029397,NPU_00042,family_support,23815.07,monthly,fonepay_qr
REC_NPE_00029398,NPU_00043,family_support,6433.86,monthly,bank_transfer
REC_NPE_00029399,NPU_00044,family_support,16532.23,monthly,esewa
REC_NPE_00029405,NPU_00049,family_support,4819.81,monthly,khalti
REC_NPE_00029408,NPU_00050,family_support,10779.19,monthly,cash
REC_NPE_00029411,NPU_00051,family_support,7368.77,monthly,cash
REC_NPE_00029415,NPU_00053,family_support,6925.34,monthly,cash
REC_NPE_00029416,NPU_00054,family_support,7249.98,monthly,cash
REC_NPE_00029420,NPU_00056,family_support,5313.02,monthly,esewa
REC_NPE_00029423,NPU_00057,family_support,19837.6,monthly,cash
REC_NPE_00029425,NPU_00058,family_support,12476.56,monthly,cash
REC_NPE_00029428,NPU_00059,family_support,16274.19,monthly,bank_transfer
REC_NPE_00029429,NPU_00060,family_support,17529.45,monthly,cash
REC_NPE_00029432,NPU_00062,family_support,40355.58,monthly,cash
REC_NPE_00029435,NPU_00063,family_support,18068.05,monthly,bank_transfer
REC_NPE_00029439,NPU_00064,family_support,14589.54,monthly,cash
REC_NPE_00029442,NPU_00067,family_support,18389.47,monthly,fonepay_qr
REC_NPE_00029445,NPU_00068,family_support,10632.42,monthly,debit_card
REC_NPE_00029450,NPU_00072,family_support,17409.98,monthly,esewa
REC_NPE_00029451,NPU_00074,family_support,46750.0,monthly,khalti
REC_NPE_00029456,NPU_00076,family_support,5861.38,monthly,esewa
REC_NPE_00029457,NPU_00077,family_support,11025.29,monthly,fonepay_qr
REC_NPE_00029461,NPU_00078,family_support,31635.01,monthly,cash
REC_NPE_00029464,NPU_00080,family_support,17244.53,monthly,cash
REC_NPE_00029639,NPU_00001,utilities,3273.62,monthly,credit_card
REC_NPE_00029642,NPU_00002,utilities,2803.44,monthly,esewa
REC_NPE_00029643,NPU_00003,utilities,2648.83,monthly,cash
REC_NPE_00029645,NPU_00004,utilities,4375.83,monthly,esewa
REC_NPE_00029646,NPU_00005,utilities,1365.97,monthly,bank_transfer
REC_NPE_00029650,NPU_00007,utilities,2011.65,monthly,fonepay_qr
REC_NPE_00029651,NPU_00008,utilities,2192.35,monthly,bank_transfer
REC_NPE_00029652,NPU_00009,utilities,4053.45,monthly,debit_card
REC_NPE_00029654,NPU_00010,utilities,3280.11,monthly,khalti
REC_NPE_00029655,NPU_00011,utilities,12750.0,monthly,bank_transfer
REC_NPE_00029657,NPU_00012,utilities,1265.1,monthly,cash
REC_NPE_00029659,NPU_00013,utilities,4708.58,monthly,esewa
REC_NPE_00029662,NPU_00014,utilities,8909.4,monthly,cash
REC_NPE_00029664,NPU_00015,utilities,5458.12,monthly,fonepay_qr
REC_NPE_00029669,NPU_00016,utilities,3663.4,monthly,cash
REC_NPE_00029671,NPU_00018,utilities,3331.95,monthly,cash
REC_NPE_00029673,NPU_00019,utilities,4546.57,monthly,cash
REC_NPE_00029676,NPU_00021,utilities,2062.75,monthly,cash
REC_NPE_00029678,NPU_00022,utilities,2542.15,monthly,esewa
REC_NPE_00029680,NPU_00023,utilities,5478.55,monthly,cash
REC_NPE_00029681,NPU_00024,utilities,9918.17,monthly,fonepay_qr
REC_NPE_00029682,NPU_00025,utilities,3866.05,monthly,esewa
REC_NPE_00029683,NPU_00026,utilities,525.0,monthly,bank_transfer
REC_NPE_00029685,NPU_00027,utilities,12750.0,monthly,esewa
REC_NPE_00029686,NPU_00028,utilities,4356.39,monthly,esewa
REC_NPE_00029689,NPU_00029,utilities,1628.82,monthly,bank_transfer
REC_NPE_00029692,NPU_00030,utilities,4670.76,monthly,bank_transfer
REC_NPE_00029695,NPU_00031,utilities,2764.69,monthly,cash
REC_NPE_00029698,NPU_00032,utilities,3498.28,monthly,debit_card
REC_NPE_00029702,NPU_00035,utilities,3204.61,monthly,cash
REC_NPE_00029705,NPU_00036,utilities,4273.11,monthly,esewa
REC_NPE_00029707,NPU_00037,utilities,3049.63,monthly,esewa
REC_NPE_00029709,NPU_00038,utilities,1993.14,monthly,khalti
REC_NPE_00029711,NPU_00039,utilities,2313.26,monthly,debit_card
REC_NPE_00029712,NPU_00040,utilities,1936.46,monthly,fonepay_qr
REC_NPE_00029715,NPU_00041,utilities,3491.55,monthly,cash
REC_NPE_00029720,NPU_00045,utilities,10710.0,monthly,khalti
REC_NPE_00029722,NPU_00046,utilities,3352.8,monthly,khalti
REC_NPE_00029725,NPU_00047,utilities,3172.07,monthly,cash
REC_NPE_00029731,NPU_00050,utilities,2161.81,monthly,cash
REC_NPE_00029734,NPU_00051,utilities,1669.39,monthly,cash
REC_NPE_00029738,NPU_00052,utilities,1791.55,monthly,cash
REC_NPE_00029740,NPU_00053,utilities,5260.79,monthly,khalti
REC_NPE_00029742,NPU_00054,utilities,3129.47,monthly,cash
REC_NPE_00029744,NPU_00055,utilities,7142.18,monthly,esewa
REC_NPE_00029746,NPU_00056,utilities,3290.84,monthly,cash
REC_NPE_00029748,NPU_00058,utilities,7621.08,monthly,cash
REC_NPE_00029750,NPU_00059,utilities,2311.91,monthly,bank_transfer
REC_NPE_00029753,NPU_00061,utilities,8255.82,monthly,cash
REC_NPE_00029754,NPU_00062,utilities,3703.54,monthly,khalti
REC_NPE_00029756,NPU_00063,utilities,4685.51,monthly,bank_transfer
REC_NPE_00029758,NPU_00065,utilities,2071.59,monthly,cash
REC_NPE_00029762,NPU_00066,utilities,3278.22,monthly,esewa
REC_NPE_00029763,NPU_00067,utilities,3402.3,monthly,esewa
REC_NPE_00029770,NPU_00070,utilities,9194.0,monthly,esewa
REC_NPE_00029773,NPU_00072,utilities,1929.88,monthly,bank_transfer
REC_NPE_00029775,NPU_00073,utilities,7628.13,monthly,cash
REC_NPE_00029776,NPU_00074,utilities,3945.35,monthly,esewa
REC_NPE_00029779,NPU_00076,utilities,2782.96,monthly,esewa
REC_NPE_00029783,NPU_00078,utilities,3246.05,monthly,cash
REC_NPE_00029785,NPU_00079,utilities,440.0,monthly,bank_transfer
REC_NPE_00029787,NPU_00080,utilities,3305.14,monthly,bank_transfer
REC_NPE_00030080,NPU_00003,internet_mobile,895.86,monthly,debit_card
REC_NPE_00030082,NPU_00004,internet_mobile,1278.25,monthly,cash
REC_NPE_00030085,NPU_00005,internet_mobile,1129.21,monthly,cash
REC_NPE_00030087,NPU_00006,internet_mobile,715.67,monthly,cash
REC_NPE_00030090,NPU_00007,internet_mobile,1174.16,monthly,cash
REC_NPE_00030092,NPU_00008,internet_mobile,2783.18,monthly,khalti
REC_NPE_00030097,NPU_00009,internet_mobile,718.6,monthly,cash
REC_NPE_00030100,NPU_00010,internet_mobile,2934.93,monthly,cash
REC_NPE_00030104,NPU_00011,internet_mobile,862.84,monthly,esewa
REC_NPE_00030105,NPU_00012,internet_mobile,3440.82,monthly,bank_transfer
REC_NPE_00030109,NPU_00014,internet_mobile,1170.94,monthly,cash
REC_NPE_00030112,NPU_00015,internet_mobile,1744.14,monthly,cash
REC_NPE_00030114,NPU_00016,internet_mobile,1627.97,monthly,esewa
REC_NPE_00030115,NPU_00017,internet_mobile,1648.06,monthly,bank_transfer
REC_NPE_00030117,NPU_00018,internet_mobile,1977.17,monthly,bank_transfer
REC_NPE_00030119,NPU_00019,internet_mobile,2167.99,monthly,cash
REC_NPE_00030120,NPU_00020,internet_mobile,1746.25,monthly,cash
REC_NPE_00030123,NPU_00021,internet_mobile,4744.4,monthly,fonepay_qr
REC_NPE_00030125,NPU_00022,internet_mobile,1490.73,monthly,esewa
REC_NPE_00030127,NPU_00024,internet_mobile,3555.18,monthly,cash
REC_NPE_00030128,NPU_00025,internet_mobile,1896.2,monthly,bank_transfer
REC_NPE_00030135,NPU_00027,internet_mobile,7437.5,monthly,bank_transfer
REC_NPE_00030138,NPU_00028,internet_mobile,2308.75,monthly,cash
REC_NPE_00030139,NPU_00029,internet_mobile,1138.36,monthly,esewa
REC_NPE_00030140,NPU_00030,internet_mobile,5432.26,monthly,credit_card
REC_NPE_00030143,NPU_00031,internet_mobile,2538.83,monthly,khalti
REC_NPE_00030149,NPU_00034,internet_mobile,965.55,monthly,debit_card
REC_NPE_00030152,NPU_00035,internet_mobile,923.99,monthly,cash
REC_NPE_00030155,NPU_00036,internet_mobile,3245.72,monthly,cash
REC_NPE_00030157,NPU_00037,internet_mobile,3610.82,monthly,debit_card
REC_NPE_00030159,NPU_00038,internet_mobile,7437.5,monthly,debit_card
REC_NPE_00030161,NPU_00039,internet_mobile,1729.65,monthly,bank_transfer
REC_NPE_00030164,NPU_00040,internet_mobile,3988.28,monthly,cash
REC_NPE_00030166,NPU_00041,internet_mobile,1875.19,monthly,cash
REC_NPE_00030168,NPU_00042,internet_mobile,3709.06,monthly,esewa
REC_NPE_00030169,NPU_00043,internet_mobile,1861.95,monthly,cash
REC_NPE_00030173,NPU_00046,internet_mobile,1426.97,monthly,fonepay_qr
REC_NPE_00030175,NPU_00047,internet_mobile,1725.26,monthly,fonepay_qr
REC_NPE_00030176,NPU_00048,internet_mobile,1493.29,monthly,esewa
REC_NPE_00030178,NPU_00049,internet_mobile,2384.42,monthly,bank_transfer
REC_NPE_00030182,NPU_00051,internet_mobile,2291.71,monthly,cash
REC_NPE_00030184,NPU_00052,internet_mobile,1338.48,monthly,cash
REC_NPE_00030188,NPU_00053,internet_mobile,3810.31,monthly,cash
REC_NPE_00030191,NPU_00054,internet_mobile,2740.55,monthly,cash
REC_NPE_00030196,NPU_00055,internet_mobile,1132.14,monthly,esewa
REC_NPE_00030199,NPU_00056,internet_mobile,3614.91,monthly,debit_card
REC_NPE_00030200,NPU_00057,internet_mobile,1697.02,monthly,cash
REC_NPE_00030203,NPU_00058,internet_mobile,892.31,monthly,bank_transfer
REC_NPE_00030206,NPU_00059,internet_mobile,2094.3,monthly,cash
REC_NPE_00030208,NPU_00060,internet_mobile,7437.5,monthly,credit_card
REC_NPE_00030210,NPU_00061,internet_mobile,1334.25,monthly,cash
REC_NPE_00030213,NPU_00063,internet_mobile,1417.96,monthly,bank_transfer
REC_NPE_00030215,NPU_00064,internet_mobile,1816.88,monthly,bank_transfer
REC_NPE_00030219,NPU_00065,internet_mobile,2140.94,monthly,bank_transfer
REC_NPE_00030220,NPU_00066,internet_mobile,2257.46,monthly,cash
REC_NPE_00030223,NPU_00067,internet_mobile,2163.08,monthly,khalti
REC_NPE_00030225,NPU_00068,internet_mobile,2267.96,monthly,esewa
REC_NPE_00030229,NPU_00070,internet_mobile,2192.46,monthly,bank_transfer
REC_NPE_00030231,NPU_00073,internet_mobile,850.62,monthly,cash
REC_NPE_00030234,NPU_00074,internet_mobile,888.91,monthly,cash
REC_NPE_00030240,NPU_00076,internet_mobile,716.54,monthly,debit_card
REC_NPE_00030245,NPU_00078,internet_mobile,865.19,monthly,debit_card
REC_NPE_00030249,NPU_00080,internet_mobile,2001.72,monthly,bank_transfer
REC_NPE_00030437,NPU_00002,loan_emi,21400.4,monthly,bank_transfer
REC_NPE_00030444,NPU_00008,loan_emi,11938.41,monthly,bank_transfer
REC_NPE_00030446,NPU_00010,loan_emi,17911.57,monthly,fonepay_qr
REC_NPE_00030449,NPU_00013,loan_emi,15335.43,monthly,cash
REC_NPE_00030452,NPU_00016,loan_emi,8878.35,monthly,cash
REC_NPE_00030453,NPU_00017,loan_emi,10633.49,monthly,cash
REC_NPE_00030460,NPU_00020,loan_emi,11446.14,monthly,esewa
REC_NPE_00030461,NPU_00021,loan_emi,18034.18,monthly,khalti
REC_NPE_00030463,NPU_00022,loan_emi,11429.58,monthly,cash
REC_NPE_00030472,NPU_00033,loan_emi,6323.49,monthly,cash
REC_NPE_00030474,NPU_00037,loan_emi,7877.64,monthly,debit_card
REC_NPE_00030476,NPU_00039,loan_emi,8241.34,monthly,bank_transfer
REC_NPE_00030481,NPU_00041,loan_emi,17491.9,monthly,debit_card
REC_NPE_00030483,NPU_00043,loan_emi,34223.12,monthly,esewa
REC_NPE_00030495,NPU_00051,loan_emi,23003.1,monthly,cash
REC_NPE_00030514,NPU_00067,loan_emi,25679.22,monthly,cash
REC_NPE_00030518,NPU_00071,loan_emi,18371.67,monthly,debit_card
REC_NPE_00030525,NPU_00076,loan_emi,6815.06,monthly,esewa
REC_NPE_00030527,NPU_00078,loan_emi,14514.34,monthly,cash
REC_NPE_00030693,NPU_00001,subscriptions,2723.41,monthly,cash
REC_NPE_00030696,NPU_00002,subscriptions,871.31,monthly,bank_transfer
REC_NPE_00030698,NPU_00003,subscriptions,2069.24,monthly,cash
REC_NPE_00030705,NPU_00006,subscriptions,2347.49,monthly,bank_transfer
REC_NPE_00030706,NPU_00008,subscriptions,2282.25,monthly,cash
REC_NPE_00030712,NPU_00010,subscriptions,2495.01,monthly,esewa
REC_NPE_00030721,NPU_00014,subscriptions,2261.5,monthly,khalti
REC_NPE_00030722,NPU_00015,subscriptions,1798.55,monthly,cash
REC_NPE_00030725,NPU_00016,subscriptions,3727.53,monthly,esewa
REC_NPE_00030726,NPU_00018,subscriptions,4655.72,monthly,khalti
REC_NPE_00030727,NPU_00019,subscriptions,1994.69,monthly,debit_card
REC_NPE_00030731,NPU_00022,subscriptions,1087.18,monthly,cash
REC_NPE_00030735,NPU_00024,subscriptions,1115.0,monthly,esewa
REC_NPE_00030739,NPU_00027,subscriptions,2779.43,monthly,cash
REC_NPE_00030741,NPU_00028,subscriptions,3418.57,monthly,fonepay_qr
REC_NPE_00030743,NPU_00029,subscriptions,1472.33,monthly,cash
REC_NPE_00030749,NPU_00033,subscriptions,1230.65,monthly,debit_card
REC_NPE_00030752,NPU_00035,subscriptions,1244.81,monthly,bank_transfer
REC_NPE_00030757,NPU_00040,subscriptions,2198.97,monthly,cash
REC_NPE_00030759,NPU_00041,subscriptions,4855.56,monthly,khalti
REC_NPE_00030761,NPU_00042,subscriptions,3473.63,monthly,khalti
REC_NPE_00030762,NPU_00043,subscriptions,3010.1,monthly,bank_transfer
REC_NPE_00030767,NPU_00044,subscriptions,2092.29,monthly,cash
REC_NPE_00030770,NPU_00046,subscriptions,3001.89,monthly,cash
REC_NPE_00030776,NPU_00049,subscriptions,6846.35,monthly,bank_transfer
REC_NPE_00030780,NPU_00050,subscriptions,666.88,monthly,cash
REC_NPE_00030781,NPU_00052,subscriptions,2797.58,monthly,cash
REC_NPE_00030785,NPU_00054,subscriptions,713.27,monthly,esewa
REC_NPE_00030788,NPU_00056,subscriptions,2235.46,monthly,debit_card
REC_NPE_00030790,NPU_00057,subscriptions,4051.96,monthly,esewa
REC_NPE_00030793,NPU_00059,subscriptions,1238.1,monthly,bank_transfer
REC_NPE_00030796,NPU_00060,subscriptions,742.98,monthly,cash
REC_NPE_00030797,NPU_00061,subscriptions,3477.44,monthly,credit_card
REC_NPE_00030802,NPU_00064,subscriptions,8500.0,monthly,esewa
REC_NPE_00030805,NPU_00065,subscriptions,5984.0,monthly,cash
REC_NPE_00030806,NPU_00066,subscriptions,2041.45,monthly,fonepay_qr
REC_NPE_00030809,NPU_00068,subscriptions,2882.24,monthly,khalti
REC_NPE_00030813,NPU_00071,subscriptions,1174.26,monthly,credit_card
REC_NPE_00030817,NPU_00074,subscriptions,2652.04,monthly,cash
REC_NPE_00030820,NPU_00076,subscriptions,2770.28,monthly,cash
REC_NPE_00030823,NPU_00078,subscriptions,1502.85,monthly,esewa
REC_NPE_00030828,NPU_00079,subscriptions,1732.39,monthly,fonepay_qr
REC_NPE_00031881,NPU_00001,rent,22452.49,monthly,cash
REC_NPE_00031883,NPU_00002,rent,10186.08,monthly,debit_card
REC_NPE_00031886,NPU_00004,rent,27095.92,monthly,esewa
REC_NPE_00031887,NPU_00005,rent,21047.4,monthly,esewa
REC_NPE_00031888,NPU_00006,rent,12448.63,monthly,fonepay_qr
REC_NPE_00031890,NPU_00007,rent,20355.2,monthly,debit_card
REC_NPE_00031893,NPU_00009,rent,23689.44,monthly,debit_card
REC_NPE_00031897,NPU_00010,rent,19014.89,monthly,debit_card
REC_NPE_00031900,NPU_00012,rent,14430.02,monthly,khalti
REC_NPE_00031903,NPU_00013,rent,21686.28,monthly,cash
REC_NPE_00031904,NPU_00015,rent,24731.61,monthly,cash
REC_NPE_00031908,NPU_00019,rent,36741.81,monthly,bank_transfer
REC_NPE_00031910,NPU_00020,rent,20295.16,monthly,bank_transfer
REC_NPE_00031912,NPU_00022,rent,23337.56,monthly,bank_transfer
REC_NPE_00031914,NPU_00023,rent,21698.94,monthly,esewa
REC_NPE_00031916,NPU_00024,rent,16836.91,monthly,credit_card
REC_NPE_00031918,NPU_00026,rent,28168.39,monthly,debit_card
REC_NPE_00031926,NPU_00031,rent,47396.18,monthly,cash
REC_NPE_00031929,NPU_00033,rent,29490.7,monthly,bank_transfer
REC_NPE_00031934,NPU_00035,rent,17991.36,monthly,cash
REC_NPE_00031936,NPU_00037,rent,25419.87,monthly,cash
REC_NPE_00031937,NPU_00038,rent,25217.45,monthly,cash
REC_NPE_00031939,NPU_00039,rent,16274.39,monthly,cash
REC_NPE_00031942,NPU_00041,rent,23121.32,monthly,cash
REC_NPE_00031944,NPU_00043,rent,7209.69,monthly,debit_card
REC_NPE_00031945,NPU_00048,rent,62762.15,monthly,esewa
REC_NPE_00031947,NPU_00049,rent,42317.36,monthly,esewa
REC_NPE_00031952,NPU_00051,rent,40321.55,monthly,cash
REC_NPE_00031955,NPU_00055,rent,40419.46,monthly,bank_transfer
REC_NPE_00031959,NPU_00057,rent,62282.17,monthly,cash
REC_NPE_00031967,NPU_00061,rent,10666.43,monthly,cash
REC_NPE_00031970,NPU_00063,rent,9469.7,monthly,cash
REC_NPE_00031972,NPU_00064,rent,34474.48,monthly,cash
REC_NPE_00031977,NPU_00067,rent,17937.44,monthly,khalti
REC_NPE_00031983,NPU_00072,rent,22842.35,monthly,cash
REC_NPE_00031986,NPU_00075,rent,26475.1,monthly,cash
REC_NPE_00031989,NPU_00076,rent,7164.64,monthly,cash
REC_NPE_00031992,NPU_00077,rent,41595.79,monthly,esewa
REC_NPE_00031996,NPU_00079,rent,9656.68,monthly,cash
REC_NPE_00031999,NPU_00080,rent,52360.0,monthly,khalti
REC_NPE_00032095,NPU_00008,savings_investment,31009.79,monthly,esewa
REC_NPE_00032110,NPU_00017,savings_investment,14104.67,monthly,esewa
REC_NPE_00032112,NPU_00019,savings_investment,38836.52,monthly,bank_transfer
REC_NPE_00032116,NPU_00021,savings_investment,7736.16,monthly,credit_card
REC_NPE_00032120,NPU_00027,savings_investment,6914.97,monthly,bank_transfer
REC_NPE_00032122,NPU_00029,savings_investment,22089.25,monthly,debit_card
REC_NPE_00032124,NPU_00030,savings_investment,6490.64,monthly,cash
REC_NPE_00032128,NPU_00032,savings_investment,4936.27,monthly,bank_transfer
REC_NPE_00032131,NPU_00035,savings_investment,4728.83,monthly,cash
REC_NPE_00032133,NPU_00036,savings_investment,5022.56,monthly,esewa
REC_NPE_00032144,NPU_00041,savings_investment,3572.49,monthly,esewa
REC_NPE_00032148,NPU_00043,savings_investment,2631.43,monthly,cash
REC_NPE_00032152,NPU_00046,savings_investment,3299.61,monthly,cash
REC_NPE_00032154,NPU_00049,savings_investment,8731.01,monthly,bank_transfer
REC_NPE_00032156,NPU_00051,savings_investment,2239.85,monthly,cash
REC_NPE_00032158,NPU_00052,savings_investment,4674.26,monthly,cash
REC_NPE_00032162,NPU_00056,savings_investment,6857.7,monthly,khalti
REC_NPE_00032166,NPU_00057,savings_investment,3192.53,monthly,cash
REC_NPE_00032168,NPU_00058,savings_investment,27510.1,monthly,esewa
REC_NPE_00032171,NPU_00059,savings_investment,16488.24,monthly,cash
REC_NPE_00032174,NPU_00063,savings_investment,2370.58,monthly,bank_transfer
REC_NPE_00032179,NPU_00065,savings_investment,13810.38,monthly,khalti
REC_NPE_00032181,NPU_00066,savings_investment,2097.58,monthly,cash
REC_NPE_00032186,NPU_00070,savings_investment,15118.94,monthly,esewa
REC_NPE_00032188,NPU_00075,savings_investment,27946.75,monthly,esewa
REC_NPE_00032190,NPU_00076,savings_investment,14174.28,monthly,khalti
REC_NPE_00032195,NPU_00080,savings_investment,15914.15,monthly,debit_card
REC_NPE_00032275,NPU_00004,family_support,23373.57,monthly,bank_transfer
REC_NPE_00032276,NPU_00005,family_support,15106.65,monthly,cash
REC_NPE_00032277,NPU_00006,family_support,11230.28,monthly,cash
REC_NPE_00032279,NPU_00008,family_support,47180.3,monthly,bank_transfer
REC_NPE_00032282,NPU_00010,family_support,12972.45,monthly,khalti
REC_NPE_00032284,NPU_00012,family_support,18709.68,monthly,debit_card
REC_NPE_00032290,NPU_00016,family_support,9488.59,monthly,cash
REC_NPE_00032296,NPU_00018,family_support,59734.9,monthly,cash
REC_NPE_00032302,NPU_00021,family_support,10171.68,monthly,khalti
REC_NPE_00032311,NPU_00025,family_support,9881.35,monthly,khalti
REC_NPE_00032313,NPU_00026,family_support,35661.78,monthly,cash
REC_NPE_00032315,NPU_00028,family_support,18838.86,monthly,bank_transfer
REC_NPE_00032316,NPU_00029,family_support,6536.73,monthly,esewa
REC_NPE_00032321,NPU_00032,family_support,37728.93,monthly,cash
REC_NPE_00032325,NPU_00034,family_support,8062.03,monthly,debit_card
REC_NPE_00032327,NPU_00035,family_support,10088.14,monthly,esewa
REC_NPE_00032329,NPU_00036,family_support,19388.9,monthly,khalti
REC_NPE_00032331,NPU_00038,family_support,39621.99,monthly,fonepay_qr
REC_NPE_00032334,NPU_00041,family_support,19586.6,monthly,khalti
REC_NPE_00032337,NPU_00042,family_support,23694.96,monthly,esewa
REC_NPE_00032338,NPU_00044,family_support,8510.78,monthly,credit_card
REC_NPE_00032340,NPU_00045,family_support,8027.52,monthly,bank_transfer
REC_NPE_00032342,NPU_00047,family_support,16623.66,monthly,cash
REC_NPE_00032343,NPU_00048,family_support,9939.42,monthly,cash
REC_NPE_00032344,NPU_00049,family_support,6212.85,monthly,cash
REC_NPE_00032347,NPU_00050,family_support,13548.6,monthly,bank_transfer
REC_NPE_00032348,NPU_00051,family_support,24744.36,monthly,cash
REC_NPE_00032349,NPU_00052,family_support,19412.86,monthly,cash
REC_NPE_00032352,NPU_00054,family_support,11122.47,monthly,debit_card
REC_NPE_00032354,NPU_00055,family_support,49768.5,monthly,bank_transfer
REC_NPE_00032357,NPU_00058,family_support,28798.9,monthly,bank_transfer
REC_NPE_00032359,NPU_00059,family_support,18010.62,monthly,cash
REC_NPE_00032362,NPU_00060,family_support,8721.79,monthly,cash
REC_NPE_00032363,NPU_00061,family_support,52973.04,monthly,cash
REC_NPE_00032364,NPU_00062,family_support,27103.21,monthly,cash
REC_NPE_00032366,NPU_00063,family_support,19804.89,monthly,cash
REC_NPE_00032369,NPU_00067,family_support,9391.99,monthly,khalti
REC_NPE_00032374,NPU_00069,family_support,20219.63,monthly,cash
REC_NPE_00032375,NPU_00070,family_support,11128.2,monthly,credit_card
REC_NPE_00032380,NPU_00073,family_support,31876.54,monthly,esewa
REC_NPE_00032381,NPU_00074,family_support,15267.06,monthly,cash
REC_NPE_00032382,NPU_00075,family_support,11317.83,monthly,khalti
REC_NPE_00032383,NPU_00076,family_support,9128.04,monthly,khalti
REC_NPE_00032386,NPU_00078,family_support,25907.02,monthly,debit_card
REC_NPE_00032387,NPU_00079,family_support,9839.34,monthly,debit_card
REC_NPE_00032389,NPU_00080,family_support,24483.04,monthly,cash
REC_NPE_00032564,NPU_00001,utilities,2372.15,monthly,bank_transfer
REC_NPE_00032568,NPU_00006,utilities,4284.46,monthly,bank_transfer
REC_NPE_00032570,NPU_00009,utilities,11353.91,monthly,esewa
REC_NPE_00032574,NPU_00011,utilities,1450.13,monthly,cash
REC_NPE_00032576,NPU_00012,utilities,5297.06,monthly,cash
REC_NPE_00032579,NPU_00013,utilities,3915.6,monthly,credit_card
REC_NPE_00032581,NPU_00015,utilities,2840.51,monthly,cash
REC_NPE_00032582,NPU_00016,utilities,3764.44,monthly,cash
REC_NPE_00032583,NPU_00017,utilities,1549.91,monthly,bank_transfer
REC_NPE_00032586,NPU_00018,utilities,2739.21,monthly,bank_transfer
REC_NPE_00032587,NPU_00019,utilities,2268.43,monthly,cash
REC_NPE_00032590,NPU_00020,utilities,3677.35,monthly,debit_card
REC_NPE_00032591,NPU_00021,utilities,3946.68,monthly,debit_card
REC_NPE_00032592,NPU_00022,utilities,6501.91,monthly,cash
REC_NPE_00032593,NPU_00024,utilities,9656.92,monthly,cash
REC_NPE_00032599,NPU_00026,utilities,5269.9,monthly,esewa
REC_NPE_00032602,NPU_00028,utilities,7647.89,monthly,cash
REC_NPE_00032603,NPU_00029,utilities,1832.38,monthly,bank_transfer
REC_NPE_00032604,NPU_00030,utilities,2882.14,monthly,esewa
REC_NPE_00032606,NPU_00031,utilities,4980.25,monthly,cash
REC_NPE_00032609,NPU_00032,utilities,5057.86,monthly,cash
REC_NPE_00032611,NPU_00033,utilities,2854.08,monthly,bank_transfer
REC_NPE_00032615,NPU_00035,utilities,2590.04,monthly,bank_transfer
REC_NPE_00032616,NPU_00036,utilities,3541.11,monthly,debit_card
REC_NPE_00032618,NPU_00037,utilities,4495.63,monthly,khalti
REC_NPE_00032619,NPU_00038,utilities,4653.5,monthly,cash
REC_NPE_00032623,NPU_00039,utilities,4666.97,monthly,bank_transfer
REC_NPE_00032627,NPU_00041,utilities,7620.4,monthly,esewa
REC_NPE_00032628,NPU_00042,utilities,4287.09,monthly,bank_transfer
REC_NPE_00032630,NPU_00043,utilities,2466.99,monthly,fonepay_qr
REC_NPE_00032632,NPU_00044,utilities,2279.66,monthly,cash
REC_NPE_00032633,NPU_00045,utilities,4246.05,monthly,debit_card
REC_NPE_00032635,NPU_00046,utilities,4952.69,monthly,esewa
REC_NPE_00032640,NPU_00049,utilities,12016.18,monthly,bank_transfer
REC_NPE_00032643,NPU_00050,utilities,2447.55,monthly,khalti
REC_NPE_00032644,NPU_00051,utilities,3185.6,monthly,bank_transfer
REC_NPE_00032646,NPU_00052,utilities,2051.86,monthly,cash
REC_NPE_00032647,NPU_00053,utilities,4900.53,monthly,cash
REC_NPE_00032648,NPU_00054,utilities,5586.56,monthly,debit_card
REC_NPE_00032650,NPU_00056,utilities,838.21,monthly,cash
REC_NPE_00032652,NPU_00057,utilities,2565.73,monthly,fonepay_qr
REC_NPE_00032654,NPU_00058,utilities,1748.23,monthly,cash
REC_NPE_00032658,NPU_00060,utilities,2023.2,monthly,cash
REC_NPE_00032660,NPU_00061,utilities,7555.81,monthly,cash
REC_NPE_00032663,NPU_00062,utilities,6002.84,monthly,khalti
REC_NPE_00032664,NPU_00063,utilities,4518.52,monthly,cash
REC_NPE_00032666,NPU_00064,utilities,8446.46,monthly,esewa
REC_NPE_00032668,NPU_00065,utilities,2128.08,monthly,fonepay_qr
REC_NPE_00032674,NPU_00067,utilities,3115.41,monthly,cash
REC_NPE_00032676,NPU_00068,utilities,4710.99,monthly,esewa
REC_NPE_00032678,NPU_00070,utilities,6514.06,monthly,bank_transfer
REC_NPE_00032681,NPU_00072,utilities,2683.81,monthly,esewa
REC_NPE_00032683,NPU_00073,utilities,5714.58,monthly,cash
REC_NPE_00032685,NPU_00075,utilities,2290.68,monthly,credit_card
REC_NPE_00032687,NPU_00076,utilities,2790.34,monthly,cash
REC_NPE_00032689,NPU_00077,utilities,4202.69,monthly,khalti
REC_NPE_00032691,NPU_00079,utilities,1815.99,monthly,cash
REC_NPE_00032993,NPU_00003,internet_mobile,1358.5,monthly,khalti
REC_NPE_00032995,NPU_00004,internet_mobile,1059.81,monthly,cash
REC_NPE_00032996,NPU_00005,internet_mobile,1364.82,monthly,debit_card
REC_NPE_00032997,NPU_00006,internet_mobile,1318.7,monthly,credit_card
REC_NPE_00032999,NPU_00007,internet_mobile,1065.67,monthly,bank_transfer
REC_NPE_00033000,NPU_00008,internet_mobile,2582.54,monthly,esewa
REC_NPE_00033002,NPU_00009,internet_mobile,891.2,monthly,cash
REC_NPE_00033005,NPU_00012,internet_mobile,2129.83,monthly,esewa
REC_NPE_00033009,NPU_00013,internet_mobile,1072.65,monthly,cash
REC_NPE_00033010,NPU_00015,internet_mobile,587.63,monthly,bank_transfer
REC_NPE_00033011,NPU_00016,internet_mobile,1232.5,monthly,cash
REC_NPE_00033013,NPU_00017,internet_mobile,2261.52,monthly,cash
REC_NPE_00033014,NPU_00018,internet_mobile,2755.48,monthly,cash
REC_NPE_00033015,NPU_00019,internet_mobile,1923.21,monthly,fonepay_qr
REC_NPE_00033019,NPU_00020,internet_mobile,2260.93,monthly,cash
REC_NPE_00033020,NPU_00021,internet_mobile,2151.14,monthly,cash
REC_NPE_00033022,NPU_00023,internet_mobile,3244.77,monthly,bank_transfer
REC_NPE_00033024,NPU_00024,internet_mobile,2252.16,monthly,esewa
REC_NPE_00033025,NPU_00025,internet_mobile,2180.77,monthly,cash
REC_NPE_00033027,NPU_00027,internet_mobile,3366.33,monthly,khalti
REC_NPE_00033029,NPU_00028,internet_mobile,2303.77,monthly,esewa
REC_NPE_00033031,NPU_00029,internet_mobile,1195.4,monthly,debit_card
REC_NPE_00033034,NPU_00030,internet_mobile,1923.87,monthly,khalti
REC_NPE_00033038,NPU_00031,internet_mobile,2788.9,monthly,debit_card
REC_NPE_00033042,NPU_00032,internet_mobile,2332.11,monthly,bank_transfer
REC_NPE_00033044,NPU_00034,internet_mobile,1455.51,monthly,cash
REC_NPE_00033047,NPU_00035,internet_mobile,1030.83,monthly,cash
REC_NPE_00033048,NPU_00036,internet_mobile,1086.15,monthly,esewa
REC_NPE_00033049,NPU_00037,internet_mobile,1587.82,monthly,cash
REC_NPE_00033052,NPU_00039,internet_mobile,1798.08,monthly,debit_card
REC_NPE_00033053,NPU_00040,internet_mobile,2112.71,monthly,debit_card
REC_NPE_00033054,NPU_00042,internet_mobile,3602.72,monthly,khalti
REC_NPE_00033055,NPU_00044,internet_mobile,711.25,monthly,cash
REC_NPE_00033056,NPU_00045,internet_mobile,3102.72,monthly,debit_card
REC_NPE_00033059,NPU_00046,internet_mobile,2133.05,monthly,cash
REC_NPE_00033062,NPU_00048,internet_mobile,1185.84,monthly,bank_transfer
REC_NPE_00033064,NPU_00049,internet_mobile,2322.21,monthly,cash
REC_NPE_00033067,NPU_00050,internet_mobile,1318.89,monthly,bank_transfer
REC_NPE_00033072,NPU_00051,internet_mobile,1983.27,monthly,esewa
REC_NPE_00033073,NPU_00052,internet_mobile,2606.51,monthly,esewa
REC_NPE_00033079,NPU_00055,internet_mobile,1725.92,monthly,cash
REC_NPE_00033081,NPU_00056,internet_mobile,1535.62,monthly,esewa
REC_NPE_00033083,NPU_00057,internet_mobile,2309.97,monthly,esewa
REC_NPE_00033086,NPU_00058,internet_mobile,2020.74,monthly,cash
REC_NPE_00033088,NPU_00059,internet_mobile,1845.8,monthly,cash
REC_NPE_00033091,NPU_00060,internet_mobile,1976.07,monthly,cash
REC_NPE_00033093,NPU_00061,internet_mobile,2902.75,monthly,cash
REC_NPE_00033096,NPU_00062,internet_mobile,3392.59,monthly,cash
REC_NPE_00033098,NPU_00063,internet_mobile,1384.37,monthly,cash
REC_NPE_00033102,NPU_00066,internet_mobile,2146.96,monthly,bank_transfer
REC_NPE_00033105,NPU_00068,internet_mobile,1167.96,monthly,khalti
REC_NPE_00033106,NPU_00069,internet_mobile,2258.18,monthly,cash
REC_NPE_00033109,NPU_00070,internet_mobile,1462.01,monthly,cash
REC_NPE_00033111,NPU_00071,internet_mobile,2499.64,monthly,cash
REC_NPE_00033113,NPU_00073,internet_mobile,4475.99,monthly,cash
REC_NPE_00033116,NPU_00074,internet_mobile,2653.35,monthly,khalti
REC_NPE_00033117,NPU_00075,internet_mobile,492.04,monthly,fonepay_qr
REC_NPE_00033119,NPU_00076,internet_mobile,1634.08,monthly,esewa
REC_NPE_00033122,NPU_00077,internet_mobile,2321.75,monthly,credit_card
REC_NPE_00033126,NPU_00079,internet_mobile,1713.53,monthly,khalti
REC_NPE_00033127,NPU_00080,internet_mobile,3174.74,monthly,cash
REC_NPE_00033305,NPU_00002,loan_emi,6078.65,monthly,esewa
REC_NPE_00033307,NPU_00004,loan_emi,9692.33,monthly,cash
REC_NPE_00033309,NPU_00005,loan_emi,9113.21,monthly,credit_card
REC_NPE_00033313,NPU_00007,loan_emi,7782.44,monthly,fonepay_qr
REC_NPE_00033316,NPU_00012,loan_emi,11070.85,monthly,debit_card
REC_NPE_00033324,NPU_00023,loan_emi,15945.85,monthly,debit_card
REC_NPE_00033326,NPU_00024,loan_emi,21173.1,monthly,esewa
REC_NPE_00033328,NPU_00027,loan_emi,46098.48,monthly,cash
REC_NPE_00033336,NPU_00034,loan_emi,23354.31,monthly,esewa
REC_NPE_00033337,NPU_00035,loan_emi,25238.33,monthly,bank_transfer
REC_NPE_00033343,NPU_00041,loan_emi,13961.74,monthly,debit_card
REC_NPE_00033346,NPU_00043,loan_emi,5847.53,monthly,debit_card
REC_NPE_00033349,NPU_00046,loan_emi,12408.61,monthly,cash
REC_NPE_00033360,NPU_00055,loan_emi,15325.6,monthly,bank_transfer
REC_NPE_00033365,NPU_00060,loan_emi,20170.36,monthly,cash
REC_NPE_00033374,NPU_00066,loan_emi,50243.05,monthly,bank_transfer
REC_NPE_00033375,NPU_00067,loan_emi,11614.04,monthly,esewa
REC_NPE_00033378,NPU_00069,loan_emi,49980.0,monthly,bank_transfer
REC_NPE_00033381,NPU_00071,loan_emi,5893.43,monthly,cash
REC_NPE_00033385,NPU_00074,loan_emi,10327.09,monthly,bank_transfer
REC_NPE_00033389,NPU_00079,loan_emi,6649.4,monthly,bank_transfer
REC_NPE_00033392,NPU_00080,loan_emi,18307.83,monthly,cash
REC_NPE_00033607,NPU_00001,subscriptions,1504.06,monthly,cash
REC_NPE_00033608,NPU_00002,subscriptions,1100.73,monthly,cash
REC_NPE_00033610,NPU_00003,subscriptions,5984.0,monthly,debit_card
REC_NPE_00033612,NPU_00005,subscriptions,1175.82,monthly,debit_card
REC_NPE_00033615,NPU_00007,subscriptions,1633.05,monthly,esewa
REC_NPE_00033618,NPU_00008,subscriptions,1200.47,monthly,esewa
REC_NPE_00033621,NPU_00010,subscriptions,1589.85,monthly,esewa
REC_NPE_00033623,NPU_00011,subscriptions,1513.53,monthly,cash
REC_NPE_00033624,NPU_00012,subscriptions,2273.66,monthly,cash
REC_NPE_00033625,NPU_00013,subscriptions,2276.76,monthly,debit_card
REC_NPE_00033626,NPU_00014,subscriptions,4603.89,monthly,cash
REC_NPE_00033628,NPU_00015,subscriptions,2028.28,monthly,cash
REC_NPE_00033632,NPU_00017,subscriptions,1002.89,monthly,cash
REC_NPE_00033634,NPU_00018,subscriptions,2238.28,monthly,khalti
REC_NPE_00033638,NPU_00019,subscriptions,2873.51,monthly,debit_card
REC_NPE_00033640,NPU_00021,subscriptions,1707.41,monthly,debit_card
REC_NPE_00033647,NPU_00026,subscriptions,1077.72,monthly,cash
REC_NPE_00033649,NPU_00027,subscriptions,5054.32,monthly,credit_card
REC_NPE_00033650,NPU_00028,subscriptions,2465.47,monthly,cash
REC_NPE_00033653,NPU_00029,subscriptions,1002.78,monthly,khalti
REC_NPE_00033654,NPU_00030,subscriptions,2162.4,monthly,cash
REC_NPE_00033662,NPU_00033,subscriptions,1618.57,monthly,cash
REC_NPE_00033663,NPU_00035,subscriptions,1407.52,monthly,bank_transfer
REC_NPE_00033666,NPU_00038,subscriptions,1211.68,monthly,debit_card
REC_NPE_00033669,NPU_00041,subscriptions,2829.05,monthly,bank_transfer
REC_NPE_00033674,NPU_00043,subscriptions,1853.86,monthly,cash
REC_NPE_00033675,NPU_00044,subscriptions,3849.72,monthly,bank_transfer
REC_NPE_00033678,NPU_00046,subscriptions,1803.29,monthly,esewa
REC_NPE_00033680,NPU_00047,subscriptions,2036.23,monthly,credit_card
REC_NPE_00033685,NPU_00050,subscriptions,1704.8,monthly,cash
REC_NPE_00033688,NPU_00051,subscriptions,1122.67,monthly,bank_transfer
REC_NPE_00033691,NPU_00053,subscriptions,1079.54,monthly,cash
REC_NPE_00033692,NPU_00055,subscriptions,5649.51,monthly,cash
REC_NPE_00033695,NPU_00057,subscriptions,2999.93,monthly,cash
REC_NPE_00033700,NPU_00059,subscriptions,4755.1,monthly,bank_transfer
REC_NPE_00033703,NPU_00061,subscriptions,3723.94,monthly,bank_transfer
REC_NPE_00033705,NPU_00063,subscriptions,1692.89,monthly,cash
REC_NPE_00033707,NPU_00064,subscriptions,2535.16,monthly,cash
REC_NPE_00033708,NPU_00065,subscriptions,1486.1,monthly,esewa
REC_NPE_00033711,NPU_00066,subscriptions,2431.41,monthly,khalti
REC_NPE_00033712,NPU_00068,subscriptions,3184.31,monthly,cash
REC_NPE_00033715,NPU_00071,subscriptions,712.93,monthly,cash
REC_NPE_00033720,NPU_00078,subscriptions,1521.94,monthly,cash
REC_NPE_00033721,NPU_00079,subscriptions,1791.6,monthly,esewa
REC_NPE_00033724,NPU_00080,subscriptions,1117.75,monthly,cash
REC_NPE_00034842,NPU_00001,rent,19373.15,monthly,cash
REC_NPE_00034845,NPU_00002,rent,16329.41,monthly,bank_transfer
REC_NPE_00034846,NPU_00004,rent,18592.03,monthly,esewa
REC_NPE_00034847,NPU_00005,rent,7847.47,monthly,fonepay_qr
REC_NPE_00034851,NPU_00007,rent,23367.53,monthly,cash
REC_NPE_00034854,NPU_00009,rent,39004.17,monthly,esewa
REC_NPE_00034855,NPU_00010,rent,17763.65,monthly,cash
REC_NPE_00034858,NPU_00012,rent,36135.95,monthly,esewa
REC_NPE_00034861,NPU_00013,rent,22159.41,monthly,fonepay_qr
REC_NPE_00034862,NPU_00015,rent,17548.34,monthly,khalti
REC_NPE_00034864,NPU_00016,rent,16752.69,monthly,credit_card
REC_NPE_00034867,NPU_00018,rent,32613.87,monthly,cash
REC_NPE_00034870,NPU_00019,rent,23575.39,monthly,cash
REC_NPE_00034873,NPU_00022,rent,8400.0,monthly,fonepay_qr
REC_NPE_00034876,NPU_00023,rent,45352.76,monthly,bank_transfer
REC_NPE_00034879,NPU_00024,rent,10134.64,monthly,cash
REC_NPE_00034880,NPU_00025,rent,19864.12,monthly,cash
REC_NPE_00034882,NPU_00026,rent,25764.97,monthly,esewa
REC_NPE_00034887,NPU_00030,rent,32523.18,monthly,cash
REC_NPE_00034890,NPU_00031,rent,38597.23,monthly,cash
REC_NPE_00034891,NPU_00033,rent,37721.69,monthly,cash
REC_NPE_00034892,NPU_00035,rent,11368.06,monthly,khalti
REC_NPE_00034894,NPU_00037,rent,28009.55,monthly,esewa
REC_NPE_00034897,NPU_00039,rent,11681.17,monthly,cash
REC_NPE_00034904,NPU_00043,rent,31164.06,monthly,esewa
REC_NPE_00034909,NPU_00048,rent,26509.57,monthly,debit_card
REC_NPE_00034910,NPU_00049,rent,12950.73,monthly,cash
REC_NPE_00034911,NPU_00051,rent,29214.33,monthly,cash
REC_NPE_00034919,NPU_00056,rent,59928.43,monthly,fonepay_qr
REC_NPE_00034920,NPU_00057,rent,32121.23,monthly,khalti
REC_NPE_00034929,NPU_00060,rent,36998.66,monthly,cash
REC_NPE_00034930,NPU_00061,rent,20143.45,monthly,esewa
REC_NPE_00034933,NPU_00063,rent,30117.2,monthly,cash
REC_NPE_00034935,NPU_00064,rent,22598.18,monthly,bank_transfer
REC_NPE_00034938,NPU_00066,rent,17556.21,monthly,khalti
REC_NPE_00034939,NPU_00067,rent,42012.93,monthly,khalti
REC_NPE_00034941,NPU_00068,rent,54163.48,monthly,esewa
REC_NPE_00034945,NPU_00072,rent,30093.99,monthly,cash
REC_NPE_00034947,NPU_00077,rent,31055.22,monthly,esewa
REC_NPE_00034949,NPU_00080,rent,13112.77,monthly,khalti
REC_NPE_00035038,NPU_00002,savings_investment,5328.02,monthly,bank_transfer
REC_NPE_00035040,NPU_00003,savings_investment,9735.98,monthly,cash
REC_NPE_00035045,NPU_00008,savings_investment,17818.99,monthly,esewa
REC_NPE_00035053,NPU_00011,savings_investment,23285.2,monthly,fonepay_qr
REC_NPE_00035057,NPU_00013,savings_investment,905.8,monthly,fonepay_qr
REC_NPE_00035067,NPU_00021,savings_investment,5069.33,monthly,fonepay_qr
REC_NPE_00035069,NPU_00024,savings_investment,5515.71,monthly,credit_card
REC_NPE_00035072,NPU_00027,savings_investment,8779.08,monthly,cash
REC_NPE_00035076,NPU_00029,savings_investment,17351.81,monthly,cash
REC_NPE_00035077,NPU_00030,savings_investment,5769.79,monthly,esewa
REC_NPE_00035093,NPU_00038,savings_investment,12745.5,monthly,debit_card
REC_NPE_00035095,NPU_00039,savings_investment,18139.63,monthly,cash
REC_NPE_00035100,NPU_00041,savings_investment,3866.08,monthly,cash
REC_NPE_00035103,NPU_00048,savings_investment,16376.32,monthly,esewa
REC_NPE_00035106,NPU_00052,savings_investment,5847.23,monthly,khalti
REC_NPE_00035107,NPU_00053,savings_investment,1085.65,monthly,cash
REC_NPE_00035109,NPU_00054,savings_investment,4930.75,monthly,cash
REC_NPE_00035112,NPU_00055,savings_investment,4130.91,monthly,cash
REC_NPE_00035114,NPU_00056,savings_investment,6805.79,monthly,cash
REC_NPE_00035117,NPU_00060,savings_investment,37747.85,monthly,credit_card
REC_NPE_00035119,NPU_00065,savings_investment,8406.14,monthly,cash
REC_NPE_00035120,NPU_00067,savings_investment,10431.59,monthly,credit_card
REC_NPE_00035125,NPU_00072,savings_investment,250.0,monthly,esewa
REC_NPE_00035129,NPU_00076,savings_investment,13852.83,monthly,bank_transfer
REC_NPE_00035225,NPU_00002,family_support,7574.52,monthly,bank_transfer
REC_NPE_00035230,NPU_00004,family_support,32965.5,monthly,cash
REC_NPE_00035231,NPU_00005,family_support,4171.49,monthly,cash
REC_NPE_00035234,NPU_00006,family_support,61874.56,monthly,cash
REC_NPE_00035237,NPU_00007,family_support,16354.43,monthly,cash
REC_NPE_00035238,NPU_00008,family_support,10476.2,monthly,bank_transfer
REC_NPE_00035239,NPU_00009,family_support,21069.19,monthly,bank_transfer
REC_NPE_00035240,NPU_00010,family_support,35560.19,monthly,cash
REC_NPE_00035246,NPU_00014,family_support,24569.81,monthly,bank_transfer
REC_NPE_00035247,NPU_00018,family_support,41661.78,monthly,cash
REC_NPE_00035248,NPU_00019,family_support,24220.23,monthly,bank_transfer
REC_NPE_00035250,NPU_00020,family_support,17672.56,monthly,cash
REC_NPE_00035252,NPU_00021,family_support,33570.28,monthly,khalti
REC_NPE_00035254,NPU_00024,family_support,16069.11,monthly,cash
REC_NPE_00035257,NPU_00026,family_support,12428.25,monthly,debit_card
REC_NPE_00035263,NPU_00029,family_support,11462.09,monthly,bank_transfer
REC_NPE_00035264,NPU_00030,family_support,5049.38,monthly,esewa
REC_NPE_00035265,NPU_00032,family_support,28297.97,monthly,esewa
REC_NPE_00035268,NPU_00035,family_support,10160.39,monthly,cash
REC_NPE_00035269,NPU_00036,family_support,11674.3,monthly,khalti
REC_NPE_00035272,NPU_00037,family_support,15773.58,monthly,cash
REC_NPE_00035274,NPU_00038,family_support,22360.28,monthly,khalti
REC_NPE_00035277,NPU_00039,family_support,5974.98,monthly,khalti
REC_NPE_00035282,NPU_00041,family_support,19588.22,monthly,esewa
REC_NPE_00035286,NPU_00043,family_support,4159.11,monthly,credit_card
REC_NPE_00035288,NPU_00044,family_support,31130.01,monthly,debit_card
REC_NPE_00035291,NPU_00045,family_support,10525.37,monthly,khalti
REC_NPE_00035292,NPU_00047,family_support,14354.93,monthly,cash
REC_NPE_00035297,NPU_00051,family_support,16396.28,monthly,khalti
REC_NPE_00035298,NPU_00052,family_support,10790.27,monthly,cash
REC_NPE_00035301,NPU_00053,family_support,8228.11,monthly,esewa
REC_NPE_00035305,NPU_00056,family_support,22303.98,monthly,cash
REC_NPE_00035308,NPU_00057,family_support,15679.34,monthly,cash
REC_NPE_00035311,NPU_00058,family_support,48109.67,monthly,cash
REC_NPE_00035314,NPU_00059,family_support,25268.56,monthly,fonepay_qr
REC_NPE_00035318,NPU_00062,family_support,22273.93,monthly,cash
REC_NPE_00035320,NPU_00063,family_support,9099.58,monthly,cash
REC_NPE_00035322,NPU_00064,family_support,38780.12,monthly,fonepay_qr
REC_NPE_00035323,NPU_00065,family_support,7026.23,monthly,cash
REC_NPE_00035324,NPU_00067,family_support,17533.45,monthly,cash
REC_NPE_00035329,NPU_00071,family_support,17600.14,monthly,esewa
REC_NPE_00035332,NPU_00072,family_support,26620.38,monthly,cash
REC_NPE_00035336,NPU_00074,family_support,18748.1,monthly,cash
REC_NPE_00035543,NPU_00001,utilities,1875.25,monthly,esewa
REC_NPE_00035546,NPU_00002,utilities,2239.56,monthly,cash
REC_NPE_00035550,NPU_00003,utilities,1961.33,monthly,debit_card
REC_NPE_00035552,NPU_00004,utilities,1677.6,monthly,bank_transfer
REC_NPE_00035554,NPU_00005,utilities,4344.66,monthly,bank_transfer
REC_NPE_00035557,NPU_00007,utilities,3832.04,monthly,esewa
REC_NPE_00035560,NPU_00008,utilities,2747.23,monthly,debit_card
REC_NPE_00035562,NPU_00009,utilities,2690.06,monthly,khalti
REC_NPE_00035564,NPU_00011,utilities,1289.86,monthly,fonepay_qr
REC_NPE_00035565,NPU_00012,utilities,5893.44,monthly,khalti
REC_NPE_00035568,NPU_00013,utilities,2299.41,monthly,cash
REC_NPE_00035569,NPU_00014,utilities,1223.73,monthly,cash
REC_NPE_00035571,NPU_00015,utilities,1627.11,monthly,khalti
REC_NPE_00035574,NPU_00016,utilities,1221.89,monthly,khalti
REC_NPE_00035576,NPU_00018,utilities,5753.25,monthly,esewa
REC_NPE_00035577,NPU_00019,utilities,1136.46,monthly,credit_card
REC_NPE_00035578,NPU_00020,utilities,6498.68,monthly,cash
REC_NPE_00035579,NPU_00021,utilities,4514.1,monthly,esewa
REC_NPE_00035585,NPU_00023,utilities,2477.77,monthly,cash
REC_NPE_00035588,NPU_00024,utilities,5569.96,monthly,khalti
REC_NPE_00035591,NPU_00025,utilities,1550.28,monthly,cash
REC_NPE_00035592,NPU_00026,utilities,6841.04,monthly,cash
REC_NPE_00035593,NPU_00027,utilities,3565.84,monthly,esewa
REC_NPE_00035598,NPU_00029,utilities,2892.7,monthly,cash
REC_NPE_00035600,NPU_00030,utilities,3908.82,monthly,cash
REC_NPE_00035602,NPU_00031,utilities,3941.95,monthly,bank_transfer
REC_NPE_00035604,NPU_00033,utilities,4244.49,monthly,credit_card
REC_NPE_00035606,NPU_00034,utilities,1896.26,monthly,cash
REC_NPE_00035608,NPU_00035,utilities,1983.64,monthly,cash
REC_NPE_00035610,NPU_00036,utilities,4469.88,monthly,khalti
REC_NPE_00035613,NPU_00037,utilities,5937.4,monthly,khalti
REC_NPE_00035615,NPU_00038,utilities,4636.45,monthly,bank_transfer
REC_NPE_00035618,NPU_00039,utilities,2662.49,monthly,cash
REC_NPE_00035620,NPU_00040,utilities,1795.82,monthly,cash
REC_NPE_00035622,NPU_00041,utilities,5681.44,monthly,cash
REC_NPE_00035623,NPU_00042,utilities,7239.75,monthly,esewa
REC_NPE_00035624,NPU_00043,utilities,1841.5,monthly,cash
REC_NPE_00035628,NPU_00045,utilities,1780.47,monthly,bank_transfer
REC_NPE_00035631,NPU_00047,utilities,2217.09,monthly,khalti
REC_NPE_00035633,NPU_00048,utilities,2215.44,monthly,debit_card
REC_NPE_00035634,NPU_00049,utilities,5978.56,monthly,cash
REC_NPE_00035637,NPU_00050,utilities,4135.0,monthly,bank_transfer
REC_NPE_00035638,NPU_00051,utilities,2721.53,monthly,cash
REC_NPE_00035640,NPU_00053,utilities,4019.65,monthly,credit_card
REC_NPE_00035642,NPU_00054,utilities,4176.28,monthly,cash
REC_NPE_00035643,NPU_00055,utilities,3127.3,monthly,khalti
REC_NPE_00035645,NPU_00057,utilities,1642.81,monthly,debit_card
REC_NPE_00035646,NPU_00058,utilities,1858.85,monthly,cash
REC_NPE_00035647,NPU_00059,utilities,1942.25,monthly,credit_card
REC_NPE_00035649,NPU_00060,utilities,4246.89,monthly,debit_card
REC_NPE_00035651,NPU_00061,utilities,3732.77,monthly,khalti
REC_NPE_00035652,NPU_00062,utilities,3137.97,monthly,bank_transfer
REC_NPE_00035653,NPU_00063,utilities,3289.5,monthly,esewa
REC_NPE_00035655,NPU_00064,utilities,2764.34,monthly,debit_card
REC_NPE_00035656,NPU_00065,utilities,6309.67,monthly,cash
REC_NPE_00035658,NPU_00066,utilities,2267.45,monthly,cash
REC_NPE_00035659,NPU_00067,utilities,6271.31,monthly,esewa
REC_NPE_00035661,NPU_00068,utilities,901.58,monthly,fonepay_qr
REC_NPE_00035665,NPU_00070,utilities,3861.34,monthly,cash
REC_NPE_00035666,NPU_00072,utilities,3707.14,monthly,cash
REC_NPE_00035667,NPU_00073,utilities,12750.0,monthly,cash
REC_NPE_00035668,NPU_00074,utilities,7354.55,monthly,cash
REC_NPE_00035670,NPU_00076,utilities,716.44,monthly,cash
REC_NPE_00035672,NPU_00077,utilities,2192.51,monthly,esewa
REC_NPE_00035674,NPU_00078,utilities,6139.82,monthly,bank_transfer
REC_NPE_00035675,NPU_00079,utilities,2314.89,monthly,debit_card
REC_NPE_00035678,NPU_00080,utilities,1836.91,monthly,cash
REC_NPE_00035924,NPU_00001,internet_mobile,1360.73,monthly,cash
REC_NPE_00035927,NPU_00002,internet_mobile,5236.0,monthly,cash
REC_NPE_00035930,NPU_00003,internet_mobile,2600.22,monthly,esewa
REC_NPE_00035934,NPU_00004,internet_mobile,1138.26,monthly,esewa
REC_NPE_00035936,NPU_00005,internet_mobile,1747.95,monthly,bank_transfer
REC_NPE_00035938,NPU_00006,internet_mobile,1143.49,monthly,cash
REC_NPE_00035940,NPU_00007,internet_mobile,1106.7,monthly,credit_card
REC_NPE_00035944,NPU_00008,internet_mobile,4449.8,monthly,khalti
REC_NPE_00035947,NPU_00011,internet_mobile,2972.37,monthly,cash
REC_NPE_00035951,NPU_00012,internet_mobile,1165.16,monthly,khalti
REC_NPE_00035953,NPU_00014,internet_mobile,1458.88,monthly,bank_transfer
REC_NPE_00035957,NPU_00015,internet_mobile,1904.65,monthly,esewa
REC_NPE_00035961,NPU_00017,internet_mobile,2654.15,monthly,cash
REC_NPE_00035965,NPU_00019,internet_mobile,1285.05,monthly,cash
REC_NPE_00035968,NPU_00020,internet_mobile,1541.47,monthly,cash
REC_NPE_00035969,NPU_00021,internet_mobile,1929.42,monthly,khalti
REC_NPE_00035971,NPU_00023,internet_mobile,1174.82,monthly,bank_transfer
REC_NPE_00035972,NPU_00024,internet_mobile,2580.58,monthly,cash
REC_NPE_00035973,NPU_00025,internet_mobile,856.59,monthly,esewa
REC_NPE_00035974,NPU_00026,internet_mobile,2356.67,monthly,esewa
REC_NPE_00035975,NPU_00027,internet_mobile,2347.77,monthly,esewa
REC_NPE_00035979,NPU_00028,internet_mobile,2278.1,monthly,cash
REC_NPE_00035980,NPU_00029,internet_mobile,2275.76,monthly,bank_transfer
REC_NPE_00035981,NPU_00030,internet_mobile,4074.72,monthly,esewa
REC_NPE_00035982,NPU_00031,internet_mobile,1934.97,monthly,khalti
REC_NPE_00035984,NPU_00032,internet_mobile,2969.37,monthly,khalti
REC_NPE_00035985,NPU_00033,internet_mobile,664.89,monthly,cash
REC_NPE_00035987,NPU_00034,internet_mobile,1587.79,monthly,esewa
REC_NPE_00035990,NPU_00036,internet_mobile,2315.26,monthly,esewa
REC_NPE_00035991,NPU_00037,internet_mobile,1152.34,monthly,cash
REC_NPE_00035994,NPU_00039,internet_mobile,1100.64,monthly,khalti
REC_NPE_00035997,NPU_00040,internet_mobile,1359.11,monthly,bank_transfer
REC_NPE_00035999,NPU_00041,internet_mobile,921.49,monthly,bank_transfer
REC_NPE_00036000,NPU_00042,internet_mobile,1859.13,monthly,cash
REC_NPE_00036001,NPU_00043,internet_mobile,1212.48,monthly,cash
REC_NPE_00036004,NPU_00044,internet_mobile,1250.78,monthly,khalti
REC_NPE_00036005,NPU_00045,internet_mobile,1648.26,monthly,bank_transfer
REC_NPE_00036008,NPU_00048,internet_mobile,2236.46,monthly,esewa
REC_NPE_00036010,NPU_00049,internet_mobile,1675.13,monthly,cash
REC_NPE_00036016,NPU_00052,internet_mobile,578.08,monthly,bank_transfer
REC_NPE_00036017,NPU_00053,internet_mobile,3666.66,monthly,cash
REC_NPE_00036018,NPU_00054,internet_mobile,216.22,monthly,cash
REC_NPE_00036021,NPU_00055,internet_mobile,3271.21,monthly,cash
REC_NPE_00036023,NPU_00056,internet_mobile,1924.34,monthly,khalti
REC_NPE_00036024,NPU_00057,internet_mobile,2782.01,monthly,cash
REC_NPE_00036030,NPU_00061,internet_mobile,2972.24,monthly,bank_transfer
REC_NPE_00036031,NPU_00062,internet_mobile,1472.78,monthly,esewa
REC_NPE_00036034,NPU_00063,internet_mobile,1189.63,monthly,cash
REC_NPE_00036037,NPU_00064,internet_mobile,1287.61,monthly,fonepay_qr
REC_NPE_00036039,NPU_00065,internet_mobile,1040.84,monthly,esewa
REC_NPE_00036041,NPU_00066,internet_mobile,4002.31,monthly,cash
REC_NPE_00036042,NPU_00067,internet_mobile,811.7,monthly,cash
REC_NPE_00036045,NPU_00069,internet_mobile,4447.92,monthly,cash
REC_NPE_00036047,NPU_00070,internet_mobile,1295.88,monthly,bank_transfer
REC_NPE_00036048,NPU_00071,internet_mobile,1260.41,monthly,cash
REC_NPE_00036050,NPU_00072,internet_mobile,3870.29,monthly,bank_transfer
REC_NPE_00036055,NPU_00074,internet_mobile,1938.92,monthly,esewa
REC_NPE_00036056,NPU_00075,internet_mobile,3284.28,monthly,cash
REC_NPE_00036058,NPU_00076,internet_mobile,799.1,monthly,esewa
REC_NPE_00036059,NPU_00077,internet_mobile,2472.9,monthly,credit_card
REC_NPE_00036060,NPU_00078,internet_mobile,2247.42,monthly,esewa
REC_NPE_00036062,NPU_00079,internet_mobile,1524.2,monthly,esewa
REC_NPE_00036304,NPU_00001,loan_emi,23187.84,monthly,esewa
REC_NPE_00036305,NPU_00002,loan_emi,14225.27,monthly,esewa
REC_NPE_00036306,NPU_00003,loan_emi,10527.54,monthly,cash
REC_NPE_00036308,NPU_00009,loan_emi,44432.24,monthly,fonepay_qr
REC_NPE_00036311,NPU_00010,loan_emi,10387.25,monthly,debit_card
REC_NPE_00036313,NPU_00012,loan_emi,9740.75,monthly,bank_transfer
REC_NPE_00036324,NPU_00018,loan_emi,32839.15,monthly,bank_transfer
REC_NPE_00036325,NPU_00019,loan_emi,8481.17,monthly,cash
REC_NPE_00036332,NPU_00024,loan_emi,46218.04,monthly,cash
REC_NPE_00036340,NPU_00028,loan_emi,43596.16,monthly,cash
REC_NPE_00036347,NPU_00031,loan_emi,7862.68,monthly,esewa
REC_NPE_00036352,NPU_00034,loan_emi,9796.93,monthly,debit_card
REC_NPE_00036355,NPU_00035,loan_emi,11657.67,monthly,cash
REC_NPE_00036356,NPU_00036,loan_emi,13360.88,monthly,cash
REC_NPE_00036359,NPU_00039,loan_emi,10124.3,monthly,cash
REC_NPE_00036363,NPU_00043,loan_emi,7119.97,monthly,cash
REC_NPE_00036371,NPU_00050,loan_emi,14302.75,monthly,debit_card
REC_NPE_00036379,NPU_00057,loan_emi,15961.07,monthly,bank_transfer
REC_NPE_00036384,NPU_00063,loan_emi,15590.45,monthly,bank_transfer
REC_NPE_00036387,NPU_00064,loan_emi,30845.44,monthly,khalti
REC_NPE_00036388,NPU_00065,loan_emi,6346.99,monthly,khalti
REC_NPE_00036390,NPU_00066,loan_emi,14190.38,monthly,khalti
REC_NPE_00036393,NPU_00068,loan_emi,10747.0,monthly,cash
REC_NPE_00036398,NPU_00074,loan_emi,35540.56,monthly,esewa
REC_NPE_00036400,NPU_00076,loan_emi,8339.65,monthly,fonepay_qr
REC_NPE_00036403,NPU_00078,loan_emi,36306.91,monthly,fonepay_qr
REC_NPE_00036404,NPU_00079,loan_emi,12480.66,monthly,cash
REC_NPE_00036406,NPU_00080,loan_emi,8280.95,monthly,bank_transfer
REC_NPE_00036580,NPU_00001,subscriptions,898.25,monthly,cash
REC_NPE_00036584,NPU_00002,subscriptions,4493.75,monthly,cash
REC_NPE_00036586,NPU_00006,subscriptions,1974.33,monthly,cash
REC_NPE_00036589,NPU_00008,subscriptions,4333.04,monthly,khalti
REC_NPE_00036592,NPU_00009,subscriptions,3227.5,monthly,esewa
REC_NPE_00036595,NPU_00011,subscriptions,1455.98,monthly,cash
REC_NPE_00036597,NPU_00012,subscriptions,1950.67,monthly,cash
REC_NPE_00036598,NPU_00013,subscriptions,3597.61,monthly,cash
REC_NPE_00036599,NPU_00014,subscriptions,3373.72,monthly,esewa
REC_NPE_00036601,NPU_00017,subscriptions,2086.32,monthly,bank_transfer
REC_NPE_00036604,NPU_00018,subscriptions,7278.79,monthly,cash
REC_NPE_00036609,NPU_00023,subscriptions,4319.89,monthly,esewa
REC_NPE_00036612,NPU_00026,subscriptions,5866.25,monthly,esewa
REC_NPE_00036613,NPU_00029,subscriptions,3032.51,monthly,cash
REC_NPE_00036616,NPU_00031,subscriptions,6041.58,monthly,cash
REC_NPE_00036617,NPU_00034,subscriptions,1777.68,monthly,cash
REC_NPE_00036619,NPU_00035,subscriptions,1708.8,monthly,esewa
REC_NPE_00036622,NPU_00036,subscriptions,961.13,monthly,esewa
REC_NPE_00036623,NPU_00038,subscriptions,3362.61,monthly,cash
REC_NPE_00036625,NPU_00039,subscriptions,1543.63,monthly,esewa
REC_NPE_00036628,NPU_00040,subscriptions,3102.11,monthly,cash
REC_NPE_00036631,NPU_00045,subscriptions,2268.62,monthly,cash
REC_NPE_00036635,NPU_00046,subscriptions,2409.47,monthly,cash
REC_NPE_00036639,NPU_00048,subscriptions,1520.04,monthly,debit_card
REC_NPE_00036641,NPU_00050,subscriptions,1080.31,monthly,cash
REC_NPE_00036644,NPU_00051,subscriptions,1353.42,monthly,cash
REC_NPE_00036646,NPU_00052,subscriptions,831.53,monthly,credit_card
REC_NPE_00036647,NPU_00053,subscriptions,3381.97,monthly,credit_card
REC_NPE_00036648,NPU_00054,subscriptions,2131.8,monthly,cash
REC_NPE_00036651,NPU_00055,subscriptions,1514.5,monthly,cash
REC_NPE_00036657,NPU_00056,subscriptions,3260.93,monthly,khalti
REC_NPE_00036663,NPU_00059,subscriptions,2775.09,monthly,cash
REC_NPE_00036664,NPU_00060,subscriptions,6966.16,monthly,esewa
REC_NPE_00036668,NPU_00062,subscriptions,3979.53,monthly,debit_card
REC_NPE_00036675,NPU_00065,subscriptions,2179.1,monthly,esewa
REC_NPE_00036676,NPU_00066,subscriptions,2712.08,monthly,bank_transfer
REC_NPE_00036678,NPU_00067,subscriptions,570.12,monthly,cash
REC_NPE_00036679,NPU_00068,subscriptions,6591.12,monthly,debit_card
REC_NPE_00036686,NPU_00075,subscriptions,5984.0,monthly,cash
REC_NPE_00036690,NPU_00077,subscriptions,2234.33,monthly,cash
REC_NPE_00036691,NPU_00078,subscriptions,1356.37,monthly,fonepay_qr
REC_NPE_00036693,NPU_00079,subscriptions,2179.25,monthly,debit_card
REC_NPE_00037820,NPU_00002,rent,36959.76,monthly,debit_card
REC_NPE_00037823,NPU_00004,rent,23473.52,monthly,fonepay_qr
REC_NPE_00037826,NPU_00005,rent,17413.98,monthly,cash
REC_NPE_00037827,NPU_00006,rent,9074.75,monthly,cash
REC_NPE_00037830,NPU_00007,rent,30327.71,monthly,cash
REC_NPE_00037833,NPU_00009,rent,14469.99,monthly,khalti
REC_NPE_00037836,NPU_00012,rent,27053.75,monthly,cash
REC_NPE_00037837,NPU_00013,rent,15515.19,monthly,cash
REC_NPE_00037841,NPU_00014,rent,74375.0,monthly,cash
REC_NPE_00037844,NPU_00015,rent,11992.99,monthly,debit_card
REC_NPE_00037848,NPU_00019,rent,74375.0,monthly,khalti
REC_NPE_00037849,NPU_00020,rent,19887.87,monthly,debit_card
REC_NPE_00037852,NPU_00022,rent,29765.06,monthly,cash
REC_NPE_00037855,NPU_00024,rent,18212.91,monthly,cash
REC_NPE_00037858,NPU_00025,rent,21792.67,monthly,debit_card
REC_NPE_00037859,NPU_00026,rent,8400.0,monthly,esewa
REC_NPE_00037864,NPU_00033,rent,25298.24,monthly,esewa
REC_NPE_00037866,NPU_00035,rent,25734.67,monthly,debit_card
REC_NPE_00037869,NPU_00037,rent,18643.65,monthly,khalti
REC_NPE_00037875,NPU_00043,rent,11273.2,monthly,fonepay_qr
REC_NPE_00037880,NPU_00047,rent,23894.73,monthly,credit_card
REC_NPE_00037883,NPU_00048,rent,20808.32,monthly,fonepay_qr
REC_NPE_00037885,NPU_00051,rent,15470.24,monthly,bank_transfer
REC_NPE_00037889,NPU_00055,rent,21453.01,monthly,cash
REC_NPE_00037891,NPU_00056,rent,22567.88,monthly,esewa
REC_NPE_00037892,NPU_00057,rent,10511.37,monthly,cash
REC_NPE_00037895,NPU_00061,rent,19623.21,monthly,bank_transfer
REC_NPE_00037896,NPU_00063,rent,21836.78,monthly,fonepay_qr
REC_NPE_00037899,NPU_00064,rent,12310.17,monthly,esewa
REC_NPE_00037904,NPU_00066,rent,30471.14,monthly,cash
REC_NPE_00037905,NPU_00067,rent,52360.0,monthly,bank_transfer
REC_NPE_00037910,NPU_00072,rent,22738.06,monthly,khalti
REC_NPE_00037914,NPU_00075,rent,13676.09,monthly,esewa
REC_NPE_00037917,NPU_00077,rent,10687.02,monthly,cash
REC_NPE_00037918,NPU_00080,rent,19831.77,monthly,bank_transfer
REC_NPE_00038025,NPU_00008,savings_investment,26687.38,monthly,cash
REC_NPE_00038030,NPU_00011,savings_investment,17197.45,monthly,esewa
REC_NPE_00038034,NPU_00013,savings_investment,1114.51,monthly,khalti
REC_NPE_00038038,NPU_00017,savings_investment,12431.56,monthly,bank_transfer
REC_NPE_00038041,NPU_00020,savings_investment,6787.52,monthly,credit_card
REC_NPE_00038046,NPU_00026,savings_investment,6249.08,monthly,cash
REC_NPE_00038049,NPU_00027,savings_investment,8872.49,monthly,khalti
REC_NPE_00038051,NPU_00028,savings_investment,980.07,monthly,khalti
REC_NPE_00038054,NPU_00029,savings_investment,19296.17,monthly,esewa
REC_NPE_00038061,NPU_00034,savings_investment,6955.83,monthly,bank_transfer
REC_NPE_00038065,NPU_00035,savings_investment,5500.63,monthly,cash
REC_NPE_00038068,NPU_00036,savings_investment,4000.54,monthly,esewa
REC_NPE_00038072,NPU_00038,savings_investment,13663.98,monthly,khalti
REC_NPE_00038074,NPU_00039,savings_investment,13652.25,monthly,bank_transfer
REC_NPE_00038075,NPU_00040,savings_investment,4030.36,monthly,esewa
REC_NPE_00038077,NPU_00041,savings_investment,3114.03,monthly,cash
REC_NPE_00038078,NPU_00042,savings_investment,956.22,monthly,bank_transfer
REC_NPE_00038082,NPU_00047,savings_investment,2804.2,monthly,esewa
REC_NPE_00038085,NPU_00048,savings_investment,14116.59,monthly,khalti
REC_NPE_00038088,NPU_00049,savings_investment,7781.66,monthly,debit_card
REC_NPE_00038090,NPU_00050,savings_investment,8582.89,monthly,cash
REC_NPE_00038092,NPU_00052,savings_investment,7164.82,monthly,esewa
REC_NPE_00038096,NPU_00056,savings_investment,6690.12,monthly,cash
REC_NPE_00038104,NPU_00061,savings_investment,2333.63,monthly,cash
REC_NPE_00038109,NPU_00064,savings_investment,15877.39,monthly,fonepay_qr
REC_NPE_00038110,NPU_00065,savings_investment,9383.99,monthly,esewa
REC_NPE_00038118,NPU_00070,savings_investment,11195.32,monthly,esewa
REC_NPE_00038128,NPU_00075,savings_investment,32410.53,monthly,khalti
REC_NPE_00038131,NPU_00077,savings_investment,1041.45,monthly,khalti
REC_NPE_00038135,NPU_00079,savings_investment,19548.99,monthly,cash
REC_NPE_00038247,NPU_00002,family_support,15308.97,monthly,fonepay_qr
REC_NPE_00038248,NPU_00003,family_support,9126.32,monthly,debit_card
REC_NPE_00038249,NPU_00004,family_support,20275.54,monthly,cash
REC_NPE_00038250,NPU_00006,family_support,19415.26,monthly,bank_transfer
REC_NPE_00038253,NPU_00007,family_support,8010.07,monthly,fonepay_qr
REC_NPE_00038255,NPU_00008,family_support,29456.99,monthly,cash
REC_NPE_00038257,NPU_00010,family_support,11693.4,monthly,cash
REC_NPE_00038260,NPU_00012,family_support,27412.75,monthly,cash
REC_NPE_00038261,NPU_00013,family_support,15265.12,monthly,khalti
REC_NPE_00038264,NPU_00015,family_support,4866.2,monthly,cash
REC_NPE_00038267,NPU_00016,family_support,7159.98,monthly,khalti
REC_NPE_00038268,NPU_00017,family_support,10341.97,monthly,cash
REC_NPE_00038271,NPU_00018,family_support,41335.69,monthly,bank_transfer
REC_NPE_00038272,NPU_00019,family_support,32259.61,monthly,cash
REC_NPE_00038274,NPU_00021,family_support,9063.08,monthly,esewa
REC_NPE_00038276,NPU_00022,family_support,29035.89,monthly,debit_card
REC_NPE_00038279,NPU_00024,family_support,25748.9,monthly,debit_card
REC_NPE_00038280,NPU_00025,family_support,35039.54,monthly,esewa
REC_NPE_00038282,NPU_00026,family_support,30243.91,monthly,debit_card
REC_NPE_00038284,NPU_00030,family_support,18884.54,monthly,khalti
REC_NPE_00038286,NPU_00031,family_support,20145.66,monthly,cash
REC_NPE_00038290,NPU_00034,family_support,10706.05,monthly,cash
REC_NPE_00038292,NPU_00035,family_support,6682.97,monthly,cash
REC_NPE_00038294,NPU_00037,family_support,9609.76,monthly,fonepay_qr
REC_NPE_00038295,NPU_00038,family_support,46340.05,monthly,khalti
REC_NPE_00038297,NPU_00039,family_support,11558.24,monthly,cash
REC_NPE_00038298,NPU_00040,family_support,6039.56,monthly,credit_card
REC_NPE_00038300,NPU_00041,family_support,16525.61,monthly,cash
REC_NPE_00038302,NPU_00042,family_support,67660.81,monthly,credit_card
REC_NPE_00038305,NPU_00044,family_support,36205.04,monthly,debit_card
REC_NPE_00038312,NPU_00050,family_support,8382.69,monthly,khalti
REC_NPE_00038314,NPU_00053,family_support,6314.64,monthly,khalti
REC_NPE_00038316,NPU_00054,family_support,16877.34,monthly,bank_transfer
REC_NPE_00038319,NPU_00056,family_support,19783.98,monthly,bank_transfer
REC_NPE_00038321,NPU_00058,family_support,31419.58,monthly,esewa
REC_NPE_00038323,NPU_00060,family_support,9815.78,monthly,cash
REC_NPE_00038326,NPU_00061,family_support,23559.68,monthly,cash
REC_NPE_00038327,NPU_00062,family_support,19161.55,monthly,fonepay_qr
REC_NPE_00038329,NPU_00063,family_support,4205.13,monthly,cash
REC_NPE_00038331,NPU_00064,family_support,5205.19,monthly,fonepay_qr
REC_NPE_00038334,NPU_00065,family_support,17323.68,monthly,cash
REC_NPE_00038337,NPU_00069,family_support,27980.93,monthly,cash
REC_NPE_00038341,NPU_00071,family_support,28797.63,monthly,cash
REC_NPE_00038346,NPU_00074,family_support,18796.44,monthly,esewa
REC_NPE_00038348,NPU_00076,family_support,6410.67,monthly,cash
REC_NPE_00038350,NPU_00077,family_support,7738.47,monthly,debit_card
REC_NPE_00038351,NPU_00078,family_support,15070.88,monthly,bank_transfer
REC_NPE_00038354,NPU_00079,family_support,28553.43,monthly,khalti
REC_NPE_00038357,NPU_00080,family_support,17978.53,monthly,cash
REC_NPE_00038508,NPU_00001,utilities,6760.89,monthly,cash
REC_NPE_00038510,NPU_00002,utilities,1294.39,monthly,cash
REC_NPE_00038512,NPU_00003,utilities,3099.32,monthly,fonepay_qr
REC_NPE_00038514,NPU_00004,utilities,2280.52,monthly,khalti
REC_NPE_00038515,NPU_00005,utilities,2385.14,monthly,khalti
REC_NPE_00038518,NPU_00006,utilities,1834.59,monthly,cash
REC_NPE_00038520,NPU_00008,utilities,4325.39,monthly,cash
REC_NPE_00038524,NPU_00009,utilities,2833.63,monthly,cash
REC_NPE_00038527,NPU_00010,utilities,2502.73,monthly,fonepay_qr
REC_NPE_00038528,NPU_00011,utilities,4497.23,monthly,debit_card
REC_NPE_00038529,NPU_00012,utilities,10710.0,monthly,bank_transfer
REC_NPE_00038531,NPU_00014,utilities,2688.31,monthly,fonepay_qr
REC_NPE_00038532,NPU_00015,utilities,2905.08,monthly,debit_card
REC_NPE_00038533,NPU_00016,utilities,2867.28,monthly,cash
REC_NPE_00038534,NPU_00017,utilities,1020.6,monthly,esewa
REC_NPE_00038536,NPU_00018,utilities,6189.71,monthly,esewa
REC_NPE_00038538,NPU_00020,utilities,2277.63,monthly,cash
REC_NPE_00038542,NPU_00021,utilities,1951.14,monthly,cash
REC_NPE_00038543,NPU_00022,utilities,4550.62,monthly,debit_card
REC_NPE_00038544,NPU_00023,utilities,3872.6,monthly,esewa
REC_NPE_00038546,NPU_00024,utilities,3039.56,monthly,credit_card
REC_NPE_00038549,NPU_00025,utilities,2734.83,monthly,cash
REC_NPE_00038551,NPU_00026,utilities,1920.99,monthly,cash
REC_NPE_00038552,NPU_00027,utilities,7522.14,monthly,esewa
REC_NPE_00038554,NPU_00028,utilities,948.66,monthly,esewa
REC_NPE_00038556,NPU_00029,utilities,3410.84,monthly,debit_card
REC_NPE_00038558,NPU_00030,utilities,5405.81,monthly,esewa
REC_NPE_00038562,NPU_00031,utilities,4663.62,monthly,cash
REC_NPE_00038563,NPU_00032,utilities,2383.52,monthly,credit_card
REC_NPE_00038568,NPU_00033,utilities,4229.83,monthly,esewa
REC_NPE_00038570,NPU_00034,utilities,5363.23,monthly,cash
REC_NPE_00038572,NPU_00035,utilities,1720.88,monthly,esewa
REC_NPE_00038574,NPU_00036,utilities,5696.82,monthly,bank_transfer
REC_NPE_00038575,NPU_00037,utilities,3098.49,monthly,bank_transfer
REC_NPE_00038579,NPU_00039,utilities,2907.34,monthly,fonepay_qr
REC_NPE_00038582,NPU_00040,utilities,2297.73,monthly,credit_card
REC_NPE_00038584,NPU_00042,utilities,3649.29,monthly,esewa
REC_NPE_00038585,NPU_00043,utilities,8976.0,monthly,cash
REC_NPE_00038587,NPU_00044,utilities,1373.24,monthly,esewa
REC_NPE_00038588,NPU_00045,utilities,5776.53,monthly,esewa
REC_NPE_00038592,NPU_00047,utilities,2584.93,monthly,cash
REC_NPE_00038595,NPU_00048,utilities,4577.02,monthly,esewa
REC_NPE_00038597,NPU_00049,utilities,4192.25,monthly,cash
REC_NPE_00038599,NPU_00050,utilities,2684.82,monthly,bank_transfer
REC_NPE_00038602,NPU_00051,utilities,6239.92,monthly,esewa
REC_NPE_00038604,NPU_00053,utilities,3804.96,monthly,bank_transfer
REC_NPE_00038605,NPU_00054,utilities,3126.74,monthly,cash
REC_NPE_00038606,NPU_00055,utilities,10048.13,monthly,cash
REC_NPE_00038610,NPU_00057,utilities,3057.75,monthly,debit_card
REC_NPE_00038611,NPU_00058,utilities,1072.09,monthly,cash
REC_NPE_00038613,NPU_00059,utilities,2847.89,monthly,credit_card
REC_NPE_00038618,NPU_00061,utilities,1970.22,monthly,khalti
REC_NPE_00038621,NPU_00062,utilities,5009.63,monthly,esewa
REC_NPE_00038624,NPU_00064,utilities,2526.87,monthly,bank_transfer
REC_NPE_00038628,NPU_00065,utilities,2708.04,monthly,cash
REC_NPE_00038631,NPU_00066,utilities,3365.62,monthly,esewa
REC_NPE_00038633,NPU_00067,utilities,1861.5,monthly,cash
REC_NPE_00038636,NPU_00068,utilities,3734.56,monthly,bank_transfer
REC_NPE_00038638,NPU_00069,utilities,2417.89,monthly,esewa
REC_NPE_00038642,NPU_00071,utilities,1523.39,monthly,credit_card
REC_NPE_00038644,NPU_00072,utilities,5555.02,monthly,esewa
REC_NPE_00038647,NPU_00074,utilities,4566.68,monthly,cash
REC_NPE_00038648,NPU_00075,utilities,3360.99,monthly,bank_transfer
REC_NPE_00038650,NPU_00076,utilities,3221.46,monthly,cash
REC_NPE_00038653,NPU_00077,utilities,3365.84,monthly,bank_transfer
REC_NPE_00038656,NPU_00079,utilities,1917.25,monthly,khalti
REC_NPE_00038658,NPU_00080,utilities,6307.38,monthly,cash
REC_NPE_00038944,NPU_00001,internet_mobile,3765.26,monthly,esewa
REC_NPE_00038946,NPU_00002,internet_mobile,791.34,monthly,bank_transfer
REC_NPE_00038947,NPU_00003,internet_mobile,1208.65,monthly,cash
REC_NPE_00038950,NPU_00005,internet_mobile,1104.66,monthly,debit_card
REC_NPE_00038954,NPU_00007,internet_mobile,962.23,monthly,esewa
REC_NPE_00038955,NPU_00008,internet_mobile,1176.01,monthly,bank_transfer
REC_NPE_00038960,NPU_00010,internet_mobile,1176.28,monthly,debit_card
REC_NPE_00038962,NPU_00011,internet_mobile,2699.99,monthly,khalti
REC_NPE_00038963,NPU_00012,internet_mobile,2820.32,monthly,esewa
REC_NPE_00038965,NPU_00013,internet_mobile,2098.66,monthly,bank_transfer
REC_NPE_00038968,NPU_00014,internet_mobile,847.95,monthly,debit_card
REC_NPE_00038971,NPU_00016,internet_mobile,2453.64,monthly,debit_card
REC_NPE_00038977,NPU_00019,internet_mobile,7437.5,monthly,cash
REC_NPE_00038981,NPU_00022,internet_mobile,1367.42,monthly,esewa
REC_NPE_00038982,NPU_00023,internet_mobile,2531.21,monthly,esewa
REC_NPE_00038983,NPU_00024,internet_mobile,2006.3,monthly,esewa
REC_NPE_00038984,NPU_00025,internet_mobile,7437.5,monthly,esewa
REC_NPE_00038985,NPU_00026,internet_mobile,4529.62,monthly,credit_card
REC_NPE_00038988,NPU_00027,internet_mobile,3501.03,monthly,cash
REC_NPE_00038990,NPU_00028,internet_mobile,5013.06,monthly,cash
REC_NPE_00038991,NPU_00029,internet_mobile,1487.92,monthly,khalti
REC_NPE_00038992,NPU_00030,internet_mobile,2007.3,monthly,cash
REC_NPE_00038993,NPU_00032,internet_mobile,1402.44,monthly,debit_card
REC_NPE_00038996,NPU_00033,internet_mobile,2080.16,monthly,khalti
REC_NPE_00038997,NPU_00035,internet_mobile,2036.72,monthly,khalti
REC_NPE_00038999,NPU_00036,internet_mobile,781.19,monthly,esewa
REC_NPE_00039003,NPU_00037,internet_mobile,1483.55,monthly,cash
REC_NPE_00039004,NPU_00038,internet_mobile,1275.95,monthly,cash
REC_NPE_00039008,NPU_00041,internet_mobile,7039.69,monthly,cash
REC_NPE_00039011,NPU_00045,internet_mobile,1255.26,monthly,cash
REC_NPE_00039014,NPU_00046,internet_mobile,4444.79,monthly,esewa
REC_NPE_00039017,NPU_00047,internet_mobile,1185.4,monthly,cash
REC_NPE_00039019,NPU_00048,internet_mobile,1199.55,monthly,khalti
REC_NPE_00039021,NPU_00049,internet_mobile,2142.07,monthly,cash
REC_NPE_00039023,NPU_00050,internet_mobile,1826.62,monthly,cash
REC_NPE_00039026,NPU_00052,internet_mobile,975.18,monthly,bank_transfer
REC_NPE_00039027,NPU_00053,internet_mobile,708.23,monthly,debit_card
REC_NPE_00039028,NPU_00054,internet_mobile,1134.94,monthly,cash
REC_NPE_00039031,NPU_00055,internet_mobile,2979.41,monthly,cash
REC_NPE_00039032,NPU_00057,internet_mobile,5497.47,monthly,cash
REC_NPE_00039033,NPU_00058,internet_mobile,1486.97,monthly,cash
REC_NPE_00039036,NPU_00060,internet_mobile,2262.35,monthly,cash
REC_NPE_00039039,NPU_00061,internet_mobile,2136.47,monthly,debit_card
REC_NPE_00039041,NPU_00062,internet_mobile,2521.68,monthly,esewa
REC_NPE_00039042,NPU_00063,internet_mobile,1009.94,monthly,cash
REC_NPE_00039046,NPU_00066,internet_mobile,4917.01,monthly,esewa
REC_NPE_00039049,NPU_00067,internet_mobile,1233.47,monthly,bank_transfer
REC_NPE_00039050,NPU_00069,internet_mobile,1427.37,monthly,khalti
REC_NPE_00039051,NPU_00070,internet_mobile,3607.14,monthly,cash
REC_NPE_00039053,NPU_00071,internet_mobile,2445.0,monthly,cash
REC_NPE_00039056,NPU_00072,internet_mobile,5601.37,monthly,esewa
REC_NPE_00039059,NPU_00073,internet_mobile,3468.74,monthly,credit_card
REC_NPE_00039060,NPU_00074,internet_mobile,958.79,monthly,bank_transfer
REC_NPE_00039062,NPU_00075,internet_mobile,1519.53,monthly,esewa
REC_NPE_00039066,NPU_00076,internet_mobile,1282.36,monthly,esewa
REC_NPE_00039071,NPU_00077,internet_mobile,1843.47,monthly,cash
REC_NPE_00039073,NPU_00079,internet_mobile,538.54,monthly,esewa
REC_NPE_00039226,NPU_00002,loan_emi,7961.19,monthly,bank_transfer
REC_NPE_00039228,NPU_00006,loan_emi,10147.52,monthly,bank_transfer
REC_NPE_00039235,NPU_00014,loan_emi,11591.39,monthly,cash
REC_NPE_00039237,NPU_00016,loan_emi,12252.06,monthly,bank_transfer
REC_NPE_00039241,NPU_00018,loan_emi,12657.57,monthly,cash
REC_NPE_00039246,NPU_00022,loan_emi,23393.08,monthly,esewa
REC_NPE_00039254,NPU_00025,loan_emi,9566.71,monthly,cash
REC_NPE_00039258,NPU_00026,loan_emi,27468.51,monthly,debit_card
REC_NPE_00039261,NPU_00029,loan_emi,16565.29,monthly,esewa
REC_NPE_00039263,NPU_00031,loan_emi,9906.63,monthly,debit_card
REC_NPE_00039273,NPU_00039,loan_emi,33126.22,monthly,bank_transfer
REC_NPE_00039277,NPU_00041,loan_emi,21387.85,monthly,esewa
REC_NPE_00039281,NPU_00042,loan_emi,6767.12,monthly,cash
REC_NPE_00039283,NPU_00044,loan_emi,11954.79,monthly,esewa
REC_NPE_00039286,NPU_00047,loan_emi,59500.0,monthly,fonepay_qr
REC_NPE_00039287,NPU_00048,loan_emi,20646.97,monthly,credit_card
REC_NPE_00039288,NPU_00050,loan_emi,9018.92,monthly,cash
REC_NPE_00039294,NPU_00055,loan_emi,21745.9,monthly,bank_transfer
REC_NPE_00039297,NPU_00057,loan_emi,9748.9,monthly,cash
REC_NPE_00039304,NPU_00061,loan_emi,15490.93,monthly,khalti
REC_NPE_00039305,NPU_00065,loan_emi,4928.12,monthly,fonepay_qr
REC_NPE_00039307,NPU_00069,loan_emi,18660.14,monthly,khalti
REC_NPE_00039311,NPU_00071,loan_emi,17261.59,monthly,bank_transfer
REC_NPE_00039313,NPU_00072,loan_emi,8988.12,monthly,bank_transfer
REC_NPE_00039314,NPU_00073,loan_emi,10600.14,monthly,esewa
REC_NPE_00039315,NPU_00076,loan_emi,4471.71,monthly,bank_transfer
REC_NPE_00039319,NPU_00078,loan_emi,14417.61,monthly,debit_card
REC_NPE_00039320,NPU_00079,loan_emi,8125.83,monthly,bank_transfer
REC_NPE_00039322,NPU_00080,loan_emi,10516.59,monthly,khalti
REC_NPE_00039510,NPU_00004,subscriptions,725.8,monthly,khalti
REC_NPE_00039512,NPU_00005,subscriptions,2771.83,monthly,esewa
REC_NPE_00039515,NPU_00007,subscriptions,1793.85,monthly,debit_card
REC_NPE_00039520,NPU_00009,subscriptions,1440.66,monthly,debit_card
REC_NPE_00039527,NPU_00013,subscriptions,1589.74,monthly,esewa
REC_NPE_00039534,NPU_00016,subscriptions,2966.88,monthly,cash
REC_NPE_00039539,NPU_00017,subscriptions,1076.92,monthly,khalti
REC_NPE_00039541,NPU_00018,subscriptions,1120.68,monthly,esewa
REC_NPE_00039544,NPU_00021,subscriptions,7140.0,monthly,cash
REC_NPE_00039546,NPU_00022,subscriptions,1997.05,monthly,debit_card
REC_NPE_00039550,NPU_00024,subscriptions,3244.87,monthly,bank_transfer
REC_NPE_00039554,NPU_00028,subscriptions,4982.66,monthly,debit_card
REC_NPE_00039555,NPU_00029,subscriptions,414.37,monthly,bank_transfer
REC_NPE_00039557,NPU_00031,subscriptions,933.91,monthly,cash
REC_NPE_00039562,NPU_00033,subscriptions,1271.42,monthly,esewa
REC_NPE_00039566,NPU_00035,subscriptions,1885.0,monthly,bank_transfer
REC_NPE_00039569,NPU_00036,subscriptions,2528.33,monthly,khalti
REC_NPE_00039573,NPU_00039,subscriptions,2445.92,monthly,khalti
REC_NPE_00039576,NPU_00040,subscriptions,1677.14,monthly,cash
REC_NPE_00039579,NPU_00041,subscriptions,479.48,monthly,bank_transfer
REC_NPE_00039583,NPU_00045,subscriptions,2224.77,monthly,debit_card
REC_NPE_00039585,NPU_00047,subscriptions,1564.52,monthly,cash
REC_NPE_00039590,NPU_00050,subscriptions,2923.44,monthly,bank_transfer
REC_NPE_00039593,NPU_00051,subscriptions,1396.38,monthly,cash
REC_NPE_00039595,NPU_00052,subscriptions,5058.47,monthly,esewa
REC_NPE_00039598,NPU_00053,subscriptions,2075.67,monthly,bank_transfer
REC_NPE_00039603,NPU_00054,subscriptions,2013.23,monthly,bank_transfer
REC_NPE_00039605,NPU_00055,subscriptions,4583.93,monthly,bank_transfer
REC_NPE_00039608,NPU_00057,subscriptions,3602.88,monthly,khalti
REC_NPE_00039610,NPU_00058,subscriptions,1655.78,monthly,esewa
REC_NPE_00039613,NPU_00060,subscriptions,5871.38,monthly,esewa
REC_NPE_00039617,NPU_00062,subscriptions,3370.66,monthly,cash
REC_NPE_00039619,NPU_00066,subscriptions,4256.52,monthly,debit_card
REC_NPE_00039621,NPU_00067,subscriptions,4373.15,monthly,bank_transfer
REC_NPE_00039624,NPU_00069,subscriptions,1250.84,monthly,cash
REC_NPE_00039628,NPU_00070,subscriptions,1010.14,monthly,bank_transfer
REC_NPE_00039632,NPU_00071,subscriptions,3413.28,monthly,khalti
REC_NPE_00039634,NPU_00072,subscriptions,1846.13,monthly,bank_transfer
REC_NPE_00039637,NPU_00075,subscriptions,1383.85,monthly,bank_transfer
REC_NPE_00039644,NPU_00078,subscriptions,5496.13,monthly,khalti
REC_NPE_00039646,NPU_00079,subscriptions,3189.33,monthly,esewa
REC_NPE_00040518,NPU_00002,rent,17255.96,monthly,debit_card
REC_NPE_00040520,NPU_00004,rent,34925.91,monthly,cash
REC_NPE_00040521,NPU_00006,rent,14375.81,monthly,cash
REC_NPE_00040522,NPU_00007,rent,51989.8,monthly,cash
REC_NPE_00040525,NPU_00009,rent,13473.7,monthly,cash
REC_NPE_00040526,NPU_00010,rent,10838.96,monthly,fonepay_qr
REC_NPE_00040530,NPU_00012,rent,29461.17,monthly,fonepay_qr
REC_NPE_00040531,NPU_00014,rent,22069.7,monthly,khalti
REC_NPE_00040532,NPU_00015,rent,46287.93,monthly,debit_card
REC_NPE_00040535,NPU_00020,rent,34071.22,monthly,fonepay_qr
REC_NPE_00040539,NPU_00022,rent,38891.14,monthly,credit_card
REC_NPE_00040541,NPU_00023,rent,29504.15,monthly,esewa
REC_NPE_00040543,NPU_00024,rent,29200.82,monthly,esewa
REC_NPE_00040545,NPU_00025,rent,46146.48,monthly,cash
REC_NPE_00040546,NPU_00026,rent,38652.81,monthly,cash
REC_NPE_00040548,NPU_00027,rent,14327.17,monthly,bank_transfer
REC_NPE_00040550,NPU_00033,rent,35278.55,monthly,cash
REC_NPE_00040551,NPU_00035,rent,24281.11,monthly,esewa
REC_NPE_00040555,NPU_00037,rent,22264.11,monthly,khalti
REC_NPE_00040556,NPU_00039,rent,34857.13,monthly,cash
REC_NPE_00040560,NPU_00043,rent,49996.97,monthly,khalti
REC_NPE_00040567,NPU_00048,rent,27963.39,monthly,khalti
REC_NPE_00040570,NPU_00051,rent,32320.01,monthly,cash
REC_NPE_00040571,NPU_00052,rent,39809.51,monthly,cash
REC_NPE_00040573,NPU_00056,rent,14722.68,monthly,cash
REC_NPE_00040575,NPU_00057,rent,42071.2,monthly,bank_transfer
REC_NPE_00040579,NPU_00061,rent,74375.0,monthly,khalti
REC_NPE_00040582,NPU_00063,rent,9835.88,monthly,khalti
REC_NPE_00040583,NPU_00064,rent,16403.41,monthly,cash
REC_NPE_00040584,NPU_00066,rent,19227.06,monthly,cash
REC_NPE_00040589,NPU_00067,rent,13548.88,monthly,bank_transfer
REC_NPE_00040593,NPU_00072,rent,28371.52,monthly,esewa
REC_NPE_00040600,NPU_00077,rent,21374.61,monthly,cash
REC_NPE_00040604,NPU_00079,rent,51530.32,monthly,cash
REC_NPE_00040607,NPU_00080,rent,10316.72,monthly,cash
REC_NPE_00040726,NPU_00007,savings_investment,12355.08,monthly,debit_card
REC_NPE_00040727,NPU_00008,savings_investment,19906.05,monthly,bank_transfer
REC_NPE_00040729,NPU_00009,savings_investment,8126.96,monthly,esewa
REC_NPE_00040732,NPU_00010,savings_investment,1548.87,monthly,cash
REC_NPE_00040742,NPU_00019,savings_investment,45172.96,monthly,credit_card
REC_NPE_00040745,NPU_00020,savings_investment,5705.43,monthly,esewa
REC_NPE_00040748,NPU_00021,savings_investment,4783.91,monthly,bank_transfer
REC_NPE_00040751,NPU_00023,savings_investment,16972.52,monthly,cash
REC_NPE_00040759,NPU_00027,savings_investment,7556.16,monthly,esewa
REC_NPE_00040764,NPU_00030,savings_investment,6402.17,monthly,debit_card
REC_NPE_00040770,NPU_00035,savings_investment,4180.19,monthly,credit_card
REC_NPE_00040772,NPU_00036,savings_investment,3478.71,monthly,cash
REC_NPE_00040777,NPU_00038,savings_investment,19618.61,monthly,cash
REC_NPE_00040779,NPU_00039,savings_investment,16159.26,monthly,esewa
REC_NPE_00040795,NPU_00049,savings_investment,5595.99,monthly,cash
REC_NPE_00040798,NPU_00050,savings_investment,9121.32,monthly,cash
REC_NPE_00040802,NPU_00053,savings_investment,1010.16,monthly,cash
REC_NPE_00040807,NPU_00057,savings_investment,4270.81,monthly,fonepay_qr
REC_NPE_00040810,NPU_00059,savings_investment,21212.72,monthly,cash
REC_NPE_00040812,NPU_00060,savings_investment,26421.13,monthly,cash
REC_NPE_00040815,NPU_00062,savings_investment,2231.53,monthly,credit_card
REC_NPE_00040823,NPU_00069,savings_investment,13750.31,monthly,cash
REC_NPE_00040825,NPU_00070,savings_investment,12686.15,monthly,bank_transfer
REC_NPE_00040829,NPU_00072,savings_investment,311.15,monthly,esewa
REC_NPE_00040833,NPU_00075,savings_investment,31938.94,monthly,bank_transfer
REC_NPE_00040837,NPU_00076,savings_investment,10178.51,monthly,esewa
REC_NPE_00040840,NPU_00078,savings_investment,2215.56,monthly,cash
REC_NPE_00040841,NPU_00079,savings_investment,21396.33,monthly,esewa
REC_NPE_00040942,NPU_00001,family_support,24455.51,monthly,bank_transfer
REC_NPE_00040945,NPU_00004,family_support,28127.51,monthly,esewa
REC_NPE_00040947,NPU_00005,family_support,19086.79,monthly,debit_card
REC_NPE_00040948,NPU_00006,family_support,16329.27,monthly,bank_transfer
REC_NPE_00040951,NPU_00007,family_support,41592.62,monthly,khalti
REC_NPE_00040954,NPU_00011,family_support,12198.13,monthly,cash
REC_NPE_00040956,NPU_00012,family_support,9704.64,monthly,bank_transfer
REC_NPE_00040958,NPU_00014,family_support,35647.18,monthly,bank_transfer
REC_NPE_00040961,NPU_00015,family_support,24783.25,monthly,cash
REC_NPE_00040964,NPU_00016,family_support,25072.1,monthly,credit_card
REC_NPE_00040967,NPU_00018,family_support,24293.2,monthly,cash
REC_NPE_00040970,NPU_00021,family_support,44275.02,monthly,cash
REC_NPE_00040977,NPU_00024,family_support,8259.21,monthly,fonepay_qr
REC_NPE_00040982,NPU_00030,family_support,13427.38,monthly,cash
REC_NPE_00040984,NPU_00031,family_support,34773.23,monthly,cash
REC_NPE_00040986,NPU_00032,family_support,17038.05,monthly,esewa
REC_NPE_00040989,NPU_00033,family_support,25706.96,monthly,cash
REC_NPE_00040990,NPU_00034,family_support,7961.7,monthly,bank_transfer
REC_NPE_00040992,NPU_00035,family_support,15540.55,monthly,credit_card
REC_NPE_00040996,NPU_00037,family_support,5064.1,monthly,esewa
REC_NPE_00040997,NPU_00038,family_support,44777.25,monthly,khalti
REC_NPE_00040999,NPU_00041,family_support,14789.7,monthly,debit_card
REC_NPE_00041000,NPU_00042,family_support,23033.43,monthly,cash
REC_NPE_00041009,NPU_00049,family_support,25032.16,monthly,fonepay_qr
REC_NPE_00041010,NPU_00050,family_support,12375.65,monthly,cash
REC_NPE_00041017,NPU_00054,family_support,6092.46,monthly,khalti
REC_NPE_00041019,NPU_00056,family_support,12699.47,monthly,cash
REC_NPE_00041021,NPU_00057,family_support,21000.55,monthly,credit_card
REC_NPE_00041026,NPU_00059,family_support,12803.92,monthly,cash
REC_NPE_00041027,NPU_00060,family_support,43166.22,monthly,esewa
REC_NPE_00041030,NPU_00062,family_support,23007.46,monthly,esewa
REC_NPE_00041034,NPU_00065,family_support,20533.65,monthly,credit_card
REC_NPE_00041039,NPU_00067,family_support,42614.93,monthly,fonepay_qr
REC_NPE_00041042,NPU_00069,family_support,22488.28,monthly,esewa
REC_NPE_00041046,NPU_00071,family_support,8251.7,monthly,esewa
REC_NPE_00041048,NPU_00072,family_support,12484.38,monthly,khalti
REC_NPE_00041049,NPU_00073,family_support,11180.09,monthly,esewa
REC_NPE_00041052,NPU_00074,family_support,8007.8,monthly,cash
REC_NPE_00041053,NPU_00076,family_support,9934.67,monthly,cash
REC_NPE_00041054,NPU_00077,family_support,26534.57,monthly,bank_transfer
REC_NPE_00041055,NPU_00078,family_support,40819.87,monthly,cash
REC_NPE_00041056,NPU_00079,family_support,16046.81,monthly,bank_transfer
REC_NPE_00041057,NPU_00080,family_support,6166.09,monthly,cash
REC_NPE_00041209,NPU_00001,utilities,4757.85,monthly,cash
REC_NPE_00041211,NPU_00002,utilities,6391.63,monthly,khalti
REC_NPE_00041215,NPU_00005,utilities,2576.79,monthly,debit_card
REC_NPE_00041217,NPU_00006,utilities,3741.11,monthly,cash
REC_NPE_00041219,NPU_00007,utilities,4947.62,monthly,bank_transfer
REC_NPE_00041220,NPU_00008,utilities,1704.56,monthly,esewa
REC_NPE_00041224,NPU_00009,utilities,8073.45,monthly,fonepay_qr
REC_NPE_00041226,NPU_00011,utilities,1572.44,monthly,fonepay_qr
REC_NPE_00041228,NPU_00012,utilities,6189.06,monthly,bank_transfer
REC_NPE_00041232,NPU_00013,utilities,4720.93,monthly,cash
REC_NPE_00041234,NPU_00015,utilities,3759.29,monthly,cash
REC_NPE_00041237,NPU_00017,utilities,3400.31,monthly,cash
REC_NPE_00041240,NPU_00018,utilities,9948.94,monthly,debit_card
REC_NPE_00041244,NPU_00019,utilities,5688.32,monthly,esewa
REC_NPE_00041247,NPU_00021,utilities,10710.0,monthly,cash
REC_NPE_00041249,NPU_00022,utilities,3948.05,monthly,esewa
REC_NPE_00041251,NPU_00023,utilities,2023.33,monthly,cash
REC_NPE_00041252,NPU_00024,utilities,6281.7,monthly,cash
REC_NPE_00041253,NPU_00025,utilities,5607.07,monthly,cash
REC_NPE_00041256,NPU_00027,utilities,2016.25,monthly,esewa
REC_NPE_00041259,NPU_00028,utilities,4914.13,monthly,bank_transfer
REC_NPE_00041260,NPU_00029,utilities,2559.38,monthly,cash
REC_NPE_00041262,NPU_00030,utilities,1879.31,monthly,cash
REC_NPE_00041264,NPU_00031,utilities,2808.07,monthly,esewa
REC_NPE_00041268,NPU_00033,utilities,1767.27,monthly,bank_transfer
REC_NPE_00041272,NPU_00034,utilities,1602.11,monthly,bank_transfer
REC_NPE_00041273,NPU_00035,utilities,3875.13,monthly,bank_transfer
REC_NPE_00041275,NPU_00036,utilities,3261.0,monthly,esewa
REC_NPE_00041277,NPU_00038,utilities,5123.24,monthly,bank_transfer
REC_NPE_00041280,NPU_00039,utilities,8672.6,monthly,bank_transfer
REC_NPE_00041282,NPU_00040,utilities,2264.94,monthly,cash
REC_NPE_00041283,NPU_00041,utilities,12750.0,monthly,bank_transfer
REC_NPE_00041284,NPU_00042,utilities,1311.09,monthly,esewa
REC_NPE_00041287,NPU_00044,utilities,8186.28,monthly,bank_transfer
REC_NPE_00041289,NPU_00045,utilities,2684.07,monthly,khalti
REC_NPE_00041291,NPU_00046,utilities,1847.15,monthly,cash
REC_NPE_00041293,NPU_00047,utilities,7552.93,monthly,cash
REC_NPE_00041297,NPU_00049,utilities,7859.55,monthly,cash
REC_NPE_00041299,NPU_00051,utilities,2456.13,monthly,cash
REC_NPE_00041300,NPU_00052,utilities,3500.87,monthly,khalti
REC_NPE_00041302,NPU_00053,utilities,3888.25,monthly,khalti
REC_NPE_00041303,NPU_00055,utilities,5027.19,monthly,fonepay_qr
REC_NPE_00041306,NPU_00057,utilities,3183.64,monthly,bank_transfer
REC_NPE_00041309,NPU_00058,utilities,5651.26,monthly,bank_transfer
REC_NPE_00041310,NPU_00059,utilities,1741.21,monthly,debit_card
REC_NPE_00041312,NPU_00061,utilities,5594.61,monthly,cash
REC_NPE_00041316,NPU_00065,utilities,1566.39,monthly,cash
REC_NPE_00041318,NPU_00066,utilities,2308.21,monthly,cash
REC_NPE_00041319,NPU_00068,utilities,4718.53,monthly,cash
REC_NPE_00041324,NPU_00072,utilities,6815.52,monthly,fonepay_qr
REC_NPE_00041326,NPU_00073,utilities,2052.47,monthly,cash
REC_NPE_00041329,NPU_00074,utilities,4328.4,monthly,cash
REC_NPE_00041330,NPU_00076,utilities,2728.33,monthly,cash
REC_NPE_00041334,NPU_00077,utilities,4404.13,monthly,cash
REC_NPE_00041335,NPU_00078,utilities,5276.98,monthly,bank_transfer
REC_NPE_00041336,NPU_00079,utilities,2342.96,monthly,esewa
REC_NPE_00041338,NPU_00080,utilities,6055.56,monthly,khalti
REC_NPE_00041623,NPU_00001,internet_mobile,961.57,monthly,esewa
REC_NPE_00041625,NPU_00003,internet_mobile,958.0,monthly,cash
REC_NPE_00041627,NPU_00004,internet_mobile,2100.55,monthly,cash
REC_NPE_00041628,NPU_00005,internet_mobile,1173.39,monthly,bank_transfer
REC_NPE_00041629,NPU_00006,internet_mobile,3782.2,monthly,cash
REC_NPE_00041630,NPU_00007,internet_mobile,1946.69,monthly,esewa
REC_NPE_00041635,NPU_00008,internet_mobile,2510.62,monthly,cash
REC_NPE_00041641,NPU_00011,internet_mobile,1304.25,monthly,khalti
REC_NPE_00041643,NPU_00012,internet_mobile,1817.05,monthly,cash
REC_NPE_00041646,NPU_00013,internet_mobile,1623.53,monthly,cash
REC_NPE_00041648,NPU_00014,internet_mobile,3589.34,monthly,cash
REC_NPE_00041649,NPU_00015,internet_mobile,1565.47,monthly,bank_transfer
REC_NPE_00041653,NPU_00016,internet_mobile,4483.76,monthly,cash
REC_NPE_00041655,NPU_00019,internet_mobile,3602.12,monthly,credit_card
REC_NPE_00041656,NPU_00020,internet_mobile,881.97,monthly,cash
REC_NPE_00041659,NPU_00021,internet_mobile,1452.58,monthly,cash
REC_NPE_00041664,NPU_00023,internet_mobile,1730.34,monthly,cash
REC_NPE_00041665,NPU_00024,internet_mobile,1605.41,monthly,cash
REC_NPE_00041669,NPU_00026,internet_mobile,1857.75,monthly,cash
REC_NPE_00041670,NPU_00027,internet_mobile,3596.27,monthly,fonepay_qr
REC_NPE_00041672,NPU_00028,internet_mobile,4610.0,monthly,cash
REC_NPE_00041675,NPU_00030,internet_mobile,485.58,monthly,cash
REC_NPE_00041678,NPU_00033,internet_mobile,1525.61,monthly,khalti
REC_NPE_00041680,NPU_00034,internet_mobile,865.34,monthly,esewa
REC_NPE_00041683,NPU_00035,internet_mobile,2323.37,monthly,debit_card
REC_NPE_00041684,NPU_00037,internet_mobile,1791.5,monthly,fonepay_qr
REC_NPE_00041686,NPU_00038,internet_mobile,632.31,monthly,cash
REC_NPE_00041688,NPU_00039,internet_mobile,1557.16,monthly,cash
REC_NPE_00041689,NPU_00040,internet_mobile,2666.05,monthly,credit_card
REC_NPE_00041690,NPU_00041,internet_mobile,1595.03,monthly,cash
REC_NPE_00041692,NPU_00042,internet_mobile,5252.86,monthly,esewa
REC_NPE_00041694,NPU_00043,internet_mobile,3149.1,monthly,fonepay_qr
REC_NPE_00041695,NPU_00044,internet_mobile,410.51,monthly,cash
REC_NPE_00041697,NPU_00045,internet_mobile,2424.57,monthly,cash
REC_NPE_00041698,NPU_00046,internet_mobile,3499.46,monthly,bank_transfer
REC_NPE_00041699,NPU_00047,internet_mobile,3217.79,monthly,cash
REC_NPE_00041702,NPU_00049,internet_mobile,2786.19,monthly,khalti
REC_NPE_00041703,NPU_00050,internet_mobile,3128.42,monthly,cash
REC_NPE_00041705,NPU_00051,internet_mobile,3713.82,monthly,cash
REC_NPE_00041706,NPU_00052,internet_mobile,2374.52,monthly,khalti
REC_NPE_00041708,NPU_00053,internet_mobile,4193.52,monthly,esewa
REC_NPE_00041711,NPU_00054,internet_mobile,1406.95,monthly,bank_transfer
REC_NPE_00041712,NPU_00055,internet_mobile,1284.63,monthly,esewa
REC_NPE_00041714,NPU_00056,internet_mobile,6247.5,monthly,cash
REC_NPE_00041716,NPU_00057,internet_mobile,1171.04,monthly,cash
REC_NPE_00041719,NPU_00058,internet_mobile,1859.47,monthly,cash
REC_NPE_00041722,NPU_00060,internet_mobile,4403.75,monthly,esewa
REC_NPE_00041725,NPU_00061,internet_mobile,1596.66,monthly,cash
REC_NPE_00041727,NPU_00062,internet_mobile,2142.54,monthly,khalti
REC_NPE_00041728,NPU_00063,internet_mobile,1474.32,monthly,cash
REC_NPE_00041734,NPU_00065,internet_mobile,2951.38,monthly,esewa
REC_NPE_00041736,NPU_00066,internet_mobile,3144.67,monthly,khalti
REC_NPE_00041737,NPU_00067,internet_mobile,1684.11,monthly,esewa
REC_NPE_00041740,NPU_00068,internet_mobile,1356.5,monthly,cash
REC_NPE_00041741,NPU_00069,internet_mobile,2491.29,monthly,khalti
REC_NPE_00041743,NPU_00071,internet_mobile,1091.15,monthly,fonepay_qr
REC_NPE_00041745,NPU_00072,internet_mobile,779.89,monthly,debit_card
REC_NPE_00041747,NPU_00073,internet_mobile,2544.98,monthly,cash
REC_NPE_00041749,NPU_00074,internet_mobile,4239.48,monthly,cash
REC_NPE_00041751,NPU_00075,internet_mobile,1222.9,monthly,khalti
REC_NPE_00041754,NPU_00077,internet_mobile,4985.29,monthly,esewa
REC_NPE_00041755,NPU_00078,internet_mobile,978.73,monthly,bank_transfer
REC_NPE_00041758,NPU_00080,internet_mobile,2205.65,monthly,khalti
REC_NPE_00041942,NPU_00001,loan_emi,5753.18,monthly,fonepay_qr
REC_NPE_00041944,NPU_00004,loan_emi,13032.11,monthly,cash
REC_NPE_00041945,NPU_00005,loan_emi,2534.92,monthly,fonepay_qr
REC_NPE_00041951,NPU_00008,loan_emi,20675.34,monthly,bank_transfer
REC_NPE_00041954,NPU_00010,loan_emi,6272.12,monthly,khalti
REC_NPE_00041957,NPU_00012,loan_emi,36754.94,monthly,cash
REC_NPE_00041959,NPU_00013,loan_emi,8963.49,monthly,debit_card
REC_NPE_00041966,NPU_00017,loan_emi,23960.2,monthly,credit_card
REC_NPE_00041967,NPU_00018,loan_emi,8205.21,monthly,cash
REC_NPE_00041969,NPU_00019,loan_emi,24363.17,monthly,cash
REC_NPE_00041970,NPU_00020,loan_emi,7359.73,monthly,cash
REC_NPE_00041973,NPU_00023,loan_emi,12781.53,monthly,esewa
REC_NPE_00041975,NPU_00027,loan_emi,22281.57,monthly,khalti
REC_NPE_00041988,NPU_00036,loan_emi,5245.12,monthly,cash
REC_NPE_00041996,NPU_00040,loan_emi,12274.66,monthly,cash
REC_NPE_00041997,NPU_00041,loan_emi,17483.09,monthly,khalti
REC_NPE_00042000,NPU_00045,loan_emi,22121.44,monthly,esewa
REC_NPE_00042014,NPU_00057,loan_emi,29882.36,monthly,cash
REC_NPE_00042016,NPU_00059,loan_emi,7610.08,monthly,cash
REC_NPE_00042017,NPU_00060,loan_emi,30577.77,monthly,cash
REC_NPE_00042022,NPU_00062,loan_emi,25844.48,monthly,cash
REC_NPE_00042026,NPU_00064,loan_emi,51128.04,monthly,cash
REC_NPE_00042027,NPU_00065,loan_emi,9574.31,monthly,cash
REC_NPE_00042036,NPU_00074,loan_emi,11522.91,monthly,cash
REC_NPE_00042037,NPU_00077,loan_emi,13863.24,monthly,credit_card
REC_NPE_00042038,NPU_00078,loan_emi,16013.4,monthly,debit_card
REC_NPE_00042042,NPU_00080,loan_emi,20064.11,monthly,cash
REC_NPE_00042282,NPU_00003,subscriptions,1735.38,monthly,khalti
REC_NPE_00042286,NPU_00005,subscriptions,745.15,monthly,khalti
REC_NPE_00042287,NPU_00006,subscriptions,1638.19,monthly,cash
REC_NPE_00042293,NPU_00008,subscriptions,4169.41,monthly,cash
REC_NPE_00042294,NPU_00009,subscriptions,3050.85,monthly,cash
REC_NPE_00042297,NPU_00010,subscriptions,1476.68,monthly,credit_card
REC_NPE_00042299,NPU_00011,subscriptions,1570.83,monthly,esewa
REC_NPE_00042302,NPU_00013,subscriptions,1975.4,monthly,cash
REC_NPE_00042303,NPU_00014,subscriptions,2280.23,monthly,cash
REC_NPE_00042304,NPU_00015,subscriptions,1174.3,monthly,esewa
REC_NPE_00042305,NPU_00016,subscriptions,886.14,monthly,debit_card
REC_NPE_00042306,NPU_00017,subscriptions,2102.76,monthly,fonepay_qr
REC_NPE_00042307,NPU_00018,subscriptions,5898.1,monthly,debit_card
REC_NPE_00042316,NPU_00022,subscriptions,1235.65,monthly,debit_card
REC_NPE_00042317,NPU_00023,subscriptions,7077.42,monthly,cash
REC_NPE_00042322,NPU_00026,subscriptions,2813.98,monthly,cash
REC_NPE_00042324,NPU_00028,subscriptions,2141.92,monthly,bank_transfer
REC_NPE_00042328,NPU_00030,subscriptions,2154.25,monthly,credit_card
REC_NPE_00042332,NPU_00032,subscriptions,4134.2,monthly,esewa
REC_NPE_00042334,NPU_00034,subscriptions,2671.33,monthly,cash
REC_NPE_00042337,NPU_00035,subscriptions,2251.26,monthly,esewa
REC_NPE_00042340,NPU_00036,subscriptions,1400.86,monthly,fonepay_qr
REC_NPE_00042343,NPU_00038,subscriptions,672.69,monthly,credit_card
REC_NPE_00042345,NPU_00039,subscriptions,2007.36,monthly,khalti
REC_NPE_00042348,NPU_00042,subscriptions,1176.8,monthly,bank_transfer
REC_NPE_00042350,NPU_00044,subscriptions,1250.31,monthly,bank_transfer
REC_NPE_00042351,NPU_00045,subscriptions,1796.25,monthly,debit_card
REC_NPE_00042357,NPU_00048,subscriptions,3767.05,monthly,khalti
REC_NPE_00042359,NPU_00050,subscriptions,1909.83,monthly,fonepay_qr
REC_NPE_00042365,NPU_00056,subscriptions,1359.66,monthly,fonepay_qr
REC_NPE_00042368,NPU_00057,subscriptions,1460.59,monthly,cash
REC_NPE_00042370,NPU_00058,subscriptions,3689.74,monthly,debit_card
REC_NPE_00042372,NPU_00059,subscriptions,1507.48,monthly,bank_transfer
REC_NPE_00042373,NPU_00060,subscriptions,1479.82,monthly,cash
REC_NPE_00042375,NPU_00061,subscriptions,3912.38,monthly,bank_transfer
REC_NPE_00042377,NPU_00063,subscriptions,1509.81,monthly,cash
REC_NPE_00042380,NPU_00064,subscriptions,1126.72,monthly,bank_transfer
REC_NPE_00042381,NPU_00065,subscriptions,676.31,monthly,credit_card
REC_NPE_00042383,NPU_00066,subscriptions,2386.8,monthly,bank_transfer
REC_NPE_00042384,NPU_00067,subscriptions,648.71,monthly,cash
REC_NPE_00042387,NPU_00068,subscriptions,2106.13,monthly,bank_transfer
REC_NPE_00042390,NPU_00069,subscriptions,1184.35,monthly,cash
REC_NPE_00042393,NPU_00070,subscriptions,3520.87,monthly,fonepay_qr
REC_NPE_00042396,NPU_00072,subscriptions,1439.85,monthly,cash
REC_NPE_00042398,NPU_00073,subscriptions,639.69,monthly,cash
REC_NPE_00042400,NPU_00074,subscriptions,2433.85,monthly,cash
REC_NPE_00042402,NPU_00075,subscriptions,1945.8,monthly,esewa
REC_NPE_00042403,NPU_00076,subscriptions,3078.52,monthly,esewa
REC_NPE_00042405,NPU_00077,subscriptions,1267.54,monthly,cash
REC_NPE_00042409,NPU_00078,subscriptions,3779.65,monthly,cash
REC_NPE_00042410,NPU_00079,subscriptions,1544.46,monthly,cash
REC_NPE_00042411,NPU_00080,subscriptions,623.17,monthly,cash
REC_NPE_00043504,NPU_00002,rent,15745.54,monthly,cash
REC_NPE_00043508,NPU_00004,rent,19530.69,monthly,bank_transfer
REC_NPE_00043509,NPU_00005,rent,24184.8,monthly,khalti
REC_NPE_00043511,NPU_00007,rent,9460.15,monthly,bank_transfer
REC_NPE_00043516,NPU_00010,rent,37447.84,monthly,cash
REC_NPE_00043520,NPU_00013,rent,39332.1,monthly,cash
REC_NPE_00043525,NPU_00019,rent,31708.05,monthly,debit_card
REC_NPE_00043528,NPU_00020,rent,12733.87,monthly,khalti
REC_NPE_00043531,NPU_00022,rent,22936.7,monthly,esewa
REC_NPE_00043536,NPU_00023,rent,22908.11,monthly,cash
REC_NPE_00043537,NPU_00024,rent,18200.89,monthly,esewa
REC_NPE_00043541,NPU_00026,rent,25344.08,monthly,cash
REC_NPE_00043549,NPU_00033,rent,30210.9,monthly,bank_transfer
REC_NPE_00043553,NPU_00035,rent,9786.35,monthly,bank_transfer
REC_NPE_00043559,NPU_00037,rent,45603.03,monthly,khalti
REC_NPE_00043562,NPU_00038,rent,74375.0,monthly,cash
REC_NPE_00043564,NPU_00039,rent,7040.0,monthly,bank_transfer
REC_NPE_00043569,NPU_00043,rent,16322.85,monthly,fonepay_qr
REC_NPE_00043571,NPU_00046,rent,12924.98,monthly,debit_card
REC_NPE_00043574,NPU_00048,rent,16976.8,monthly,cash
REC_NPE_00043577,NPU_00049,rent,23608.9,monthly,cash
REC_NPE_00043579,NPU_00051,rent,15355.17,monthly,cash
REC_NPE_00043580,NPU_00053,rent,30095.96,monthly,cash
REC_NPE_00043583,NPU_00055,rent,52499.44,monthly,cash
REC_NPE_00043585,NPU_00056,rent,9261.76,monthly,cash
REC_NPE_00043588,NPU_00057,rent,55480.55,monthly,credit_card
REC_NPE_00043592,NPU_00059,rent,15245.18,monthly,cash
REC_NPE_00043595,NPU_00061,rent,47413.94,monthly,cash
REC_NPE_00043596,NPU_00062,rent,36374.53,monthly,debit_card
REC_NPE_00043599,NPU_00063,rent,14451.67,monthly,cash
REC_NPE_00043601,NPU_00064,rent,17365.27,monthly,cash
REC_NPE_00043602,NPU_00066,rent,51318.44,monthly,khalti
REC_NPE_00043604,NPU_00067,rent,12531.21,monthly,cash
REC_NPE_00043608,NPU_00072,rent,38171.05,monthly,cash
REC_NPE_00043612,NPU_00075,rent,18625.34,monthly,cash
REC_NPE_00043616,NPU_00077,rent,26429.62,monthly,bank_transfer
REC_NPE_00043720,NPU_00003,savings_investment,12843.41,monthly,cash
REC_NPE_00043731,NPU_00014,savings_investment,782.61,monthly,khalti
REC_NPE_00043734,NPU_00017,savings_investment,10972.88,monthly,bank_transfer
REC_NPE_00043736,NPU_00020,savings_investment,7596.78,monthly,cash
REC_NPE_00043737,NPU_00021,savings_investment,7455.25,monthly,bank_transfer
REC_NPE_00043743,NPU_00024,savings_investment,4870.21,monthly,credit_card
REC_NPE_00043745,NPU_00027,savings_investment,5353.55,monthly,credit_card
REC_NPE_00043748,NPU_00030,savings_investment,6800.73,monthly,debit_card
REC_NPE_00043749,NPU_00032,savings_investment,4591.07,monthly,esewa
REC_NPE_00043753,NPU_00036,savings_investment,5420.51,monthly,esewa
REC_NPE_00043754,NPU_00039,savings_investment,13038.0,monthly,cash
REC_NPE_00043759,NPU_00048,savings_investment,14924.56,monthly,cash
REC_NPE_00043760,NPU_00049,savings_investment,6328.4,monthly,fonepay_qr
REC_NPE_00043763,NPU_00050,savings_investment,8109.11,monthly,cash
REC_NPE_00043765,NPU_00052,savings_investment,7184.37,monthly,esewa
REC_NPE_00043772,NPU_00056,savings_investment,10230.46,monthly,debit_card
REC_NPE_00043774,NPU_00057,savings_investment,3204.32,monthly,cash
REC_NPE_00043779,NPU_00060,savings_investment,22572.45,monthly,cash
REC_NPE_00043783,NPU_00064,savings_investment,17481.62,monthly,debit_card
REC_NPE_00043785,NPU_00067,savings_investment,9713.19,monthly,cash
REC_NPE_00043787,NPU_00068,savings_investment,5949.35,monthly,bank_transfer
REC_NPE_00043795,NPU_00074,savings_investment,2151.63,monthly,cash
REC_NPE_00043800,NPU_00080,savings_investment,11328.35,monthly,cash
REC_NPE_00043889,NPU_00002,family_support,24854.24,monthly,esewa
REC_NPE_00043892,NPU_00003,family_support,8969.96,monthly,cash
REC_NPE_00043894,NPU_00004,family_support,20755.92,monthly,credit_card
REC_NPE_00043896,NPU_00006,family_support,15297.88,monthly,khalti
REC_NPE_00043897,NPU_00007,family_support,10082.92,monthly,cash
REC_NPE_00043903,NPU_00010,family_support,17134.64,monthly,debit_card
REC_NPE_00043905,NPU_00011,family_support,14965.77,monthly,fonepay_qr
REC_NPE_00043907,NPU_00012,family_support,2469.39,monthly,cash
REC_NPE_00043910,NPU_00013,family_support,25126.52,monthly,debit_card
REC_NPE_00043914,NPU_00016,family_support,7792.94,monthly,khalti
REC_NPE_00043915,NPU_00017,family_support,10571.42,monthly,cash
REC_NPE_00043916,NPU_00018,family_support,14074.71,monthly,cash
REC_NPE_00043920,NPU_00022,family_support,56548.8,monthly,cash
REC_NPE_00043921,NPU_00025,family_support,53520.03,monthly,cash
REC_NPE_00043922,NPU_00026,family_support,27297.94,monthly,esewa
REC_NPE_00043925,NPU_00027,family_support,5236.14,monthly,cash
REC_NPE_00043927,NPU_00028,family_support,16845.49,monthly,esewa
REC_NPE_00043928,NPU_00029,family_support,18533.4,monthly,esewa
REC_NPE_00043932,NPU_00031,family_support,18930.65,monthly,bank_transfer
REC_NPE_00043933,NPU_00032,family_support,11190.11,monthly,cash
REC_NPE_00043934,NPU_00033,family_support,12308.68,monthly,bank_transfer
REC_NPE_00043937,NPU_00034,family_support,32912.0,monthly,cash
REC_NPE_00043939,NPU_00035,family_support,27883.26,monthly,cash
REC_NPE_00043943,NPU_00037,family_support,17421.32,monthly,khalti
REC_NPE_00043945,NPU_00039,family_support,15961.14,monthly,esewa
REC_NPE_00043948,NPU_00041,family_support,25528.72,monthly,bank_transfer
REC_NPE_00043951,NPU_00042,family_support,20173.26,monthly,cash
REC_NPE_00043952,NPU_00045,family_support,8021.99,monthly,debit_card
REC_NPE_00043953,NPU_00047,family_support,21933.72,monthly,cash
REC_NPE_00043954,NPU_00048,family_support,8065.02,monthly,cash
REC_NPE_00043955,NPU_00049,family_support,7635.27,monthly,cash
REC_NPE_00043961,NPU_00052,family_support,22553.81,monthly,bank_transfer
REC_NPE_00043967,NPU_00055,family_support,20382.1,monthly,debit_card
REC_NPE_00043969,NPU_00056,family_support,16083.24,monthly,cash
REC_NPE_00043972,NPU_00058,family_support,22151.37,monthly,debit_card
REC_NPE_00043975,NPU_00059,family_support,8818.18,monthly,esewa
REC_NPE_00043976,NPU_00060,family_support,21041.03,monthly,cash
REC_NPE_00043979,NPU_00061,family_support,9992.0,monthly,fonepay_qr
REC_NPE_00043981,NPU_00062,family_support,37914.41,monthly,cash
REC_NPE_00043982,NPU_00063,family_support,17687.08,monthly,cash
REC_NPE_00043983,NPU_00065,family_support,28538.39,monthly,esewa
REC_NPE_00043988,NPU_00070,family_support,28884.68,monthly,credit_card
REC_NPE_00043989,NPU_00071,family_support,10477.15,monthly,cash
REC_NPE_00043991,NPU_00074,family_support,12658.64,monthly,khalti
REC_NPE_00043992,NPU_00076,family_support,20030.95,monthly,cash
REC_NPE_00043994,NPU_00078,family_support,14913.08,monthly,cash
REC_NPE_00043995,NPU_00079,family_support,4602.36,monthly,khalti
REC_NPE_00043997,NPU_00080,family_support,13047.41,monthly,esewa
REC_NPE_00044208,NPU_00001,utilities,3856.54,monthly,khalti
REC_NPE_00044211,NPU_00002,utilities,2614.17,monthly,bank_transfer
REC_NPE_00044213,NPU_00003,utilities,2858.17,monthly,cash
REC_NPE_00044215,NPU_00005,utilities,1870.09,monthly,esewa
REC_NPE_00044219,NPU_00007,utilities,4230.13,monthly,esewa
REC_NPE_00044221,NPU_00009,utilities,4613.29,monthly,cash
REC_NPE_00044224,NPU_00010,utilities,4762.75,monthly,cash
REC_NPE_00044226,NPU_00012,utilities,3194.83,monthly,esewa
REC_NPE_00044230,NPU_00014,utilities,3746.54,monthly,fonepay_qr
REC_NPE_00044233,NPU_00018,utilities,6726.67,monthly,cash
REC_NPE_00044235,NPU_00019,utilities,3596.57,monthly,cash
REC_NPE_00044237,NPU_00020,utilities,4067.68,monthly,cash
REC_NPE_00044239,NPU_00022,utilities,7254.93,monthly,fonepay_qr
REC_NPE_00044241,NPU_00023,utilities,7332.74,monthly,cash
REC_NPE_00044246,NPU_00026,utilities,4280.99,monthly,khalti
REC_NPE_00044250,NPU_00028,utilities,5011.73,monthly,khalti
REC_NPE_00044254,NPU_00030,utilities,2730.54,monthly,cash
REC_NPE_00044255,NPU_00031,utilities,5342.56,monthly,cash
REC_NPE_00044256,NPU_00032,utilities,3772.63,monthly,cash
REC_NPE_00044257,NPU_00033,utilities,8976.0,monthly,cash
REC_NPE_00044262,NPU_00038,utilities,4928.99,monthly,debit_card
REC_NPE_00044268,NPU_00039,utilities,2282.3,monthly,debit_card
REC_NPE_00044270,NPU_00040,utilities,1719.3,monthly,cash
REC_NPE_00044273,NPU_00041,utilities,5458.26,monthly,debit_card
REC_NPE_00044274,NPU_00042,utilities,2200.81,monthly,cash
REC_NPE_00044275,NPU_00043,utilities,2505.56,monthly,khalti
REC_NPE_00044277,NPU_00046,utilities,941.48,monthly,khalti
REC_NPE_00044281,NPU_00049,utilities,3719.95,monthly,khalti
REC_NPE_00044283,NPU_00050,utilities,4480.35,monthly,cash
REC_NPE_00044284,NPU_00051,utilities,3194.4,monthly,cash
REC_NPE_00044285,NPU_00052,utilities,2875.14,monthly,cash
REC_NPE_00044294,NPU_00056,utilities,6818.27,monthly,esewa
REC_NPE_00044296,NPU_00057,utilities,4174.48,monthly,cash
REC_NPE_00044297,NPU_00058,utilities,7979.64,monthly,cash
REC_NPE_00044300,NPU_00061,utilities,6432.57,monthly,bank_transfer
REC_NPE_00044301,NPU_00062,utilities,3325.51,monthly,bank_transfer
REC_NPE_00044303,NPU_00063,utilities,5755.15,monthly,fonepay_qr
REC_NPE_00044305,NPU_00064,utilities,10573.88,monthly,cash
REC_NPE_00044309,NPU_00065,utilities,1718.08,monthly,debit_card
REC_NPE_00044310,NPU_00066,utilities,8358.13,monthly,esewa
REC_NPE_00044313,NPU_00067,utilities,3572.19,monthly,khalti
REC_NPE_00044316,NPU_00069,utilities,4473.16,monthly,cash
REC_NPE_00044317,NPU_00070,utilities,6244.0,monthly,cash
REC_NPE_00044318,NPU_00072,utilities,10038.95,monthly,esewa
REC_NPE_00044319,NPU_00074,utilities,3846.33,monthly,esewa
REC_NPE_00044321,NPU_00075,utilities,2111.9,monthly,fonepay_qr
REC_NPE_00044324,NPU_00077,utilities,12750.0,monthly,khalti
REC_NPE_00044327,NPU_00079,utilities,1303.99,monthly,esewa
REC_NPE_00044616,NPU_00001,internet_mobile,1305.3,monthly,cash
REC_NPE_00044618,NPU_00002,internet_mobile,703.85,monthly,esewa
REC_NPE_00044620,NPU_00003,internet_mobile,351.47,monthly,khalti
REC_NPE_00044622,NPU_00004,internet_mobile,3712.18,monthly,bank_transfer
REC_NPE_00044623,NPU_00005,internet_mobile,1158.1,monthly,cash
REC_NPE_00044624,NPU_00006,internet_mobile,555.37,monthly,cash
REC_NPE_00044627,NPU_00007,internet_mobile,1494.8,monthly,cash
REC_NPE_00044628,NPU_00008,internet_mobile,5570.1,monthly,cash
REC_NPE_00044629,NPU_00009,internet_mobile,1518.75,monthly,debit_card
REC_NPE_00044631,NPU_00011,internet_mobile,3240.44,monthly,fonepay_qr
REC_NPE_00044632,NPU_00012,internet_mobile,789.07,monthly,debit_card
REC_NPE_00044634,NPU_00014,internet_mobile,3850.17,monthly,cash
REC_NPE_00044637,NPU_00015,internet_mobile,3772.97,monthly,debit_card
REC_NPE_00044641,NPU_00017,internet_mobile,1112.86,monthly,cash
REC_NPE_00044642,NPU_00018,internet_mobile,1533.41,monthly,cash
REC_NPE_00044644,NPU_00019,internet_mobile,3315.68,monthly,esewa
REC_NPE_00044647,NPU_00020,internet_mobile,4833.89,monthly,bank_transfer
REC_NPE_00044651,NPU_00022,internet_mobile,3324.32,monthly,khalti
REC_NPE_00044654,NPU_00023,internet_mobile,959.34,monthly,esewa
REC_NPE_00044656,NPU_00025,internet_mobile,4153.17,monthly,esewa
REC_NPE_00044658,NPU_00026,internet_mobile,483.78,monthly,cash
REC_NPE_00044660,NPU_00027,internet_mobile,1817.46,monthly,bank_transfer
REC_NPE_00044662,NPU_00028,internet_mobile,3845.75,monthly,fonepay_qr
REC_NPE_00044663,NPU_00029,internet_mobile,1793.37,monthly,khalti
REC_NPE_00044666,NPU_00031,internet_mobile,3252.88,monthly,cash
REC_NPE_00044668,NPU_00032,internet_mobile,2719.96,monthly,cash
REC_NPE_00044669,NPU_00033,internet_mobile,781.24,monthly,cash
REC_NPE_00044670,NPU_00034,internet_mobile,528.5,monthly,debit_card
REC_NPE_00044672,NPU_00035,internet_mobile,2020.95,monthly,cash
REC_NPE_00044673,NPU_00038,internet_mobile,2134.43,monthly,esewa
REC_NPE_00044674,NPU_00039,internet_mobile,633.18,monthly,cash
REC_NPE_00044677,NPU_00040,internet_mobile,926.25,monthly,cash
REC_NPE_00044678,NPU_00041,internet_mobile,2127.22,monthly,bank_transfer
REC_NPE_00044679,NPU_00042,internet_mobile,1926.83,monthly,esewa
REC_NPE_00044680,NPU_00043,internet_mobile,1478.39,monthly,cash
REC_NPE_00044681,NPU_00044,internet_mobile,709.62,monthly,debit_card
REC_NPE_00044682,NPU_00045,internet_mobile,3085.68,monthly,bank_transfer
REC_NPE_00044686,NPU_00046,internet_mobile,1208.42,monthly,cash
REC_NPE_00044688,NPU_00047,internet_mobile,7136.94,monthly,cash
REC_NPE_00044689,NPU_00049,internet_mobile,4430.52,monthly,bank_transfer
REC_NPE_00044691,NPU_00051,internet_mobile,783.56,monthly,esewa
REC_NPE_00044697,NPU_00055,internet_mobile,1300.39,monthly,cash
REC_NPE_00044699,NPU_00056,internet_mobile,1771.29,monthly,credit_card
REC_NPE_00044702,NPU_00057,internet_mobile,2047.23,monthly,cash
REC_NPE_00044704,NPU_00059,internet_mobile,1822.54,monthly,debit_card
REC_NPE_00044707,NPU_00061,internet_mobile,1821.49,monthly,cash
REC_NPE_00044708,NPU_00063,internet_mobile,883.7,monthly,cash
REC_NPE_00044709,NPU_00064,internet_mobile,3982.55,monthly,cash
REC_NPE_00044712,NPU_00065,internet_mobile,1098.4,monthly,cash
REC_NPE_00044716,NPU_00066,internet_mobile,6248.78,monthly,cash
REC_NPE_00044719,NPU_00068,internet_mobile,1519.5,monthly,khalti
REC_NPE_00044720,NPU_00069,internet_mobile,2139.05,monthly,debit_card
REC_NPE_00044721,NPU_00070,internet_mobile,1172.73,monthly,esewa
REC_NPE_00044722,NPU_00071,internet_mobile,1391.44,monthly,cash
REC_NPE_00044723,NPU_00072,internet_mobile,588.78,monthly,khalti
REC_NPE_00044727,NPU_00073,internet_mobile,1596.97,monthly,bank_transfer
REC_NPE_00044728,NPU_00074,internet_mobile,1287.08,monthly,cash
REC_NPE_00044731,NPU_00075,internet_mobile,1876.91,monthly,cash
REC_NPE_00044733,NPU_00076,internet_mobile,5236.0,monthly,cash
REC_NPE_00044734,NPU_00077,internet_mobile,1562.96,monthly,bank_transfer
REC_NPE_00044735,NPU_00078,internet_mobile,2755.56,monthly,debit_card
REC_NPE_00044738,NPU_00079,internet_mobile,2398.5,monthly,debit_card
REC_NPE_00044740,NPU_00080,internet_mobile,794.5,monthly,esewa
REC_NPE_00044958,NPU_00005,loan_emi,13574.02,monthly,esewa
REC_NPE_00044962,NPU_00007,loan_emi,11694.26,monthly,cash
REC_NPE_00044966,NPU_00010,loan_emi,11155.34,monthly,cash
REC_NPE_00044968,NPU_00011,loan_emi,15718.61,monthly,cash
REC_NPE_00044971,NPU_00012,loan_emi,10005.31,monthly,cash
REC_NPE_00044978,NPU_00019,loan_emi,59500.0,monthly,khalti
REC_NPE_00044981,NPU_00020,loan_emi,11917.68,monthly,cash
REC_NPE_00044989,NPU_00027,loan_emi,16836.18,monthly,fonepay_qr
REC_NPE_00044991,NPU_00029,loan_emi,6470.93,monthly,cash
REC_NPE_00044993,NPU_00031,loan_emi,57119.9,monthly,esewa
REC_NPE_00044998,NPU_00033,loan_emi,9286.3,monthly,cash
REC_NPE_00045001,NPU_00034,loan_emi,12902.06,monthly,cash
REC_NPE_00045006,NPU_00040,loan_emi,18033.19,monthly,cash
REC_NPE_00045007,NPU_00044,loan_emi,4176.09,monthly,esewa
REC_NPE_00045015,NPU_00048,loan_emi,21860.86,monthly,cash
REC_NPE_00045023,NPU_00054,loan_emi,4663.69,monthly,cash
REC_NPE_00045026,NPU_00056,loan_emi,6746.78,monthly,cash
REC_NPE_00045027,NPU_00059,loan_emi,23085.3,monthly,fonepay_qr
REC_NPE_00045028,NPU_00060,loan_emi,7896.45,monthly,bank_transfer
REC_NPE_00045030,NPU_00061,loan_emi,14182.51,monthly,cash
REC_NPE_00045036,NPU_00064,loan_emi,47127.93,monthly,cash
REC_NPE_00045040,NPU_00067,loan_emi,11767.93,monthly,credit_card
REC_NPE_00045042,NPU_00070,loan_emi,4100.71,monthly,cash
REC_NPE_00045044,NPU_00071,loan_emi,10390.38,monthly,cash
REC_NPE_00045233,NPU_00001,subscriptions,2147.78,monthly,cash
REC_NPE_00045235,NPU_00004,subscriptions,3479.16,monthly,esewa
REC_NPE_00045238,NPU_00008,subscriptions,900.39,monthly,cash
REC_NPE_00045239,NPU_00010,subscriptions,1343.69,monthly,cash
REC_NPE_00045245,NPU_00014,subscriptions,1763.28,monthly,cash
REC_NPE_00045249,NPU_00016,subscriptions,5203.56,monthly,cash
REC_NPE_00045251,NPU_00018,subscriptions,5167.24,monthly,cash
REC_NPE_00045254,NPU_00019,subscriptions,4458.58,monthly,cash
REC_NPE_00045255,NPU_00020,subscriptions,2473.18,monthly,esewa
REC_NPE_00045262,NPU_00022,subscriptions,2892.52,monthly,bank_transfer
REC_NPE_00045263,NPU_00023,subscriptions,1605.47,monthly,debit_card
REC_NPE_00045265,NPU_00024,subscriptions,4012.19,monthly,cash
REC_NPE_00045266,NPU_00025,subscriptions,2891.42,monthly,cash
REC_NPE_00045272,NPU_00030,subscriptions,3590.59,monthly,cash
REC_NPE_00045273,NPU_00031,subscriptions,2297.6,monthly,cash
REC_NPE_00045278,NPU_00036,subscriptions,2120.47,monthly,debit_card
REC_NPE_00045280,NPU_00038,subscriptions,4415.69,monthly,fonepay_qr
REC_NPE_00045282,NPU_00039,subscriptions,860.35,monthly,cash
REC_NPE_00045285,NPU_00042,subscriptions,1609.95,monthly,cash
REC_NPE_00045295,NPU_00047,subscriptions,4307.87,monthly,debit_card
REC_NPE_00045301,NPU_00050,subscriptions,2673.79,monthly,cash
REC_NPE_00045302,NPU_00051,subscriptions,4907.23,monthly,debit_card
REC_NPE_00045303,NPU_00053,subscriptions,1191.46,monthly,esewa
REC_NPE_00045304,NPU_00054,subscriptions,1490.06,monthly,esewa
REC_NPE_00045309,NPU_00056,subscriptions,1599.43,monthly,bank_transfer
REC_NPE_00045313,NPU_00060,subscriptions,4770.72,monthly,cash
REC_NPE_00045315,NPU_00061,subscriptions,6394.33,monthly,cash
REC_NPE_00045316,NPU_00063,subscriptions,1152.46,monthly,debit_card
REC_NPE_00045320,NPU_00065,subscriptions,961.6,monthly,cash
REC_NPE_00045324,NPU_00068,subscriptions,4501.54,monthly,debit_card
REC_NPE_00045325,NPU_00069,subscriptions,1711.41,monthly,esewa
REC_NPE_00045333,NPU_00074,subscriptions,5995.34,monthly,esewa
REC_NPE_00045335,NPU_00078,subscriptions,1707.02,monthly,cash
REC_NPE_00045339,NPU_00080,subscriptions,1147.32,monthly,khalti
REC_NPE_00046405,NPU_00002,rent,12879.01,monthly,cash
REC_NPE_00046407,NPU_00005,rent,16355.04,monthly,cash
REC_NPE_00046408,NPU_00006,rent,12384.78,monthly,cash
REC_NPE_00046410,NPU_00007,rent,13324.14,monthly,bank_transfer
REC_NPE_00046415,NPU_00010,rent,23976.73,monthly,bank_transfer
REC_NPE_00046419,NPU_00012,rent,23201.24,monthly,khalti
REC_NPE_00046420,NPU_00013,rent,8400.0,monthly,bank_transfer
REC_NPE_00046422,NPU_00015,rent,14471.02,monthly,cash
REC_NPE_00046424,NPU_00016,rent,19770.36,monthly,esewa
REC_NPE_00046427,NPU_00019,rent,37781.27,monthly,bank_transfer
REC_NPE_00046430,NPU_00020,rent,36900.91,monthly,esewa
REC_NPE_00046433,NPU_00022,rent,25460.47,monthly,credit_card
REC_NPE_00046436,NPU_00023,rent,46051.73,monthly,cash
REC_NPE_00046438,NPU_00024,rent,41638.48,monthly,cash
REC_NPE_00046439,NPU_00025,rent,17164.75,monthly,debit_card
REC_NPE_00046440,NPU_00026,rent,9562.4,monthly,cash
REC_NPE_00046447,NPU_00032,rent,18065.56,monthly,cash
REC_NPE_00046448,NPU_00033,rent,41515.59,monthly,cash
REC_NPE_00046450,NPU_00035,rent,20197.42,monthly,fonepay_qr
REC_NPE_00046452,NPU_00037,rent,37096.29,monthly,khalti
REC_NPE_00046454,NPU_00039,rent,30477.42,monthly,esewa
REC_NPE_00046457,NPU_00041,rent,23740.25,monthly,fonepay_qr
REC_NPE_00046462,NPU_00043,rent,36585.27,monthly,cash
REC_NPE_00046473,NPU_00048,rent,61805.65,monthly,credit_card
REC_NPE_00046476,NPU_00049,rent,12132.23,monthly,bank_transfer
REC_NPE_00046480,NPU_00051,rent,34301.3,monthly,khalti
REC_NPE_00046484,NPU_00055,rent,27866.32,monthly,esewa
REC_NPE_00046490,NPU_00061,rent,23777.06,monthly,khalti
REC_NPE_00046492,NPU_00063,rent,28708.23,monthly,esewa
REC_NPE_00046494,NPU_00064,rent,26834.12,monthly,fonepay_qr
REC_NPE_00046495,NPU_00066,rent,10000.0,monthly,cash
REC_NPE_00046496,NPU_00067,rent,23863.29,monthly,esewa
REC_NPE_00046501,NPU_00072,rent,19544.6,monthly,cash
REC_NPE_00046505,NPU_00075,rent,7581.62,monthly,debit_card
REC_NPE_00046509,NPU_00077,rent,23107.75,monthly,cash
REC_NPE_00046511,NPU_00080,rent,9146.56,monthly,cash
REC_NPE_00046608,NPU_00003,savings_investment,9651.44,monthly,cash
REC_NPE_00046612,NPU_00006,savings_investment,27549.99,monthly,cash
REC_NPE_00046619,NPU_00017,savings_investment,13961.24,monthly,cash
REC_NPE_00046621,NPU_00018,savings_investment,4069.18,monthly,cash
REC_NPE_00046623,NPU_00019,savings_investment,42071.06,monthly,debit_card
REC_NPE_00046627,NPU_00020,savings_investment,9261.15,monthly,cash
REC_NPE_00046630,NPU_00022,savings_investment,15429.03,monthly,cash
REC_NPE_00046633,NPU_00024,savings_investment,4283.98,monthly,cash
REC_NPE_00046635,NPU_00025,savings_investment,4514.55,monthly,cash
REC_NPE_00046636,NPU_00026,savings_investment,9807.6,monthly,debit_card
REC_NPE_00046639,NPU_00030,savings_investment,5266.46,monthly,khalti
REC_NPE_00046644,NPU_00033,savings_investment,1857.31,monthly,cash
REC_NPE_00046646,NPU_00034,savings_investment,6323.31,monthly,cash
REC_NPE_00046649,NPU_00036,savings_investment,4266.67,monthly,credit_card
REC_NPE_00046653,NPU_00040,savings_investment,3652.4,monthly,debit_card
REC_NPE_00046658,NPU_00043,savings_investment,3211.14,monthly,cash
REC_NPE_00046665,NPU_00049,savings_investment,7815.84,monthly,cash
REC_NPE_00046669,NPU_00052,savings_investment,4955.21,monthly,debit_card
REC_NPE_00046674,NPU_00060,savings_investment,30482.94,monthly,cash
REC_NPE_00046676,NPU_00062,savings_investment,3746.68,monthly,cash
REC_NPE_00046679,NPU_00064,savings_investment,20298.29,monthly,esewa
REC_NPE_00046686,NPU_00068,savings_investment,7149.61,monthly,cash
REC_NPE_00046689,NPU_00069,savings_investment,13578.51,monthly,esewa
REC_NPE_00046693,NPU_00071,savings_investment,500.54,monthly,khalti
REC_NPE_00046694,NPU_00072,savings_investment,320.86,monthly,esewa
REC_NPE_00046696,NPU_00073,savings_investment,6931.27,monthly,cash
REC_NPE_00046698,NPU_00075,savings_investment,23689.85,monthly,khalti
REC_NPE_00046704,NPU_00079,savings_investment,21503.2,monthly,esewa
REC_NPE_00046833,NPU_00002,family_support,20215.3,monthly,cash
REC_NPE_00046837,NPU_00004,family_support,5833.81,monthly,cash
REC_NPE_00046840,NPU_00005,family_support,29108.96,monthly,bank_transfer
REC_NPE_00046842,NPU_00006,family_support,31376.8,monthly,esewa
REC_NPE_00046845,NPU_00007,family_support,10532.64,monthly,cash
REC_NPE_00046849,NPU_00009,family_support,5425.55,monthly,credit_card
REC_NPE_00046851,NPU_00010,family_support,19640.41,monthly,cash
REC_NPE_00046852,NPU_00011,family_support,16369.27,monthly,esewa
REC_NPE_00046855,NPU_00013,family_support,65188.2,monthly,debit_card
REC_NPE_00046856,NPU_00014,family_support,24168.39,monthly,debit_card
REC_NPE_00046860,NPU_00016,family_support,12700.83,monthly,esewa
REC_NPE_00046861,NPU_00017,family_support,10744.82,monthly,khalti
REC_NPE_00046862,NPU_00019,family_support,19063.45,monthly,debit_card
REC_NPE_00046864,NPU_00020,family_support,19312.21,monthly,cash
REC_NPE_00046865,NPU_00021,family_support,44104.41,monthly,fonepay_qr
REC_NPE_00046866,NPU_00022,family_support,11390.87,monthly,cash
REC_NPE_00046867,NPU_00023,family_support,9531.36,monthly,khalti
REC_NPE_00046868,NPU_00024,family_support,45277.88,monthly,debit_card
REC_NPE_00046870,NPU_00025,family_support,38700.67,monthly,cash
REC_NPE_00046873,NPU_00026,family_support,18851.82,monthly,bank_transfer
REC_NPE_00046877,NPU_00028,family_support,15346.75,monthly,cash
REC_NPE_00046882,NPU_00030,family_support,27778.93,monthly,esewa
REC_NPE_00046886,NPU_00032,family_support,36719.17,monthly,khalti
REC_NPE_00046892,NPU_00035,family_support,10767.52,monthly,cash
REC_NPE_00046893,NPU_00036,family_support,7759.35,monthly,cash
REC_NPE_00046898,NPU_00038,family_support,19604.19,monthly,cash
REC_NPE_00046901,NPU_00040,family_support,40729.2,monthly,bank_transfer
REC_NPE_00046903,NPU_00041,family_support,10791.12,monthly,esewa
REC_NPE_00046906,NPU_00042,family_support,36168.81,monthly,cash
REC_NPE_00046912,NPU_00045,family_support,12649.82,monthly,cash
REC_NPE_00046915,NPU_00050,family_support,21019.7,monthly,debit_card
REC_NPE_00046917,NPU_00052,family_support,23268.24,monthly,bank_transfer
REC_NPE_00046922,NPU_00053,family_support,19993.29,monthly,cash
REC_NPE_00046924,NPU_00055,family_support,25378.55,monthly,bank_transfer
REC_NPE_00046929,NPU_00057,family_support,26707.42,monthly,debit_card
REC_NPE_00046932,NPU_00059,family_support,32589.77,monthly,esewa
REC_NPE_00046938,NPU_00063,family_support,47393.28,monthly,esewa
REC_NPE_00046940,NPU_00067,family_support,14528.3,monthly,cash
REC_NPE_00046943,NPU_00069,family_support,22328.11,monthly,bank_transfer
REC_NPE_00046945,NPU_00071,family_support,47393.28,monthly,cash
REC_NPE_00046946,NPU_00072,family_support,15865.52,monthly,cash
REC_NPE_00046948,NPU_00075,family_support,14517.95,monthly,esewa
REC_NPE_00046951,NPU_00076,family_support,25185.13,monthly,cash
REC_NPE_00046952,NPU_00077,family_support,77605.0,monthly,esewa
REC_NPE_00046955,NPU_00079,family_support,12873.36,monthly,cash
REC_NPE_00046957,NPU_00080,family_support,32893.9,monthly,cash
REC_NPE_00047132,NPU_00005,utilities,2127.96,monthly,bank_transfer
REC_NPE_00047133,NPU_00006,utilities,3684.83,monthly,esewa
REC_NPE_00047135,NPU_00007,utilities,9250.19,monthly,esewa
REC_NPE_00047139,NPU_00008,utilities,1766.18,monthly,esewa
REC_NPE_00047142,NPU_00010,utilities,3372.02,monthly,bank_transfer
REC_NPE_00047143,NPU_00011,utilities,4451.44,monthly,debit_card
REC_NPE_00047145,NPU_00012,utilities,2427.55,monthly,cash
REC_NPE_00047147,NPU_00013,utilities,706.38,monthly,cash
REC_NPE_00047148,NPU_00014,utilities,6364.14,monthly,bank_transfer
REC_NPE_00047150,NPU_00015,utilities,2005.79,monthly,esewa
REC_NPE_00047152,NPU_00016,utilities,1054.19,monthly,credit_card
REC_NPE_00047153,NPU_00017,utilities,1438.03,monthly,esewa
REC_NPE_00047155,NPU_00019,utilities,10193.8,monthly,fonepay_qr
REC_NPE_00047157,NPU_00020,utilities,3891.05,monthly,cash
REC_NPE_00047158,NPU_00021,utilities,6595.94,monthly,cash
REC_NPE_00047160,NPU_00023,utilities,4513.22,monthly,cash
REC_NPE_00047163,NPU_00024,utilities,2799.9,monthly,bank_transfer
REC_NPE_00047164,NPU_00025,utilities,2549.42,monthly,cash
REC_NPE_00047165,NPU_00026,utilities,3405.86,monthly,esewa
REC_NPE_00047167,NPU_00028,utilities,6671.0,monthly,cash
REC_NPE_00047169,NPU_00029,utilities,8976.0,monthly,fonepay_qr
REC_NPE_00047170,NPU_00030,utilities,12750.0,monthly,bank_transfer
REC_NPE_00047175,NPU_00031,utilities,4467.77,monthly,fonepay_qr
REC_NPE_00047180,NPU_00033,utilities,2590.48,monthly,credit_card
REC_NPE_00047183,NPU_00034,utilities,8976.0,monthly,cash
REC_NPE_00047185,NPU_00036,utilities,1948.91,monthly,cash
REC_NPE_00047187,NPU_00037,utilities,4382.51,monthly,khalti
REC_NPE_00047190,NPU_00039,utilities,3306.67,monthly,cash
REC_NPE_00047192,NPU_00040,utilities,5270.96,monthly,debit_card
REC_NPE_00047194,NPU_00042,utilities,5336.42,monthly,bank_transfer
REC_NPE_00047196,NPU_00043,utilities,4074.1,monthly,esewa
REC_NPE_00047198,NPU_00044,utilities,4149.85,monthly,credit_card
REC_NPE_00047199,NPU_00045,utilities,1908.68,monthly,bank_transfer
REC_NPE_00047202,NPU_00046,utilities,2922.78,monthly,cash
REC_NPE_00047205,NPU_00047,utilities,4626.26,monthly,cash
REC_NPE_00047208,NPU_00048,utilities,12750.0,monthly,esewa
REC_NPE_00047209,NPU_00049,utilities,11711.63,monthly,bank_transfer
REC_NPE_00047210,NPU_00050,utilities,5208.46,monthly,debit_card
REC_NPE_00047211,NPU_00051,utilities,3314.84,monthly,cash
REC_NPE_00047214,NPU_00052,utilities,6348.76,monthly,khalti
REC_NPE_00047216,NPU_00053,utilities,2640.3,monthly,cash
REC_NPE_00047218,NPU_00055,utilities,2535.48,monthly,fonepay_qr
REC_NPE_00047220,NPU_00056,utilities,3545.33,monthly,cash
REC_NPE_00047223,NPU_00058,utilities,2117.97,monthly,cash
REC_NPE_00047225,NPU_00059,utilities,2087.68,monthly,cash
REC_NPE_00047227,NPU_00060,utilities,6115.77,monthly,esewa
REC_NPE_00047230,NPU_00061,utilities,3193.97,monthly,esewa
REC_NPE_00047231,NPU_00062,utilities,5397.47,monthly,cash
REC_NPE_00047232,NPU_00063,utilities,2320.65,monthly,cash
REC_NPE_00047233,NPU_00064,utilities,4925.13,monthly,cash
REC_NPE_00047236,NPU_00065,utilities,2193.45,monthly,esewa
REC_NPE_00047238,NPU_00066,utilities,2958.94,monthly,cash
REC_NPE_00047239,NPU_00067,utilities,4195.13,monthly,debit_card
REC_NPE_00047241,NPU_00068,utilities,5371.79,monthly,fonepay_qr
REC_NPE_00047245,NPU_00070,utilities,7669.53,monthly,esewa
REC_NPE_00047247,NPU_00071,utilities,629.51,monthly,cash
REC_NPE_00047249,NPU_00072,utilities,3094.82,monthly,cash
REC_NPE_00047250,NPU_00074,utilities,3183.76,monthly,cash
REC_NPE_00047256,NPU_00075,utilities,3782.75,monthly,debit_card
REC_NPE_00047258,NPU_00076,utilities,1891.97,monthly,bank_transfer
REC_NPE_00047260,NPU_00077,utilities,9438.3,monthly,debit_card
REC_NPE_00047261,NPU_00078,utilities,4944.6,monthly,cash
REC_NPE_00047262,NPU_00079,utilities,3916.43,monthly,cash
REC_NPE_00047561,NPU_00001,internet_mobile,1126.54,monthly,debit_card
REC_NPE_00047563,NPU_00002,internet_mobile,1483.27,monthly,esewa
REC_NPE_00047565,NPU_00003,internet_mobile,2919.86,monthly,esewa
REC_NPE_00047568,NPU_00004,internet_mobile,1495.78,monthly,cash
REC_NPE_00047569,NPU_00005,internet_mobile,2911.51,monthly,cash
REC_NPE_00047570,NPU_00006,internet_mobile,1499.08,monthly,bank_transfer
REC_NPE_00047572,NPU_00007,internet_mobile,4867.76,monthly,credit_card
REC_NPE_00047573,NPU_00008,internet_mobile,2130.37,monthly,esewa
REC_NPE_00047575,NPU_00009,internet_mobile,3970.07,monthly,khalti
REC_NPE_00047577,NPU_00010,internet_mobile,4810.76,monthly,khalti
REC_NPE_00047579,NPU_00011,internet_mobile,2078.2,monthly,cash
REC_NPE_00047582,NPU_00012,internet_mobile,1292.06,monthly,debit_card
REC_NPE_00047584,NPU_00013,internet_mobile,3413.54,monthly,cash
REC_NPE_00047586,NPU_00014,internet_mobile,3004.19,monthly,cash
REC_NPE_00047587,NPU_00015,internet_mobile,1116.72,monthly,khalti
REC_NPE_00047590,NPU_00016,internet_mobile,1666.92,monthly,cash
REC_NPE_00047595,NPU_00019,internet_mobile,3777.31,monthly,fonepay_qr
REC_NPE_00047598,NPU_00020,internet_mobile,7437.5,monthly,khalti
REC_NPE_00047599,NPU_00021,internet_mobile,1008.74,monthly,cash
REC_NPE_00047600,NPU_00022,internet_mobile,2231.07,monthly,cash
REC_NPE_00047603,NPU_00023,internet_mobile,4274.59,monthly,cash
REC_NPE_00047605,NPU_00024,internet_mobile,1671.69,monthly,cash
REC_NPE_00047607,NPU_00025,internet_mobile,3580.58,monthly,debit_card
REC_NPE_00047609,NPU_00026,internet_mobile,3643.43,monthly,cash
REC_NPE_00047612,NPU_00027,internet_mobile,4095.9,monthly,esewa
REC_NPE_00047614,NPU_00028,internet_mobile,3455.47,monthly,khalti
REC_NPE_00047616,NPU_00029,internet_mobile,3641.77,monthly,cash
REC_NPE_00047620,NPU_00031,internet_mobile,736.35,monthly,credit_card
REC_NPE_00047622,NPU_00032,internet_mobile,2546.64,monthly,esewa
REC_NPE_00047625,NPU_00033,internet_mobile,1627.53,monthly,debit_card
REC_NPE_00047627,NPU_00034,internet_mobile,2369.49,monthly,bank_transfer
REC_NPE_00047629,NPU_00035,internet_mobile,445.21,monthly,cash
REC_NPE_00047631,NPU_00036,internet_mobile,1209.66,monthly,esewa
REC_NPE_00047632,NPU_00037,internet_mobile,1751.59,monthly,cash
REC_NPE_00047634,NPU_00038,internet_mobile,4014.2,monthly,esewa
REC_NPE_00047637,NPU_00040,internet_mobile,4517.62,monthly,cash
REC_NPE_00047639,NPU_00041,internet_mobile,2467.3,monthly,cash
REC_NPE_00047643,NPU_00043,internet_mobile,988.39,monthly,esewa
REC_NPE_00047646,NPU_00044,internet_mobile,1248.67,monthly,khalti
REC_NPE_00047648,NPU_00045,internet_mobile,1514.51,monthly,bank_transfer
REC_NPE_00047651,NPU_00046,internet_mobile,2605.24,monthly,khalti
REC_NPE_00047653,NPU_00047,internet_mobile,2333.28,monthly,credit_card
REC_NPE_00047655,NPU_00048,internet_mobile,2502.75,monthly,cash
REC_NPE_00047660,NPU_00050,internet_mobile,2857.81,monthly,cash
REC_NPE_00047661,NPU_00051,internet_mobile,364.0,monthly,debit_card
REC_NPE_00047664,NPU_00052,internet_mobile,1983.99,monthly,credit_card
REC_NPE_00047668,NPU_00055,internet_mobile,1878.58,monthly,esewa
REC_NPE_00047672,NPU_00056,internet_mobile,481.52,monthly,debit_card
REC_NPE_00047673,NPU_00057,internet_mobile,2190.85,monthly,khalti
REC_NPE_00047676,NPU_00058,internet_mobile,5875.28,monthly,cash
REC_NPE_00047678,NPU_00059,internet_mobile,2172.06,monthly,khalti
REC_NPE_00047680,NPU_00060,internet_mobile,1344.52,monthly,bank_transfer
REC_NPE_00047681,NPU_00061,internet_mobile,4277.41,monthly,cash
REC_NPE_00047682,NPU_00062,internet_mobile,1403.77,monthly,cash
REC_NPE_00047685,NPU_00063,internet_mobile,865.54,monthly,khalti
REC_NPE_00047689,NPU_00065,internet_mobile,2137.19,monthly,cash
REC_NPE_00047692,NPU_00066,internet_mobile,2172.64,monthly,esewa
REC_NPE_00047695,NPU_00067,internet_mobile,887.17,monthly,esewa
REC_NPE_00047697,NPU_00068,internet_mobile,1544.55,monthly,debit_card
REC_NPE_00047699,NPU_00069,internet_mobile,2485.71,monthly,debit_card
REC_NPE_00047701,NPU_00070,internet_mobile,1325.9,monthly,bank_transfer
REC_NPE_00047703,NPU_00071,internet_mobile,3088.22,monthly,bank_transfer
REC_NPE_00047707,NPU_00073,internet_mobile,1595.4,monthly,cash
REC_NPE_00047709,NPU_00074,internet_mobile,3023.02,monthly,cash
REC_NPE_00047714,NPU_00077,internet_mobile,1497.91,monthly,cash
REC_NPE_00047715,NPU_00078,internet_mobile,3738.56,monthly,cash
REC_NPE_00047717,NPU_00079,internet_mobile,1299.57,monthly,esewa
REC_NPE_00047719,NPU_00080,internet_mobile,722.94,monthly,cash
REC_NPE_00047914,NPU_00002,loan_emi,21094.34,monthly,fonepay_qr
REC_NPE_00047916,NPU_00004,loan_emi,7939.35,monthly,bank_transfer
REC_NPE_00047917,NPU_00005,loan_emi,12460.48,monthly,bank_transfer
REC_NPE_00047918,NPU_00006,loan_emi,7546.51,monthly,cash
REC_NPE_00047919,NPU_00007,loan_emi,7166.53,monthly,credit_card
REC_NPE_00047921,NPU_00010,loan_emi,21994.8,monthly,esewa
REC_NPE_00047924,NPU_00013,loan_emi,7991.16,monthly,cash
REC_NPE_00047925,NPU_00015,loan_emi,18774.45,monthly,khalti
REC_NPE_00047927,NPU_00018,loan_emi,43362.62,monthly,debit_card
REC_NPE_00047933,NPU_00027,loan_emi,10362.81,monthly,cash
REC_NPE_00047937,NPU_00030,loan_emi,11420.04,monthly,cash
REC_NPE_00047942,NPU_00034,loan_emi,26244.26,monthly,cash
REC_NPE_00047945,NPU_00036,loan_emi,16150.93,monthly,debit_card
REC_NPE_00047950,NPU_00047,loan_emi,24930.91,monthly,esewa
REC_NPE_00047958,NPU_00050,loan_emi,12192.91,monthly,bank_transfer
REC_NPE_00047959,NPU_00054,loan_emi,19023.74,monthly,esewa
REC_NPE_00047967,NPU_00062,loan_emi,23222.92,monthly,bank_transfer
REC_NPE_00047971,NPU_00065,loan_emi,14523.72,monthly,credit_card
REC_NPE_00047974,NPU_00070,loan_emi,35812.37,monthly,cash
REC_NPE_00048152,NPU_00001,subscriptions,2033.0,monthly,esewa
REC_NPE_00048157,NPU_00004,subscriptions,1398.56,monthly,cash
REC_NPE_00048159,NPU_00006,subscriptions,465.93,monthly,cash
REC_NPE_00048162,NPU_00008,subscriptions,3023.19,monthly,khalti
REC_NPE_00048165,NPU_00009,subscriptions,4139.45,monthly,khalti
REC_NPE_00048169,NPU_00011,subscriptions,2668.76,monthly,cash
REC_NPE_00048175,NPU_00015,subscriptions,2082.4,monthly,cash
REC_NPE_00048177,NPU_00016,subscriptions,3151.41,monthly,cash
REC_NPE_00048181,NPU_00017,subscriptions,3569.33,monthly,cash
REC_NPE_00048185,NPU_00019,subscriptions,1348.86,monthly,debit_card
REC_NPE_00048188,NPU_00020,subscriptions,1227.18,monthly,cash
REC_NPE_00048192,NPU_00021,subscriptions,2438.82,monthly,fonepay_qr
REC_NPE_00048195,NPU_00022,subscriptions,5256.57,monthly,cash
REC_NPE_00048196,NPU_00023,subscriptions,807.06,monthly,esewa
REC_NPE_00048200,NPU_00027,subscriptions,3578.01,monthly,bank_transfer
REC_NPE_00048202,NPU_00028,subscriptions,5542.81,monthly,esewa
REC_NPE_00048203,NPU_00029,subscriptions,911.07,monthly,bank_transfer
REC_NPE_00048205,NPU_00030,subscriptions,3712.06,monthly,bank_transfer
REC_NPE_00048207,NPU_00031,subscriptions,3386.17,monthly,cash
REC_NPE_00048210,NPU_00033,subscriptions,1331.48,monthly,cash
REC_NPE_00048213,NPU_00034,subscriptions,5984.0,monthly,cash
REC_NPE_00048214,NPU_00035,subscriptions,1428.2,monthly,esewa
REC_NPE_00048223,NPU_00041,subscriptions,2195.38,monthly,cash
REC_NPE_00048226,NPU_00042,subscriptions,689.83,monthly,debit_card
REC_NPE_00048230,NPU_00045,subscriptions,3139.45,monthly,cash
REC_NPE_00048233,NPU_00048,subscriptions,1986.86,monthly,fonepay_qr
REC_NPE_00048237,NPU_00049,subscriptions,5058.69,monthly,cash
REC_NPE_00048238,NPU_00050,subscriptions,2732.82,monthly,esewa
REC_NPE_00048242,NPU_00052,subscriptions,2240.71,monthly,khalti
REC_NPE_00048245,NPU_00054,subscriptions,1967.51,monthly,bank_transfer
REC_NPE_00048247,NPU_00055,subscriptions,2109.94,monthly,cash
REC_NPE_00048249,NPU_00058,subscriptions,2257.14,monthly,cash
REC_NPE_00048251,NPU_00059,subscriptions,1839.81,monthly,fonepay_qr
REC_NPE_00048255,NPU_00062,subscriptions,3265.61,monthly,cash
REC_NPE_00048257,NPU_00063,subscriptions,2964.31,monthly,esewa
REC_NPE_00048259,NPU_00064,subscriptions,1202.55,monthly,cash
REC_NPE_00048262,NPU_00066,subscriptions,1499.0,monthly,bank_transfer
REC_NPE_00048264,NPU_00067,subscriptions,1394.47,monthly,bank_transfer
REC_NPE_00048268,NPU_00070,subscriptions,1553.96,monthly,cash
REC_NPE_00048269,NPU_00071,subscriptions,1964.21,monthly,esewa
REC_NPE_00048273,NPU_00076,subscriptions,1799.31,monthly,debit_card
REC_NPE_00048277,NPU_00078,subscriptions,8500.0,monthly,esewa
REC_NPE_00048278,NPU_00079,subscriptions,3730.28,monthly,khalti
REC_NPE_00048279,NPU_00080,subscriptions,2041.45,monthly,esewa
REC_NPE_00049448,NPU_00001,rent,15715.81,monthly,esewa
REC_NPE_00049450,NPU_00002,rent,46913.14,monthly,esewa
REC_NPE_00049455,NPU_00003,rent,9910.27,monthly,fonepay_qr
REC_NPE_00049457,NPU_00004,rent,18385.69,monthly,bank_transfer
REC_NPE_00049460,NPU_00005,rent,15155.06,monthly,cash
REC_NPE_00049464,NPU_00006,rent,52360.0,monthly,bank_transfer
REC_NPE_00049465,NPU_00007,rent,43153.84,monthly,cash
REC_NPE_00049469,NPU_00008,rent,8400.0,monthly,esewa
REC_NPE_00049471,NPU_00009,rent,11554.69,monthly,cash
REC_NPE_00049474,NPU_00010,rent,16715.3,monthly,cash
REC_NPE_00049477,NPU_00012,rent,9962.0,monthly,cash
REC_NPE_00049479,NPU_00013,rent,9943.77,monthly,cash
REC_NPE_00049486,NPU_00015,rent,32074.36,monthly,bank_transfer
REC_NPE_00049496,NPU_00019,rent,29512.18,monthly,cash
REC_NPE_00049499,NPU_00020,rent,25397.09,monthly,bank_transfer
REC_NPE_00049508,NPU_00024,rent,47951.44,monthly,cash
REC_NPE_00049512,NPU_00026,rent,13906.99,monthly,esewa
REC_NPE_00049514,NPU_00031,rent,21747.51,monthly,cash
REC_NPE_00049517,NPU_00032,rent,55038.01,monthly,cash
REC_NPE_00049520,NPU_00033,rent,52360.0,monthly,esewa
REC_NPE_00049522,NPU_00034,rent,14717.58,monthly,esewa
REC_NPE_00049525,NPU_00035,rent,25743.25,monthly,esewa
REC_NPE_00049529,NPU_00037,rent,30388.53,monthly,bank_transfer
REC_NPE_00049534,NPU_00039,rent,26030.82,monthly,khalti
REC_NPE_00049538,NPU_00043,rent,10828.03,monthly,cash
REC_NPE_00049544,NPU_00048,rent,24178.98,monthly,credit_card
REC_NPE_00049551,NPU_00051,rent,13846.24,monthly,khalti
REC_NPE_00049558,NPU_00055,rent,49138.95,monthly,cash
REC_NPE_00049560,NPU_00056,rent,15663.49,monthly,esewa
REC_NPE_00049565,NPU_00057,rent,36042.79,monthly,esewa
REC_NPE_00049567,NPU_00058,rent,33052.03,monthly,bank_transfer
REC_NPE_00049575,NPU_00061,rent,74375.0,monthly,esewa
REC_NPE_00049576,NPU_00062,rent,24018.8,monthly,bank_transfer
REC_NPE_00049579,NPU_00063,rent,13783.55,monthly,cash
REC_NPE_00049581,NPU_00064,rent,24992.02,monthly,cash
REC_NPE_00049584,NPU_00065,rent,14904.18,monthly,bank_transfer
REC_NPE_00049587,NPU_00066,rent,30331.48,monthly,cash
REC_NPE_00049590,NPU_00067,rent,9743.81,monthly,cash
REC_NPE_00049597,NPU_00072,rent,39951.34,monthly,cash
REC_NPE_00049599,NPU_00074,rent,74375.0,monthly,cash
REC_NPE_00049604,NPU_00077,rent,24528.35,monthly,esewa
REC_NPE_00049717,NPU_00010,savings_investment,2125.27,monthly,cash
REC_NPE_00049719,NPU_00011,savings_investment,20293.49,monthly,cash
REC_NPE_00049722,NPU_00013,savings_investment,1236.82,monthly,esewa
REC_NPE_00049727,NPU_00018,savings_investment,3877.6,monthly,bank_transfer
REC_NPE_00049732,NPU_00027,savings_investment,7854.96,monthly,cash
REC_NPE_00049736,NPU_00030,savings_investment,4683.99,monthly,khalti
REC_NPE_00049742,NPU_00034,savings_investment,9671.21,monthly,cash
REC_NPE_00049744,NPU_00037,savings_investment,1659.78,monthly,cash
REC_NPE_00049746,NPU_00038,savings_investment,17035.62,monthly,bank_transfer
REC_NPE_00049747,NPU_00039,savings_investment,16656.86,monthly,cash
REC_NPE_00049749,NPU_00040,savings_investment,6251.66,monthly,khalti
REC_NPE_00049750,NPU_00041,savings_investment,4607.29,monthly,cash
REC_NPE_00049757,NPU_00049,savings_investment,7185.5,monthly,cash
REC_NPE_00049759,NPU_00050,savings_investment,12052.73,monthly,cash
REC_NPE_00049763,NPU_00052,savings_investment,6017.74,monthly,esewa
REC_NPE_00049767,NPU_00055,savings_investment,3718.55,monthly,cash
REC_NPE_00049773,NPU_00063,savings_investment,2414.41,monthly,cash
REC_NPE_00049776,NPU_00065,savings_investment,11322.53,monthly,cash
REC_NPE_00049778,NPU_00066,savings_investment,1813.78,monthly,esewa
REC_NPE_00049783,NPU_00070,savings_investment,10389.46,monthly,khalti
REC_NPE_00049785,NPU_00071,savings_investment,477.46,monthly,cash
REC_NPE_00049787,NPU_00072,savings_investment,341.08,monthly,khalti
REC_NPE_00049893,NPU_00004,family_support,18781.07,monthly,credit_card
REC_NPE_00049899,NPU_00007,family_support,46815.94,monthly,cash
REC_NPE_00049900,NPU_00008,family_support,12152.98,monthly,fonepay_qr
REC_NPE_00049904,NPU_00010,family_support,27270.42,monthly,khalti
REC_NPE_00049907,NPU_00012,family_support,9615.03,monthly,cash
REC_NPE_00049908,NPU_00013,family_support,11063.46,monthly,debit_card
REC_NPE_00049909,NPU_00015,family_support,32166.97,monthly,bank_transfer
REC_NPE_00049912,NPU_00016,family_support,6894.36,monthly,debit_card
REC_NPE_00049917,NPU_00018,family_support,10742.26,monthly,bank_transfer
REC_NPE_00049918,NPU_00020,family_support,8967.45,monthly,khalti
REC_NPE_00049919,NPU_00021,family_support,11818.31,monthly,cash
REC_NPE_00049920,NPU_00023,family_support,7582.69,monthly,bank_transfer
REC_NPE_00049927,NPU_00028,family_support,27825.69,monthly,cash
REC_NPE_00049929,NPU_00030,family_support,5664.22,monthly,debit_card
REC_NPE_00049930,NPU_00032,family_support,15990.63,monthly,cash
REC_NPE_00049932,NPU_00033,family_support,7224.57,monthly,cash
REC_NPE_00049934,NPU_00034,family_support,11349.86,monthly,esewa
REC_NPE_00049935,NPU_00035,family_support,10318.93,monthly,cash
REC_NPE_00049938,NPU_00036,family_support,16087.47,monthly,esewa
REC_NPE_00049942,NPU_00037,family_support,12441.2,monthly,bank_transfer
REC_NPE_00049944,NPU_00038,family_support,25739.65,monthly,cash
REC_NPE_00049951,NPU_00040,family_support,22209.08,monthly,fonepay_qr
REC_NPE_00049952,NPU_00042,family_support,26217.64,monthly,debit_card
REC_NPE_00049954,NPU_00046,family_support,8697.17,monthly,bank_transfer
REC_NPE_00049955,NPU_00047,family_support,7291.15,monthly,khalti
REC_NPE_00049960,NPU_00050,family_support,7282.96,monthly,khalti
REC_NPE_00049963,NPU_00052,family_support,18527.97,monthly,credit_card
REC_NPE_00049964,NPU_00054,family_support,10747.64,monthly,cash
REC_NPE_00049967,NPU_00056,family_support,13005.57,monthly,bank_transfer
REC_NPE_00049970,NPU_00057,family_support,6126.99,monthly,cash
REC_NPE_00049972,NPU_00059,family_support,19338.86,monthly,esewa
REC_NPE_00049976,NPU_00061,family_support,51578.07,monthly,credit_card
REC_NPE_00049977,NPU_00062,family_support,31387.05,monthly,cash
REC_NPE_00049979,NPU_00063,family_support,25018.01,monthly,debit_card
REC_NPE_00049981,NPU_00064,family_support,7064.71,monthly,bank_transfer
REC_NPE_00049985,NPU_00065,family_support,16216.18,monthly,fonepay_qr
REC_NPE_00049989,NPU_00067,family_support,4308.58,monthly,bank_transfer
REC_NPE_00049991,NPU_00069,family_support,16920.75,monthly,cash
REC_NPE_00049996,NPU_00071,family_support,8250.39,monthly,cash
REC_NPE_00049998,NPU_00072,family_support,17762.38,monthly,fonepay_qr
REC_NPE_00049999,NPU_00073,family_support,7882.75,monthly,fonepay_qr
REC_NPE_00050002,NPU_00074,family_support,29207.26,monthly,cash
REC_NPE_00050176,NPU_00001,utilities,4743.28,monthly,bank_transfer
REC_NPE_00050178,NPU_00002,utilities,5612.3,monthly,debit_card
REC_NPE_00050180,NPU_00003,utilities,1973.97,monthly,khalti
REC_NPE_00050181,NPU_00004,utilities,8976.0,monthly,credit_card
REC_NPE_00050182,NPU_00005,utilities,1884.92,monthly,khalti
REC_NPE_00050184,NPU_00006,utilities,2204.2,monthly,cash
REC_NPE_00050185,NPU_00007,utilities,4855.99,monthly,cash
REC_NPE_00050186,NPU_00008,utilities,2695.62,monthly,khalti
REC_NPE_00050191,NPU_00011,utilities,4591.46,monthly,cash
REC_NPE_00050192,NPU_00012,utilities,3795.0,monthly,cash
REC_NPE_00050194,NPU_00013,utilities,5634.35,monthly,khalti
REC_NPE_00050197,NPU_00014,utilities,3216.24,monthly,bank_transfer
REC_NPE_00050199,NPU_00016,utilities,3348.98,monthly,cash
REC_NPE_00050202,NPU_00019,utilities,2391.7,monthly,cash
REC_NPE_00050207,NPU_00021,utilities,7001.68,monthly,khalti
REC_NPE_00050209,NPU_00022,utilities,3067.69,monthly,cash
REC_NPE_00050212,NPU_00025,utilities,3345.86,monthly,esewa
REC_NPE_00050213,NPU_00026,utilities,6946.43,monthly,fonepay_qr
REC_NPE_00050217,NPU_00027,utilities,1119.34,monthly,cash
REC_NPE_00050218,NPU_00028,utilities,6085.58,monthly,bank_transfer
REC_NPE_00050220,NPU_00029,utilities,3066.53,monthly,cash
REC_NPE_00050222,NPU_00030,utilities,7515.26,monthly,cash
REC_NPE_00050224,NPU_00031,utilities,893.34,monthly,bank_transfer
REC_NPE_00050226,NPU_00032,utilities,3439.9,monthly,cash
REC_NPE_00050228,NPU_00033,utilities,5644.97,monthly,cash
REC_NPE_00050231,NPU_00035,utilities,3824.02,monthly,cash
REC_NPE_00050233,NPU_00036,utilities,4990.06,monthly,cash
REC_NPE_00050236,NPU_00039,utilities,2698.45,monthly,cash
REC_NPE_00050238,NPU_00040,utilities,5110.23,monthly,fonepay_qr
REC_NPE_00050240,NPU_00042,utilities,7035.65,monthly,cash
REC_NPE_00050242,NPU_00044,utilities,3422.31,monthly,esewa
REC_NPE_00050243,NPU_00045,utilities,7480.76,monthly,bank_transfer
REC_NPE_00050246,NPU_00046,utilities,3264.95,monthly,fonepay_qr
REC_NPE_00050249,NPU_00047,utilities,8379.29,monthly,bank_transfer
REC_NPE_00050251,NPU_00048,utilities,2056.62,monthly,cash
REC_NPE_00050253,NPU_00049,utilities,1894.39,monthly,debit_card
REC_NPE_00050255,NPU_00050,utilities,1140.59,monthly,bank_transfer
REC_NPE_00050258,NPU_00052,utilities,4608.68,monthly,cash
REC_NPE_00050260,NPU_00053,utilities,2094.58,monthly,cash
REC_NPE_00050263,NPU_00054,utilities,2882.65,monthly,credit_card
REC_NPE_00050264,NPU_00055,utilities,4622.97,monthly,khalti
REC_NPE_00050267,NPU_00057,utilities,12750.0,monthly,bank_transfer
REC_NPE_00050269,NPU_00059,utilities,4351.77,monthly,cash
REC_NPE_00050275,NPU_00062,utilities,8559.02,monthly,khalti
REC_NPE_00050280,NPU_00064,utilities,2327.27,monthly,khalti
REC_NPE_00050282,NPU_00065,utilities,3839.1,monthly,khalti
REC_NPE_00050284,NPU_00066,utilities,5676.94,monthly,cash
REC_NPE_00050287,NPU_00067,utilities,3088.92,monthly,cash
REC_NPE_00050289,NPU_00068,utilities,3851.61,monthly,bank_transfer
REC_NPE_00050293,NPU_00070,utilities,4876.13,monthly,bank_transfer
REC_NPE_00050297,NPU_00072,utilities,7004.82,monthly,khalti
REC_NPE_00050303,NPU_00074,utilities,8859.38,monthly,esewa
REC_NPE_00050306,NPU_00076,utilities,1568.42,monthly,esewa
REC_NPE_00050307,NPU_00077,utilities,625.0,monthly,cash
REC_NPE_00050308,NPU_00078,utilities,6540.5,monthly,esewa
REC_NPE_00050310,NPU_00080,utilities,1524.34,monthly,cash
REC_NPE_00050569,NPU_00001,internet_mobile,2333.99,monthly,cash
REC_NPE_00050571,NPU_00002,internet_mobile,3371.69,monthly,cash
REC_NPE_00050572,NPU_00003,internet_mobile,1149.74,monthly,cash
REC_NPE_00050575,NPU_00004,internet_mobile,748.44,monthly,bank_transfer
REC_NPE_00050576,NPU_00005,internet_mobile,2487.71,monthly,esewa
REC_NPE_00050577,NPU_00006,internet_mobile,1388.63,monthly,fonepay_qr
REC_NPE_00050578,NPU_00007,internet_mobile,3693.57,monthly,cash
REC_NPE_00050580,NPU_00008,internet_mobile,2397.63,monthly,khalti
REC_NPE_00050582,NPU_00009,internet_mobile,1043.79,monthly,debit_card
REC_NPE_00050583,NPU_00010,internet_mobile,1219.61,monthly,cash
REC_NPE_00050585,NPU_00011,internet_mobile,1817.19,monthly,debit_card
REC_NPE_00050588,NPU_00012,internet_mobile,1890.56,monthly,cash
REC_NPE_00050590,NPU_00013,internet_mobile,1571.26,monthly,debit_card
REC_NPE_00050593,NPU_00014,internet_mobile,1246.24,monthly,esewa
REC_NPE_00050595,NPU_00015,internet_mobile,2041.2,monthly,khalti
REC_NPE_00050598,NPU_00016,internet_mobile,3505.86,monthly,cash
REC_NPE_00050599,NPU_00017,internet_mobile,5236.0,monthly,cash
REC_NPE_00050600,NPU_00018,internet_mobile,3364.33,monthly,esewa
REC_NPE_00050601,NPU_00019,internet_mobile,2554.09,monthly,esewa
REC_NPE_00050607,NPU_00022,internet_mobile,1174.71,monthly,fonepay_qr
REC_NPE_00050610,NPU_00023,internet_mobile,3165.07,monthly,cash
REC_NPE_00050611,NPU_00024,internet_mobile,3159.41,monthly,cash
REC_NPE_00050614,NPU_00026,internet_mobile,4940.58,monthly,cash
REC_NPE_00050617,NPU_00027,internet_mobile,3584.49,monthly,cash
REC_NPE_00050618,NPU_00028,internet_mobile,1634.83,monthly,esewa
REC_NPE_00050619,NPU_00029,internet_mobile,1697.27,monthly,cash
REC_NPE_00050620,NPU_00030,internet_mobile,3512.03,monthly,fonepay_qr
REC_NPE_00050623,NPU_00031,internet_mobile,3090.09,monthly,bank_transfer
REC_NPE_00050627,NPU_00032,internet_mobile,1662.53,monthly,cash
REC_NPE_00050630,NPU_00034,internet_mobile,839.73,monthly,cash
REC_NPE_00050632,NPU_00035,internet_mobile,898.26,monthly,esewa
REC_NPE_00050633,NPU_00036,internet_mobile,2565.77,monthly,fonepay_qr
REC_NPE_00050634,NPU_00038,internet_mobile,5754.16,monthly,cash
REC_NPE_00050635,NPU_00039,internet_mobile,1225.18,monthly,cash
REC_NPE_00050637,NPU_00040,internet_mobile,896.61,monthly,bank_transfer
REC_NPE_00050639,NPU_00041,internet_mobile,3170.81,monthly,cash
REC_NPE_00050642,NPU_00042,internet_mobile,1640.92,monthly,khalti
REC_NPE_00050643,NPU_00044,internet_mobile,1054.19,monthly,bank_transfer
REC_NPE_00050646,NPU_00045,internet_mobile,933.67,monthly,debit_card
REC_NPE_00050647,NPU_00046,internet_mobile,1279.25,monthly,cash
REC_NPE_00050649,NPU_00047,internet_mobile,2860.02,monthly,cash
REC_NPE_00050654,NPU_00049,internet_mobile,1809.67,monthly,bank_transfer
REC_NPE_00050656,NPU_00051,internet_mobile,3734.79,monthly,cash
REC_NPE_00050660,NPU_00053,internet_mobile,900.2,monthly,cash
REC_NPE_00050664,NPU_00055,internet_mobile,2623.15,monthly,bank_transfer
REC_NPE_00050666,NPU_00056,internet_mobile,3916.24,monthly,cash
REC_NPE_00050667,NPU_00057,internet_mobile,1571.86,monthly,esewa
REC_NPE_00050668,NPU_00058,internet_mobile,3832.02,monthly,debit_card
REC_NPE_00050671,NPU_00059,internet_mobile,2068.49,monthly,debit_card
REC_NPE_00050673,NPU_00060,internet_mobile,1649.75,monthly,bank_transfer
REC_NPE_00050675,NPU_00061,internet_mobile,3067.18,monthly,khalti
REC_NPE_00050677,NPU_00062,internet_mobile,3107.23,monthly,cash
REC_NPE_00050679,NPU_00063,internet_mobile,1568.18,monthly,cash
REC_NPE_00050684,NPU_00064,internet_mobile,1344.81,monthly,cash
REC_NPE_00050686,NPU_00065,internet_mobile,1683.87,monthly,cash
REC_NPE_00050687,NPU_00066,internet_mobile,1681.41,monthly,esewa
REC_NPE_00050688,NPU_00067,internet_mobile,1314.49,monthly,esewa
REC_NPE_00050689,NPU_00068,internet_mobile,1820.04,monthly,khalti
REC_NPE_00050692,NPU_00069,internet_mobile,1807.34,monthly,cash
REC_NPE_00050693,NPU_00070,internet_mobile,2808.61,monthly,bank_transfer
REC_NPE_00050697,NPU_00072,internet_mobile,1810.89,monthly,cash
REC_NPE_00050698,NPU_00073,internet_mobile,7055.5,monthly,cash
REC_NPE_00050701,NPU_00074,internet_mobile,1377.62,monthly,cash
REC_NPE_00050704,NPU_00075,internet_mobile,3477.91,monthly,cash
REC_NPE_00050705,NPU_00076,internet_mobile,922.24,monthly,khalti
REC_NPE_00050707,NPU_00078,internet_mobile,595.17,monthly,cash
REC_NPE_00050708,NPU_00079,internet_mobile,2165.72,monthly,cash
REC_NPE_00050709,NPU_00080,internet_mobile,1235.12,monthly,bank_transfer
REC_NPE_00050874,NPU_00005,loan_emi,4348.93,monthly,cash
REC_NPE_00050876,NPU_00006,loan_emi,7064.49,monthly,esewa
REC_NPE_00050878,NPU_00009,loan_emi,12166.79,monthly,cash
REC_NPE_00050881,NPU_00010,loan_emi,8454.04,monthly,debit_card
REC_NPE_00050884,NPU_00012,loan_emi,19627.63,monthly,esewa
REC_NPE_00050888,NPU_00013,loan_emi,22902.25,monthly,esewa
REC_NPE_00050891,NPU_00014,loan_emi,21513.9,monthly,fonepay_qr
REC_NPE_00050893,NPU_00015,loan_emi,14274.12,monthly,cash
REC_NPE_00050896,NPU_00017,loan_emi,19542.87,monthly,bank_transfer
REC_NPE_00050905,NPU_00021,loan_emi,16864.0,monthly,cash
REC_NPE_00050906,NPU_00022,loan_emi,7795.33,monthly,khalti
REC_NPE_00050907,NPU_00023,loan_emi,13807.84,monthly,cash
REC_NPE_00050910,NPU_00025,loan_emi,23190.22,monthly,khalti
REC_NPE_00050911,NPU_00026,loan_emi,11180.71,monthly,fonepay_qr
REC_NPE_00050918,NPU_00032,loan_emi,38841.55,monthly,cash
REC_NPE_00050925,NPU_00037,loan_emi,14675.99,monthly,esewa
REC_NPE_00050928,NPU_00039,loan_emi,9618.58,monthly,cash
REC_NPE_00050931,NPU_00040,loan_emi,16546.18,monthly,khalti
REC_NPE_00050935,NPU_00043,loan_emi,6636.3,monthly,credit_card
REC_NPE_00050937,NPU_00047,loan_emi,18030.14,monthly,cash
REC_NPE_00050939,NPU_00048,loan_emi,14701.08,monthly,khalti
REC_NPE_00050943,NPU_00051,loan_emi,28827.86,monthly,debit_card
REC_NPE_00050946,NPU_00052,loan_emi,13418.23,monthly,cash
REC_NPE_00050953,NPU_00056,loan_emi,15360.12,monthly,cash
REC_NPE_00050954,NPU_00057,loan_emi,13674.21,monthly,esewa
REC_NPE_00050958,NPU_00060,loan_emi,17060.39,monthly,khalti
REC_NPE_00050967,NPU_00065,loan_emi,41059.59,monthly,khalti
REC_NPE_00050968,NPU_00066,loan_emi,16348.37,monthly,cash
REC_NPE_00050973,NPU_00068,loan_emi,51807.93,monthly,cash
REC_NPE_00050978,NPU_00072,loan_emi,10524.86,monthly,cash
REC_NPE_00050980,NPU_00073,loan_emi,28035.0,monthly,cash
REC_NPE_00050985,NPU_00076,loan_emi,12996.66,monthly,cash
REC_NPE_00050987,NPU_00078,loan_emi,40411.26,monthly,cash
REC_NPE_00051188,NPU_00002,subscriptions,1265.46,monthly,esewa
REC_NPE_00051191,NPU_00004,subscriptions,1492.62,monthly,bank_transfer
REC_NPE_00051193,NPU_00005,subscriptions,1174.46,monthly,esewa
REC_NPE_00051196,NPU_00006,subscriptions,2552.12,monthly,cash
REC_NPE_00051200,NPU_00010,subscriptions,940.81,monthly,cash
REC_NPE_00051203,NPU_00011,subscriptions,2452.38,monthly,bank_transfer
REC_NPE_00051204,NPU_00013,subscriptions,2114.84,monthly,esewa
REC_NPE_00051205,NPU_00014,subscriptions,4476.5,monthly,cash
REC_NPE_00051206,NPU_00015,subscriptions,724.14,monthly,cash
REC_NPE_00051208,NPU_00016,subscriptions,1461.37,monthly,bank_transfer
REC_NPE_00051209,NPU_00017,subscriptions,2099.74,monthly,khalti
REC_NPE_00051220,NPU_00024,subscriptions,8500.0,monthly,cash
REC_NPE_00051223,NPU_00025,subscriptions,5371.56,monthly,khalti
REC_NPE_00051226,NPU_00026,subscriptions,4128.39,monthly,khalti
REC_NPE_00051228,NPU_00027,subscriptions,3018.58,monthly,cash
REC_NPE_00051231,NPU_00028,subscriptions,5321.96,monthly,khalti
REC_NPE_00051233,NPU_00029,subscriptions,3774.02,monthly,cash
REC_NPE_00051236,NPU_00031,subscriptions,4165.15,monthly,cash
REC_NPE_00051240,NPU_00032,subscriptions,3379.48,monthly,esewa
REC_NPE_00051243,NPU_00035,subscriptions,866.49,monthly,cash
REC_NPE_00051244,NPU_00036,subscriptions,1409.53,monthly,fonepay_qr
REC_NPE_00051246,NPU_00037,subscriptions,734.45,monthly,esewa
REC_NPE_00051251,NPU_00043,subscriptions,1207.39,monthly,esewa
REC_NPE_00051254,NPU_00044,subscriptions,5339.24,monthly,cash
REC_NPE_00051259,NPU_00047,subscriptions,1227.26,monthly,cash
REC_NPE_00051264,NPU_00049,subscriptions,1555.1,monthly,debit_card
REC_NPE_00051266,NPU_00051,subscriptions,753.25,monthly,credit_card
REC_NPE_00051267,NPU_00052,subscriptions,2157.13,monthly,cash
REC_NPE_00051269,NPU_00053,subscriptions,1217.28,monthly,fonepay_qr
REC_NPE_00051270,NPU_00054,subscriptions,2654.19,monthly,esewa
REC_NPE_00051271,NPU_00055,subscriptions,3716.4,monthly,cash
REC_NPE_00051275,NPU_00056,subscriptions,2693.34,monthly,debit_card
REC_NPE_00051277,NPU_00058,subscriptions,3173.59,monthly,esewa
REC_NPE_00051279,NPU_00059,subscriptions,2131.03,monthly,cash
REC_NPE_00051283,NPU_00065,subscriptions,1078.77,monthly,khalti
REC_NPE_00051286,NPU_00067,subscriptions,5071.15,monthly,cash
REC_NPE_00051291,NPU_00070,subscriptions,2346.72,monthly,cash
REC_NPE_00051300,NPU_00075,subscriptions,1678.72,monthly,cash
REC_NPE_00051303,NPU_00076,subscriptions,1147.07,monthly,cash
REC_NPE_00051304,NPU_00077,subscriptions,1244.02,monthly,cash
REC_NPE_00051305,NPU_00078,subscriptions,2635.12,monthly,cash
REC_NPE_00051308,NPU_00079,subscriptions,1007.04,monthly,khalti
REC_NPE_00052361,NPU_00002,rent,11540.75,monthly,esewa
REC_NPE_00052366,NPU_00004,rent,33036.78,monthly,bank_transfer
REC_NPE_00052368,NPU_00005,rent,7275.06,monthly,bank_transfer
REC_NPE_00052369,NPU_00006,rent,15074.57,monthly,cash
REC_NPE_00052371,NPU_00007,rent,17244.35,monthly,debit_card
REC_NPE_00052373,NPU_00010,rent,8178.92,monthly,cash
REC_NPE_00052375,NPU_00012,rent,62475.0,monthly,cash
REC_NPE_00052377,NPU_00013,rent,28219.77,monthly,cash
REC_NPE_00052380,NPU_00016,rent,14921.17,monthly,esewa
REC_NPE_00052383,NPU_00019,rent,33532.53,monthly,debit_card
REC_NPE_00052385,NPU_00020,rent,20728.26,monthly,esewa
REC_NPE_00052388,NPU_00023,rent,43748.55,monthly,cash
REC_NPE_00052394,NPU_00026,rent,14265.51,monthly,esewa
REC_NPE_00052401,NPU_00031,rent,29167.66,monthly,khalti
REC_NPE_00052403,NPU_00033,rent,18336.88,monthly,cash
REC_NPE_00052406,NPU_00035,rent,9499.11,monthly,cash
REC_NPE_00052409,NPU_00037,rent,24669.17,monthly,esewa
REC_NPE_00052423,NPU_00046,rent,25457.11,monthly,bank_transfer
REC_NPE_00052425,NPU_00048,rent,34171.8,monthly,esewa
REC_NPE_00052426,NPU_00049,rent,46538.02,monthly,cash
REC_NPE_00052428,NPU_00051,rent,20269.58,monthly,esewa
REC_NPE_00052434,NPU_00055,rent,18419.29,monthly,credit_card
REC_NPE_00052436,NPU_00056,rent,27588.09,monthly,cash
REC_NPE_00052439,NPU_00057,rent,10000.0,monthly,cash
REC_NPE_00052444,NPU_00061,rent,16402.88,monthly,debit_card
REC_NPE_00052446,NPU_00063,rent,49209.8,monthly,debit_card
REC_NPE_00052447,NPU_00064,rent,48512.1,monthly,cash
REC_NPE_00052450,NPU_00067,rent,8380.3,monthly,credit_card
REC_NPE_00052455,NPU_00072,rent,24448.38,monthly,bank_transfer
REC_NPE_00052459,NPU_00075,rent,21516.93,monthly,fonepay_qr
REC_NPE_00052462,NPU_00077,rent,21017.08,monthly,bank_transfer
REC_NPE_00052541,NPU_00001,savings_investment,6497.38,monthly,cash
REC_NPE_00052546,NPU_00004,savings_investment,611.55,monthly,khalti
REC_NPE_00052547,NPU_00005,savings_investment,1159.59,monthly,khalti
REC_NPE_00052553,NPU_00008,savings_investment,27356.6,monthly,bank_transfer
REC_NPE_00052556,NPU_00009,savings_investment,11801.15,monthly,bank_transfer
REC_NPE_00052567,NPU_00021,savings_investment,7008.82,monthly,esewa
REC_NPE_00052568,NPU_00023,savings_investment,16591.98,monthly,esewa
REC_NPE_00052570,NPU_00025,savings_investment,4089.47,monthly,esewa
REC_NPE_00052573,NPU_00027,savings_investment,7512.29,monthly,cash
REC_NPE_00052578,NPU_00030,savings_investment,6633.88,monthly,cash
REC_NPE_00052581,NPU_00035,savings_investment,5025.96,monthly,bank_transfer
REC_NPE_00052583,NPU_00036,savings_investment,5795.3,monthly,bank_transfer
REC_NPE_00052585,NPU_00038,savings_investment,21696.08,monthly,cash
REC_NPE_00052588,NPU_00039,savings_investment,10958.61,monthly,credit_card
REC_NPE_00052589,NPU_00040,savings_investment,3773.2,monthly,khalti
REC_NPE_00052599,NPU_00047,savings_investment,2261.87,monthly,cash
REC_NPE_00052603,NPU_00050,savings_investment,7499.32,monthly,cash
REC_NPE_00052606,NPU_00053,savings_investment,995.4,monthly,cash
REC_NPE_00052612,NPU_00058,savings_investment,36380.25,monthly,cash
REC_NPE_00052615,NPU_00059,savings_investment,20187.02,monthly,cash
REC_NPE_00052616,NPU_00060,savings_investment,36782.78,monthly,debit_card
REC_NPE_00052618,NPU_00061,savings_investment,2305.21,monthly,fonepay_qr
REC_NPE_00052620,NPU_00062,savings_investment,2567.84,monthly,debit_card
REC_NPE_00052624,NPU_00064,savings_investment,20395.37,monthly,bank_transfer
REC_NPE_00052627,NPU_00065,savings_investment,13509.21,monthly,debit_card
REC_NPE_00052630,NPU_00067,savings_investment,7091.24,monthly,khalti
REC_NPE_00052631,NPU_00068,savings_investment,7739.34,monthly,bank_transfer
REC_NPE_00052640,NPU_00076,savings_investment,14812.09,monthly,cash
REC_NPE_00052642,NPU_00079,savings_investment,20460.47,monthly,fonepay_qr
REC_NPE_00052736,NPU_00002,family_support,9020.02,monthly,cash
REC_NPE_00052739,NPU_00005,family_support,6638.57,monthly,khalti
REC_NPE_00052742,NPU_00006,family_support,33684.2,monthly,esewa
REC_NPE_00052743,NPU_00007,family_support,22891.97,monthly,cash
REC_NPE_00052744,NPU_00008,family_support,35734.96,monthly,cash
REC_NPE_00052746,NPU_00009,family_support,16867.26,monthly,cash
REC_NPE_00052747,NPU_00010,family_support,38815.88,monthly,fonepay_qr
REC_NPE_00052749,NPU_00012,family_support,11029.11,monthly,debit_card
REC_NPE_00052751,NPU_00013,family_support,31661.07,monthly,credit_card
REC_NPE_00052756,NPU_00016,family_support,12245.48,monthly,bank_transfer
REC_NPE_00052757,NPU_00017,family_support,8171.37,monthly,bank_transfer
REC_NPE_00052759,NPU_00018,family_support,30058.02,monthly,fonepay_qr
REC_NPE_00052764,NPU_00020,family_support,24759.07,monthly,cash
REC_NPE_00052767,NPU_00021,family_support,33495.9,monthly,cash
REC_NPE_00052768,NPU_00022,family_support,9156.16,monthly,esewa
REC_NPE_00052776,NPU_00028,family_support,11743.88,monthly,esewa
REC_NPE_00052779,NPU_00033,family_support,10662.09,monthly,cash
REC_NPE_00052783,NPU_00034,family_support,5821.31,monthly,cash
REC_NPE_00052785,NPU_00035,family_support,15292.27,monthly,cash
REC_NPE_00052788,NPU_00041,family_support,35891.11,monthly,fonepay_qr
REC_NPE_00052789,NPU_00042,family_support,17856.65,monthly,khalti
REC_NPE_00052790,NPU_00043,family_support,26944.48,monthly,khalti
REC_NPE_00052792,NPU_00044,family_support,12308.04,monthly,fonepay_qr
REC_NPE_00052794,NPU_00046,family_support,12984.0,monthly,credit_card
REC_NPE_00052797,NPU_00048,family_support,33615.22,monthly,bank_transfer
REC_NPE_00052802,NPU_00050,family_support,7914.74,monthly,bank_transfer
REC_NPE_00052803,NPU_00051,family_support,21701.93,monthly,esewa
REC_NPE_00052806,NPU_00053,family_support,2195.23,monthly,cash
REC_NPE_00052807,NPU_00055,family_support,16783.72,monthly,esewa
REC_NPE_00052809,NPU_00058,family_support,56339.52,monthly,esewa
REC_NPE_00052812,NPU_00059,family_support,26256.0,monthly,fonepay_qr
REC_NPE_00052819,NPU_00062,family_support,10135.05,monthly,esewa
REC_NPE_00052823,NPU_00067,family_support,7480.12,monthly,cash
REC_NPE_00052826,NPU_00068,family_support,19505.39,monthly,debit_card
REC_NPE_00052828,NPU_00070,family_support,20681.52,monthly,khalti
REC_NPE_00052829,NPU_00071,family_support,26802.22,monthly,credit_card
REC_NPE_00052833,NPU_00076,family_support,22684.92,monthly,bank_transfer
REC_NPE_00052834,NPU_00077,family_support,53632.46,monthly,cash
REC_NPE_00052837,NPU_00079,family_support,8855.36,monthly,cash
REC_NPE_00052838,NPU_00080,family_support,16615.69,monthly,esewa
REC_NPE_00053039,NPU_00001,utilities,5947.57,monthly,debit_card
REC_NPE_00053041,NPU_00002,utilities,1880.96,monthly,esewa
REC_NPE_00053046,NPU_00005,utilities,2816.52,monthly,esewa
REC_NPE_00053050,NPU_00006,utilities,4505.01,monthly,khalti
REC_NPE_00053052,NPU_00007,utilities,2424.94,monthly,cash
REC_NPE_00053053,NPU_00008,utilities,2712.61,monthly,cash
REC_NPE_00053056,NPU_00009,utilities,2309.03,monthly,cash
REC_NPE_00053059,NPU_00010,utilities,1642.84,monthly,cash
REC_NPE_00053061,NPU_00012,utilities,6540.51,monthly,bank_transfer
REC_NPE_00053064,NPU_00014,utilities,3465.33,monthly,khalti
REC_NPE_00053067,NPU_00015,utilities,2719.29,monthly,bank_transfer
REC_NPE_00053069,NPU_00016,utilities,3034.94,monthly,cash
REC_NPE_00053072,NPU_00019,utilities,1250.36,monthly,cash
REC_NPE_00053074,NPU_00020,utilities,5300.35,monthly,bank_transfer
REC_NPE_00053075,NPU_00021,utilities,5534.48,monthly,khalti
REC_NPE_00053079,NPU_00023,utilities,4587.32,monthly,esewa
REC_NPE_00053083,NPU_00025,utilities,2575.84,monthly,cash
REC_NPE_00053085,NPU_00026,utilities,4755.47,monthly,khalti
REC_NPE_00053086,NPU_00027,utilities,3330.12,monthly,fonepay_qr
REC_NPE_00053088,NPU_00028,utilities,6944.29,monthly,cash
REC_NPE_00053093,NPU_00031,utilities,1964.33,monthly,fonepay_qr
REC_NPE_00053095,NPU_00032,utilities,1992.58,monthly,bank_transfer
REC_NPE_00053098,NPU_00033,utilities,2046.5,monthly,cash
REC_NPE_00053099,NPU_00034,utilities,1916.21,monthly,esewa
REC_NPE_00053101,NPU_00036,utilities,2915.54,monthly,cash
REC_NPE_00053105,NPU_00039,utilities,3317.48,monthly,cash
REC_NPE_00053108,NPU_00041,utilities,2123.4,monthly,cash
REC_NPE_00053109,NPU_00042,utilities,4399.04,monthly,debit_card
REC_NPE_00053110,NPU_00043,utilities,4549.72,monthly,cash
REC_NPE_00053111,NPU_00045,utilities,1479.55,monthly,debit_card
REC_NPE_00053113,NPU_00046,utilities,4135.2,monthly,khalti
REC_NPE_00053115,NPU_00047,utilities,3584.15,monthly,cash
REC_NPE_00053118,NPU_00048,utilities,6880.99,monthly,cash
REC_NPE_00053120,NPU_00049,utilities,3493.16,monthly,bank_transfer
REC_NPE_00053121,NPU_00050,utilities,751.81,monthly,cash
REC_NPE_00053124,NPU_00052,utilities,3007.87,monthly,fonepay_qr
REC_NPE_00053126,NPU_00053,utilities,4987.3,monthly,cash
REC_NPE_00053128,NPU_00054,utilities,2039.44,monthly,fonepay_qr
REC_NPE_00053129,NPU_00055,utilities,3347.84,monthly,esewa
REC_NPE_00053130,NPU_00056,utilities,2520.24,monthly,khalti
REC_NPE_00053132,NPU_00057,utilities,3407.44,monthly,cash
REC_NPE_00053135,NPU_00058,utilities,6319.97,monthly,bank_transfer
REC_NPE_00053137,NPU_00060,utilities,7088.45,monthly,credit_card
REC_NPE_00053139,NPU_00061,utilities,10572.03,monthly,cash
REC_NPE_00053141,NPU_00062,utilities,5743.42,monthly,debit_card
REC_NPE_00053144,NPU_00063,utilities,6832.24,monthly,fonepay_qr
REC_NPE_00053146,NPU_00064,utilities,3814.32,monthly,cash
REC_NPE_00053148,NPU_00065,utilities,2583.97,monthly,cash
REC_NPE_00053152,NPU_00067,utilities,2466.9,monthly,esewa
REC_NPE_00053155,NPU_00068,utilities,2731.68,monthly,cash
REC_NPE_00053156,NPU_00069,utilities,3050.9,monthly,fonepay_qr
REC_NPE_00053157,NPU_00070,utilities,2131.94,monthly,cash
REC_NPE_00053160,NPU_00072,utilities,903.35,monthly,esewa
REC_NPE_00053162,NPU_00073,utilities,9844.2,monthly,credit_card
REC_NPE_00053164,NPU_00074,utilities,3425.93,monthly,debit_card
REC_NPE_00053166,NPU_00075,utilities,8574.93,monthly,cash
REC_NPE_00053169,NPU_00076,utilities,1477.56,monthly,cash
REC_NPE_00053170,NPU_00077,utilities,3259.34,monthly,cash
REC_NPE_00053174,NPU_00079,utilities,3170.96,monthly,khalti
REC_NPE_00053176,NPU_00080,utilities,4469.08,monthly,cash
REC_NPE_00053427,NPU_00001,internet_mobile,760.3,monthly,khalti
REC_NPE_00053428,NPU_00002,internet_mobile,771.54,monthly,cash
REC_NPE_00053430,NPU_00003,internet_mobile,1512.32,monthly,fonepay_qr
REC_NPE_00053433,NPU_00004,internet_mobile,2446.31,monthly,cash
REC_NPE_00053436,NPU_00006,internet_mobile,2604.86,monthly,debit_card
REC_NPE_00053437,NPU_00007,internet_mobile,1167.78,monthly,esewa
REC_NPE_00053438,NPU_00008,internet_mobile,1508.19,monthly,cash
REC_NPE_00053440,NPU_00009,internet_mobile,1192.35,monthly,bank_transfer
REC_NPE_00053443,NPU_00010,internet_mobile,941.38,monthly,esewa
REC_NPE_00053444,NPU_00011,internet_mobile,2184.32,monthly,debit_card
REC_NPE_00053447,NPU_00012,internet_mobile,2684.99,monthly,cash
REC_NPE_00053448,NPU_00013,internet_mobile,3256.52,monthly,credit_card
REC_NPE_00053451,NPU_00014,internet_mobile,3196.97,monthly,esewa
REC_NPE_00053452,NPU_00015,internet_mobile,2250.2,monthly,cash
REC_NPE_00053454,NPU_00016,internet_mobile,1531.99,monthly,cash
REC_NPE_00053455,NPU_00017,internet_mobile,1698.87,monthly,cash
REC_NPE_00053456,NPU_00018,internet_mobile,3738.14,monthly,cash
REC_NPE_00053457,NPU_00019,internet_mobile,2677.21,monthly,cash
REC_NPE_00053459,NPU_00020,internet_mobile,2516.51,monthly,khalti
REC_NPE_00053460,NPU_00021,internet_mobile,1694.62,monthly,esewa
REC_NPE_00053462,NPU_00022,internet_mobile,1911.89,monthly,esewa
REC_NPE_00053466,NPU_00023,internet_mobile,2955.98,monthly,esewa
REC_NPE_00053468,NPU_00024,internet_mobile,1307.33,monthly,esewa
REC_NPE_00053471,NPU_00025,internet_mobile,1515.3,monthly,cash
REC_NPE_00053474,NPU_00027,internet_mobile,1596.04,monthly,cash
REC_NPE_00053475,NPU_00028,internet_mobile,2278.45,monthly,bank_transfer
REC_NPE_00053477,NPU_00030,internet_mobile,2354.42,monthly,cash
REC_NPE_00053481,NPU_00031,internet_mobile,2654.11,monthly,debit_card
REC_NPE_00053485,NPU_00033,internet_mobile,1843.09,monthly,bank_transfer
REC_NPE_00053487,NPU_00035,internet_mobile,2491.89,monthly,cash
REC_NPE_00053489,NPU_00036,internet_mobile,1537.67,monthly,credit_card
REC_NPE_00053492,NPU_00037,internet_mobile,3013.09,monthly,cash
REC_NPE_00053495,NPU_00039,internet_mobile,2472.48,monthly,cash
REC_NPE_00053497,NPU_00040,internet_mobile,1726.48,monthly,cash
REC_NPE_00053499,NPU_00042,internet_mobile,1096.92,monthly,khalti
REC_NPE_00053501,NPU_00043,internet_mobile,1143.43,monthly,credit_card
REC_NPE_00053505,NPU_00045,internet_mobile,3230.04,monthly,fonepay_qr
REC_NPE_00053507,NPU_00046,internet_mobile,1980.79,monthly,cash
REC_NPE_00053508,NPU_00047,internet_mobile,1285.43,monthly,esewa
REC_NPE_00053513,NPU_00048,internet_mobile,2083.55,monthly,bank_transfer
REC_NPE_00053514,NPU_00049,internet_mobile,5088.17,monthly,cash
REC_NPE_00053516,NPU_00050,internet_mobile,1468.68,monthly,esewa
REC_NPE_00053517,NPU_00051,internet_mobile,2567.64,monthly,esewa
REC_NPE_00053518,NPU_00053,internet_mobile,755.94,monthly,esewa
REC_NPE_00053519,NPU_00055,internet_mobile,4461.71,monthly,cash
REC_NPE_00053521,NPU_00056,internet_mobile,1356.35,monthly,cash
REC_NPE_00053522,NPU_00057,internet_mobile,1758.39,monthly,debit_card
REC_NPE_00053528,NPU_00059,internet_mobile,971.27,monthly,cash
REC_NPE_00053529,NPU_00060,internet_mobile,3741.85,monthly,cash
REC_NPE_00053530,NPU_00061,internet_mobile,2970.83,monthly,debit_card
REC_NPE_00053533,NPU_00063,internet_mobile,1679.49,monthly,cash
REC_NPE_00053535,NPU_00064,internet_mobile,1425.78,monthly,cash
REC_NPE_00053536,NPU_00065,internet_mobile,1300.27,monthly,khalti
REC_NPE_00053537,NPU_00066,internet_mobile,5319.61,monthly,bank_transfer
REC_NPE_00053538,NPU_00067,internet_mobile,1446.83,monthly,debit_card
REC_NPE_00053539,NPU_00068,internet_mobile,2585.46,monthly,cash
REC_NPE_00053540,NPU_00069,internet_mobile,883.68,monthly,cash
REC_NPE_00053543,NPU_00070,internet_mobile,2620.47,monthly,esewa
REC_NPE_00053544,NPU_00071,internet_mobile,4814.63,monthly,bank_transfer
REC_NPE_00053547,NPU_00072,internet_mobile,4071.33,monthly,esewa
REC_NPE_00053548,NPU_00073,internet_mobile,1968.52,monthly,bank_transfer
REC_NPE_00053554,NPU_00078,internet_mobile,2131.72,monthly,bank_transfer
REC_NPE_00053556,NPU_00079,internet_mobile,3842.18,monthly,cash
REC_NPE_00053558,NPU_00080,internet_mobile,721.76,monthly,esewa
REC_NPE_00053787,NPU_00003,loan_emi,15192.84,monthly,bank_transfer
REC_NPE_00053789,NPU_00005,loan_emi,18382.34,monthly,cash
REC_NPE_00053791,NPU_00007,loan_emi,14604.42,monthly,fonepay_qr
REC_NPE_00053793,NPU_00008,loan_emi,7752.87,monthly,cash
REC_NPE_00053803,NPU_00013,loan_emi,45905.31,monthly,esewa
REC_NPE_00053805,NPU_00014,loan_emi,27671.04,monthly,cash
REC_NPE_00053809,NPU_00017,loan_emi,11696.01,monthly,cash
REC_NPE_00053816,NPU_00021,loan_emi,22129.94,monthly,cash
REC_NPE_00053820,NPU_00026,loan_emi,16787.53,monthly,debit_card
REC_NPE_00053823,NPU_00029,loan_emi,7051.44,monthly,esewa
REC_NPE_00053827,NPU_00032,loan_emi,20672.48,monthly,cash
REC_NPE_00053831,NPU_00035,loan_emi,22977.53,monthly,esewa
REC_NPE_00053832,NPU_00037,loan_emi,11428.6,monthly,cash
REC_NPE_00053834,NPU_00038,loan_emi,35560.15,monthly,khalti
REC_NPE_00053840,NPU_00042,loan_emi,6673.76,monthly,cash
REC_NPE_00053841,NPU_00043,loan_emi,6074.5,monthly,credit_card
REC_NPE_00053842,NPU_00044,loan_emi,13288.84,monthly,esewa
REC_NPE_00053845,NPU_00046,loan_emi,15751.75,monthly,bank_transfer
REC_NPE_00053852,NPU_00051,loan_emi,16919.83,monthly,cash
REC_NPE_00053856,NPU_00052,loan_emi,49980.0,monthly,credit_card
REC_NPE_00053862,NPU_00054,loan_emi,8321.34,monthly,cash
REC_NPE_00053865,NPU_00059,loan_emi,14994.19,monthly,cash
REC_NPE_00053866,NPU_00060,loan_emi,17809.57,monthly,esewa
REC_NPE_00053870,NPU_00063,loan_emi,41888.0,monthly,cash
REC_NPE_00053872,NPU_00064,loan_emi,17544.28,monthly,khalti
REC_NPE_00053874,NPU_00065,loan_emi,16813.9,monthly,esewa
REC_NPE_00053875,NPU_00068,loan_emi,21513.04,monthly,cash
REC_NPE_00053878,NPU_00070,loan_emi,10822.7,monthly,khalti
REC_NPE_00053885,NPU_00076,loan_emi,18250.62,monthly,cash
REC_NPE_00054057,NPU_00001,subscriptions,2947.99,monthly,cash
REC_NPE_00054061,NPU_00002,subscriptions,2853.99,monthly,bank_transfer
REC_NPE_00054065,NPU_00003,subscriptions,2146.78,monthly,cash
REC_NPE_00054067,NPU_00004,subscriptions,2445.85,monthly,credit_card
REC_NPE_00054070,NPU_00008,subscriptions,1651.77,monthly,esewa
REC_NPE_00054071,NPU_00009,subscriptions,1595.35,monthly,fonepay_qr
REC_NPE_00054073,NPU_00011,subscriptions,1290.04,monthly,esewa
REC_NPE_00054076,NPU_00013,subscriptions,7140.0,monthly,cash
REC_NPE_00054080,NPU_00015,subscriptions,578.63,monthly,bank_transfer
REC_NPE_00054081,NPU_00016,subscriptions,1711.05,monthly,cash
REC_NPE_00054082,NPU_00017,subscriptions,2815.94,monthly,esewa
REC_NPE_00054087,NPU_00019,subscriptions,1711.48,monthly,debit_card
REC_NPE_00054089,NPU_00020,subscriptions,2206.33,monthly,bank_transfer
REC_NPE_00054091,NPU_00023,subscriptions,3820.97,monthly,esewa
REC_NPE_00054097,NPU_00025,subscriptions,2102.09,monthly,cash
REC_NPE_00054101,NPU_00028,subscriptions,1715.98,monthly,cash
REC_NPE_00054103,NPU_00029,subscriptions,3767.69,monthly,khalti
REC_NPE_00054104,NPU_00031,subscriptions,4082.73,monthly,khalti
REC_NPE_00054107,NPU_00032,subscriptions,2341.41,monthly,cash
REC_NPE_00054110,NPU_00033,subscriptions,2546.31,monthly,cash
REC_NPE_00054112,NPU_00035,subscriptions,1142.28,monthly,cash
REC_NPE_00054113,NPU_00036,subscriptions,7140.0,monthly,khalti
REC_NPE_00054116,NPU_00037,subscriptions,2182.32,monthly,bank_transfer
REC_NPE_00054117,NPU_00038,subscriptions,2448.46,monthly,esewa
REC_NPE_00054120,NPU_00041,subscriptions,795.93,monthly,khalti
REC_NPE_00054124,NPU_00042,subscriptions,4866.91,monthly,cash
REC_NPE_00054127,NPU_00043,subscriptions,1340.9,monthly,cash
REC_NPE_00054128,NPU_00044,subscriptions,2402.54,monthly,esewa
REC_NPE_00054130,NPU_00048,subscriptions,4401.69,monthly,debit_card
REC_NPE_00054133,NPU_00050,subscriptions,3973.83,monthly,credit_card
REC_NPE_00054134,NPU_00051,subscriptions,5984.0,monthly,esewa
REC_NPE_00054136,NPU_00053,subscriptions,1194.86,monthly,esewa
REC_NPE_00054139,NPU_00056,subscriptions,5323.6,monthly,cash
REC_NPE_00054141,NPU_00057,subscriptions,1288.66,monthly,cash
REC_NPE_00054144,NPU_00058,subscriptions,2502.54,monthly,debit_card
REC_NPE_00054146,NPU_00059,subscriptions,1440.91,monthly,khalti
REC_NPE_00054148,NPU_00062,subscriptions,3027.91,monthly,bank_transfer
REC_NPE_00054150,NPU_00063,subscriptions,943.97,monthly,esewa
REC_NPE_00054151,NPU_00064,subscriptions,969.57,monthly,cash
REC_NPE_00054155,NPU_00065,subscriptions,1843.35,monthly,esewa
REC_NPE_00054156,NPU_00066,subscriptions,1521.64,monthly,cash
REC_NPE_00054158,NPU_00067,subscriptions,3857.86,monthly,khalti
REC_NPE_00054162,NPU_00070,subscriptions,2699.12,monthly,cash
REC_NPE_00054163,NPU_00071,subscriptions,2575.24,monthly,cash
REC_NPE_00054164,NPU_00073,subscriptions,3017.81,monthly,khalti
REC_NPE_00054167,NPU_00074,subscriptions,1394.71,monthly,fonepay_qr
REC_NPE_00054170,NPU_00077,subscriptions,2499.69,monthly,debit_card
REC_NPE_00054171,NPU_00078,subscriptions,956.64,monthly,cash
REC_NPE_00054173,NPU_00079,subscriptions,859.84,monthly,fonepay_qr
REC_NPE_00054175,NPU_00080,subscriptions,1193.18,monthly,esewa
REC_NPE_00055287,NPU_00002,rent,13400.39,monthly,cash
REC_NPE_00055292,NPU_00007,rent,25852.39,monthly,esewa
REC_NPE_00055294,NPU_00009,rent,25108.83,monthly,cash
REC_NPE_00055295,NPU_00010,rent,12819.65,monthly,esewa
REC_NPE_00055297,NPU_00012,rent,18702.65,monthly,fonepay_qr
REC_NPE_00055299,NPU_00013,rent,16318.77,monthly,esewa
REC_NPE_00055300,NPU_00014,rent,14713.22,monthly,bank_transfer
REC_NPE_00055302,NPU_00015,rent,17195.68,monthly,cash
REC_NPE_00055308,NPU_00019,rent,32939.58,monthly,fonepay_qr
REC_NPE_00055309,NPU_00020,rent,20601.09,monthly,cash
REC_NPE_00055311,NPU_00022,rent,43800.54,monthly,cash
REC_NPE_00055315,NPU_00023,rent,37970.44,monthly,cash
REC_NPE_00055318,NPU_00024,rent,74375.0,monthly,fonepay_qr
REC_NPE_00055329,NPU_00031,rent,21642.52,monthly,khalti
REC_NPE_00055330,NPU_00032,rent,31946.18,monthly,fonepay_qr
REC_NPE_00055331,NPU_00033,rent,36661.6,monthly,fonepay_qr
REC_NPE_00055334,NPU_00035,rent,7643.58,monthly,cash
REC_NPE_00055339,NPU_00039,rent,24244.19,monthly,fonepay_qr
REC_NPE_00055342,NPU_00042,rent,27653.98,monthly,cash
REC_NPE_00055344,NPU_00043,rent,15382.88,monthly,cash
REC_NPE_00055351,NPU_00049,rent,14235.3,monthly,fonepay_qr
REC_NPE_00055354,NPU_00051,rent,27259.8,monthly,cash
REC_NPE_00055356,NPU_00052,rent,16424.75,monthly,cash
REC_NPE_00055361,NPU_00057,rent,42068.47,monthly,esewa
REC_NPE_00055370,NPU_00064,rent,25898.09,monthly,cash
REC_NPE_00055371,NPU_00066,rent,31414.49,monthly,cash
REC_NPE_00055372,NPU_00067,rent,17269.23,monthly,esewa
REC_NPE_00055374,NPU_00070,rent,26263.3,monthly,cash
REC_NPE_00055377,NPU_00071,rent,7461.22,monthly,debit_card
REC_NPE_00055381,NPU_00077,rent,22977.85,monthly,cash
REC_NPE_00055386,NPU_00080,rent,7040.0,monthly,esewa
REC_NPE_00055479,NPU_00003,savings_investment,12416.7,monthly,debit_card
REC_NPE_00055493,NPU_00013,savings_investment,1440.98,monthly,debit_card
REC_NPE_00055495,NPU_00014,savings_investment,746.55,monthly,cash
REC_NPE_00055499,NPU_00017,savings_investment,10267.92,monthly,esewa
REC_NPE_00055507,NPU_00022,savings_investment,19345.65,monthly,fonepay_qr
REC_NPE_00055512,NPU_00027,savings_investment,5399.2,monthly,cash
REC_NPE_00055520,NPU_00036,savings_investment,3855.4,monthly,khalti
REC_NPE_00055525,NPU_00039,savings_investment,15130.77,monthly,esewa
REC_NPE_00055530,NPU_00042,savings_investment,1035.97,monthly,cash
REC_NPE_00055532,NPU_00043,savings_investment,2492.54,monthly,khalti
REC_NPE_00055536,NPU_00047,savings_investment,2897.57,monthly,bank_transfer
REC_NPE_00055539,NPU_00049,savings_investment,6468.61,monthly,esewa
REC_NPE_00055550,NPU_00059,savings_investment,27700.08,monthly,bank_transfer
REC_NPE_00055559,NPU_00064,savings_investment,12597.01,monthly,cash
REC_NPE_00055562,NPU_00065,savings_investment,12896.05,monthly,bank_transfer
REC_NPE_00055568,NPU_00069,savings_investment,19692.7,monthly,cash
REC_NPE_00055569,NPU_00074,savings_investment,1776.68,monthly,cash
REC_NPE_00055570,NPU_00075,savings_investment,34527.64,monthly,khalti
REC_NPE_00055572,NPU_00076,savings_investment,13961.11,monthly,bank_transfer
REC_NPE_00055577,NPU_00079,savings_investment,17762.73,monthly,debit_card
REC_NPE_00055579,NPU_00080,savings_investment,13555.99,monthly,cash
REC_NPE_00055682,NPU_00002,family_support,6607.58,monthly,cash
REC_NPE_00055685,NPU_00004,family_support,15597.5,monthly,bank_transfer
REC_NPE_00055688,NPU_00006,family_support,24709.36,monthly,bank_transfer
REC_NPE_00055691,NPU_00007,family_support,15324.21,monthly,cash
REC_NPE_00055695,NPU_00008,family_support,18175.19,monthly,esewa
REC_NPE_00055698,NPU_00011,family_support,12565.68,monthly,cash
REC_NPE_00055699,NPU_00013,family_support,4449.38,monthly,bank_transfer
REC_NPE_00055700,NPU_00015,family_support,7307.28,monthly,cash
REC_NPE_00055703,NPU_00016,family_support,7280.24,monthly,cash
REC_NPE_00055704,NPU_00018,family_support,31330.08,monthly,cash
REC_NPE_00055707,NPU_00021,family_support,59282.31,monthly,cash
REC_NPE_00055709,NPU_00022,family_support,10975.33,monthly,cash
REC_NPE_00055714,NPU_00026,family_support,19624.38,monthly,cash
REC_NPE_00055715,NPU_00027,family_support,32694.73,monthly,cash
REC_NPE_00055717,NPU_00028,family_support,30200.53,monthly,bank_transfer
REC_NPE_00055718,NPU_00029,family_support,4834.71,monthly,credit_card
REC_NPE_00055720,NPU_00030,family_support,14071.75,monthly,bank_transfer
REC_NPE_00055721,NPU_00031,family_support,29158.81,monthly,cash
REC_NPE_00055723,NPU_00033,family_support,5611.01,monthly,cash
REC_NPE_00055725,NPU_00036,family_support,27280.71,monthly,bank_transfer
REC_NPE_00055728,NPU_00037,family_support,8140.76,monthly,esewa
REC_NPE_00055729,NPU_00038,family_support,18519.46,monthly,cash
REC_NPE_00055731,NPU_00041,family_support,67320.0,monthly,bank_transfer
REC_NPE_00055734,NPU_00044,family_support,8525.6,monthly,cash
REC_NPE_00055736,NPU_00045,family_support,5954.14,monthly,cash
REC_NPE_00055739,NPU_00047,family_support,10931.14,monthly,cash
REC_NPE_00055742,NPU_00048,family_support,13770.77,monthly,esewa
REC_NPE_00055744,NPU_00050,family_support,12178.78,monthly,esewa
REC_NPE_00055748,NPU_00054,family_support,12877.95,monthly,bank_transfer
REC_NPE_00055751,NPU_00055,family_support,21548.8,monthly,cash
REC_NPE_00055753,NPU_00056,family_support,11870.05,monthly,cash
REC_NPE_00055760,NPU_00059,family_support,31484.82,monthly,fonepay_qr
REC_NPE_00055761,NPU_00060,family_support,16570.36,monthly,fonepay_qr
REC_NPE_00055762,NPU_00061,family_support,6388.42,monthly,cash
REC_NPE_00055767,NPU_00063,family_support,18481.6,monthly,cash
REC_NPE_00055770,NPU_00066,family_support,29823.91,monthly,khalti
REC_NPE_00055773,NPU_00069,family_support,35693.29,monthly,esewa
REC_NPE_00055775,NPU_00070,family_support,14400.74,monthly,cash
REC_NPE_00055776,NPU_00071,family_support,17515.47,monthly,esewa
REC_NPE_00055779,NPU_00072,family_support,34086.02,monthly,esewa
REC_NPE_00055780,NPU_00073,family_support,9233.05,monthly,cash
REC_NPE_00055782,NPU_00074,family_support,21449.83,monthly,khalti
REC_NPE_00055784,NPU_00076,family_support,10450.49,monthly,credit_card
REC_NPE_00055787,NPU_00077,family_support,32828.56,monthly,cash
REC_NPE_00055958,NPU_00001,utilities,2782.54,monthly,cash
REC_NPE_00055962,NPU_00002,utilities,2406.57,monthly,cash
REC_NPE_00055964,NPU_00003,utilities,1861.14,monthly,khalti
REC_NPE_00055966,NPU_00004,utilities,1754.35,monthly,cash
REC_NPE_00055971,NPU_00006,utilities,1397.22,monthly,bank_transfer
REC_NPE_00055973,NPU_00007,utilities,3228.06,monthly,fonepay_qr
REC_NPE_00055974,NPU_00008,utilities,3369.19,monthly,esewa
REC_NPE_00055977,NPU_00009,utilities,7534.05,monthly,esewa
REC_NPE_00055979,NPU_00010,utilities,3347.1,monthly,bank_transfer
REC_NPE_00055981,NPU_00011,utilities,6411.67,monthly,cash
REC_NPE_00055983,NPU_00012,utilities,1364.15,monthly,bank_transfer
REC_NPE_00055984,NPU_00014,utilities,2257.39,monthly,cash
REC_NPE_00055985,NPU_00015,utilities,4872.31,monthly,cash
REC_NPE_00055987,NPU_00016,utilities,2048.56,monthly,bank_transfer
REC_NPE_00055989,NPU_00018,utilities,3635.09,monthly,cash
REC_NPE_00055991,NPU_00019,utilities,4732.24,monthly,cash
REC_NPE_00055992,NPU_00020,utilities,3673.28,monthly,fonepay_qr
REC_NPE_00055994,NPU_00022,utilities,4716.53,monthly,fonepay_qr
REC_NPE_00055995,NPU_00023,utilities,3833.63,monthly,cash
REC_NPE_00055999,NPU_00024,utilities,2591.39,monthly,khalti
REC_NPE_00056000,NPU_00025,utilities,2444.73,monthly,bank_transfer
REC_NPE_00056006,NPU_00027,utilities,3988.61,monthly,khalti
REC_NPE_00056009,NPU_00028,utilities,3926.3,monthly,esewa
REC_NPE_00056010,NPU_00029,utilities,4924.38,monthly,debit_card
REC_NPE_00056016,NPU_00031,utilities,7084.02,monthly,cash
REC_NPE_00056018,NPU_00033,utilities,3984.65,monthly,cash
REC_NPE_00056022,NPU_00035,utilities,7344.0,monthly,cash
REC_NPE_00056025,NPU_00036,utilities,5584.35,monthly,debit_card
REC_NPE_00056027,NPU_00037,utilities,3213.01,monthly,esewa
REC_NPE_00056030,NPU_00039,utilities,1514.15,monthly,cash
REC_NPE_00056031,NPU_00040,utilities,2205.39,monthly,esewa
REC_NPE_00056034,NPU_00041,utilities,8374.89,monthly,cash
REC_NPE_00056035,NPU_00042,utilities,1733.67,monthly,esewa
REC_NPE_00056037,NPU_00043,utilities,3930.76,monthly,credit_card
REC_NPE_00056039,NPU_00044,utilities,2428.86,monthly,khalti
REC_NPE_00056044,NPU_00046,utilities,1191.05,monthly,esewa
REC_NPE_00056045,NPU_00047,utilities,5893.97,monthly,khalti
REC_NPE_00056048,NPU_00048,utilities,4624.49,monthly,bank_transfer
REC_NPE_00056049,NPU_00049,utilities,4036.7,monthly,credit_card
REC_NPE_00056050,NPU_00050,utilities,3408.69,monthly,esewa
REC_NPE_00056051,NPU_00051,utilities,1599.62,monthly,cash
REC_NPE_00056054,NPU_00053,utilities,8736.7,monthly,esewa
REC_NPE_00056056,NPU_00055,utilities,3057.73,monthly,esewa
REC_NPE_00056059,NPU_00056,utilities,3369.44,monthly,cash
REC_NPE_00056062,NPU_00058,utilities,7791.76,monthly,cash
REC_NPE_00056063,NPU_00059,utilities,1316.77,monthly,cash
REC_NPE_00056065,NPU_00060,utilities,3580.72,monthly,esewa
REC_NPE_00056069,NPU_00061,utilities,2169.76,monthly,esewa
REC_NPE_00056070,NPU_00062,utilities,3415.85,monthly,cash
REC_NPE_00056073,NPU_00063,utilities,2863.08,monthly,debit_card
REC_NPE_00056075,NPU_00065,utilities,7074.2,monthly,esewa
REC_NPE_00056076,NPU_00066,utilities,3809.33,monthly,cash
REC_NPE_00056082,NPU_00069,utilities,4922.32,monthly,cash
REC_NPE_00056085,NPU_00071,utilities,1514.87,monthly,khalti
REC_NPE_00056088,NPU_00072,utilities,4043.63,monthly,khalti
REC_NPE_00056089,NPU_00073,utilities,4381.98,monthly,esewa
REC_NPE_00056092,NPU_00074,utilities,5670.23,monthly,bank_transfer
REC_NPE_00056094,NPU_00076,utilities,1583.11,monthly,esewa
REC_NPE_00056095,NPU_00077,utilities,2491.5,monthly,esewa
REC_NPE_00056096,NPU_00078,utilities,1724.5,monthly,esewa
REC_NPE_00056097,NPU_00079,utilities,5329.33,monthly,cash
REC_NPE_00056100,NPU_00080,utilities,2262.88,monthly,esewa
REC_NPE_00056386,NPU_00002,internet_mobile,1030.33,monthly,cash
REC_NPE_00056388,NPU_00003,internet_mobile,2442.89,monthly,cash
REC_NPE_00056391,NPU_00005,internet_mobile,1624.28,monthly,esewa
REC_NPE_00056392,NPU_00007,internet_mobile,3738.1,monthly,cash
REC_NPE_00056397,NPU_00008,internet_mobile,2442.31,monthly,credit_card
REC_NPE_00056403,NPU_00011,internet_mobile,1681.45,monthly,cash
REC_NPE_00056405,NPU_00012,internet_mobile,3460.97,monthly,cash
REC_NPE_00056407,NPU_00013,internet_mobile,2024.68,monthly,debit_card
REC_NPE_00056410,NPU_00014,internet_mobile,3315.75,monthly,esewa
REC_NPE_00056411,NPU_00015,internet_mobile,585.47,monthly,esewa
REC_NPE_00056412,NPU_00016,internet_mobile,709.4,monthly,bank_transfer
REC_NPE_00056413,NPU_00017,internet_mobile,1040.44,monthly,debit_card
REC_NPE_00056414,NPU_00018,internet_mobile,3907.57,monthly,bank_transfer
REC_NPE_00056415,NPU_00019,internet_mobile,6803.08,monthly,cash
REC_NPE_00056419,NPU_00022,internet_mobile,1683.73,monthly,credit_card
REC_NPE_00056421,NPU_00023,internet_mobile,3692.91,monthly,cash
REC_NPE_00056426,NPU_00024,internet_mobile,1680.71,monthly,esewa
REC_NPE_00056427,NPU_00025,internet_mobile,3665.44,monthly,debit_card
REC_NPE_00056430,NPU_00026,internet_mobile,583.57,monthly,khalti
REC_NPE_00056434,NPU_00027,internet_mobile,6085.69,monthly,esewa
REC_NPE_00056436,NPU_00028,internet_mobile,2047.68,monthly,esewa
REC_NPE_00056438,NPU_00030,internet_mobile,1789.93,monthly,credit_card
REC_NPE_00056441,NPU_00031,internet_mobile,7437.5,monthly,debit_card
REC_NPE_00056446,NPU_00033,internet_mobile,3625.6,monthly,khalti
REC_NPE_00056447,NPU_00034,internet_mobile,1003.31,monthly,credit_card
REC_NPE_00056450,NPU_00035,internet_mobile,1023.73,monthly,credit_card
REC_NPE_00056451,NPU_00036,internet_mobile,1734.91,monthly,esewa
REC_NPE_00056454,NPU_00037,internet_mobile,1041.24,monthly,cash
REC_NPE_00056457,NPU_00039,internet_mobile,5236.0,monthly,cash
REC_NPE_00056458,NPU_00040,internet_mobile,2221.52,monthly,cash
REC_NPE_00056460,NPU_00041,internet_mobile,2642.04,monthly,cash
REC_NPE_00056461,NPU_00042,internet_mobile,1650.79,monthly,khalti
REC_NPE_00056462,NPU_00043,internet_mobile,2339.66,monthly,credit_card
REC_NPE_00056463,NPU_00044,internet_mobile,1642.89,monthly,esewa
REC_NPE_00056464,NPU_00045,internet_mobile,5117.76,monthly,debit_card
REC_NPE_00056465,NPU_00046,internet_mobile,1897.95,monthly,esewa
REC_NPE_00056468,NPU_00047,internet_mobile,3029.06,monthly,cash
REC_NPE_00056470,NPU_00048,internet_mobile,2044.41,monthly,cash
REC_NPE_00056472,NPU_00049,internet_mobile,5110.82,monthly,cash
REC_NPE_00056476,NPU_00050,internet_mobile,1459.49,monthly,esewa
REC_NPE_00056478,NPU_00052,internet_mobile,3225.93,monthly,khalti
REC_NPE_00056479,NPU_00053,internet_mobile,1122.12,monthly,bank_transfer
REC_NPE_00056480,NPU_00054,internet_mobile,1098.49,monthly,cash
REC_NPE_00056484,NPU_00055,internet_mobile,1294.21,monthly,cash
REC_NPE_00056487,NPU_00056,internet_mobile,1176.41,monthly,cash
REC_NPE_00056491,NPU_00057,internet_mobile,1520.08,monthly,debit_card
REC_NPE_00056492,NPU_00058,internet_mobile,6407.18,monthly,cash
REC_NPE_00056494,NPU_00059,internet_mobile,4056.46,monthly,bank_transfer
REC_NPE_00056496,NPU_00060,internet_mobile,1910.94,monthly,esewa
REC_NPE_00056499,NPU_00061,internet_mobile,2028.93,monthly,cash
REC_NPE_00056500,NPU_00062,internet_mobile,2696.62,monthly,khalti
REC_NPE_00056502,NPU_00063,internet_mobile,2036.8,monthly,esewa
REC_NPE_00056503,NPU_00064,internet_mobile,2763.36,monthly,cash
REC_NPE_00056504,NPU_00065,internet_mobile,1022.62,monthly,bank_transfer
REC_NPE_00056506,NPU_00066,internet_mobile,2889.6,monthly,cash
REC_NPE_00056507,NPU_00067,internet_mobile,1746.22,monthly,esewa
REC_NPE_00056510,NPU_00068,internet_mobile,1152.34,monthly,cash
REC_NPE_00056513,NPU_00069,internet_mobile,1677.49,monthly,cash
REC_NPE_00056519,NPU_00070,internet_mobile,2864.81,monthly,esewa
REC_NPE_00056522,NPU_00071,internet_mobile,394.82,monthly,fonepay_qr
REC_NPE_00056523,NPU_00072,internet_mobile,3039.89,monthly,cash
REC_NPE_00056526,NPU_00073,internet_mobile,2164.78,monthly,bank_transfer
REC_NPE_00056527,NPU_00074,internet_mobile,2648.39,monthly,cash
REC_NPE_00056528,NPU_00075,internet_mobile,2378.34,monthly,esewa
REC_NPE_00056531,NPU_00076,internet_mobile,837.94,monthly,cash
REC_NPE_00056534,NPU_00077,internet_mobile,2306.92,monthly,esewa
REC_NPE_00056535,NPU_00078,internet_mobile,724.0,monthly,cash
REC_NPE_00056539,NPU_00079,internet_mobile,1255.1,monthly,bank_transfer
REC_NPE_00056543,NPU_00080,internet_mobile,2430.72,monthly,esewa
REC_NPE_00056713,NPU_00003,loan_emi,8800.78,monthly,fonepay_qr
REC_NPE_00056717,NPU_00005,loan_emi,12475.1,monthly,bank_transfer
REC_NPE_00056721,NPU_00008,loan_emi,24413.49,monthly,cash
REC_NPE_00056727,NPU_00013,loan_emi,6516.78,monthly,debit_card
REC_NPE_00056730,NPU_00016,loan_emi,13755.87,monthly,bank_transfer
REC_NPE_00056734,NPU_00017,loan_emi,24804.61,monthly,cash
REC_NPE_00056736,NPU_00018,loan_emi,17668.57,monthly,cash
REC_NPE_00056745,NPU_00024,loan_emi,20422.62,monthly,khalti
REC_NPE_00056747,NPU_00025,loan_emi,18414.26,monthly,cash
REC_NPE_00056752,NPU_00030,loan_emi,24855.46,monthly,esewa
REC_NPE_00056755,NPU_00034,loan_emi,11719.39,monthly,cash
REC_NPE_00056763,NPU_00039,loan_emi,11091.79,monthly,esewa
REC_NPE_00056770,NPU_00045,loan_emi,19178.0,monthly,cash
REC_NPE_00056773,NPU_00046,loan_emi,30448.11,monthly,debit_card
REC_NPE_00056775,NPU_00050,loan_emi,6992.06,monthly,esewa
REC_NPE_00056778,NPU_00051,loan_emi,21153.55,monthly,cash
REC_NPE_00056780,NPU_00052,loan_emi,15740.33,monthly,cash
REC_NPE_00056782,NPU_00054,loan_emi,10358.85,monthly,esewa
REC_NPE_00056792,NPU_00060,loan_emi,14570.93,monthly,khalti
REC_NPE_00056797,NPU_00063,loan_emi,9988.3,monthly,fonepay_qr
REC_NPE_00056802,NPU_00067,loan_emi,7273.54,monthly,cash
REC_NPE_00056804,NPU_00068,loan_emi,14060.01,monthly,cash
REC_NPE_00056811,NPU_00072,loan_emi,20748.99,monthly,credit_card
REC_NPE_00056813,NPU_00074,loan_emi,25206.1,monthly,fonepay_qr
REC_NPE_00056816,NPU_00076,loan_emi,13510.52,monthly,bank_transfer
REC_NPE_00056819,NPU_00079,loan_emi,13439.35,monthly,esewa
REC_NPE_00056999,NPU_00001,subscriptions,4071.83,monthly,bank_transfer
REC_NPE_00057003,NPU_00003,subscriptions,713.49,monthly,cash
REC_NPE_00057006,NPU_00004,subscriptions,3875.67,monthly,esewa
REC_NPE_00057009,NPU_00007,subscriptions,2291.58,monthly,bank_transfer
REC_NPE_00057011,NPU_00008,subscriptions,2549.36,monthly,cash
REC_NPE_00057016,NPU_00010,subscriptions,2100.46,monthly,cash
REC_NPE_00057019,NPU_00012,subscriptions,1841.66,monthly,debit_card
REC_NPE_00057022,NPU_00013,subscriptions,1583.61,monthly,cash
REC_NPE_00057023,NPU_00014,subscriptions,4603.08,monthly,khalti
REC_NPE_00057026,NPU_00016,subscriptions,2235.66,monthly,esewa
REC_NPE_00057028,NPU_00017,subscriptions,1004.45,monthly,fonepay_qr
REC_NPE_00057030,NPU_00018,subscriptions,1694.99,monthly,esewa
REC_NPE_00057032,NPU_00019,subscriptions,6707.35,monthly,cash
REC_NPE_00057034,NPU_00020,subscriptions,1420.39,monthly,cash
REC_NPE_00057037,NPU_00021,subscriptions,1410.32,monthly,cash
REC_NPE_00057038,NPU_00022,subscriptions,2540.35,monthly,bank_transfer
REC_NPE_00057039,NPU_00023,subscriptions,1508.6,monthly,cash
REC_NPE_00057043,NPU_00025,subscriptions,3787.9,monthly,bank_transfer
REC_NPE_00057046,NPU_00026,subscriptions,2183.13,monthly,cash
REC_NPE_00057049,NPU_00027,subscriptions,3305.7,monthly,cash
REC_NPE_00057052,NPU_00028,subscriptions,3163.38,monthly,bank_transfer
REC_NPE_00057059,NPU_00034,subscriptions,2159.55,monthly,cash
REC_NPE_00057062,NPU_00038,subscriptions,2037.29,monthly,cash
REC_NPE_00057064,NPU_00039,subscriptions,3132.95,monthly,bank_transfer
REC_NPE_00057067,NPU_00040,subscriptions,1354.78,monthly,cash
REC_NPE_00057071,NPU_00041,subscriptions,3583.69,monthly,esewa
REC_NPE_00057073,NPU_00043,subscriptions,2062.35,monthly,bank_transfer
REC_NPE_00057075,NPU_00044,subscriptions,4277.86,monthly,cash
REC_NPE_00057076,NPU_00046,subscriptions,2769.37,monthly,cash
REC_NPE_00057078,NPU_00047,subscriptions,2008.82,monthly,bank_transfer
REC_NPE_00057082,NPU_00048,subscriptions,2114.53,monthly,debit_card
REC_NPE_00057086,NPU_00049,subscriptions,3880.89,monthly,bank_transfer
REC_NPE_00057088,NPU_00050,subscriptions,1859.36,monthly,cash
REC_NPE_00057090,NPU_00051,subscriptions,2383.58,monthly,cash
REC_NPE_00057091,NPU_00053,subscriptions,1522.09,monthly,credit_card
REC_NPE_00057095,NPU_00057,subscriptions,3367.58,monthly,cash
REC_NPE_00057097,NPU_00059,subscriptions,802.27,monthly,esewa
REC_NPE_00057102,NPU_00061,subscriptions,3988.03,monthly,khalti
REC_NPE_00057106,NPU_00064,subscriptions,6030.48,monthly,esewa
REC_NPE_00057107,NPU_00065,subscriptions,4292.09,monthly,cash
REC_NPE_00057108,NPU_00066,subscriptions,5135.21,monthly,cash
REC_NPE_00057117,NPU_00071,subscriptions,814.79,monthly,cash
REC_NPE_00057119,NPU_00072,subscriptions,1954.04,monthly,fonepay_qr
REC_NPE_00057121,NPU_00073,subscriptions,6576.09,monthly,khalti
REC_NPE_00057124,NPU_00074,subscriptions,6841.55,monthly,cash
REC_NPE_00057128,NPU_00077,subscriptions,1775.25,monthly,esewa
REC_NPE_00057132,NPU_00080,subscriptions,931.37,monthly,cash
REC_NPE_00058235,NPU_00003,rent,17549.31,monthly,cash
REC_NPE_00058239,NPU_00004,rent,7040.0,monthly,fonepay_qr
REC_NPE_00058242,NPU_00005,rent,27377.61,monthly,bank_transfer
REC_NPE_00058243,NPU_00006,rent,7040.0,monthly,bank_transfer
REC_NPE_00058249,NPU_00009,rent,38343.09,monthly,cash
REC_NPE_00058251,NPU_00010,rent,52360.0,monthly,cash
REC_NPE_00058256,NPU_00011,rent,19693.31,monthly,bank_transfer
REC_NPE_00058260,NPU_00012,rent,29694.42,monthly,esewa
REC_NPE_00058262,NPU_00013,rent,10430.46,monthly,bank_transfer
REC_NPE_00058265,NPU_00014,rent,19435.5,monthly,cash
REC_NPE_00058268,NPU_00015,rent,14323.07,monthly,cash
REC_NPE_00058273,NPU_00019,rent,21696.88,monthly,esewa
REC_NPE_00058275,NPU_00020,rent,12834.97,monthly,cash
REC_NPE_00058278,NPU_00022,rent,56984.47,monthly,esewa
REC_NPE_00058281,NPU_00023,rent,43988.9,monthly,bank_transfer
REC_NPE_00058284,NPU_00024,rent,48715.97,monthly,cash
REC_NPE_00058287,NPU_00025,rent,14249.78,monthly,fonepay_qr
REC_NPE_00058288,NPU_00026,rent,26744.21,monthly,cash
REC_NPE_00058294,NPU_00029,rent,14291.13,monthly,bank_transfer
REC_NPE_00058298,NPU_00031,rent,74375.0,monthly,khalti
REC_NPE_00058303,NPU_00033,rent,26253.58,monthly,debit_card
REC_NPE_00058307,NPU_00035,rent,16484.67,monthly,cash
REC_NPE_00058312,NPU_00037,rent,20489.42,monthly,cash
REC_NPE_00058313,NPU_00039,rent,46870.77,monthly,khalti
REC_NPE_00058317,NPU_00042,rent,41920.0,monthly,esewa
REC_NPE_00058319,NPU_00043,rent,15828.02,monthly,cash
REC_NPE_00058324,NPU_00048,rent,12470.07,monthly,cash
REC_NPE_00058326,NPU_00049,rent,10645.83,monthly,esewa
REC_NPE_00058339,NPU_00055,rent,40633.84,monthly,cash
REC_NPE_00058341,NPU_00056,rent,62475.0,monthly,credit_card
REC_NPE_00058342,NPU_00057,rent,10000.0,monthly,credit_card
REC_NPE_00058348,NPU_00061,rent,18675.37,monthly,bank_transfer
REC_NPE_00058355,NPU_00063,rent,51671.52,monthly,cash
REC_NPE_00058357,NPU_00064,rent,74375.0,monthly,bank_transfer
REC_NPE_00058358,NPU_00065,rent,16012.57,monthly,khalti
REC_NPE_00058359,NPU_00066,rent,12420.71,monthly,debit_card
REC_NPE_00058360,NPU_00067,rent,49405.07,monthly,khalti
REC_NPE_00058369,NPU_00071,rent,12199.86,monthly,debit_card
REC_NPE_00058374,NPU_00072,rent,13798.63,monthly,khalti
REC_NPE_00058377,NPU_00073,rent,35705.85,monthly,debit_card
REC_NPE_00058380,NPU_00075,rent,20354.87,monthly,cash
REC_NPE_00058382,NPU_00077,rent,74375.0,monthly,credit_card
REC_NPE_00058383,NPU_00078,rent,44659.44,monthly,cash
REC_NPE_00058385,NPU_00080,rent,21549.63,monthly,esewa
REC_NPE_00058477,NPU_00001,savings_investment,6497.7,monthly,cash
REC_NPE_00058485,NPU_00006,savings_investment,27556.22,monthly,cash
REC_NPE_00058489,NPU_00009,savings_investment,11412.69,monthly,khalti
REC_NPE_00058491,NPU_00010,savings_investment,1925.02,monthly,cash
REC_NPE_00058500,NPU_00017,savings_investment,11886.27,monthly,debit_card
REC_NPE_00058504,NPU_00019,savings_investment,34274.41,monthly,esewa
REC_NPE_00058507,NPU_00020,savings_investment,8455.25,monthly,cash
REC_NPE_00058509,NPU_00022,savings_investment,15807.78,monthly,esewa
REC_NPE_00058512,NPU_00024,savings_investment,5400.7,monthly,cash
REC_NPE_00058514,NPU_00027,savings_investment,8708.54,monthly,esewa
REC_NPE_00058517,NPU_00030,savings_investment,5444.68,monthly,debit_card
REC_NPE_00058519,NPU_00031,savings_investment,8718.21,monthly,cash
REC_NPE_00058524,NPU_00035,savings_investment,5291.98,monthly,khalti
REC_NPE_00058530,NPU_00039,savings_investment,13135.69,monthly,cash
REC_NPE_00058537,NPU_00046,savings_investment,3482.9,monthly,cash
REC_NPE_00058540,NPU_00047,savings_investment,2623.95,monthly,esewa
REC_NPE_00058543,NPU_00049,savings_investment,9660.52,monthly,esewa
REC_NPE_00058552,NPU_00054,savings_investment,4740.51,monthly,esewa
REC_NPE_00058555,NPU_00056,savings_investment,8030.51,monthly,debit_card
REC_NPE_00058558,NPU_00059,savings_investment,17242.17,monthly,cash
REC_NPE_00058559,NPU_00060,savings_investment,39878.63,monthly,khalti
REC_NPE_00058563,NPU_00068,savings_investment,5984.35,monthly,cash
REC_NPE_00058565,NPU_00070,savings_investment,13330.18,monthly,esewa
REC_NPE_00058566,NPU_00071,savings_investment,618.17,monthly,fonepay_qr
REC_NPE_00058569,NPU_00076,savings_investment,17003.83,monthly,cash
REC_NPE_00058570,NPU_00078,savings_investment,2917.52,monthly,fonepay_qr
REC_NPE_00058574,NPU_00080,savings_investment,12205.72,monthly,credit_card
REC_NPE_00058673,NPU_00002,family_support,12405.33,monthly,khalti
REC_NPE_00058677,NPU_00003,family_support,7391.05,monthly,khalti
REC_NPE_00058682,NPU_00007,family_support,20635.74,monthly,esewa
REC_NPE_00058684,NPU_00008,family_support,21958.17,monthly,cash
REC_NPE_00058686,NPU_00010,family_support,35098.87,monthly,cash
REC_NPE_00058689,NPU_00013,family_support,21310.06,monthly,esewa
REC_NPE_00058690,NPU_00014,family_support,15585.28,monthly,cash
REC_NPE_00058691,NPU_00016,family_support,16473.83,monthly,cash
REC_NPE_00058693,NPU_00017,family_support,19373.16,monthly,cash
REC_NPE_00058696,NPU_00018,family_support,87890.0,monthly,khalti
REC_NPE_00058700,NPU_00021,family_support,6372.82,monthly,cash
REC_NPE_00058703,NPU_00023,family_support,11970.38,monthly,cash
REC_NPE_00058706,NPU_00025,family_support,17565.26,monthly,esewa
REC_NPE_00058707,NPU_00026,family_support,14668.02,monthly,fonepay_qr
REC_NPE_00058711,NPU_00028,family_support,10140.0,monthly,debit_card
REC_NPE_00058715,NPU_00030,family_support,5989.48,monthly,esewa
REC_NPE_00058717,NPU_00031,family_support,27473.08,monthly,esewa
REC_NPE_00058721,NPU_00032,family_support,18439.4,monthly,cash
REC_NPE_00058724,NPU_00033,family_support,16757.67,monthly,cash
REC_NPE_00058727,NPU_00035,family_support,4597.4,monthly,bank_transfer
REC_NPE_00058731,NPU_00037,family_support,10093.29,monthly,cash
REC_NPE_00058732,NPU_00038,family_support,27459.95,monthly,credit_card
REC_NPE_00058734,NPU_00039,family_support,4679.28,monthly,bank_transfer
REC_NPE_00058735,NPU_00040,family_support,17098.69,monthly,esewa
REC_NPE_00058736,NPU_00041,family_support,46216.31,monthly,esewa
REC_NPE_00058737,NPU_00042,family_support,47226.41,monthly,cash
REC_NPE_00058740,NPU_00044,family_support,20390.85,monthly,cash
REC_NPE_00058743,NPU_00045,family_support,17844.7,monthly,fonepay_qr
REC_NPE_00058745,NPU_00046,family_support,6064.23,monthly,bank_transfer
REC_NPE_00058747,NPU_00047,family_support,14348.35,monthly,cash
REC_NPE_00058750,NPU_00048,family_support,15174.73,monthly,cash
REC_NPE_00058755,NPU_00051,family_support,12947.51,monthly,cash
REC_NPE_00058758,NPU_00053,family_support,10318.09,monthly,khalti
REC_NPE_00058759,NPU_00054,family_support,14972.78,monthly,cash
REC_NPE_00058760,NPU_00055,family_support,27833.81,monthly,esewa
REC_NPE_00058763,NPU_00058,family_support,41241.49,monthly,credit_card
REC_NPE_00058764,NPU_00059,family_support,12514.97,monthly,cash
REC_NPE_00058767,NPU_00060,family_support,21435.82,monthly,esewa
REC_NPE_00058772,NPU_00062,family_support,11280.82,monthly,esewa
REC_NPE_00058773,NPU_00064,family_support,58060.62,monthly,bank_transfer
REC_NPE_00058774,NPU_00065,family_support,21789.95,monthly,debit_card
REC_NPE_00058777,NPU_00067,family_support,54633.92,monthly,esewa
REC_NPE_00058780,NPU_00068,family_support,25104.47,monthly,cash
REC_NPE_00058781,NPU_00069,family_support,10782.41,monthly,cash
REC_NPE_00058785,NPU_00071,family_support,12329.0,monthly,debit_card
REC_NPE_00058786,NPU_00072,family_support,14984.07,monthly,cash
REC_NPE_00058788,NPU_00073,family_support,14763.66,monthly,cash
REC_NPE_00058792,NPU_00074,family_support,14625.05,monthly,debit_card
REC_NPE_00058793,NPU_00076,family_support,18652.24,monthly,bank_transfer
REC_NPE_00058796,NPU_00077,family_support,15033.97,monthly,cash
REC_NPE_00058799,NPU_00078,family_support,21075.92,monthly,esewa
REC_NPE_00058801,NPU_00079,family_support,4992.6,monthly,cash
REC_NPE_00058803,NPU_00080,family_support,14180.88,monthly,khalti
REC_NPE_00058986,NPU_00001,utilities,1911.53,monthly,fonepay_qr
REC_NPE_00058988,NPU_00002,utilities,2011.5,monthly,bank_transfer
REC_NPE_00058993,NPU_00004,utilities,1553.03,monthly,cash
REC_NPE_00058997,NPU_00006,utilities,3285.02,monthly,cash
REC_NPE_00059000,NPU_00007,utilities,4247.64,monthly,khalti
REC_NPE_00059002,NPU_00008,utilities,7442.0,monthly,esewa
REC_NPE_00059004,NPU_00009,utilities,3849.76,monthly,cash
REC_NPE_00059007,NPU_00010,utilities,2831.31,monthly,cash
REC_NPE_00059010,NPU_00011,utilities,2503.03,monthly,cash
REC_NPE_00059012,NPU_00012,utilities,2158.74,monthly,bank_transfer
REC_NPE_00059016,NPU_00014,utilities,5710.39,monthly,bank_transfer
REC_NPE_00059020,NPU_00016,utilities,3513.21,monthly,bank_transfer
REC_NPE_00059021,NPU_00017,utilities,4191.63,monthly,fonepay_qr
REC_NPE_00059022,NPU_00018,utilities,1364.52,monthly,debit_card
REC_NPE_00059026,NPU_00020,utilities,2864.07,monthly,bank_transfer
REC_NPE_00059028,NPU_00022,utilities,5297.49,monthly,debit_card
REC_NPE_00059030,NPU_00023,utilities,1392.96,monthly,khalti
REC_NPE_00059032,NPU_00024,utilities,4112.08,monthly,cash
REC_NPE_00059035,NPU_00026,utilities,3316.96,monthly,cash
REC_NPE_00059039,NPU_00028,utilities,4103.56,monthly,fonepay_qr
REC_NPE_00059042,NPU_00029,utilities,5373.53,monthly,cash
REC_NPE_00059044,NPU_00030,utilities,2681.0,monthly,cash
REC_NPE_00059047,NPU_00031,utilities,5962.38,monthly,cash
REC_NPE_00059049,NPU_00032,utilities,3150.47,monthly,cash
REC_NPE_00059051,NPU_00033,utilities,1762.23,monthly,esewa
REC_NPE_00059052,NPU_00034,utilities,1112.03,monthly,khalti
REC_NPE_00059055,NPU_00036,utilities,2156.15,monthly,cash
REC_NPE_00059056,NPU_00037,utilities,1791.59,monthly,cash
REC_NPE_00059061,NPU_00039,utilities,2884.29,monthly,debit_card
REC_NPE_00059063,NPU_00040,utilities,8812.53,monthly,bank_transfer
REC_NPE_00059068,NPU_00041,utilities,6612.8,monthly,cash
REC_NPE_00059071,NPU_00042,utilities,3793.2,monthly,esewa
REC_NPE_00059072,NPU_00043,utilities,2212.15,monthly,cash
REC_NPE_00059074,NPU_00044,utilities,4427.74,monthly,credit_card
REC_NPE_00059076,NPU_00045,utilities,4621.75,monthly,credit_card
REC_NPE_00059077,NPU_00046,utilities,5724.46,monthly,fonepay_qr
REC_NPE_00059079,NPU_00048,utilities,3706.66,monthly,khalti
REC_NPE_00059083,NPU_00050,utilities,6498.61,monthly,cash
REC_NPE_00059086,NPU_00052,utilities,10710.0,monthly,credit_card
REC_NPE_00059088,NPU_00053,utilities,1195.08,monthly,cash
REC_NPE_00059092,NPU_00055,utilities,2082.95,monthly,fonepay_qr
REC_NPE_00059096,NPU_00056,utilities,2038.01,monthly,cash
REC_NPE_00059099,NPU_00057,utilities,4534.55,monthly,khalti
REC_NPE_00059104,NPU_00059,utilities,1750.82,monthly,bank_transfer
REC_NPE_00059106,NPU_00060,utilities,2995.92,monthly,cash
REC_NPE_00059107,NPU_00061,utilities,8946.16,monthly,esewa
REC_NPE_00059108,NPU_00062,utilities,5025.26,monthly,khalti
REC_NPE_00059110,NPU_00064,utilities,5350.54,monthly,fonepay_qr
REC_NPE_00059113,NPU_00065,utilities,8976.0,monthly,esewa
REC_NPE_00059115,NPU_00066,utilities,4671.25,monthly,bank_transfer
REC_NPE_00059116,NPU_00067,utilities,1460.59,monthly,fonepay_qr
REC_NPE_00059120,NPU_00068,utilities,3472.94,monthly,debit_card
REC_NPE_00059121,NPU_00069,utilities,1611.76,monthly,debit_card
REC_NPE_00059124,NPU_00070,utilities,3024.87,monthly,cash
REC_NPE_00059125,NPU_00071,utilities,3778.31,monthly,cash
REC_NPE_00059126,NPU_00072,utilities,7743.57,monthly,bank_transfer
REC_NPE_00059128,NPU_00073,utilities,3551.39,monthly,debit_card
REC_NPE_00059131,NPU_00076,utilities,2390.13,monthly,cash
REC_NPE_00059380,NPU_00001,internet_mobile,1452.79,monthly,cash
REC_NPE_00059381,NPU_00002,internet_mobile,1684.99,monthly,cash
REC_NPE_00059382,NPU_00003,internet_mobile,874.72,monthly,debit_card
REC_NPE_00059385,NPU_00004,internet_mobile,1434.02,monthly,khalti
REC_NPE_00059386,NPU_00005,internet_mobile,1210.79,monthly,khalti
REC_NPE_00059387,NPU_00006,internet_mobile,2204.24,monthly,debit_card
REC_NPE_00059390,NPU_00007,internet_mobile,1210.07,monthly,esewa
REC_NPE_00059391,NPU_00008,internet_mobile,1535.69,monthly,cash
REC_NPE_00059395,NPU_00009,internet_mobile,1666.66,monthly,esewa
REC_NPE_00059396,NPU_00010,internet_mobile,348.69,monthly,cash
REC_NPE_00059398,NPU_00011,internet_mobile,2565.97,monthly,bank_transfer
REC_NPE_00059401,NPU_00013,internet_mobile,2405.19,monthly,bank_transfer
REC_NPE_00059402,NPU_00014,internet_mobile,1990.36,monthly,debit_card
REC_NPE_00059404,NPU_00015,internet_mobile,1000.48,monthly,cash
REC_NPE_00059406,NPU_00016,internet_mobile,1883.5,monthly,bank_transfer
REC_NPE_00059407,NPU_00017,internet_mobile,1150.0,monthly,cash
REC_NPE_00059409,NPU_00018,internet_mobile,3902.69,monthly,cash
REC_NPE_00059410,NPU_00019,internet_mobile,7244.39,monthly,cash
REC_NPE_00059415,NPU_00021,internet_mobile,1687.12,monthly,cash
REC_NPE_00059417,NPU_00022,internet_mobile,799.63,monthly,bank_transfer
REC_NPE_00059418,NPU_00023,internet_mobile,812.39,monthly,khalti
REC_NPE_00059422,NPU_00025,internet_mobile,3296.25,monthly,debit_card
REC_NPE_00059424,NPU_00026,internet_mobile,3004.28,monthly,cash
REC_NPE_00059425,NPU_00028,internet_mobile,1626.64,monthly,bank_transfer
REC_NPE_00059427,NPU_00029,internet_mobile,2313.19,monthly,bank_transfer
REC_NPE_00059430,NPU_00030,internet_mobile,1714.3,monthly,cash
REC_NPE_00059434,NPU_00032,internet_mobile,2068.08,monthly,fonepay_qr
REC_NPE_00059439,NPU_00033,internet_mobile,640.45,monthly,esewa
REC_NPE_00059444,NPU_00035,internet_mobile,4284.0,monthly,esewa
REC_NPE_00059447,NPU_00036,internet_mobile,4130.36,monthly,cash
REC_NPE_00059449,NPU_00037,internet_mobile,6247.5,monthly,cash
REC_NPE_00059450,NPU_00038,internet_mobile,4258.45,monthly,cash
REC_NPE_00059452,NPU_00040,internet_mobile,2748.98,monthly,cash
REC_NPE_00059454,NPU_00041,internet_mobile,865.59,monthly,cash
REC_NPE_00059456,NPU_00042,internet_mobile,1567.97,monthly,khalti
REC_NPE_00059457,NPU_00043,internet_mobile,1108.39,monthly,cash
REC_NPE_00059458,NPU_00044,internet_mobile,2463.5,monthly,cash
REC_NPE_00059461,NPU_00047,internet_mobile,1387.42,monthly,bank_transfer
REC_NPE_00059464,NPU_00048,internet_mobile,4469.69,monthly,esewa
REC_NPE_00059465,NPU_00049,internet_mobile,2581.95,monthly,bank_transfer
REC_NPE_00059467,NPU_00051,internet_mobile,1435.25,monthly,cash
REC_NPE_00059471,NPU_00053,internet_mobile,1114.21,monthly,esewa
REC_NPE_00059473,NPU_00054,internet_mobile,803.74,monthly,esewa
REC_NPE_00059476,NPU_00055,internet_mobile,2473.63,monthly,cash
REC_NPE_00059480,NPU_00056,internet_mobile,1597.86,monthly,cash
REC_NPE_00059481,NPU_00057,internet_mobile,1924.53,monthly,cash
REC_NPE_00059484,NPU_00059,internet_mobile,1204.23,monthly,cash
REC_NPE_00059486,NPU_00060,internet_mobile,1475.53,monthly,khalti
REC_NPE_00059489,NPU_00061,internet_mobile,2731.59,monthly,khalti
REC_NPE_00059490,NPU_00062,internet_mobile,715.59,monthly,esewa
REC_NPE_00059493,NPU_00063,internet_mobile,2273.15,monthly,credit_card
REC_NPE_00059494,NPU_00064,internet_mobile,1952.45,monthly,cash
REC_NPE_00059497,NPU_00065,internet_mobile,1507.33,monthly,cash
REC_NPE_00059499,NPU_00066,internet_mobile,2740.26,monthly,esewa
REC_NPE_00059500,NPU_00067,internet_mobile,1347.95,monthly,cash
REC_NPE_00059503,NPU_00068,internet_mobile,3053.74,monthly,bank_transfer
REC_NPE_00059504,NPU_00069,internet_mobile,1682.93,monthly,cash
REC_NPE_00059505,NPU_00070,internet_mobile,2060.21,monthly,bank_transfer
REC_NPE_00059509,NPU_00072,internet_mobile,3535.33,monthly,cash
REC_NPE_00059510,NPU_00073,internet_mobile,7437.5,monthly,cash
REC_NPE_00059511,NPU_00074,internet_mobile,752.71,monthly,cash
REC_NPE_00059515,NPU_00076,internet_mobile,797.68,monthly,cash
REC_NPE_00059517,NPU_00078,internet_mobile,3499.49,monthly,cash
REC_NPE_00059518,NPU_00079,internet_mobile,721.03,monthly,bank_transfer
REC_NPE_00059520,NPU_00080,internet_mobile,1403.82,monthly,cash
REC_NPE_00059693,NPU_00001,loan_emi,10481.35,monthly,cash
REC_NPE_00059696,NPU_00004,loan_emi,12096.51,monthly,cash
REC_NPE_00059701,NPU_00005,loan_emi,13198.43,monthly,esewa
REC_NPE_00059706,NPU_00010,loan_emi,11732.2,monthly,cash
REC_NPE_00059714,NPU_00014,loan_emi,14881.83,monthly,cash
REC_NPE_00059719,NPU_00019,loan_emi,19603.97,monthly,fonepay_qr
REC_NPE_00059720,NPU_00020,loan_emi,17687.45,monthly,khalti
REC_NPE_00059724,NPU_00023,loan_emi,15146.8,monthly,bank_transfer
REC_NPE_00059726,NPU_00024,loan_emi,13910.46,monthly,cash
REC_NPE_00059728,NPU_00025,loan_emi,24082.03,monthly,cash
REC_NPE_00059730,NPU_00027,loan_emi,14784.07,monthly,credit_card
REC_NPE_00059734,NPU_00029,loan_emi,11887.69,monthly,cash
REC_NPE_00059735,NPU_00030,loan_emi,25418.58,monthly,cash
REC_NPE_00059747,NPU_00037,loan_emi,16511.36,monthly,credit_card
REC_NPE_00059749,NPU_00038,loan_emi,46270.13,monthly,cash
REC_NPE_00059756,NPU_00043,loan_emi,29822.18,monthly,cash
REC_NPE_00059759,NPU_00044,loan_emi,10802.5,monthly,esewa
REC_NPE_00059762,NPU_00046,loan_emi,30382.09,monthly,cash
REC_NPE_00059763,NPU_00047,loan_emi,11917.58,monthly,cash
REC_NPE_00059767,NPU_00049,loan_emi,19006.64,monthly,esewa
REC_NPE_00059781,NPU_00059,loan_emi,19425.76,monthly,esewa
REC_NPE_00059786,NPU_00064,loan_emi,27570.1,monthly,esewa
REC_NPE_00059788,NPU_00066,loan_emi,30347.87,monthly,esewa
REC_NPE_00059790,NPU_00067,loan_emi,26833.16,monthly,bank_transfer
REC_NPE_00059793,NPU_00068,loan_emi,14124.17,monthly,bank_transfer
REC_NPE_00059799,NPU_00071,loan_emi,14772.38,monthly,cash
REC_NPE_00059802,NPU_00074,loan_emi,11319.79,monthly,khalti
REC_NPE_00059804,NPU_00077,loan_emi,7511.98,monthly,cash
REC_NPE_00059978,NPU_00001,subscriptions,845.51,monthly,cash
REC_NPE_00059980,NPU_00002,subscriptions,2009.61,monthly,esewa
REC_NPE_00059982,NPU_00003,subscriptions,848.15,monthly,fonepay_qr
REC_NPE_00059987,NPU_00007,subscriptions,2496.88,monthly,cash
REC_NPE_00059997,NPU_00011,subscriptions,949.4,monthly,esewa
REC_NPE_00059998,NPU_00012,subscriptions,938.93,monthly,bank_transfer
REC_NPE_00060001,NPU_00014,subscriptions,3536.6,monthly,esewa
REC_NPE_00060004,NPU_00016,subscriptions,3538.55,monthly,esewa
REC_NPE_00060005,NPU_00017,subscriptions,5042.34,monthly,cash
REC_NPE_00060008,NPU_00018,subscriptions,1280.09,monthly,cash
REC_NPE_00060009,NPU_00019,subscriptions,2823.38,monthly,khalti
REC_NPE_00060014,NPU_00023,subscriptions,3619.21,monthly,cash
REC_NPE_00060018,NPU_00025,subscriptions,2843.4,monthly,cash
REC_NPE_00060019,NPU_00026,subscriptions,1171.66,monthly,cash
REC_NPE_00060020,NPU_00027,subscriptions,2634.78,monthly,cash
REC_NPE_00060022,NPU_00029,subscriptions,1794.18,monthly,cash
REC_NPE_00060023,NPU_00030,subscriptions,3517.66,monthly,esewa
REC_NPE_00060025,NPU_00031,subscriptions,2769.92,monthly,khalti
REC_NPE_00060027,NPU_00032,subscriptions,5543.91,monthly,debit_card
REC_NPE_00060028,NPU_00034,subscriptions,3104.45,monthly,debit_card
REC_NPE_00060029,NPU_00035,subscriptions,2111.34,monthly,cash
REC_NPE_00060032,NPU_00037,subscriptions,1239.45,monthly,cash
REC_NPE_00060033,NPU_00038,subscriptions,3859.97,monthly,cash
REC_NPE_00060038,NPU_00042,subscriptions,7599.25,monthly,cash
REC_NPE_00060040,NPU_00044,subscriptions,1146.33,monthly,esewa
REC_NPE_00060041,NPU_00047,subscriptions,1218.77,monthly,debit_card
REC_NPE_00060052,NPU_00054,subscriptions,1241.57,monthly,khalti
REC_NPE_00060053,NPU_00055,subscriptions,4156.77,monthly,cash
REC_NPE_00060054,NPU_00056,subscriptions,1081.52,monthly,khalti
REC_NPE_00060057,NPU_00057,subscriptions,4235.82,monthly,cash
REC_NPE_00060058,NPU_00058,subscriptions,3918.37,monthly,fonepay_qr
REC_NPE_00060063,NPU_00060,subscriptions,4088.44,monthly,cash
REC_NPE_00060065,NPU_00061,subscriptions,3108.71,monthly,esewa
REC_NPE_00060069,NPU_00063,subscriptions,1855.52,monthly,cash
REC_NPE_00060071,NPU_00064,subscriptions,1438.49,monthly,cash
REC_NPE_00060074,NPU_00065,subscriptions,1589.94,monthly,esewa
REC_NPE_00060082,NPU_00070,subscriptions,4051.63,monthly,cash
REC_NPE_00060083,NPU_00071,subscriptions,1355.56,monthly,cash
REC_NPE_00060084,NPU_00072,subscriptions,1370.69,monthly,cash
REC_NPE_00060085,NPU_00073,subscriptions,2528.78,monthly,bank_transfer
REC_NPE_00060090,NPU_00078,subscriptions,3458.03,monthly,bank_transfer
REC_NPE_00060093,NPU_00079,subscriptions,1399.21,monthly,cash
REC_NPE_00060094,NPU_00080,subscriptions,1116.17,monthly,cash
REC_NPE_00061159,NPU_00001,rent,11215.45,monthly,cash
REC_NPE_00061165,NPU_00006,rent,35832.64,monthly,cash
REC_NPE_00061166,NPU_00007,rent,52859.54,monthly,debit_card
REC_NPE_00061169,NPU_00009,rent,74375.0,monthly,bank_transfer
REC_NPE_00061170,NPU_00010,rent,25883.5,monthly,cash
REC_NPE_00061174,NPU_00012,rent,30104.64,monthly,esewa
REC_NPE_00061178,NPU_00015,rent,18798.67,monthly,esewa
REC_NPE_00061182,NPU_00019,rent,10000.0,monthly,fonepay_qr
REC_NPE_00061185,NPU_00020,rent,20467.69,monthly,esewa
REC_NPE_00061189,NPU_00022,rent,22493.87,monthly,esewa
REC_NPE_00061192,NPU_00024,rent,27567.27,monthly,cash
REC_NPE_00061195,NPU_00026,rent,40534.68,monthly,khalti
REC_NPE_00061200,NPU_00031,rent,20719.7,monthly,esewa
REC_NPE_00061202,NPU_00033,rent,22661.06,monthly,credit_card
REC_NPE_00061203,NPU_00037,rent,18008.56,monthly,cash
REC_NPE_00061204,NPU_00038,rent,23504.55,monthly,esewa
REC_NPE_00061207,NPU_00039,rent,10984.61,monthly,esewa
REC_NPE_00061213,NPU_00043,rent,22740.93,monthly,khalti
REC_NPE_00061220,NPU_00047,rent,31872.44,monthly,bank_transfer
REC_NPE_00061223,NPU_00048,rent,48487.29,monthly,debit_card
REC_NPE_00061224,NPU_00049,rent,67633.97,monthly,cash
REC_NPE_00061226,NPU_00051,rent,11971.29,monthly,fonepay_qr
REC_NPE_00061230,NPU_00055,rent,24554.56,monthly,cash
REC_NPE_00061232,NPU_00056,rent,12059.35,monthly,esewa
REC_NPE_00061233,NPU_00057,rent,74375.0,monthly,bank_transfer
REC_NPE_00061236,NPU_00061,rent,26648.69,monthly,cash
REC_NPE_00061238,NPU_00063,rent,9342.28,monthly,khalti
REC_NPE_00061242,NPU_00066,rent,51444.5,monthly,esewa
REC_NPE_00061245,NPU_00067,rent,31860.44,monthly,khalti
REC_NPE_00061248,NPU_00068,rent,39999.19,monthly,esewa
REC_NPE_00061251,NPU_00072,rent,8400.0,monthly,cash
REC_NPE_00061254,NPU_00075,rent,14974.77,monthly,bank_transfer
REC_NPE_00061261,NPU_00080,rent,52360.0,monthly,bank_transfer
REC_NPE_00061356,NPU_00006,savings_investment,26078.74,monthly,cash
REC_NPE_00061359,NPU_00007,savings_investment,14457.76,monthly,khalti
REC_NPE_00061361,NPU_00008,savings_investment,29884.05,monthly,cash
REC_NPE_00061370,NPU_00018,savings_investment,3493.22,monthly,esewa
REC_NPE_00061371,NPU_00019,savings_investment,36022.69,monthly,cash
REC_NPE_00061372,NPU_00021,savings_investment,6771.55,monthly,cash
REC_NPE_00061374,NPU_00022,savings_investment,20705.36,monthly,bank_transfer
REC_NPE_00061377,NPU_00024,savings_investment,4720.01,monthly,esewa
REC_NPE_00061388,NPU_00031,savings_investment,7287.85,monthly,debit_card
REC_NPE_00061389,NPU_00032,savings_investment,3802.82,monthly,cash
REC_NPE_00061391,NPU_00034,savings_investment,9039.85,monthly,khalti
REC_NPE_00061398,NPU_00038,savings_investment,21672.74,monthly,cash
REC_NPE_00061400,NPU_00039,savings_investment,17056.3,monthly,esewa
REC_NPE_00061401,NPU_00040,savings_investment,4885.61,monthly,debit_card
REC_NPE_00061412,NPU_00050,savings_investment,7384.23,monthly,cash
REC_NPE_00061416,NPU_00053,savings_investment,1064.74,monthly,fonepay_qr
REC_NPE_00061420,NPU_00057,savings_investment,4192.22,monthly,cash
REC_NPE_00061424,NPU_00060,savings_investment,37681.61,monthly,esewa
REC_NPE_00061429,NPU_00065,savings_investment,8639.19,monthly,cash
REC_NPE_00061434,NPU_00067,savings_investment,10016.43,monthly,cash
REC_NPE_00061438,NPU_00068,savings_investment,7156.56,monthly,bank_transfer
REC_NPE_00061443,NPU_00070,savings_investment,18061.98,monthly,fonepay_qr
REC_NPE_00061444,NPU_00072,savings_investment,303.42,monthly,cash
REC_NPE_00061445,NPU_00075,savings_investment,28164.69,monthly,cash
REC_NPE_00061452,NPU_00080,savings_investment,10031.66,monthly,cash
REC_NPE_00061532,NPU_00003,family_support,5701.95,monthly,khalti
REC_NPE_00061537,NPU_00004,family_support,54633.92,monthly,esewa
REC_NPE_00061540,NPU_00005,family_support,18111.62,monthly,cash
REC_NPE_00061542,NPU_00006,family_support,24426.25,monthly,cash
REC_NPE_00061552,NPU_00014,family_support,17427.25,monthly,bank_transfer
REC_NPE_00061561,NPU_00016,family_support,12415.54,monthly,bank_transfer
REC_NPE_00061563,NPU_00017,family_support,16490.76,monthly,debit_card
REC_NPE_00061566,NPU_00018,family_support,30263.84,monthly,bank_transfer
REC_NPE_00061568,NPU_00019,family_support,11957.45,monthly,cash
REC_NPE_00061572,NPU_00021,family_support,14717.9,monthly,credit_card
REC_NPE_00061577,NPU_00022,family_support,11636.32,monthly,cash
REC_NPE_00061580,NPU_00023,family_support,13485.17,monthly,cash
REC_NPE_00061581,NPU_00025,family_support,30819.2,monthly,debit_card
REC_NPE_00061588,NPU_00028,family_support,8268.14,monthly,esewa
REC_NPE_00061590,NPU_00029,family_support,7630.35,monthly,cash
REC_NPE_00061591,NPU_00030,family_support,8896.7,monthly,cash
REC_NPE_00061592,NPU_00031,family_support,21348.0,monthly,bank_transfer
REC_NPE_00061598,NPU_00033,family_support,12300.81,monthly,cash
REC_NPE_00061599,NPU_00034,family_support,4727.59,monthly,esewa
REC_NPE_00061601,NPU_00035,family_support,11996.3,monthly,cash
REC_NPE_00061607,NPU_00039,family_support,7842.04,monthly,cash
REC_NPE_00061609,NPU_00040,family_support,21349.84,monthly,cash
REC_NPE_00061611,NPU_00041,family_support,17041.91,monthly,bank_transfer
REC_NPE_00061614,NPU_00043,family_support,8095.66,monthly,esewa
REC_NPE_00061617,NPU_00045,family_support,14250.49,monthly,cash
REC_NPE_00061618,NPU_00046,family_support,8210.55,monthly,cash
REC_NPE_00061620,NPU_00047,family_support,38543.78,monthly,cash
REC_NPE_00061623,NPU_00048,family_support,33335.51,monthly,esewa
REC_NPE_00061625,NPU_00049,family_support,19759.02,monthly,debit_card
REC_NPE_00061629,NPU_00050,family_support,23509.75,monthly,debit_card
REC_NPE_00061632,NPU_00052,family_support,28796.52,monthly,bank_transfer
REC_NPE_00061634,NPU_00053,family_support,7396.43,monthly,cash
REC_NPE_00061638,NPU_00057,family_support,14556.35,monthly,bank_transfer
REC_NPE_00061642,NPU_00059,family_support,12854.16,monthly,cash
REC_NPE_00061646,NPU_00062,family_support,26978.37,monthly,bank_transfer
REC_NPE_00061648,NPU_00063,family_support,6885.98,monthly,cash
REC_NPE_00061653,NPU_00065,family_support,16118.86,monthly,fonepay_qr
REC_NPE_00061656,NPU_00066,family_support,50408.84,monthly,cash
REC_NPE_00061658,NPU_00067,family_support,11892.07,monthly,fonepay_qr
REC_NPE_00061661,NPU_00069,family_support,25755.29,monthly,bank_transfer
REC_NPE_00061663,NPU_00070,family_support,23409.95,monthly,bank_transfer
REC_NPE_00061667,NPU_00071,family_support,30376.49,monthly,esewa
REC_NPE_00061668,NPU_00072,family_support,10421.24,monthly,esewa
REC_NPE_00061670,NPU_00073,family_support,6759.34,monthly,bank_transfer
REC_NPE_00061672,NPU_00074,family_support,46750.0,monthly,esewa
REC_NPE_00061673,NPU_00075,family_support,10707.49,monthly,esewa
REC_NPE_00061675,NPU_00076,family_support,14964.22,monthly,esewa
REC_NPE_00061676,NPU_00077,family_support,44248.32,monthly,cash
REC_NPE_00061680,NPU_00080,family_support,12300.02,monthly,esewa
REC_NPE_00061901,NPU_00002,utilities,5421.66,monthly,khalti
REC_NPE_00061904,NPU_00004,utilities,2425.54,monthly,cash
REC_NPE_00061905,NPU_00005,utilities,2369.39,monthly,esewa
REC_NPE_00061906,NPU_00006,utilities,2993.01,monthly,debit_card
REC_NPE_00061907,NPU_00007,utilities,2759.26,monthly,khalti
REC_NPE_00061908,NPU_00008,utilities,6846.13,monthly,esewa
REC_NPE_00061911,NPU_00009,utilities,5684.47,monthly,cash
REC_NPE_00061913,NPU_00011,utilities,3910.34,monthly,bank_transfer
REC_NPE_00061915,NPU_00013,utilities,2490.87,monthly,cash
REC_NPE_00061919,NPU_00016,utilities,5205.15,monthly,cash
REC_NPE_00061920,NPU_00017,utilities,3047.92,monthly,bank_transfer
REC_NPE_00061922,NPU_00018,utilities,3599.34,monthly,cash
REC_NPE_00061924,NPU_00019,utilities,5669.4,monthly,cash
REC_NPE_00061928,NPU_00021,utilities,6169.74,monthly,cash
REC_NPE_00061930,NPU_00023,utilities,5021.72,monthly,cash
REC_NPE_00061932,NPU_00024,utilities,3600.61,monthly,cash
REC_NPE_00061934,NPU_00025,utilities,4845.61,monthly,esewa
REC_NPE_00061936,NPU_00026,utilities,1314.29,monthly,esewa
REC_NPE_00061937,NPU_00027,utilities,3260.62,monthly,cash
REC_NPE_00061939,NPU_00028,utilities,2428.49,monthly,cash
REC_NPE_00061940,NPU_00029,utilities,3416.42,monthly,cash
REC_NPE_00061944,NPU_00032,utilities,676.88,monthly,fonepay_qr
REC_NPE_00061945,NPU_00033,utilities,1666.16,monthly,esewa
REC_NPE_00061947,NPU_00034,utilities,2437.8,monthly,cash
REC_NPE_00061949,NPU_00036,utilities,4911.56,monthly,cash
REC_NPE_00061951,NPU_00037,utilities,6337.25,monthly,cash
REC_NPE_00061955,NPU_00040,utilities,4770.11,monthly,esewa
REC_NPE_00061956,NPU_00041,utilities,2820.47,monthly,khalti
REC_NPE_00061959,NPU_00042,utilities,5808.3,monthly,cash
REC_NPE_00061960,NPU_00044,utilities,5099.8,monthly,cash
REC_NPE_00061961,NPU_00045,utilities,2409.11,monthly,cash
REC_NPE_00061966,NPU_00047,utilities,1060.99,monthly,cash
REC_NPE_00061969,NPU_00048,utilities,4506.22,monthly,cash
REC_NPE_00061971,NPU_00049,utilities,3291.63,monthly,khalti
REC_NPE_00061972,NPU_00050,utilities,1798.7,monthly,credit_card
REC_NPE_00061973,NPU_00051,utilities,2609.03,monthly,bank_transfer
REC_NPE_00061976,NPU_00053,utilities,3766.97,monthly,esewa
REC_NPE_00061981,NPU_00055,utilities,2503.53,monthly,khalti
REC_NPE_00061983,NPU_00056,utilities,5357.26,monthly,cash
REC_NPE_00061986,NPU_00057,utilities,3255.41,monthly,fonepay_qr
REC_NPE_00061988,NPU_00059,utilities,2848.52,monthly,credit_card
REC_NPE_00061992,NPU_00061,utilities,3149.03,monthly,debit_card
REC_NPE_00061994,NPU_00062,utilities,7742.8,monthly,cash
REC_NPE_00061996,NPU_00063,utilities,6365.11,monthly,cash
REC_NPE_00061999,NPU_00065,utilities,7354.52,monthly,credit_card
REC_NPE_00062003,NPU_00066,utilities,9378.24,monthly,cash
REC_NPE_00062004,NPU_00067,utilities,8976.0,monthly,bank_transfer
REC_NPE_00062006,NPU_00068,utilities,4790.84,monthly,cash
REC_NPE_00062009,NPU_00070,utilities,2223.3,monthly,esewa
REC_NPE_00062010,NPU_00071,utilities,1491.77,monthly,cash
REC_NPE_00062011,NPU_00072,utilities,8411.69,monthly,cash
REC_NPE_00062013,NPU_00073,utilities,3475.98,monthly,bank_transfer
REC_NPE_00062016,NPU_00074,utilities,1023.31,monthly,bank_transfer
REC_NPE_00062018,NPU_00075,utilities,4236.97,monthly,cash
REC_NPE_00062020,NPU_00076,utilities,3025.09,monthly,cash
REC_NPE_00062021,NPU_00077,utilities,10592.48,monthly,khalti
REC_NPE_00062022,NPU_00078,utilities,7711.12,monthly,bank_transfer
REC_NPE_00062023,NPU_00080,utilities,1472.19,monthly,khalti
REC_NPE_00062294,NPU_00002,internet_mobile,1212.35,monthly,bank_transfer
REC_NPE_00062296,NPU_00003,internet_mobile,2156.47,monthly,debit_card
REC_NPE_00062297,NPU_00004,internet_mobile,501.64,monthly,esewa
REC_NPE_00062300,NPU_00006,internet_mobile,1372.57,monthly,fonepay_qr
REC_NPE_00062302,NPU_00007,internet_mobile,670.89,monthly,cash
REC_NPE_00062305,NPU_00008,internet_mobile,2891.9,monthly,esewa
REC_NPE_00062306,NPU_00009,internet_mobile,1416.74,monthly,khalti
REC_NPE_00062308,NPU_00010,internet_mobile,1775.84,monthly,khalti
REC_NPE_00062310,NPU_00011,internet_mobile,1770.76,monthly,cash
REC_NPE_00062312,NPU_00012,internet_mobile,6247.5,monthly,esewa
REC_NPE_00062316,NPU_00013,internet_mobile,2891.64,monthly,cash
REC_NPE_00062319,NPU_00014,internet_mobile,3427.24,monthly,bank_transfer
REC_NPE_00062320,NPU_00015,internet_mobile,3047.02,monthly,fonepay_qr
REC_NPE_00062323,NPU_00016,internet_mobile,2103.89,monthly,cash
REC_NPE_00062328,NPU_00017,internet_mobile,1071.56,monthly,esewa
REC_NPE_00062331,NPU_00018,internet_mobile,1072.94,monthly,debit_card
REC_NPE_00062332,NPU_00019,internet_mobile,2721.54,monthly,cash
REC_NPE_00062334,NPU_00020,internet_mobile,7437.5,monthly,bank_transfer
REC_NPE_00062337,NPU_00021,internet_mobile,6061.22,monthly,khalti
REC_NPE_00062340,NPU_00022,internet_mobile,2012.9,monthly,cash
REC_NPE_00062342,NPU_00023,internet_mobile,1483.53,monthly,esewa
REC_NPE_00062343,NPU_00024,internet_mobile,1381.33,monthly,esewa
REC_NPE_00062345,NPU_00025,internet_mobile,2502.47,monthly,esewa
REC_NPE_00062347,NPU_00026,internet_mobile,2780.72,monthly,fonepay_qr
REC_NPE_00062349,NPU_00027,internet_mobile,3660.96,monthly,fonepay_qr
REC_NPE_00062353,NPU_00028,internet_mobile,2550.43,monthly,cash
REC_NPE_00062355,NPU_00029,internet_mobile,1893.71,monthly,fonepay_qr
REC_NPE_00062357,NPU_00030,internet_mobile,2823.04,monthly,cash
REC_NPE_00062362,NPU_00032,internet_mobile,3042.1,monthly,bank_transfer
REC_NPE_00062366,NPU_00033,internet_mobile,726.79,monthly,esewa
REC_NPE_00062367,NPU_00034,internet_mobile,1080.0,monthly,fonepay_qr
REC_NPE_00062370,NPU_00035,internet_mobile,2776.85,monthly,cash
REC_NPE_00062372,NPU_00036,internet_mobile,3081.1,monthly,fonepay_qr
REC_NPE_00062374,NPU_00037,internet_mobile,1399.09,monthly,esewa
REC_NPE_00062377,NPU_00038,internet_mobile,4039.95,monthly,fonepay_qr
REC_NPE_00062380,NPU_00039,internet_mobile,2860.45,monthly,khalti
REC_NPE_00062385,NPU_00041,internet_mobile,3527.3,monthly,debit_card
REC_NPE_00062388,NPU_00042,internet_mobile,2491.32,monthly,cash
REC_NPE_00062391,NPU_00043,internet_mobile,2065.16,monthly,esewa
REC_NPE_00062392,NPU_00044,internet_mobile,1555.86,monthly,cash
REC_NPE_00062396,NPU_00045,internet_mobile,1198.21,monthly,esewa
REC_NPE_00062398,NPU_00046,internet_mobile,1930.37,monthly,cash
REC_NPE_00062400,NPU_00047,internet_mobile,4129.96,monthly,esewa
REC_NPE_00062402,NPU_00048,internet_mobile,4065.97,monthly,bank_transfer
REC_NPE_00062404,NPU_00049,internet_mobile,3196.76,monthly,esewa
REC_NPE_00062409,NPU_00051,internet_mobile,1064.99,monthly,bank_transfer
REC_NPE_00062412,NPU_00052,internet_mobile,3202.75,monthly,cash
REC_NPE_00062413,NPU_00053,internet_mobile,1334.64,monthly,cash
REC_NPE_00062415,NPU_00054,internet_mobile,816.98,monthly,cash
REC_NPE_00062418,NPU_00055,internet_mobile,7437.5,monthly,khalti
REC_NPE_00062420,NPU_00056,internet_mobile,401.89,monthly,khalti
REC_NPE_00062423,NPU_00057,internet_mobile,3387.58,monthly,khalti
REC_NPE_00062427,NPU_00058,internet_mobile,2284.1,monthly,bank_transfer
REC_NPE_00062429,NPU_00059,internet_mobile,1733.3,monthly,cash
REC_NPE_00062432,NPU_00061,internet_mobile,4461.86,monthly,esewa
REC_NPE_00062433,NPU_00062,internet_mobile,2247.53,monthly,bank_transfer
REC_NPE_00062435,NPU_00063,internet_mobile,466.69,monthly,cash
REC_NPE_00062437,NPU_00064,internet_mobile,4880.3,monthly,bank_transfer
REC_NPE_00062438,NPU_00065,internet_mobile,1017.95,monthly,cash
REC_NPE_00062444,NPU_00068,internet_mobile,1853.05,monthly,debit_card
REC_NPE_00062446,NPU_00069,internet_mobile,4780.58,monthly,khalti
REC_NPE_00062449,NPU_00070,internet_mobile,1620.21,monthly,cash
REC_NPE_00062453,NPU_00071,internet_mobile,2398.6,monthly,bank_transfer
REC_NPE_00062455,NPU_00072,internet_mobile,2540.12,monthly,cash
REC_NPE_00062456,NPU_00073,internet_mobile,2438.64,monthly,esewa
REC_NPE_00062458,NPU_00074,internet_mobile,2697.61,monthly,bank_transfer
REC_NPE_00062459,NPU_00075,internet_mobile,847.35,monthly,esewa
REC_NPE_00062461,NPU_00076,internet_mobile,945.34,monthly,cash
REC_NPE_00062463,NPU_00077,internet_mobile,2229.24,monthly,cash
REC_NPE_00062464,NPU_00078,internet_mobile,3756.76,monthly,esewa
REC_NPE_00062468,NPU_00080,internet_mobile,468.67,monthly,esewa
REC_NPE_00062672,NPU_00005,loan_emi,12701.05,monthly,esewa
REC_NPE_00062673,NPU_00007,loan_emi,15608.55,monthly,fonepay_qr
REC_NPE_00062677,NPU_00011,loan_emi,35595.05,monthly,cash
REC_NPE_00062678,NPU_00012,loan_emi,9384.63,monthly,cash
REC_NPE_00062684,NPU_00016,loan_emi,8526.25,monthly,esewa
REC_NPE_00062689,NPU_00021,loan_emi,12781.95,monthly,esewa
REC_NPE_00062695,NPU_00023,loan_emi,13018.53,monthly,cash
REC_NPE_00062697,NPU_00024,loan_emi,42566.59,monthly,cash
REC_NPE_00062704,NPU_00029,loan_emi,10024.14,monthly,credit_card
REC_NPE_00062706,NPU_00031,loan_emi,46579.92,monthly,esewa
REC_NPE_00062709,NPU_00032,loan_emi,24540.29,monthly,esewa
REC_NPE_00062711,NPU_00033,loan_emi,15593.03,monthly,bank_transfer
REC_NPE_00062716,NPU_00034,loan_emi,29916.75,monthly,cash
REC_NPE_00062718,NPU_00035,loan_emi,8574.04,monthly,esewa
REC_NPE_00062723,NPU_00037,loan_emi,21125.1,monthly,cash
REC_NPE_00062724,NPU_00039,loan_emi,11396.77,monthly,cash
REC_NPE_00062726,NPU_00042,loan_emi,36794.37,monthly,khalti
REC_NPE_00062729,NPU_00045,loan_emi,24077.6,monthly,debit_card
REC_NPE_00062742,NPU_00058,loan_emi,15673.35,monthly,cash
REC_NPE_00062750,NPU_00063,loan_emi,11294.41,monthly,cash
REC_NPE_00062751,NPU_00064,loan_emi,45379.45,monthly,debit_card
REC_NPE_00062752,NPU_00065,loan_emi,19652.65,monthly,esewa
REC_NPE_00062754,NPU_00066,loan_emi,8591.89,monthly,esewa
REC_NPE_00062757,NPU_00072,loan_emi,10870.89,monthly,cash
REC_NPE_00062759,NPU_00075,loan_emi,4471.37,monthly,cash
REC_NPE_00062767,NPU_00079,loan_emi,15167.09,monthly,cash
REC_NPE_00062770,NPU_00080,loan_emi,41888.0,monthly,credit_card
REC_NPE_00062936,NPU_00001,subscriptions,3108.32,monthly,khalti
REC_NPE_00062942,NPU_00005,subscriptions,1405.28,monthly,esewa
REC_NPE_00062946,NPU_00007,subscriptions,1011.05,monthly,cash
REC_NPE_00062948,NPU_00008,subscriptions,5685.03,monthly,cash
REC_NPE_00062951,NPU_00012,subscriptions,3171.79,monthly,cash
REC_NPE_00062952,NPU_00013,subscriptions,4443.32,monthly,bank_transfer
REC_NPE_00062955,NPU_00015,subscriptions,4590.16,monthly,esewa
REC_NPE_00062957,NPU_00016,subscriptions,1235.47,monthly,credit_card
REC_NPE_00062963,NPU_00021,subscriptions,5581.72,monthly,bank_transfer
REC_NPE_00062965,NPU_00022,subscriptions,3679.62,monthly,cash
REC_NPE_00062968,NPU_00025,subscriptions,1383.35,monthly,bank_transfer
REC_NPE_00062973,NPU_00030,subscriptions,2846.58,monthly,credit_card
REC_NPE_00062977,NPU_00031,subscriptions,2771.75,monthly,cash
REC_NPE_00062984,NPU_00034,subscriptions,2138.52,monthly,cash
REC_NPE_00062986,NPU_00036,subscriptions,1880.13,monthly,esewa
REC_NPE_00062988,NPU_00037,subscriptions,1855.71,monthly,cash
REC_NPE_00062992,NPU_00040,subscriptions,3431.14,monthly,khalti
REC_NPE_00062994,NPU_00041,subscriptions,3824.59,monthly,cash
REC_NPE_00062997,NPU_00042,subscriptions,1547.95,monthly,cash
REC_NPE_00062998,NPU_00043,subscriptions,2292.44,monthly,debit_card
REC_NPE_00063001,NPU_00045,subscriptions,1369.38,monthly,esewa
REC_NPE_00063003,NPU_00046,subscriptions,7140.0,monthly,esewa
REC_NPE_00063004,NPU_00047,subscriptions,2250.68,monthly,esewa
REC_NPE_00063006,NPU_00048,subscriptions,1898.15,monthly,cash
REC_NPE_00063010,NPU_00050,subscriptions,1169.94,monthly,cash
REC_NPE_00063012,NPU_00051,subscriptions,1228.64,monthly,cash
REC_NPE_00063013,NPU_00053,subscriptions,1450.59,monthly,esewa
REC_NPE_00063015,NPU_00054,subscriptions,1096.82,monthly,cash
REC_NPE_00063016,NPU_00055,subscriptions,4166.66,monthly,fonepay_qr
REC_NPE_00063020,NPU_00057,subscriptions,2535.68,monthly,debit_card
REC_NPE_00063022,NPU_00058,subscriptions,808.36,monthly,bank_transfer
REC_NPE_00063023,NPU_00060,subscriptions,3512.56,monthly,cash
REC_NPE_00063026,NPU_00062,subscriptions,3723.64,monthly,credit_card
REC_NPE_00063029,NPU_00065,subscriptions,1830.86,monthly,cash
REC_NPE_00063030,NPU_00066,subscriptions,5878.9,monthly,cash
REC_NPE_00063032,NPU_00067,subscriptions,1922.37,monthly,esewa
REC_NPE_00063036,NPU_00069,subscriptions,5682.74,monthly,cash
REC_NPE_00063037,NPU_00070,subscriptions,1606.12,monthly,cash
REC_NPE_00063041,NPU_00077,subscriptions,2813.85,monthly,cash
REC_NPE_00063043,NPU_00079,subscriptions,1680.17,monthly,cash
REC_NPE_00063045,NPU_00080,subscriptions,1384.47,monthly,esewa
REC_NPE_00064207,NPU_00002,rent,17990.13,monthly,credit_card
REC_NPE_00064212,NPU_00005,rent,18850.57,monthly,cash
REC_NPE_00064215,NPU_00006,rent,33255.17,monthly,cash
REC_NPE_00064216,NPU_00007,rent,23884.44,monthly,cash
REC_NPE_00064219,NPU_00009,rent,12795.2,monthly,esewa
REC_NPE_00064226,NPU_00013,rent,20709.85,monthly,cash
REC_NPE_00064227,NPU_00015,rent,52360.0,monthly,bank_transfer
REC_NPE_00064232,NPU_00019,rent,10868.5,monthly,cash
REC_NPE_00064238,NPU_00022,rent,10989.2,monthly,cash
REC_NPE_00064239,NPU_00023,rent,33195.59,monthly,khalti
REC_NPE_00064241,NPU_00024,rent,23923.51,monthly,esewa
REC_NPE_00064242,NPU_00025,rent,14012.89,monthly,cash
REC_NPE_00064244,NPU_00026,rent,23035.08,monthly,cash
REC_NPE_00064247,NPU_00028,rent,16260.55,monthly,fonepay_qr
REC_NPE_00064248,NPU_00029,rent,52360.0,monthly,esewa
REC_NPE_00064249,NPU_00031,rent,23794.93,monthly,esewa
REC_NPE_00064250,NPU_00033,rent,10739.24,monthly,cash
REC_NPE_00064253,NPU_00035,rent,12409.75,monthly,esewa
REC_NPE_00064254,NPU_00037,rent,8721.91,monthly,khalti
REC_NPE_00064258,NPU_00043,rent,18272.0,monthly,cash
REC_NPE_00064269,NPU_00051,rent,10594.61,monthly,khalti
REC_NPE_00064271,NPU_00052,rent,8486.56,monthly,cash
REC_NPE_00064273,NPU_00053,rent,40231.18,monthly,fonepay_qr
REC_NPE_00064276,NPU_00055,rent,39655.17,monthly,bank_transfer
REC_NPE_00064277,NPU_00056,rent,23433.3,monthly,esewa
REC_NPE_00064279,NPU_00057,rent,10997.55,monthly,bank_transfer
REC_NPE_00064283,NPU_00061,rent,40856.1,monthly,cash
REC_NPE_00064285,NPU_00063,rent,33811.53,monthly,bank_transfer
REC_NPE_00064287,NPU_00064,rent,61368.07,monthly,cash
REC_NPE_00064289,NPU_00065,rent,22140.49,monthly,cash
REC_NPE_00064291,NPU_00067,rent,25799.04,monthly,esewa
REC_NPE_00064299,NPU_00075,rent,16562.91,monthly,bank_transfer
REC_NPE_00064302,NPU_00077,rent,25926.55,monthly,cash
REC_NPE_00064304,NPU_00080,rent,11742.34,monthly,cash
REC_NPE_00064408,NPU_00003,savings_investment,13351.31,monthly,bank_transfer
REC_NPE_00064412,NPU_00006,savings_investment,27304.1,monthly,debit_card
REC_NPE_00064414,NPU_00007,savings_investment,13945.05,monthly,cash
REC_NPE_00064416,NPU_00008,savings_investment,23695.29,monthly,cash
REC_NPE_00064419,NPU_00009,savings_investment,11195.97,monthly,esewa
REC_NPE_00064432,NPU_00018,savings_investment,2640.56,monthly,cash
REC_NPE_00064435,NPU_00021,savings_investment,7339.56,monthly,esewa
REC_NPE_00064440,NPU_00026,savings_investment,9270.8,monthly,cash
REC_NPE_00064441,NPU_00027,savings_investment,7116.72,monthly,cash
REC_NPE_00064444,NPU_00029,savings_investment,23515.18,monthly,cash
REC_NPE_00064449,NPU_00031,savings_investment,7990.86,monthly,cash
REC_NPE_00064452,NPU_00032,savings_investment,3978.37,monthly,cash
REC_NPE_00064457,NPU_00037,savings_investment,1144.55,monthly,fonepay_qr
REC_NPE_00064462,NPU_00040,savings_investment,6165.4,monthly,esewa
REC_NPE_00064468,NPU_00046,savings_investment,4817.34,monthly,cash
REC_NPE_00064470,NPU_00047,savings_investment,1969.07,monthly,cash
REC_NPE_00064472,NPU_00048,savings_investment,14906.19,monthly,khalti
REC_NPE_00064477,NPU_00050,savings_investment,7634.92,monthly,cash
REC_NPE_00064486,NPU_00058,savings_investment,45490.95,monthly,khalti
REC_NPE_00064488,NPU_00059,savings_investment,25788.03,monthly,cash
REC_NPE_00064494,NPU_00061,savings_investment,2163.68,monthly,esewa
REC_NPE_00064501,NPU_00064,savings_investment,15662.22,monthly,esewa
REC_NPE_00064502,NPU_00065,savings_investment,10007.24,monthly,debit_card
REC_NPE_00064507,NPU_00067,savings_investment,10147.49,monthly,cash
REC_NPE_00064512,NPU_00069,savings_investment,17724.88,monthly,bank_transfer
REC_NPE_00064523,NPU_00079,savings_investment,20521.58,monthly,cash
REC_NPE_00064614,NPU_00001,family_support,8193.8,monthly,cash
REC_NPE_00064615,NPU_00002,family_support,15707.73,monthly,fonepay_qr
REC_NPE_00064622,NPU_00005,family_support,6342.81,monthly,cash
REC_NPE_00064624,NPU_00006,family_support,34320.48,monthly,cash
REC_NPE_00064625,NPU_00007,family_support,22781.26,monthly,bank_transfer
REC_NPE_00064627,NPU_00009,family_support,10093.61,monthly,cash
REC_NPE_00064629,NPU_00010,family_support,8204.52,monthly,khalti
REC_NPE_00064631,NPU_00012,family_support,27988.61,monthly,cash
REC_NPE_00064635,NPU_00014,family_support,60839.09,monthly,cash
REC_NPE_00064637,NPU_00015,family_support,11961.42,monthly,cash
REC_NPE_00064640,NPU_00017,family_support,10067.69,monthly,esewa
REC_NPE_00064641,NPU_00018,family_support,29666.64,monthly,cash
REC_NPE_00064645,NPU_00019,family_support,15582.42,monthly,khalti
REC_NPE_00064647,NPU_00020,family_support,31491.51,monthly,esewa
REC_NPE_00064648,NPU_00021,family_support,20719.33,monthly,esewa
REC_NPE_00064649,NPU_00022,family_support,22863.57,monthly,esewa
REC_NPE_00064653,NPU_00026,family_support,27289.41,monthly,esewa
REC_NPE_00064658,NPU_00028,family_support,25341.82,monthly,cash
REC_NPE_00064659,NPU_00029,family_support,4758.43,monthly,bank_transfer
REC_NPE_00064660,NPU_00030,family_support,57035.0,monthly,debit_card
REC_NPE_00064661,NPU_00031,family_support,16801.7,monthly,cash
REC_NPE_00064664,NPU_00032,family_support,10826.25,monthly,cash
REC_NPE_00064665,NPU_00033,family_support,7257.32,monthly,bank_transfer
REC_NPE_00064667,NPU_00034,family_support,7676.11,monthly,bank_transfer
REC_NPE_00064668,NPU_00035,family_support,27061.33,monthly,esewa
REC_NPE_00064670,NPU_00036,family_support,11973.65,monthly,esewa
REC_NPE_00064671,NPU_00038,family_support,13709.31,monthly,debit_card
REC_NPE_00064673,NPU_00039,family_support,2631.88,monthly,khalti
REC_NPE_00064675,NPU_00040,family_support,36722.83,monthly,khalti
REC_NPE_00064679,NPU_00045,family_support,26758.54,monthly,bank_transfer
REC_NPE_00064681,NPU_00046,family_support,15584.95,monthly,debit_card
REC_NPE_00064688,NPU_00049,family_support,21963.99,monthly,bank_transfer
REC_NPE_00064695,NPU_00055,family_support,15395.51,monthly,bank_transfer
REC_NPE_00064697,NPU_00056,family_support,7977.48,monthly,khalti
REC_NPE_00064701,NPU_00057,family_support,18132.48,monthly,bank_transfer
REC_NPE_00064705,NPU_00058,family_support,47042.54,monthly,cash
REC_NPE_00064707,NPU_00059,family_support,14966.64,monthly,bank_transfer
REC_NPE_00064710,NPU_00062,family_support,21603.36,monthly,cash
REC_NPE_00064712,NPU_00064,family_support,7951.17,monthly,esewa
REC_NPE_00064714,NPU_00065,family_support,7710.69,monthly,khalti
REC_NPE_00064718,NPU_00068,family_support,30493.19,monthly,khalti
REC_NPE_00064721,NPU_00070,family_support,29769.33,monthly,cash
REC_NPE_00064723,NPU_00071,family_support,6311.17,monthly,cash
REC_NPE_00064725,NPU_00073,family_support,14537.27,monthly,credit_card
REC_NPE_00064727,NPU_00075,family_support,1320.0,monthly,cash
REC_NPE_00064729,NPU_00076,family_support,13007.38,monthly,esewa
REC_NPE_00064733,NPU_00078,family_support,41013.43,monthly,cash
REC_NPE_00064737,NPU_00079,family_support,7542.04,monthly,cash
REC_NPE_00064926,NPU_00001,utilities,3360.96,monthly,credit_card
REC_NPE_00064928,NPU_00003,utilities,2688.02,monthly,bank_transfer
REC_NPE_00064930,NPU_00004,utilities,2380.52,monthly,esewa
REC_NPE_00064933,NPU_00005,utilities,4106.85,monthly,khalti
REC_NPE_00064935,NPU_00006,utilities,2534.08,monthly,bank_transfer
REC_NPE_00064939,NPU_00007,utilities,4069.39,monthly,esewa
REC_NPE_00064941,NPU_00008,utilities,802.59,monthly,esewa
REC_NPE_00064945,NPU_00010,utilities,3599.54,monthly,fonepay_qr
REC_NPE_00064947,NPU_00011,utilities,4468.47,monthly,esewa
REC_NPE_00064951,NPU_00013,utilities,3512.16,monthly,cash
REC_NPE_00064954,NPU_00016,utilities,4843.06,monthly,credit_card
REC_NPE_00064955,NPU_00019,utilities,6165.06,monthly,khalti
REC_NPE_00064957,NPU_00021,utilities,3350.36,monthly,credit_card
REC_NPE_00064962,NPU_00024,utilities,3264.66,monthly,cash
REC_NPE_00064969,NPU_00027,utilities,2047.27,monthly,cash
REC_NPE_00064971,NPU_00029,utilities,2051.61,monthly,credit_card
REC_NPE_00064972,NPU_00031,utilities,2613.01,monthly,bank_transfer
REC_NPE_00064973,NPU_00033,utilities,1923.97,monthly,cash
REC_NPE_00064974,NPU_00034,utilities,2280.75,monthly,cash
REC_NPE_00064976,NPU_00035,utilities,2383.26,monthly,cash
REC_NPE_00064977,NPU_00036,utilities,2921.88,monthly,cash
REC_NPE_00064978,NPU_00038,utilities,6454.34,monthly,cash
REC_NPE_00064981,NPU_00039,utilities,4186.94,monthly,esewa
REC_NPE_00064983,NPU_00040,utilities,4308.3,monthly,debit_card
REC_NPE_00064984,NPU_00041,utilities,2513.41,monthly,bank_transfer
REC_NPE_00064985,NPU_00042,utilities,6554.33,monthly,khalti
REC_NPE_00064986,NPU_00043,utilities,2822.11,monthly,cash
REC_NPE_00064988,NPU_00044,utilities,1143.76,monthly,esewa
REC_NPE_00064989,NPU_00045,utilities,5217.45,monthly,cash
REC_NPE_00064992,NPU_00047,utilities,6853.62,monthly,cash
REC_NPE_00064994,NPU_00048,utilities,5642.34,monthly,cash
REC_NPE_00064997,NPU_00050,utilities,2372.16,monthly,credit_card
REC_NPE_00065000,NPU_00051,utilities,2210.44,monthly,cash
REC_NPE_00065002,NPU_00052,utilities,3118.74,monthly,cash
REC_NPE_00065003,NPU_00054,utilities,3589.02,monthly,bank_transfer
REC_NPE_00065004,NPU_00055,utilities,1796.26,monthly,khalti
REC_NPE_00065006,NPU_00057,utilities,3011.63,monthly,esewa
REC_NPE_00065009,NPU_00058,utilities,4165.0,monthly,khalti
REC_NPE_00065012,NPU_00059,utilities,2403.53,monthly,cash
REC_NPE_00065015,NPU_00060,utilities,2204.19,monthly,credit_card
REC_NPE_00065017,NPU_00061,utilities,2748.16,monthly,esewa
REC_NPE_00065019,NPU_00062,utilities,3702.78,monthly,cash
REC_NPE_00065020,NPU_00063,utilities,2686.46,monthly,esewa
REC_NPE_00065023,NPU_00064,utilities,8463.07,monthly,cash
REC_NPE_00065024,NPU_00065,utilities,1207.84,monthly,esewa
REC_NPE_00065026,NPU_00066,utilities,1833.24,monthly,bank_transfer
REC_NPE_00065027,NPU_00068,utilities,2403.83,monthly,fonepay_qr
REC_NPE_00065029,NPU_00070,utilities,3062.17,monthly,cash
REC_NPE_00065032,NPU_00072,utilities,6434.08,monthly,cash
REC_NPE_00065035,NPU_00073,utilities,3823.67,monthly,esewa
REC_NPE_00065039,NPU_00074,utilities,4273.28,monthly,esewa
REC_NPE_00065041,NPU_00075,utilities,4148.59,monthly,fonepay_qr
REC_NPE_00065043,NPU_00076,utilities,3190.77,monthly,esewa
REC_NPE_00065045,NPU_00078,utilities,4767.83,monthly,cash
REC_NPE_00065048,NPU_00079,utilities,2497.67,monthly,cash
REC_NPE_00065053,NPU_00080,utilities,2112.16,monthly,bank_transfer
REC_NPE_00065361,NPU_00002,internet_mobile,945.1,monthly,esewa
REC_NPE_00065364,NPU_00003,internet_mobile,2598.28,monthly,cash
REC_NPE_00065367,NPU_00005,internet_mobile,878.04,monthly,esewa
REC_NPE_00065370,NPU_00008,internet_mobile,1275.36,monthly,cash
REC_NPE_00065372,NPU_00009,internet_mobile,7437.5,monthly,bank_transfer
REC_NPE_00065374,NPU_00010,internet_mobile,2373.75,monthly,debit_card
REC_NPE_00065377,NPU_00012,internet_mobile,5729.06,monthly,cash
REC_NPE_00065383,NPU_00013,internet_mobile,965.6,monthly,credit_card
REC_NPE_00065385,NPU_00014,internet_mobile,2278.73,monthly,cash
REC_NPE_00065386,NPU_00015,internet_mobile,4271.16,monthly,bank_transfer
REC_NPE_00065389,NPU_00017,internet_mobile,950.23,monthly,esewa
REC_NPE_00065391,NPU_00018,internet_mobile,1743.71,monthly,cash
REC_NPE_00065393,NPU_00019,internet_mobile,1944.1,monthly,cash
REC_NPE_00065395,NPU_00021,internet_mobile,1756.0,monthly,fonepay_qr
REC_NPE_00065398,NPU_00022,internet_mobile,2304.0,monthly,esewa
REC_NPE_00065401,NPU_00023,internet_mobile,2031.96,monthly,esewa
REC_NPE_00065402,NPU_00024,internet_mobile,1883.08,monthly,esewa
REC_NPE_00065403,NPU_00025,internet_mobile,3014.01,monthly,fonepay_qr
REC_NPE_00065405,NPU_00026,internet_mobile,1661.21,monthly,bank_transfer
REC_NPE_00065407,NPU_00027,internet_mobile,3478.13,monthly,bank_transfer
REC_NPE_00065408,NPU_00028,internet_mobile,4411.99,monthly,cash
REC_NPE_00065411,NPU_00029,internet_mobile,2116.0,monthly,khalti
REC_NPE_00065413,NPU_00030,internet_mobile,2337.04,monthly,debit_card
REC_NPE_00065415,NPU_00031,internet_mobile,2949.6,monthly,fonepay_qr
REC_NPE_00065418,NPU_00033,internet_mobile,350.08,monthly,cash
REC_NPE_00065419,NPU_00034,internet_mobile,1207.01,monthly,esewa
REC_NPE_00065426,NPU_00036,internet_mobile,3938.78,monthly,cash
REC_NPE_00065430,NPU_00037,internet_mobile,605.84,monthly,khalti
REC_NPE_00065431,NPU_00038,internet_mobile,942.3,monthly,credit_card
REC_NPE_00065433,NPU_00039,internet_mobile,2173.02,monthly,cash
REC_NPE_00065436,NPU_00040,internet_mobile,2160.71,monthly,cash
REC_NPE_00065439,NPU_00041,internet_mobile,2507.38,monthly,cash
REC_NPE_00065440,NPU_00042,internet_mobile,1853.25,monthly,esewa
REC_NPE_00065443,NPU_00043,internet_mobile,1285.44,monthly,cash
REC_NPE_00065445,NPU_00044,internet_mobile,533.8,monthly,esewa
REC_NPE_00065446,NPU_00045,internet_mobile,3218.52,monthly,debit_card
REC_NPE_00065450,NPU_00046,internet_mobile,1081.74,monthly,bank_transfer
REC_NPE_00065451,NPU_00047,internet_mobile,3904.59,monthly,debit_card
REC_NPE_00065453,NPU_00048,internet_mobile,4312.22,monthly,debit_card
REC_NPE_00065454,NPU_00049,internet_mobile,3042.46,monthly,bank_transfer
REC_NPE_00065455,NPU_00050,internet_mobile,1731.38,monthly,cash
REC_NPE_00065458,NPU_00051,internet_mobile,714.73,monthly,khalti
REC_NPE_00065461,NPU_00052,internet_mobile,1481.11,monthly,khalti
REC_NPE_00065462,NPU_00053,internet_mobile,2709.03,monthly,cash
REC_NPE_00065463,NPU_00056,internet_mobile,2714.63,monthly,cash
REC_NPE_00065467,NPU_00057,internet_mobile,2082.69,monthly,cash
REC_NPE_00065470,NPU_00058,internet_mobile,1922.45,monthly,bank_transfer
REC_NPE_00065474,NPU_00060,internet_mobile,4212.93,monthly,debit_card
REC_NPE_00065477,NPU_00061,internet_mobile,2506.59,monthly,cash
REC_NPE_00065480,NPU_00062,internet_mobile,2325.32,monthly,cash
REC_NPE_00065481,NPU_00063,internet_mobile,2756.86,monthly,khalti
REC_NPE_00065483,NPU_00065,internet_mobile,1593.03,monthly,khalti
REC_NPE_00065485,NPU_00066,internet_mobile,2857.22,monthly,cash
REC_NPE_00065488,NPU_00068,internet_mobile,1720.73,monthly,debit_card
REC_NPE_00065489,NPU_00069,internet_mobile,3322.05,monthly,khalti
REC_NPE_00065492,NPU_00072,internet_mobile,1716.18,monthly,cash
REC_NPE_00065493,NPU_00073,internet_mobile,768.02,monthly,esewa
REC_NPE_00065494,NPU_00074,internet_mobile,2205.3,monthly,khalti
REC_NPE_00065495,NPU_00075,internet_mobile,1077.05,monthly,fonepay_qr
REC_NPE_00065500,NPU_00079,internet_mobile,764.69,monthly,debit_card
REC_NPE_00065504,NPU_00080,internet_mobile,777.15,monthly,khalti
REC_NPE_00065700,NPU_00002,loan_emi,7505.48,monthly,cash
REC_NPE_00065701,NPU_00003,loan_emi,12311.87,monthly,cash
REC_NPE_00065708,NPU_00008,loan_emi,26652.9,monthly,esewa
REC_NPE_00065711,NPU_00011,loan_emi,16697.42,monthly,credit_card
REC_NPE_00065720,NPU_00021,loan_emi,10414.47,monthly,debit_card
REC_NPE_00065723,NPU_00022,loan_emi,19355.14,monthly,khalti
REC_NPE_00065738,NPU_00037,loan_emi,20925.87,monthly,bank_transfer
REC_NPE_00065741,NPU_00039,loan_emi,19585.2,monthly,cash
REC_NPE_00065743,NPU_00041,loan_emi,20740.45,monthly,bank_transfer
REC_NPE_00065744,NPU_00045,loan_emi,26160.9,monthly,khalti
REC_NPE_00065746,NPU_00048,loan_emi,21369.09,monthly,bank_transfer
REC_NPE_00065748,NPU_00052,loan_emi,27523.7,monthly,esewa
REC_NPE_00065753,NPU_00053,loan_emi,9689.87,monthly,esewa
REC_NPE_00065765,NPU_00062,loan_emi,40135.91,monthly,cash
REC_NPE_00065768,NPU_00064,loan_emi,16535.79,monthly,debit_card
REC_NPE_00065777,NPU_00073,loan_emi,44053.6,monthly,esewa
REC_NPE_00065778,NPU_00074,loan_emi,11440.07,monthly,cash
REC_NPE_00065781,NPU_00077,loan_emi,59500.0,monthly,esewa
REC_NPE_00066000,NPU_00001,subscriptions,2969.85,monthly,cash
REC_NPE_00066002,NPU_00002,subscriptions,1037.11,monthly,khalti
REC_NPE_00066012,NPU_00012,subscriptions,2734.81,monthly,khalti
REC_NPE_00066015,NPU_00013,subscriptions,3314.55,monthly,esewa
REC_NPE_00066019,NPU_00015,subscriptions,3469.56,monthly,credit_card
REC_NPE_00066023,NPU_00018,subscriptions,2568.76,monthly,cash
REC_NPE_00066026,NPU_00020,subscriptions,8500.0,monthly,cash
REC_NPE_00066028,NPU_00021,subscriptions,3982.48,monthly,cash
REC_NPE_00066032,NPU_00022,subscriptions,1845.77,monthly,esewa
REC_NPE_00066037,NPU_00023,subscriptions,4721.22,monthly,credit_card
REC_NPE_00066039,NPU_00024,subscriptions,4793.22,monthly,bank_transfer
REC_NPE_00066041,NPU_00026,subscriptions,4614.09,monthly,debit_card
REC_NPE_00066042,NPU_00027,subscriptions,5225.9,monthly,bank_transfer
REC_NPE_00066045,NPU_00028,subscriptions,5231.15,monthly,fonepay_qr
REC_NPE_00066047,NPU_00029,subscriptions,2938.39,monthly,cash
REC_NPE_00066048,NPU_00030,subscriptions,1661.57,monthly,cash
REC_NPE_00066051,NPU_00031,subscriptions,2414.43,monthly,cash
REC_NPE_00066053,NPU_00032,subscriptions,4802.21,monthly,cash
REC_NPE_00066056,NPU_00033,subscriptions,1680.96,monthly,cash
REC_NPE_00066057,NPU_00034,subscriptions,1097.24,monthly,debit_card
REC_NPE_00066059,NPU_00035,subscriptions,1219.69,monthly,cash
REC_NPE_00066061,NPU_00037,subscriptions,1404.72,monthly,debit_card
REC_NPE_00066065,NPU_00040,subscriptions,3598.23,monthly,credit_card
REC_NPE_00066070,NPU_00042,subscriptions,1347.51,monthly,cash
REC_NPE_00066072,NPU_00043,subscriptions,1014.71,monthly,bank_transfer
REC_NPE_00066077,NPU_00047,subscriptions,1956.32,monthly,cash
REC_NPE_00066081,NPU_00052,subscriptions,2737.64,monthly,esewa
REC_NPE_00066083,NPU_00053,subscriptions,4063.47,monthly,esewa
REC_NPE_00066086,NPU_00055,subscriptions,3779.13,monthly,debit_card
REC_NPE_00066090,NPU_00057,subscriptions,2124.07,monthly,cash
REC_NPE_00066095,NPU_00061,subscriptions,1488.8,monthly,debit_card
REC_NPE_00066096,NPU_00062,subscriptions,2263.84,monthly,cash
REC_NPE_00066097,NPU_00063,subscriptions,2347.25,monthly,cash
REC_NPE_00066099,NPU_00065,subscriptions,5699.57,monthly,debit_card
REC_NPE_00066104,NPU_00068,subscriptions,2505.6,monthly,cash
REC_NPE_00066106,NPU_00069,subscriptions,2341.77,monthly,khalti
REC_NPE_00066108,NPU_00070,subscriptions,4047.44,monthly,cash
REC_NPE_00066112,NPU_00074,subscriptions,3574.91,monthly,fonepay_qr
REC_NPE_00066116,NPU_00076,subscriptions,2885.23,monthly,cash
REC_NPE_00066119,NPU_00077,subscriptions,6237.34,monthly,cash
REC_NPE_00066121,NPU_00079,subscriptions,2288.08,monthly,debit_card
REC_NPE_00067169,NPU_00002,rent,9477.77,monthly,cash
REC_NPE_00067171,NPU_00004,rent,21963.68,monthly,khalti
REC_NPE_00067172,NPU_00005,rent,42840.0,monthly,bank_transfer
REC_NPE_00067173,NPU_00006,rent,32455.0,monthly,cash
REC_NPE_00067175,NPU_00007,rent,19402.15,monthly,cash
REC_NPE_00067178,NPU_00009,rent,42504.75,monthly,cash
REC_NPE_00067179,NPU_00010,rent,40782.86,monthly,fonepay_qr
REC_NPE_00067181,NPU_00012,rent,24506.27,monthly,cash
REC_NPE_00067184,NPU_00013,rent,44772.35,monthly,khalti
REC_NPE_00067187,NPU_00015,rent,13174.44,monthly,esewa
REC_NPE_00067193,NPU_00019,rent,33824.01,monthly,khalti
REC_NPE_00067194,NPU_00020,rent,17624.18,monthly,cash
REC_NPE_00067197,NPU_00022,rent,14584.48,monthly,credit_card
REC_NPE_00067198,NPU_00023,rent,50059.97,monthly,esewa
REC_NPE_00067199,NPU_00024,rent,50027.19,monthly,cash
REC_NPE_00067200,NPU_00025,rent,45491.44,monthly,cash
REC_NPE_00067201,NPU_00026,rent,11921.6,monthly,esewa
REC_NPE_00067204,NPU_00028,rent,13670.28,monthly,esewa
REC_NPE_00067213,NPU_00035,rent,17894.82,monthly,khalti
REC_NPE_00067216,NPU_00037,rent,16866.93,monthly,khalti
REC_NPE_00067219,NPU_00039,rent,21561.52,monthly,cash
REC_NPE_00067232,NPU_00048,rent,10517.83,monthly,esewa
REC_NPE_00067234,NPU_00049,rent,27008.82,monthly,fonepay_qr
REC_NPE_00067239,NPU_00051,rent,17071.05,monthly,bank_transfer
REC_NPE_00067243,NPU_00053,rent,12421.33,monthly,esewa
REC_NPE_00067250,NPU_00056,rent,9382.3,monthly,esewa
REC_NPE_00067253,NPU_00057,rent,12712.08,monthly,esewa
REC_NPE_00067260,NPU_00061,rent,20938.28,monthly,debit_card
REC_NPE_00067262,NPU_00063,rent,30900.02,monthly,bank_transfer
REC_NPE_00067266,NPU_00066,rent,26745.39,monthly,cash
REC_NPE_00067267,NPU_00067,rent,17917.75,monthly,khalti
REC_NPE_00067269,NPU_00068,rent,10000.0,monthly,esewa
REC_NPE_00067273,NPU_00072,rent,61209.69,monthly,khalti
REC_NPE_00067275,NPU_00073,rent,49030.76,monthly,khalti
REC_NPE_00067284,NPU_00077,rent,27877.85,monthly,esewa
REC_NPE_00067292,NPU_00080,rent,18144.68,monthly,esewa
REC_NPE_00067382,NPU_00002,savings_investment,4227.44,monthly,debit_card
REC_NPE_00067389,NPU_00008,savings_investment,20150.63,monthly,cash
REC_NPE_00067392,NPU_00011,savings_investment,15830.35,monthly,cash
REC_NPE_00067399,NPU_00017,savings_investment,14877.41,monthly,bank_transfer
REC_NPE_00067400,NPU_00018,savings_investment,2727.61,monthly,bank_transfer
REC_NPE_00067402,NPU_00021,savings_investment,5653.01,monthly,cash
REC_NPE_00067412,NPU_00030,savings_investment,5754.88,monthly,cash
REC_NPE_00067413,NPU_00033,savings_investment,1529.96,monthly,esewa
REC_NPE_00067417,NPU_00036,savings_investment,3971.94,monthly,cash
REC_NPE_00067423,NPU_00039,savings_investment,15470.01,monthly,esewa
REC_NPE_00067425,NPU_00041,savings_investment,3234.04,monthly,cash
REC_NPE_00067429,NPU_00045,savings_investment,939.29,monthly,fonepay_qr
REC_NPE_00067431,NPU_00048,savings_investment,13334.16,monthly,cash
REC_NPE_00067436,NPU_00050,savings_investment,8901.01,monthly,cash
REC_NPE_00067447,NPU_00059,savings_investment,26463.49,monthly,credit_card
REC_NPE_00067450,NPU_00061,savings_investment,2980.19,monthly,khalti
REC_NPE_00067454,NPU_00063,savings_investment,2265.38,monthly,cash
REC_NPE_00067456,NPU_00064,savings_investment,19817.66,monthly,esewa
REC_NPE_00067461,NPU_00065,savings_investment,11785.12,monthly,debit_card
REC_NPE_00067462,NPU_00068,savings_investment,6500.39,monthly,fonepay_qr
REC_NPE_00067471,NPU_00080,savings_investment,13642.81,monthly,cash
REC_NPE_00067550,NPU_00001,family_support,9900.96,monthly,cash
REC_NPE_00067552,NPU_00002,family_support,10079.42,monthly,cash
REC_NPE_00067554,NPU_00003,family_support,8480.11,monthly,bank_transfer
REC_NPE_00067555,NPU_00006,family_support,17787.08,monthly,cash
REC_NPE_00067558,NPU_00007,family_support,31068.35,monthly,credit_card
REC_NPE_00067567,NPU_00012,family_support,17841.54,monthly,debit_card
REC_NPE_00067568,NPU_00013,family_support,16191.05,monthly,bank_transfer
REC_NPE_00067572,NPU_00014,family_support,34503.31,monthly,debit_card
REC_NPE_00067576,NPU_00015,family_support,12816.01,monthly,khalti
REC_NPE_00067578,NPU_00016,family_support,10693.24,monthly,bank_transfer
REC_NPE_00067579,NPU_00017,family_support,19893.2,monthly,cash
REC_NPE_00067581,NPU_00018,family_support,13788.31,monthly,cash
REC_NPE_00067583,NPU_00019,family_support,35763.65,monthly,cash
REC_NPE_00067585,NPU_00020,family_support,15893.74,monthly,cash
REC_NPE_00067587,NPU_00021,family_support,15135.08,monthly,esewa
REC_NPE_00067590,NPU_00023,family_support,22628.3,monthly,bank_transfer
REC_NPE_00067591,NPU_00024,family_support,32116.5,monthly,cash
REC_NPE_00067593,NPU_00026,family_support,9044.31,monthly,esewa
REC_NPE_00067597,NPU_00027,family_support,27462.0,monthly,debit_card
REC_NPE_00067599,NPU_00028,family_support,9149.14,monthly,esewa
REC_NPE_00067607,NPU_00034,family_support,16996.9,monthly,cash
REC_NPE_00067610,NPU_00035,family_support,23529.88,monthly,esewa
REC_NPE_00067612,NPU_00036,family_support,17228.48,monthly,bank_transfer
REC_NPE_00067613,NPU_00037,family_support,24442.19,monthly,khalti
REC_NPE_00067614,NPU_00038,family_support,40441.2,monthly,fonepay_qr
REC_NPE_00067615,NPU_00039,family_support,13553.84,monthly,bank_transfer
REC_NPE_00067616,NPU_00040,family_support,43718.34,monthly,fonepay_qr
REC_NPE_00067618,NPU_00042,family_support,26760.8,monthly,esewa
REC_NPE_00067620,NPU_00044,family_support,12484.41,monthly,debit_card
REC_NPE_00067621,NPU_00048,family_support,29048.35,monthly,cash
REC_NPE_00067622,NPU_00050,family_support,23145.44,monthly,khalti
REC_NPE_00067629,NPU_00053,family_support,13626.59,monthly,fonepay_qr
REC_NPE_00067630,NPU_00054,family_support,13406.74,monthly,bank_transfer
REC_NPE_00067633,NPU_00055,family_support,19536.48,monthly,cash
REC_NPE_00067634,NPU_00056,family_support,23424.96,monthly,cash
REC_NPE_00067635,NPU_00057,family_support,55682.95,monthly,credit_card
REC_NPE_00067637,NPU_00058,family_support,28891.41,monthly,cash
REC_NPE_00067638,NPU_00060,family_support,7867.04,monthly,bank_transfer
REC_NPE_00067640,NPU_00061,family_support,9016.55,monthly,debit_card
REC_NPE_00067642,NPU_00062,family_support,7686.32,monthly,cash
REC_NPE_00067644,NPU_00063,family_support,6176.13,monthly,fonepay_qr
REC_NPE_00067646,NPU_00064,family_support,56774.95,monthly,esewa
REC_NPE_00067647,NPU_00066,family_support,26172.07,monthly,khalti
REC_NPE_00067649,NPU_00067,family_support,28797.64,monthly,debit_card
REC_NPE_00067650,NPU_00068,family_support,19066.62,monthly,bank_transfer
REC_NPE_00067655,NPU_00070,family_support,10090.95,monthly,fonepay_qr
REC_NPE_00067658,NPU_00073,family_support,8173.59,monthly,bank_transfer
REC_NPE_00067659,NPU_00074,family_support,13138.19,monthly,debit_card
REC_NPE_00067662,NPU_00076,family_support,15041.43,monthly,cash
REC_NPE_00067664,NPU_00077,family_support,40074.47,monthly,cash
REC_NPE_00067668,NPU_00080,family_support,19099.67,monthly,cash
REC_NPE_00067875,NPU_00001,utilities,3281.91,monthly,cash
REC_NPE_00067877,NPU_00002,utilities,2203.21,monthly,cash
REC_NPE_00067880,NPU_00005,utilities,1383.94,monthly,khalti
REC_NPE_00067881,NPU_00006,utilities,7546.8,monthly,bank_transfer
REC_NPE_00067885,NPU_00008,utilities,10710.0,monthly,esewa
REC_NPE_00067887,NPU_00009,utilities,5063.55,monthly,bank_transfer
REC_NPE_00067889,NPU_00010,utilities,3724.9,monthly,cash
REC_NPE_00067891,NPU_00011,utilities,4801.31,monthly,debit_card
REC_NPE_00067893,NPU_00012,utilities,5009.01,monthly,khalti
REC_NPE_00067896,NPU_00013,utilities,2337.07,monthly,cash
REC_NPE_00067900,NPU_00015,utilities,8472.65,monthly,cash
REC_NPE_00067902,NPU_00016,utilities,2646.15,monthly,cash
REC_NPE_00067905,NPU_00017,utilities,1574.16,monthly,cash
REC_NPE_00067907,NPU_00018,utilities,3231.72,monthly,cash
REC_NPE_00067910,NPU_00019,utilities,5757.52,monthly,credit_card
REC_NPE_00067912,NPU_00020,utilities,4513.48,monthly,fonepay_qr
REC_NPE_00067914,NPU_00021,utilities,2667.07,monthly,cash
REC_NPE_00067917,NPU_00022,utilities,2290.07,monthly,cash
REC_NPE_00067919,NPU_00023,utilities,6816.7,monthly,cash
REC_NPE_00067922,NPU_00024,utilities,3275.69,monthly,credit_card
REC_NPE_00067924,NPU_00025,utilities,3625.11,monthly,cash
REC_NPE_00067925,NPU_00026,utilities,1651.63,monthly,credit_card
REC_NPE_00067927,NPU_00028,utilities,2645.14,monthly,cash
REC_NPE_00067929,NPU_00029,utilities,2441.18,monthly,bank_transfer
REC_NPE_00067933,NPU_00030,utilities,2739.56,monthly,cash
REC_NPE_00067936,NPU_00032,utilities,3609.84,monthly,esewa
REC_NPE_00067939,NPU_00034,utilities,8976.0,monthly,cash
REC_NPE_00067942,NPU_00035,utilities,2835.03,monthly,esewa
REC_NPE_00067945,NPU_00037,utilities,1609.32,monthly,cash
REC_NPE_00067947,NPU_00038,utilities,3639.14,monthly,cash
REC_NPE_00067950,NPU_00039,utilities,3508.07,monthly,cash
REC_NPE_00067952,NPU_00040,utilities,4518.75,monthly,cash
REC_NPE_00067955,NPU_00041,utilities,4912.98,monthly,debit_card
REC_NPE_00067957,NPU_00042,utilities,5597.91,monthly,cash
REC_NPE_00067959,NPU_00043,utilities,2056.66,monthly,esewa
REC_NPE_00067962,NPU_00045,utilities,2134.56,monthly,fonepay_qr
REC_NPE_00067967,NPU_00047,utilities,4069.59,monthly,esewa
REC_NPE_00067969,NPU_00048,utilities,11697.9,monthly,esewa
REC_NPE_00067970,NPU_00049,utilities,3163.18,monthly,cash
REC_NPE_00067972,NPU_00050,utilities,3958.47,monthly,cash
REC_NPE_00067975,NPU_00052,utilities,2659.2,monthly,cash
REC_NPE_00067977,NPU_00053,utilities,2490.05,monthly,cash
REC_NPE_00067978,NPU_00054,utilities,2668.05,monthly,cash
REC_NPE_00067982,NPU_00056,utilities,1817.4,monthly,cash
REC_NPE_00067985,NPU_00057,utilities,3188.63,monthly,khalti
REC_NPE_00067987,NPU_00058,utilities,2591.61,monthly,cash
REC_NPE_00067990,NPU_00059,utilities,1714.14,monthly,esewa
REC_NPE_00067992,NPU_00060,utilities,5411.42,monthly,fonepay_qr
REC_NPE_00067994,NPU_00061,utilities,2980.55,monthly,esewa
REC_NPE_00067996,NPU_00062,utilities,2042.06,monthly,bank_transfer
REC_NPE_00067999,NPU_00063,utilities,1721.41,monthly,esewa
REC_NPE_00068001,NPU_00064,utilities,6827.3,monthly,cash
REC_NPE_00068002,NPU_00065,utilities,3177.33,monthly,cash
REC_NPE_00068003,NPU_00066,utilities,4370.92,monthly,khalti
REC_NPE_00068005,NPU_00068,utilities,6888.52,monthly,bank_transfer
REC_NPE_00068008,NPU_00069,utilities,2282.77,monthly,cash
REC_NPE_00068015,NPU_00072,utilities,1379.03,monthly,cash
REC_NPE_00068016,NPU_00073,utilities,3420.12,monthly,khalti
REC_NPE_00068017,NPU_00074,utilities,10246.8,monthly,cash
REC_NPE_00068020,NPU_00075,utilities,2066.88,monthly,cash
REC_NPE_00068022,NPU_00076,utilities,2584.79,monthly,esewa
REC_NPE_00068023,NPU_00077,utilities,2886.41,monthly,fonepay_qr
REC_NPE_00068026,NPU_00078,utilities,11781.58,monthly,cash
REC_NPE_00068033,NPU_00080,utilities,2482.95,monthly,fonepay_qr
REC_NPE_00068288,NPU_00001,internet_mobile,2331.43,monthly,esewa
REC_NPE_00068291,NPU_00004,internet_mobile,4720.18,monthly,bank_transfer
REC_NPE_00068293,NPU_00006,internet_mobile,686.23,monthly,esewa
REC_NPE_00068294,NPU_00007,internet_mobile,3664.5,monthly,cash
REC_NPE_00068295,NPU_00008,internet_mobile,1453.14,monthly,esewa
REC_NPE_00068298,NPU_00010,internet_mobile,1122.13,monthly,cash
REC_NPE_00068300,NPU_00011,internet_mobile,2396.74,monthly,cash
REC_NPE_00068302,NPU_00012,internet_mobile,1434.56,monthly,cash
REC_NPE_00068303,NPU_00015,internet_mobile,3789.27,monthly,bank_transfer
REC_NPE_00068307,NPU_00016,internet_mobile,3022.1,monthly,esewa
REC_NPE_00068308,NPU_00017,internet_mobile,4012.37,monthly,esewa
REC_NPE_00068311,NPU_00018,internet_mobile,1768.38,monthly,bank_transfer
REC_NPE_00068312,NPU_00019,internet_mobile,2663.02,monthly,esewa
REC_NPE_00068313,NPU_00020,internet_mobile,3822.74,monthly,khalti
REC_NPE_00068315,NPU_00021,internet_mobile,573.22,monthly,esewa
REC_NPE_00068317,NPU_00022,internet_mobile,1704.33,monthly,esewa
REC_NPE_00068318,NPU_00023,internet_mobile,1523.05,monthly,debit_card
REC_NPE_00068322,NPU_00027,internet_mobile,1529.49,monthly,cash
REC_NPE_00068325,NPU_00028,internet_mobile,602.97,monthly,bank_transfer
REC_NPE_00068327,NPU_00029,internet_mobile,1668.16,monthly,esewa
REC_NPE_00068329,NPU_00030,internet_mobile,5707.52,monthly,khalti
REC_NPE_00068330,NPU_00031,internet_mobile,4547.77,monthly,khalti
REC_NPE_00068331,NPU_00033,internet_mobile,2582.15,monthly,esewa
REC_NPE_00068332,NPU_00034,internet_mobile,4092.03,monthly,cash
REC_NPE_00068335,NPU_00035,internet_mobile,1804.41,monthly,bank_transfer
REC_NPE_00068336,NPU_00036,internet_mobile,885.56,monthly,cash
REC_NPE_00068338,NPU_00037,internet_mobile,1112.5,monthly,cash
REC_NPE_00068340,NPU_00039,internet_mobile,1268.6,monthly,esewa
REC_NPE_00068343,NPU_00041,internet_mobile,1760.6,monthly,bank_transfer
REC_NPE_00068346,NPU_00043,internet_mobile,2143.68,monthly,cash
REC_NPE_00068348,NPU_00044,internet_mobile,885.59,monthly,fonepay_qr
REC_NPE_00068351,NPU_00045,internet_mobile,1595.63,monthly,khalti
REC_NPE_00068352,NPU_00046,internet_mobile,1257.63,monthly,esewa
REC_NPE_00068353,NPU_00047,internet_mobile,1311.77,monthly,cash
REC_NPE_00068360,NPU_00049,internet_mobile,2295.42,monthly,cash
REC_NPE_00068361,NPU_00050,internet_mobile,1437.97,monthly,esewa
REC_NPE_00068365,NPU_00051,internet_mobile,1671.28,monthly,bank_transfer
REC_NPE_00068366,NPU_00052,internet_mobile,914.47,monthly,credit_card
REC_NPE_00068370,NPU_00053,internet_mobile,2558.89,monthly,debit_card
REC_NPE_00068372,NPU_00054,internet_mobile,523.92,monthly,esewa
REC_NPE_00068375,NPU_00055,internet_mobile,981.99,monthly,cash
REC_NPE_00068377,NPU_00056,internet_mobile,5801.8,monthly,fonepay_qr
REC_NPE_00068378,NPU_00058,internet_mobile,1794.94,monthly,esewa
REC_NPE_00068380,NPU_00059,internet_mobile,1285.17,monthly,esewa
REC_NPE_00068381,NPU_00060,internet_mobile,1446.98,monthly,debit_card
REC_NPE_00068383,NPU_00062,internet_mobile,2050.13,monthly,cash
REC_NPE_00068387,NPU_00063,internet_mobile,1480.08,monthly,cash
REC_NPE_00068388,NPU_00064,internet_mobile,3034.77,monthly,credit_card
REC_NPE_00068391,NPU_00065,internet_mobile,1225.18,monthly,fonepay_qr
REC_NPE_00068395,NPU_00066,internet_mobile,1867.56,monthly,cash
REC_NPE_00068399,NPU_00067,internet_mobile,2755.13,monthly,cash
REC_NPE_00068400,NPU_00068,internet_mobile,1951.52,monthly,cash
REC_NPE_00068403,NPU_00069,internet_mobile,2447.23,monthly,cash
REC_NPE_00068405,NPU_00071,internet_mobile,2356.53,monthly,cash
REC_NPE_00068406,NPU_00072,internet_mobile,1502.96,monthly,cash
REC_NPE_00068407,NPU_00073,internet_mobile,736.26,monthly,esewa
REC_NPE_00068408,NPU_00074,internet_mobile,1411.31,monthly,cash
REC_NPE_00068409,NPU_00075,internet_mobile,775.87,monthly,cash
REC_NPE_00068411,NPU_00076,internet_mobile,897.68,monthly,debit_card
REC_NPE_00068413,NPU_00077,internet_mobile,907.86,monthly,cash
REC_NPE_00068414,NPU_00078,internet_mobile,2130.08,monthly,esewa
REC_NPE_00068416,NPU_00079,internet_mobile,947.12,monthly,cash
REC_NPE_00068419,NPU_00080,internet_mobile,1480.38,monthly,bank_transfer
REC_NPE_00068601,NPU_00005,loan_emi,29461.85,monthly,cash
REC_NPE_00068602,NPU_00006,loan_emi,17026.33,monthly,cash
REC_NPE_00068604,NPU_00007,loan_emi,31973.64,monthly,cash
REC_NPE_00068605,NPU_00008,loan_emi,5698.34,monthly,cash
REC_NPE_00068623,NPU_00018,loan_emi,37528.71,monthly,debit_card
REC_NPE_00068624,NPU_00019,loan_emi,11724.94,monthly,cash
REC_NPE_00068631,NPU_00026,loan_emi,9920.55,monthly,bank_transfer
REC_NPE_00068635,NPU_00028,loan_emi,20516.65,monthly,cash
REC_NPE_00068640,NPU_00030,loan_emi,10504.24,monthly,esewa
REC_NPE_00068648,NPU_00034,loan_emi,16617.57,monthly,esewa
REC_NPE_00068651,NPU_00036,loan_emi,6156.12,monthly,esewa
REC_NPE_00068654,NPU_00037,loan_emi,15926.76,monthly,cash
REC_NPE_00068660,NPU_00040,loan_emi,8606.89,monthly,bank_transfer
REC_NPE_00068661,NPU_00041,loan_emi,14789.33,monthly,esewa
REC_NPE_00068666,NPU_00044,loan_emi,6624.14,monthly,cash
REC_NPE_00068673,NPU_00049,loan_emi,14461.1,monthly,esewa
REC_NPE_00068674,NPU_00050,loan_emi,9923.46,monthly,cash
REC_NPE_00068675,NPU_00051,loan_emi,5795.72,monthly,bank_transfer
REC_NPE_00068678,NPU_00053,loan_emi,25229.47,monthly,credit_card
REC_NPE_00068683,NPU_00056,loan_emi,14120.8,monthly,cash
REC_NPE_00068689,NPU_00058,loan_emi,30303.78,monthly,cash
REC_NPE_00068694,NPU_00061,loan_emi,18169.22,monthly,credit_card
REC_NPE_00068700,NPU_00066,loan_emi,35787.56,monthly,cash
REC_NPE_00068702,NPU_00067,loan_emi,23539.94,monthly,cash
REC_NPE_00068706,NPU_00069,loan_emi,33441.19,monthly,khalti
REC_NPE_00068716,NPU_00075,loan_emi,20289.86,monthly,bank_transfer
REC_NPE_00068718,NPU_00077,loan_emi,12036.6,monthly,debit_card
REC_NPE_00068720,NPU_00078,loan_emi,28713.7,monthly,bank_transfer
REC_NPE_00068721,NPU_00079,loan_emi,9479.5,monthly,cash
REC_NPE_00068874,NPU_00002,subscriptions,1882.47,monthly,cash
REC_NPE_00068877,NPU_00004,subscriptions,850.29,monthly,cash
REC_NPE_00068880,NPU_00005,subscriptions,809.68,monthly,esewa
REC_NPE_00068881,NPU_00006,subscriptions,2959.05,monthly,bank_transfer
REC_NPE_00068884,NPU_00007,subscriptions,6096.63,monthly,credit_card
REC_NPE_00068887,NPU_00008,subscriptions,1123.32,monthly,khalti
REC_NPE_00068892,NPU_00010,subscriptions,687.16,monthly,bank_transfer
REC_NPE_00068896,NPU_00012,subscriptions,2650.79,monthly,esewa
REC_NPE_00068898,NPU_00013,subscriptions,2340.23,monthly,bank_transfer
REC_NPE_00068899,NPU_00014,subscriptions,1939.71,monthly,bank_transfer
REC_NPE_00068902,NPU_00016,subscriptions,1604.18,monthly,cash
REC_NPE_00068904,NPU_00019,subscriptions,3525.71,monthly,cash
REC_NPE_00068906,NPU_00020,subscriptions,4878.64,monthly,cash
REC_NPE_00068908,NPU_00022,subscriptions,3764.97,monthly,esewa
REC_NPE_00068911,NPU_00023,subscriptions,1774.81,monthly,cash
REC_NPE_00068912,NPU_00025,subscriptions,3619.97,monthly,cash
REC_NPE_00068913,NPU_00027,subscriptions,3294.11,monthly,khalti
REC_NPE_00068916,NPU_00028,subscriptions,1417.31,monthly,credit_card
REC_NPE_00068921,NPU_00034,subscriptions,1002.3,monthly,cash
REC_NPE_00068922,NPU_00035,subscriptions,1082.62,monthly,cash
REC_NPE_00068924,NPU_00036,subscriptions,882.7,monthly,esewa
REC_NPE_00068927,NPU_00037,subscriptions,1165.4,monthly,bank_transfer
REC_NPE_00068928,NPU_00038,subscriptions,1865.25,monthly,cash
REC_NPE_00068932,NPU_00041,subscriptions,1316.15,monthly,debit_card
REC_NPE_00068936,NPU_00045,subscriptions,2831.68,monthly,cash
REC_NPE_00068940,NPU_00048,subscriptions,2377.27,monthly,credit_card
REC_NPE_00068944,NPU_00050,subscriptions,2330.16,monthly,cash
REC_NPE_00068946,NPU_00052,subscriptions,1895.09,monthly,cash
REC_NPE_00068949,NPU_00053,subscriptions,1254.65,monthly,esewa
REC_NPE_00068950,NPU_00054,subscriptions,4097.41,monthly,debit_card
REC_NPE_00068952,NPU_00057,subscriptions,4738.36,monthly,esewa
REC_NPE_00068956,NPU_00061,subscriptions,1963.75,monthly,bank_transfer
REC_NPE_00068959,NPU_00062,subscriptions,2236.56,monthly,cash
REC_NPE_00068963,NPU_00064,subscriptions,5488.21,monthly,esewa
REC_NPE_00068966,NPU_00065,subscriptions,1858.91,monthly,bank_transfer
REC_NPE_00068976,NPU_00072,subscriptions,1204.22,monthly,cash
REC_NPE_00068979,NPU_00074,subscriptions,857.84,monthly,khalti
REC_NPE_00068980,NPU_00075,subscriptions,3408.34,monthly,bank_transfer
REC_NPE_00068985,NPU_00079,subscriptions,2895.34,monthly,cash
REC_NPE_00070100,NPU_00002,rent,8039.9,monthly,esewa
REC_NPE_00070103,NPU_00005,rent,17917.15,monthly,credit_card
REC_NPE_00070108,NPU_00007,rent,27441.05,monthly,khalti
REC_NPE_00070115,NPU_00013,rent,51054.22,monthly,esewa
REC_NPE_00070119,NPU_00015,rent,43543.9,monthly,esewa
REC_NPE_00070125,NPU_00019,rent,29164.54,monthly,esewa
REC_NPE_00070126,NPU_00020,rent,16791.88,monthly,debit_card
REC_NPE_00070129,NPU_00022,rent,62475.0,monthly,bank_transfer
REC_NPE_00070132,NPU_00024,rent,58381.18,monthly,cash
REC_NPE_00070133,NPU_00025,rent,12672.54,monthly,cash
REC_NPE_00070135,NPU_00026,rent,26282.42,monthly,cash
REC_NPE_00070141,NPU_00030,rent,10000.0,monthly,cash
REC_NPE_00070145,NPU_00031,rent,18121.47,monthly,cash
REC_NPE_00070149,NPU_00033,rent,15836.5,monthly,esewa
REC_NPE_00070151,NPU_00035,rent,18389.98,monthly,bank_transfer
REC_NPE_00070155,NPU_00037,rent,44240.01,monthly,cash
REC_NPE_00070158,NPU_00039,rent,13799.87,monthly,esewa
REC_NPE_00070166,NPU_00043,rent,9330.62,monthly,esewa
REC_NPE_00070167,NPU_00044,rent,26030.48,monthly,esewa
REC_NPE_00070175,NPU_00048,rent,17053.89,monthly,cash
REC_NPE_00070177,NPU_00049,rent,28502.61,monthly,cash
REC_NPE_00070180,NPU_00051,rent,37608.39,monthly,cash
REC_NPE_00070185,NPU_00056,rent,49242.0,monthly,cash
REC_NPE_00070188,NPU_00057,rent,40249.09,monthly,bank_transfer
REC_NPE_00070192,NPU_00061,rent,39569.38,monthly,cash
REC_NPE_00070193,NPU_00062,rent,24738.77,monthly,cash
REC_NPE_00070196,NPU_00063,rent,22133.55,monthly,bank_transfer
REC_NPE_00070197,NPU_00064,rent,45473.47,monthly,cash
REC_NPE_00070200,NPU_00066,rent,39760.76,monthly,bank_transfer
REC_NPE_00070202,NPU_00067,rent,19770.74,monthly,cash
REC_NPE_00070205,NPU_00068,rent,12779.81,monthly,cash
REC_NPE_00070211,NPU_00072,rent,12580.74,monthly,debit_card
REC_NPE_00070214,NPU_00075,rent,49084.28,monthly,cash
REC_NPE_00070216,NPU_00077,rent,43348.11,monthly,cash
REC_NPE_00070219,NPU_00080,rent,32458.24,monthly,cash
REC_NPE_00070300,NPU_00004,savings_investment,823.21,monthly,esewa
REC_NPE_00070305,NPU_00008,savings_investment,28241.84,monthly,khalti
REC_NPE_00070308,NPU_00009,savings_investment,12278.67,monthly,esewa
REC_NPE_00070311,NPU_00011,savings_investment,18478.98,monthly,khalti
REC_NPE_00070313,NPU_00013,savings_investment,1120.72,monthly,cash
REC_NPE_00070319,NPU_00020,savings_investment,9062.82,monthly,cash
REC_NPE_00070321,NPU_00021,savings_investment,5730.5,monthly,esewa
REC_NPE_00070326,NPU_00026,savings_investment,10283.21,monthly,cash
REC_NPE_00070328,NPU_00029,savings_investment,21467.17,monthly,cash
REC_NPE_00070329,NPU_00030,savings_investment,7569.33,monthly,cash
REC_NPE_00070330,NPU_00031,savings_investment,7646.54,monthly,cash
REC_NPE_00070332,NPU_00032,savings_investment,3631.17,monthly,cash
REC_NPE_00070334,NPU_00035,savings_investment,5929.17,monthly,esewa
REC_NPE_00070335,NPU_00036,savings_investment,4264.97,monthly,cash
REC_NPE_00070344,NPU_00043,savings_investment,2087.77,monthly,cash
REC_NPE_00070351,NPU_00049,savings_investment,8365.99,monthly,cash
REC_NPE_00070355,NPU_00052,savings_investment,4985.55,monthly,debit_card
REC_NPE_00070360,NPU_00057,savings_investment,4037.61,monthly,bank_transfer
REC_NPE_00070364,NPU_00059,savings_investment,22579.21,monthly,esewa
REC_NPE_00070368,NPU_00064,savings_investment,18662.45,monthly,khalti
REC_NPE_00070370,NPU_00065,savings_investment,12248.26,monthly,khalti
REC_NPE_00070373,NPU_00067,savings_investment,8904.74,monthly,esewa
REC_NPE_00070376,NPU_00068,savings_investment,4816.13,monthly,fonepay_qr
REC_NPE_00070377,NPU_00069,savings_investment,17401.7,monthly,cash
REC_NPE_00070379,NPU_00070,savings_investment,15887.73,monthly,cash
REC_NPE_00070385,NPU_00075,savings_investment,22144.22,monthly,esewa
REC_NPE_00070389,NPU_00079,savings_investment,19417.49,monthly,fonepay_qr
REC_NPE_00070390,NPU_00080,savings_investment,9809.24,monthly,cash
REC_NPE_00070490,NPU_00003,family_support,11620.41,monthly,esewa
REC_NPE_00070493,NPU_00004,family_support,8422.76,monthly,bank_transfer
REC_NPE_00070495,NPU_00005,family_support,7171.81,monthly,bank_transfer
REC_NPE_00070497,NPU_00006,family_support,20772.77,monthly,esewa
REC_NPE_00070499,NPU_00008,family_support,20470.3,monthly,esewa
REC_NPE_00070500,NPU_00009,family_support,24750.65,monthly,cash
REC_NPE_00070510,NPU_00014,family_support,16409.05,monthly,cash
REC_NPE_00070514,NPU_00017,family_support,22919.26,monthly,esewa
REC_NPE_00070516,NPU_00018,family_support,6002.21,monthly,khalti
REC_NPE_00070517,NPU_00019,family_support,12020.11,monthly,cash
REC_NPE_00070524,NPU_00024,family_support,9734.06,monthly,esewa
REC_NPE_00070525,NPU_00025,family_support,34799.71,monthly,esewa
REC_NPE_00070527,NPU_00026,family_support,14238.46,monthly,cash
REC_NPE_00070529,NPU_00027,family_support,22081.28,monthly,cash
REC_NPE_00070531,NPU_00028,family_support,30587.17,monthly,cash
REC_NPE_00070536,NPU_00030,family_support,35042.02,monthly,bank_transfer
REC_NPE_00070538,NPU_00031,family_support,16159.29,monthly,bank_transfer
REC_NPE_00070540,NPU_00032,family_support,46065.62,monthly,cash
REC_NPE_00070550,NPU_00037,family_support,17018.19,monthly,cash
REC_NPE_00070552,NPU_00039,family_support,15593.07,monthly,khalti
REC_NPE_00070561,NPU_00047,family_support,20598.98,monthly,esewa
REC_NPE_00070563,NPU_00048,family_support,19130.02,monthly,cash
REC_NPE_00070569,NPU_00050,family_support,11156.04,monthly,cash
REC_NPE_00070574,NPU_00052,family_support,24548.07,monthly,khalti
REC_NPE_00070577,NPU_00053,family_support,20891.89,monthly,bank_transfer
REC_NPE_00070584,NPU_00058,family_support,28577.46,monthly,esewa
REC_NPE_00070586,NPU_00059,family_support,12985.98,monthly,cash
REC_NPE_00070589,NPU_00061,family_support,31423.06,monthly,esewa
REC_NPE_00070593,NPU_00063,family_support,26859.66,monthly,bank_transfer
REC_NPE_00070596,NPU_00065,family_support,9053.88,monthly,bank_transfer
REC_NPE_00070597,NPU_00067,family_support,12408.75,monthly,cash
REC_NPE_00070600,NPU_00069,family_support,21761.7,monthly,debit_card
REC_NPE_00070602,NPU_00070,family_support,9938.31,monthly,cash
REC_NPE_00070605,NPU_00071,family_support,24358.71,monthly,cash
REC_NPE_00070606,NPU_00072,family_support,12699.15,monthly,cash
REC_NPE_00070610,NPU_00076,family_support,33981.36,monthly,fonepay_qr
REC_NPE_00070613,NPU_00077,family_support,18760.94,monthly,cash
REC_NPE_00070615,NPU_00078,family_support,42167.89,monthly,bank_transfer
REC_NPE_00070620,NPU_00080,family_support,17876.73,monthly,esewa
REC_NPE_00070815,NPU_00002,utilities,6330.44,monthly,bank_transfer
REC_NPE_00070818,NPU_00003,utilities,8140.05,monthly,cash
REC_NPE_00070819,NPU_00005,utilities,2953.79,monthly,esewa
REC_NPE_00070822,NPU_00006,utilities,3184.72,monthly,khalti
REC_NPE_00070827,NPU_00009,utilities,1937.76,monthly,bank_transfer
REC_NPE_00070828,NPU_00010,utilities,8976.0,monthly,esewa
REC_NPE_00070831,NPU_00011,utilities,4662.79,monthly,cash
REC_NPE_00070832,NPU_00012,utilities,1298.16,monthly,esewa
REC_NPE_00070833,NPU_00013,utilities,4734.56,monthly,cash
REC_NPE_00070834,NPU_00014,utilities,3604.67,monthly,cash
REC_NPE_00070836,NPU_00016,utilities,3090.24,monthly,bank_transfer
REC_NPE_00070837,NPU_00017,utilities,2741.91,monthly,cash
REC_NPE_00070838,NPU_00019,utilities,3369.67,monthly,cash
REC_NPE_00070840,NPU_00020,utilities,9977.98,monthly,debit_card
REC_NPE_00070842,NPU_00021,utilities,7156.08,monthly,cash
REC_NPE_00070845,NPU_00022,utilities,4207.31,monthly,khalti
REC_NPE_00070849,NPU_00025,utilities,3735.16,monthly,esewa
REC_NPE_00070852,NPU_00026,utilities,2591.09,monthly,cash
REC_NPE_00070856,NPU_00028,utilities,5610.38,monthly,esewa
REC_NPE_00070857,NPU_00029,utilities,3546.75,monthly,cash
REC_NPE_00070861,NPU_00030,utilities,5299.25,monthly,cash
REC_NPE_00070867,NPU_00036,utilities,2727.16,monthly,esewa
REC_NPE_00070871,NPU_00039,utilities,1669.46,monthly,fonepay_qr
REC_NPE_00070874,NPU_00040,utilities,1895.11,monthly,cash
REC_NPE_00070876,NPU_00041,utilities,5872.37,monthly,bank_transfer
REC_NPE_00070877,NPU_00042,utilities,3465.11,monthly,cash
REC_NPE_00070879,NPU_00043,utilities,2570.7,monthly,cash
REC_NPE_00070882,NPU_00044,utilities,3058.07,monthly,cash
REC_NPE_00070883,NPU_00045,utilities,4177.2,monthly,khalti
REC_NPE_00070884,NPU_00046,utilities,1617.71,monthly,cash
REC_NPE_00070885,NPU_00047,utilities,6271.89,monthly,bank_transfer
REC_NPE_00070888,NPU_00048,utilities,3727.07,monthly,esewa
REC_NPE_00070891,NPU_00049,utilities,2018.46,monthly,bank_transfer
REC_NPE_00070893,NPU_00050,utilities,8419.67,monthly,credit_card
REC_NPE_00070895,NPU_00051,utilities,4994.95,monthly,debit_card
REC_NPE_00070897,NPU_00052,utilities,1727.33,monthly,esewa
REC_NPE_00070902,NPU_00054,utilities,4777.11,monthly,cash
REC_NPE_00070905,NPU_00055,utilities,4376.64,monthly,khalti
REC_NPE_00070907,NPU_00057,utilities,1962.37,monthly,esewa
REC_NPE_00070909,NPU_00059,utilities,2265.69,monthly,cash
REC_NPE_00070911,NPU_00060,utilities,1945.59,monthly,cash
REC_NPE_00070912,NPU_00061,utilities,3950.56,monthly,cash
REC_NPE_00070913,NPU_00062,utilities,2391.48,monthly,credit_card
REC_NPE_00070916,NPU_00065,utilities,5396.08,monthly,credit_card
REC_NPE_00070920,NPU_00066,utilities,3095.06,monthly,cash
REC_NPE_00070921,NPU_00067,utilities,1184.37,monthly,fonepay_qr
REC_NPE_00070922,NPU_00068,utilities,6258.44,monthly,khalti
REC_NPE_00070923,NPU_00069,utilities,5347.01,monthly,debit_card
REC_NPE_00070925,NPU_00070,utilities,6985.8,monthly,cash
REC_NPE_00070928,NPU_00071,utilities,4663.7,monthly,esewa
REC_NPE_00070933,NPU_00072,utilities,10710.0,monthly,cash
REC_NPE_00070934,NPU_00075,utilities,6357.11,monthly,khalti
REC_NPE_00070940,NPU_00076,utilities,3165.92,monthly,cash
REC_NPE_00070942,NPU_00077,utilities,4389.54,monthly,cash
REC_NPE_00070945,NPU_00079,utilities,1903.47,monthly,cash
REC_NPE_00070948,NPU_00080,utilities,4670.07,monthly,esewa
REC_NPE_00071233,NPU_00002,internet_mobile,3395.08,monthly,credit_card
REC_NPE_00071235,NPU_00004,internet_mobile,2858.28,monthly,esewa
REC_NPE_00071238,NPU_00005,internet_mobile,2220.71,monthly,cash
REC_NPE_00071240,NPU_00007,internet_mobile,2460.16,monthly,fonepay_qr
REC_NPE_00071242,NPU_00008,internet_mobile,2321.46,monthly,cash
REC_NPE_00071246,NPU_00009,internet_mobile,1893.28,monthly,cash
REC_NPE_00071248,NPU_00010,internet_mobile,1083.87,monthly,esewa
REC_NPE_00071251,NPU_00011,internet_mobile,1098.84,monthly,cash
REC_NPE_00071253,NPU_00012,internet_mobile,1743.04,monthly,cash
REC_NPE_00071255,NPU_00013,internet_mobile,1743.91,monthly,cash
REC_NPE_00071259,NPU_00014,internet_mobile,1862.23,monthly,cash
REC_NPE_00071262,NPU_00015,internet_mobile,4212.81,monthly,esewa
REC_NPE_00071268,NPU_00017,internet_mobile,1897.53,monthly,cash
REC_NPE_00071271,NPU_00018,internet_mobile,1571.4,monthly,bank_transfer
REC_NPE_00071274,NPU_00021,internet_mobile,1458.03,monthly,debit_card
REC_NPE_00071275,NPU_00022,internet_mobile,1371.95,monthly,cash
REC_NPE_00071276,NPU_00023,internet_mobile,1344.56,monthly,cash
REC_NPE_00071280,NPU_00024,internet_mobile,1727.5,monthly,bank_transfer
REC_NPE_00071281,NPU_00025,internet_mobile,1368.39,monthly,debit_card
REC_NPE_00071283,NPU_00026,internet_mobile,3794.23,monthly,bank_transfer
REC_NPE_00071285,NPU_00027,internet_mobile,4731.59,monthly,cash
REC_NPE_00071287,NPU_00029,internet_mobile,2757.47,monthly,bank_transfer
REC_NPE_00071290,NPU_00030,internet_mobile,2427.35,monthly,khalti
REC_NPE_00071293,NPU_00032,internet_mobile,2001.13,monthly,khalti
REC_NPE_00071295,NPU_00033,internet_mobile,417.5,monthly,cash
REC_NPE_00071296,NPU_00034,internet_mobile,1862.19,monthly,esewa
REC_NPE_00071298,NPU_00035,internet_mobile,1251.0,monthly,esewa
REC_NPE_00071300,NPU_00036,internet_mobile,2622.18,monthly,esewa
REC_NPE_00071302,NPU_00037,internet_mobile,546.52,monthly,khalti
REC_NPE_00071304,NPU_00038,internet_mobile,2220.56,monthly,esewa
REC_NPE_00071306,NPU_00039,internet_mobile,1410.8,monthly,esewa
REC_NPE_00071309,NPU_00040,internet_mobile,1020.44,monthly,khalti
REC_NPE_00071312,NPU_00043,internet_mobile,2714.42,monthly,cash
REC_NPE_00071316,NPU_00045,internet_mobile,2424.0,monthly,esewa
REC_NPE_00071319,NPU_00046,internet_mobile,1716.1,monthly,bank_transfer
REC_NPE_00071320,NPU_00047,internet_mobile,4686.83,monthly,cash
REC_NPE_00071322,NPU_00048,internet_mobile,759.94,monthly,cash
REC_NPE_00071327,NPU_00049,internet_mobile,4449.47,monthly,bank_transfer
REC_NPE_00071329,NPU_00050,internet_mobile,1516.35,monthly,cash
REC_NPE_00071333,NPU_00052,internet_mobile,629.71,monthly,cash
REC_NPE_00071336,NPU_00054,internet_mobile,3841.87,monthly,bank_transfer
REC_NPE_00071337,NPU_00055,internet_mobile,3096.9,monthly,cash
REC_NPE_00071339,NPU_00056,internet_mobile,3438.99,monthly,debit_card
REC_NPE_00071341,NPU_00057,internet_mobile,3806.92,monthly,cash
REC_NPE_00071343,NPU_00058,internet_mobile,820.42,monthly,esewa
REC_NPE_00071350,NPU_00061,internet_mobile,973.2,monthly,cash
REC_NPE_00071357,NPU_00064,internet_mobile,3303.66,monthly,bank_transfer
REC_NPE_00071359,NPU_00065,internet_mobile,1060.94,monthly,debit_card
REC_NPE_00071361,NPU_00066,internet_mobile,3199.08,monthly,khalti
REC_NPE_00071364,NPU_00068,internet_mobile,1652.29,monthly,cash
REC_NPE_00071368,NPU_00070,internet_mobile,2889.08,monthly,esewa
REC_NPE_00071372,NPU_00072,internet_mobile,5832.59,monthly,cash
REC_NPE_00071373,NPU_00073,internet_mobile,5017.08,monthly,esewa
REC_NPE_00071376,NPU_00075,internet_mobile,3158.08,monthly,cash
REC_NPE_00071378,NPU_00076,internet_mobile,2478.7,monthly,cash
REC_NPE_00071379,NPU_00077,internet_mobile,2449.68,monthly,fonepay_qr
REC_NPE_00071380,NPU_00078,internet_mobile,4163.36,monthly,esewa
REC_NPE_00071381,NPU_00079,internet_mobile,3678.19,monthly,bank_transfer
REC_NPE_00071383,NPU_00080,internet_mobile,1033.09,monthly,khalti
REC_NPE_00071551,NPU_00002,loan_emi,24243.44,monthly,bank_transfer
REC_NPE_00071554,NPU_00007,loan_emi,18152.82,monthly,cash
REC_NPE_00071559,NPU_00018,loan_emi,16430.38,monthly,esewa
REC_NPE_00071561,NPU_00019,loan_emi,24677.22,monthly,cash
REC_NPE_00071563,NPU_00021,loan_emi,19666.14,monthly,cash
REC_NPE_00071565,NPU_00023,loan_emi,23217.72,monthly,cash
REC_NPE_00071568,NPU_00026,loan_emi,11559.94,monthly,esewa
REC_NPE_00071578,NPU_00034,loan_emi,14180.07,monthly,cash
REC_NPE_00071582,NPU_00037,loan_emi,6401.4,monthly,debit_card
REC_NPE_00071588,NPU_00041,loan_emi,14703.12,monthly,cash
REC_NPE_00071589,NPU_00042,loan_emi,16935.93,monthly,esewa
REC_NPE_00071591,NPU_00045,loan_emi,13445.58,monthly,debit_card
REC_NPE_00071597,NPU_00050,loan_emi,23914.75,monthly,cash
REC_NPE_00071624,NPU_00069,loan_emi,12736.94,monthly,cash
REC_NPE_00071626,NPU_00071,loan_emi,30798.43,monthly,cash
REC_NPE_00071632,NPU_00076,loan_emi,11105.6,monthly,cash
REC_NPE_00071635,NPU_00079,loan_emi,12158.51,monthly,cash
REC_NPE_00071826,NPU_00001,subscriptions,2420.28,monthly,cash
REC_NPE_00071830,NPU_00002,subscriptions,798.74,monthly,credit_card
REC_NPE_00071834,NPU_00007,subscriptions,2807.69,monthly,khalti
REC_NPE_00071835,NPU_00008,subscriptions,2203.29,monthly,esewa
REC_NPE_00071837,NPU_00009,subscriptions,3869.2,monthly,bank_transfer
REC_NPE_00071839,NPU_00010,subscriptions,1649.64,monthly,esewa
REC_NPE_00071842,NPU_00011,subscriptions,1654.25,monthly,esewa
REC_NPE_00071846,NPU_00014,subscriptions,4117.36,monthly,cash
REC_NPE_00071849,NPU_00018,subscriptions,2403.68,monthly,esewa
REC_NPE_00071850,NPU_00019,subscriptions,4977.41,monthly,esewa
REC_NPE_00071853,NPU_00020,subscriptions,1648.31,monthly,esewa
REC_NPE_00071858,NPU_00025,subscriptions,3157.99,monthly,khalti
REC_NPE_00071865,NPU_00028,subscriptions,1646.56,monthly,khalti
REC_NPE_00071868,NPU_00030,subscriptions,3781.2,monthly,bank_transfer
REC_NPE_00071871,NPU_00031,subscriptions,2368.96,monthly,cash
REC_NPE_00071877,NPU_00033,subscriptions,1558.29,monthly,cash
REC_NPE_00071882,NPU_00034,subscriptions,1664.72,monthly,cash
REC_NPE_00071887,NPU_00036,subscriptions,892.47,monthly,cash
REC_NPE_00071890,NPU_00039,subscriptions,1217.16,monthly,cash
REC_NPE_00071893,NPU_00040,subscriptions,4288.55,monthly,cash
REC_NPE_00071897,NPU_00042,subscriptions,2766.16,monthly,cash
REC_NPE_00071902,NPU_00045,subscriptions,4202.18,monthly,debit_card
REC_NPE_00071903,NPU_00046,subscriptions,1301.71,monthly,cash
REC_NPE_00071906,NPU_00048,subscriptions,2973.86,monthly,khalti
REC_NPE_00071907,NPU_00049,subscriptions,1774.15,monthly,cash
REC_NPE_00071911,NPU_00050,subscriptions,2607.58,monthly,cash
REC_NPE_00071915,NPU_00053,subscriptions,2444.1,monthly,cash
REC_NPE_00071919,NPU_00057,subscriptions,2585.0,monthly,debit_card
REC_NPE_00071923,NPU_00058,subscriptions,2048.11,monthly,esewa
REC_NPE_00071925,NPU_00059,subscriptions,6065.21,monthly,cash
REC_NPE_00071927,NPU_00060,subscriptions,2226.63,monthly,cash
REC_NPE_00071929,NPU_00061,subscriptions,1877.96,monthly,esewa
REC_NPE_00071932,NPU_00063,subscriptions,1284.36,monthly,cash
REC_NPE_00071934,NPU_00064,subscriptions,8500.0,monthly,cash
REC_NPE_00071937,NPU_00065,subscriptions,1976.63,monthly,cash
REC_NPE_00071942,NPU_00069,subscriptions,6824.04,monthly,debit_card
REC_NPE_00071948,NPU_00075,subscriptions,1378.15,monthly,bank_transfer
REC_NPE_00071949,NPU_00076,subscriptions,2716.17,monthly,cash
REC_NPE_00071950,NPU_00077,subscriptions,4197.23,monthly,cash
REC_NPE_00073057,NPU_00002,rent,17779.05,monthly,cash
REC_NPE_00073060,NPU_00004,rent,20201.48,monthly,esewa
REC_NPE_00073063,NPU_00005,rent,33294.18,monthly,bank_transfer
REC_NPE_00073066,NPU_00006,rent,43886.3,monthly,bank_transfer
REC_NPE_00073070,NPU_00007,rent,37795.88,monthly,debit_card
REC_NPE_00073074,NPU_00010,rent,30135.16,monthly,cash
REC_NPE_00073077,NPU_00012,rent,15707.33,monthly,cash
REC_NPE_00073080,NPU_00014,rent,27889.18,monthly,esewa
REC_NPE_00073081,NPU_00015,rent,10008.81,monthly,esewa
REC_NPE_00073083,NPU_00019,rent,20152.9,monthly,cash
REC_NPE_00073085,NPU_00020,rent,10000.0,monthly,cash
REC_NPE_00073089,NPU_00022,rent,35556.07,monthly,esewa
REC_NPE_00073092,NPU_00024,rent,11193.93,monthly,bank_transfer
REC_NPE_00073093,NPU_00025,rent,34991.47,monthly,cash
REC_NPE_00073095,NPU_00026,rent,9779.24,monthly,cash
REC_NPE_00073102,NPU_00031,rent,56378.24,monthly,cash
REC_NPE_00073104,NPU_00033,rent,52360.0,monthly,cash
REC_NPE_00073108,NPU_00035,rent,9799.0,monthly,esewa
REC_NPE_00073111,NPU_00037,rent,32989.59,monthly,cash
REC_NPE_00073112,NPU_00038,rent,12761.71,monthly,cash
REC_NPE_00073114,NPU_00039,rent,9100.12,monthly,bank_transfer
REC_NPE_00073126,NPU_00048,rent,29425.84,monthly,bank_transfer
REC_NPE_00073128,NPU_00049,rent,10000.0,monthly,cash
REC_NPE_00073131,NPU_00051,rent,19561.4,monthly,cash
REC_NPE_00073137,NPU_00055,rent,23160.73,monthly,khalti
REC_NPE_00073141,NPU_00057,rent,17099.64,monthly,khalti
REC_NPE_00073145,NPU_00061,rent,35943.28,monthly,khalti
REC_NPE_00073150,NPU_00063,rent,24430.6,monthly,cash
REC_NPE_00073152,NPU_00064,rent,45858.69,monthly,cash
REC_NPE_00073165,NPU_00075,rent,22485.14,monthly,esewa
REC_NPE_00073169,NPU_00077,rent,26590.09,monthly,cash
REC_NPE_00073172,NPU_00080,rent,16089.8,monthly,cash
REC_NPE_00073302,NPU_00002,savings_investment,5819.61,monthly,bank_transfer
REC_NPE_00073306,NPU_00005,savings_investment,1158.9,monthly,khalti
REC_NPE_00073309,NPU_00009,savings_investment,11478.56,monthly,cash
REC_NPE_00073315,NPU_00015,savings_investment,3585.6,monthly,cash
REC_NPE_00073317,NPU_00017,savings_investment,11015.03,monthly,bank_transfer
REC_NPE_00073321,NPU_00020,savings_investment,6670.26,monthly,cash
REC_NPE_00073322,NPU_00021,savings_investment,6843.81,monthly,esewa
REC_NPE_00073324,NPU_00022,savings_investment,12521.33,monthly,esewa
REC_NPE_00073331,NPU_00024,savings_investment,5359.65,monthly,fonepay_qr
REC_NPE_00073333,NPU_00027,savings_investment,6673.62,monthly,fonepay_qr
REC_NPE_00073335,NPU_00029,savings_investment,21821.2,monthly,esewa
REC_NPE_00073342,NPU_00035,savings_investment,3554.25,monthly,cash
REC_NPE_00073347,NPU_00040,savings_investment,3918.68,monthly,esewa
REC_NPE_00073355,NPU_00048,savings_investment,17190.77,monthly,esewa
REC_NPE_00073359,NPU_00049,savings_investment,7935.57,monthly,credit_card
REC_NPE_00073360,NPU_00052,savings_investment,6467.79,monthly,cash
REC_NPE_00073370,NPU_00059,savings_investment,21273.21,monthly,esewa
REC_NPE_00073372,NPU_00060,savings_investment,29230.93,monthly,cash
REC_NPE_00073378,NPU_00063,savings_investment,2880.25,monthly,khalti
REC_NPE_00073381,NPU_00064,savings_investment,15687.01,monthly,cash
REC_NPE_00073382,NPU_00065,savings_investment,8591.96,monthly,cash
REC_NPE_00073384,NPU_00066,savings_investment,1516.31,monthly,khalti
REC_NPE_00073388,NPU_00073,savings_investment,10690.18,monthly,esewa
REC_NPE_00073389,NPU_00075,savings_investment,22062.97,monthly,khalti
REC_NPE_00073392,NPU_00076,savings_investment,10297.88,monthly,esewa
REC_NPE_00073479,NPU_00001,family_support,8355.63,monthly,fonepay_qr
REC_NPE_00073481,NPU_00003,family_support,6720.04,monthly,debit_card
REC_NPE_00073482,NPU_00004,family_support,18434.04,monthly,cash
REC_NPE_00073483,NPU_00005,family_support,9948.32,monthly,bank_transfer
REC_NPE_00073484,NPU_00006,family_support,17121.69,monthly,esewa
REC_NPE_00073488,NPU_00007,family_support,15108.77,monthly,cash
REC_NPE_00073490,NPU_00008,family_support,25320.14,monthly,cash
REC_NPE_00073494,NPU_00010,family_support,31963.81,monthly,khalti
REC_NPE_00073500,NPU_00013,family_support,21806.14,monthly,cash
REC_NPE_00073501,NPU_00014,family_support,15079.45,monthly,cash
REC_NPE_00073505,NPU_00017,family_support,4665.16,monthly,cash
REC_NPE_00073507,NPU_00018,family_support,24729.72,monthly,cash
REC_NPE_00073508,NPU_00019,family_support,21125.37,monthly,khalti
REC_NPE_00073510,NPU_00020,family_support,27553.98,monthly,cash
REC_NPE_00073512,NPU_00023,family_support,16566.38,monthly,cash
REC_NPE_00073515,NPU_00024,family_support,18403.61,monthly,cash
REC_NPE_00073518,NPU_00025,family_support,15996.4,monthly,bank_transfer
REC_NPE_00073522,NPU_00026,family_support,21019.78,monthly,cash
REC_NPE_00073525,NPU_00027,family_support,10267.03,monthly,credit_card
REC_NPE_00073529,NPU_00030,family_support,17749.98,monthly,bank_transfer
REC_NPE_00073534,NPU_00032,family_support,21774.2,monthly,khalti
REC_NPE_00073535,NPU_00033,family_support,21959.44,monthly,debit_card
REC_NPE_00073536,NPU_00034,family_support,17474.4,monthly,cash
REC_NPE_00073537,NPU_00035,family_support,12500.17,monthly,cash
REC_NPE_00073541,NPU_00038,family_support,21125.57,monthly,khalti
REC_NPE_00073543,NPU_00040,family_support,9940.29,monthly,cash
REC_NPE_00073545,NPU_00041,family_support,24264.36,monthly,esewa
REC_NPE_00073546,NPU_00042,family_support,32607.41,monthly,khalti
REC_NPE_00073548,NPU_00043,family_support,4209.86,monthly,esewa
REC_NPE_00073551,NPU_00044,family_support,6156.7,monthly,debit_card
REC_NPE_00073552,NPU_00047,family_support,24951.96,monthly,credit_card
REC_NPE_00073554,NPU_00048,family_support,19130.53,monthly,cash
REC_NPE_00073557,NPU_00051,family_support,8470.65,monthly,khalti
REC_NPE_00073558,NPU_00052,family_support,7436.56,monthly,cash
REC_NPE_00073562,NPU_00053,family_support,15257.82,monthly,khalti
REC_NPE_00073563,NPU_00054,family_support,44700.48,monthly,bank_transfer
REC_NPE_00073564,NPU_00055,family_support,18344.0,monthly,debit_card
REC_NPE_00073568,NPU_00058,family_support,11958.93,monthly,fonepay_qr
REC_NPE_00073571,NPU_00059,family_support,32889.57,monthly,bank_transfer
REC_NPE_00073573,NPU_00060,family_support,13445.58,monthly,fonepay_qr
REC_NPE_00073575,NPU_00063,family_support,9281.63,monthly,cash
REC_NPE_00073577,NPU_00064,family_support,18004.55,monthly,esewa
REC_NPE_00073579,NPU_00066,family_support,22849.05,monthly,khalti
REC_NPE_00073583,NPU_00067,family_support,13630.04,monthly,fonepay_qr
REC_NPE_00073588,NPU_00069,family_support,29727.18,monthly,esewa
REC_NPE_00073592,NPU_00071,family_support,35285.01,monthly,esewa
REC_NPE_00073600,NPU_00076,family_support,16673.01,monthly,cash
REC_NPE_00073602,NPU_00077,family_support,19469.29,monthly,cash
REC_NPE_00073603,NPU_00078,family_support,26585.45,monthly,cash
REC_NPE_00073606,NPU_00079,family_support,5763.22,monthly,cash
REC_NPE_00073608,NPU_00080,family_support,7798.26,monthly,bank_transfer
REC_NPE_00073757,NPU_00001,utilities,3128.19,monthly,cash
REC_NPE_00073759,NPU_00002,utilities,1853.73,monthly,esewa
REC_NPE_00073761,NPU_00003,utilities,4777.4,monthly,cash
REC_NPE_00073767,NPU_00005,utilities,4077.79,monthly,esewa
REC_NPE_00073769,NPU_00006,utilities,3968.43,monthly,bank_transfer
REC_NPE_00073772,NPU_00007,utilities,2085.66,monthly,fonepay_qr
REC_NPE_00073779,NPU_00010,utilities,4490.43,monthly,cash
REC_NPE_00073782,NPU_00011,utilities,2504.02,monthly,cash
REC_NPE_00073786,NPU_00013,utilities,3735.02,monthly,esewa
REC_NPE_00073789,NPU_00016,utilities,6305.56,monthly,khalti
REC_NPE_00073794,NPU_00018,utilities,9259.8,monthly,debit_card
REC_NPE_00073798,NPU_00020,utilities,2664.43,monthly,khalti
REC_NPE_00073799,NPU_00021,utilities,1046.71,monthly,esewa
REC_NPE_00073800,NPU_00022,utilities,3269.61,monthly,khalti
REC_NPE_00073802,NPU_00024,utilities,3653.17,monthly,esewa
REC_NPE_00073804,NPU_00025,utilities,3295.28,monthly,cash
REC_NPE_00073805,NPU_00026,utilities,2239.24,monthly,cash
REC_NPE_00073806,NPU_00027,utilities,7442.64,monthly,esewa
REC_NPE_00073808,NPU_00028,utilities,3846.62,monthly,khalti
REC_NPE_00073810,NPU_00029,utilities,7183.88,monthly,debit_card
REC_NPE_00073812,NPU_00030,utilities,3970.93,monthly,esewa
REC_NPE_00073814,NPU_00031,utilities,5726.24,monthly,esewa
REC_NPE_00073817,NPU_00032,utilities,2191.75,monthly,debit_card
REC_NPE_00073819,NPU_00034,utilities,1605.3,monthly,fonepay_qr
REC_NPE_00073822,NPU_00035,utilities,1077.32,monthly,bank_transfer
REC_NPE_00073823,NPU_00036,utilities,1981.86,monthly,esewa
REC_NPE_00073827,NPU_00038,utilities,3755.78,monthly,fonepay_qr
REC_NPE_00073834,NPU_00041,utilities,2202.86,monthly,khalti
REC_NPE_00073836,NPU_00043,utilities,3382.27,monthly,cash
REC_NPE_00073840,NPU_00047,utilities,12750.0,monthly,cash
REC_NPE_00073842,NPU_00048,utilities,6703.8,monthly,esewa
REC_NPE_00073845,NPU_00049,utilities,1107.29,monthly,cash
REC_NPE_00073848,NPU_00050,utilities,1268.94,monthly,cash
REC_NPE_00073850,NPU_00051,utilities,1037.97,monthly,khalti
REC_NPE_00073852,NPU_00052,utilities,5889.76,monthly,cash
REC_NPE_00073853,NPU_00053,utilities,2571.61,monthly,esewa
REC_NPE_00073863,NPU_00057,utilities,7070.18,monthly,cash
REC_NPE_00073869,NPU_00059,utilities,5733.23,monthly,cash
REC_NPE_00073871,NPU_00060,utilities,4015.84,monthly,khalti
REC_NPE_00073875,NPU_00063,utilities,2641.62,monthly,cash
REC_NPE_00073877,NPU_00064,utilities,3025.43,monthly,bank_transfer
REC_NPE_00073881,NPU_00065,utilities,8976.0,monthly,esewa
REC_NPE_00073882,NPU_00066,utilities,5733.29,monthly,cash
REC_NPE_00073883,NPU_00067,utilities,1138.39,monthly,debit_card
REC_NPE_00073885,NPU_00068,utilities,3995.77,monthly,khalti
REC_NPE_00073888,NPU_00069,utilities,10710.0,monthly,debit_card
REC_NPE_00073890,NPU_00070,utilities,3956.05,monthly,esewa
REC_NPE_00073894,NPU_00073,utilities,2070.52,monthly,cash
REC_NPE_00073896,NPU_00074,utilities,3741.49,monthly,esewa
REC_NPE_00073898,NPU_00075,utilities,3560.06,monthly,bank_transfer
REC_NPE_00073901,NPU_00077,utilities,3565.53,monthly,cash
REC_NPE_00073903,NPU_00078,utilities,5056.07,monthly,esewa
REC_NPE_00073905,NPU_00079,utilities,1780.16,monthly,cash
REC_NPE_00074182,NPU_00001,internet_mobile,2506.03,monthly,cash
REC_NPE_00074184,NPU_00002,internet_mobile,1187.04,monthly,cash
REC_NPE_00074186,NPU_00003,internet_mobile,3616.48,monthly,esewa
REC_NPE_00074188,NPU_00004,internet_mobile,1200.82,monthly,cash
REC_NPE_00074191,NPU_00005,internet_mobile,1900.38,monthly,khalti
REC_NPE_00074196,NPU_00007,internet_mobile,678.08,monthly,esewa
REC_NPE_00074199,NPU_00009,internet_mobile,1242.48,monthly,debit_card
REC_NPE_00074201,NPU_00010,internet_mobile,925.28,monthly,esewa
REC_NPE_00074203,NPU_00011,internet_mobile,4005.62,monthly,cash
REC_NPE_00074204,NPU_00012,internet_mobile,2328.67,monthly,cash
REC_NPE_00074208,NPU_00013,internet_mobile,3875.54,monthly,cash
REC_NPE_00074209,NPU_00014,internet_mobile,449.04,monthly,bank_transfer
REC_NPE_00074213,NPU_00016,internet_mobile,2572.32,monthly,cash
REC_NPE_00074215,NPU_00017,internet_mobile,5236.0,monthly,cash
REC_NPE_00074217,NPU_00019,internet_mobile,1665.25,monthly,cash
REC_NPE_00074219,NPU_00020,internet_mobile,2979.39,monthly,cash
REC_NPE_00074221,NPU_00021,internet_mobile,1235.17,monthly,cash
REC_NPE_00074223,NPU_00022,internet_mobile,1299.49,monthly,cash
REC_NPE_00074224,NPU_00023,internet_mobile,2094.96,monthly,bank_transfer
REC_NPE_00074225,NPU_00024,internet_mobile,4686.78,monthly,esewa
REC_NPE_00074226,NPU_00025,internet_mobile,1568.22,monthly,debit_card
REC_NPE_00074231,NPU_00028,internet_mobile,1721.08,monthly,debit_card
REC_NPE_00074232,NPU_00029,internet_mobile,2077.2,monthly,esewa
REC_NPE_00074234,NPU_00030,internet_mobile,1455.44,monthly,esewa
REC_NPE_00074238,NPU_00031,internet_mobile,3080.61,monthly,esewa
REC_NPE_00074240,NPU_00032,internet_mobile,3097.5,monthly,esewa
REC_NPE_00074242,NPU_00034,internet_mobile,1426.75,monthly,cash
REC_NPE_00074245,NPU_00036,internet_mobile,1829.57,monthly,esewa
REC_NPE_00074248,NPU_00037,internet_mobile,3203.4,monthly,esewa
REC_NPE_00074249,NPU_00038,internet_mobile,4004.36,monthly,cash
REC_NPE_00074251,NPU_00039,internet_mobile,1562.65,monthly,khalti
REC_NPE_00074254,NPU_00040,internet_mobile,4393.38,monthly,cash
REC_NPE_00074255,NPU_00041,internet_mobile,1143.23,monthly,fonepay_qr
REC_NPE_00074257,NPU_00042,internet_mobile,3185.37,monthly,khalti
REC_NPE_00074262,NPU_00044,internet_mobile,826.88,monthly,fonepay_qr
REC_NPE_00074266,NPU_00046,internet_mobile,1233.85,monthly,bank_transfer
REC_NPE_00074267,NPU_00047,internet_mobile,6853.59,monthly,esewa
REC_NPE_00074269,NPU_00048,internet_mobile,1287.1,monthly,cash
REC_NPE_00074274,NPU_00050,internet_mobile,799.09,monthly,esewa
REC_NPE_00074275,NPU_00051,internet_mobile,1911.93,monthly,cash
REC_NPE_00074276,NPU_00052,internet_mobile,1114.72,monthly,bank_transfer
REC_NPE_00074278,NPU_00053,internet_mobile,2140.6,monthly,esewa
REC_NPE_00074281,NPU_00055,internet_mobile,2057.38,monthly,cash
REC_NPE_00074282,NPU_00056,internet_mobile,2007.59,monthly,bank_transfer
REC_NPE_00074284,NPU_00057,internet_mobile,2612.15,monthly,fonepay_qr
REC_NPE_00074285,NPU_00058,internet_mobile,508.97,monthly,esewa
REC_NPE_00074287,NPU_00059,internet_mobile,1160.86,monthly,cash
REC_NPE_00074289,NPU_00060,internet_mobile,2493.12,monthly,bank_transfer
REC_NPE_00074291,NPU_00061,internet_mobile,2236.54,monthly,khalti
REC_NPE_00074296,NPU_00062,internet_mobile,1119.61,monthly,esewa
REC_NPE_00074297,NPU_00063,internet_mobile,3622.97,monthly,credit_card
REC_NPE_00074298,NPU_00064,internet_mobile,2305.9,monthly,esewa
REC_NPE_00074299,NPU_00065,internet_mobile,2207.99,monthly,esewa
REC_NPE_00074300,NPU_00066,internet_mobile,981.8,monthly,credit_card
REC_NPE_00074301,NPU_00067,internet_mobile,1513.98,monthly,esewa
REC_NPE_00074304,NPU_00068,internet_mobile,2284.14,monthly,credit_card
REC_NPE_00074305,NPU_00069,internet_mobile,328.21,monthly,bank_transfer
REC_NPE_00074306,NPU_00070,internet_mobile,1292.68,monthly,credit_card
REC_NPE_00074308,NPU_00071,internet_mobile,2596.69,monthly,bank_transfer
REC_NPE_00074311,NPU_00072,internet_mobile,1904.14,monthly,esewa
REC_NPE_00074312,NPU_00073,internet_mobile,3998.27,monthly,bank_transfer
REC_NPE_00074313,NPU_00074,internet_mobile,3878.28,monthly,khalti
REC_NPE_00074314,NPU_00075,internet_mobile,4972.43,monthly,esewa
REC_NPE_00074315,NPU_00076,internet_mobile,1692.28,monthly,cash
REC_NPE_00074318,NPU_00077,internet_mobile,1287.37,monthly,cash
REC_NPE_00074319,NPU_00078,internet_mobile,2124.06,monthly,bank_transfer
REC_NPE_00074322,NPU_00079,internet_mobile,1742.68,monthly,cash
REC_NPE_00074494,NPU_00005,loan_emi,8542.28,monthly,cash
REC_NPE_00074496,NPU_00006,loan_emi,6923.61,monthly,cash
REC_NPE_00074500,NPU_00009,loan_emi,23927.18,monthly,cash
REC_NPE_00074503,NPU_00012,loan_emi,37344.88,monthly,esewa
REC_NPE_00074511,NPU_00016,loan_emi,14768.44,monthly,cash
REC_NPE_00074519,NPU_00021,loan_emi,15282.25,monthly,credit_card
REC_NPE_00074520,NPU_00022,loan_emi,17821.42,monthly,khalti
REC_NPE_00074522,NPU_00024,loan_emi,10515.58,monthly,esewa
REC_NPE_00074525,NPU_00027,loan_emi,30730.79,monthly,credit_card
REC_NPE_00074536,NPU_00036,loan_emi,38225.33,monthly,cash
REC_NPE_00074538,NPU_00037,loan_emi,19354.6,monthly,debit_card
REC_NPE_00074543,NPU_00039,loan_emi,20872.11,monthly,fonepay_qr
REC_NPE_00074544,NPU_00040,loan_emi,14921.89,monthly,cash
REC_NPE_00074554,NPU_00046,loan_emi,7369.58,monthly,khalti
REC_NPE_00074559,NPU_00049,loan_emi,11330.27,monthly,cash
REC_NPE_00074562,NPU_00051,loan_emi,13193.6,monthly,cash
REC_NPE_00074569,NPU_00055,loan_emi,21320.0,monthly,esewa
REC_NPE_00074576,NPU_00058,loan_emi,32908.0,monthly,debit_card
REC_NPE_00074578,NPU_00059,loan_emi,12463.04,monthly,esewa
REC_NPE_00074582,NPU_00061,loan_emi,18354.63,monthly,cash
REC_NPE_00074592,NPU_00075,loan_emi,10724.35,monthly,esewa
REC_NPE_00074803,NPU_00001,subscriptions,3575.59,monthly,esewa
REC_NPE_00074807,NPU_00003,subscriptions,836.03,monthly,cash
REC_NPE_00074810,NPU_00006,subscriptions,2143.94,monthly,cash
REC_NPE_00074814,NPU_00008,subscriptions,1313.94,monthly,bank_transfer
REC_NPE_00074817,NPU_00011,subscriptions,4180.07,monthly,bank_transfer
REC_NPE_00074820,NPU_00014,subscriptions,2220.96,monthly,cash
REC_NPE_00074822,NPU_00016,subscriptions,1992.14,monthly,esewa
REC_NPE_00074823,NPU_00017,subscriptions,1561.55,monthly,esewa
REC_NPE_00074829,NPU_00021,subscriptions,2126.46,monthly,khalti
REC_NPE_00074832,NPU_00023,subscriptions,3936.44,monthly,cash
REC_NPE_00074833,NPU_00024,subscriptions,1366.21,monthly,esewa
REC_NPE_00074834,NPU_00028,subscriptions,7020.37,monthly,cash
REC_NPE_00074836,NPU_00029,subscriptions,2429.34,monthly,cash
REC_NPE_00074841,NPU_00032,subscriptions,3880.12,monthly,bank_transfer
REC_NPE_00074842,NPU_00033,subscriptions,1577.29,monthly,bank_transfer
REC_NPE_00074845,NPU_00035,subscriptions,3034.0,monthly,cash
REC_NPE_00074847,NPU_00039,subscriptions,2164.47,monthly,cash
REC_NPE_00074849,NPU_00041,subscriptions,2180.16,monthly,esewa
REC_NPE_00074850,NPU_00042,subscriptions,2066.6,monthly,khalti
REC_NPE_00074855,NPU_00044,subscriptions,2719.89,monthly,debit_card
REC_NPE_00074858,NPU_00050,subscriptions,1620.28,monthly,cash
REC_NPE_00074859,NPU_00051,subscriptions,2239.14,monthly,cash
REC_NPE_00074865,NPU_00054,subscriptions,1089.61,monthly,bank_transfer
REC_NPE_00074867,NPU_00055,subscriptions,3110.34,monthly,debit_card
REC_NPE_00074869,NPU_00056,subscriptions,6208.99,monthly,debit_card
REC_NPE_00074872,NPU_00057,subscriptions,1748.15,monthly,cash
REC_NPE_00074878,NPU_00061,subscriptions,2763.1,monthly,cash
REC_NPE_00074879,NPU_00062,subscriptions,5489.03,monthly,esewa
REC_NPE_00074881,NPU_00065,subscriptions,1738.79,monthly,bank_transfer
REC_NPE_00074882,NPU_00066,subscriptions,2829.89,monthly,esewa
REC_NPE_00074884,NPU_00068,subscriptions,1064.75,monthly,credit_card
REC_NPE_00074891,NPU_00071,subscriptions,1584.77,monthly,bank_transfer
REC_NPE_00074893,NPU_00072,subscriptions,1507.74,monthly,khalti
REC_NPE_00074895,NPU_00073,subscriptions,5146.19,monthly,cash
REC_NPE_00074900,NPU_00077,subscriptions,1465.91,monthly,credit_card
REC_NPE_00074901,NPU_00078,subscriptions,2673.8,monthly,khalti
REC_NPE_00074902,NPU_00079,subscriptions,1155.73,monthly,khalti
REC_NPE_00074905,NPU_00080,subscriptions,897.21,monthly,debit_card
REC_NPE_00075783,NPU_00002,rent,23182.49,monthly,esewa
REC_NPE_00075788,NPU_00004,rent,40846.16,monthly,khalti
REC_NPE_00075789,NPU_00005,rent,17537.83,monthly,fonepay_qr
REC_NPE_00075790,NPU_00006,rent,16166.34,monthly,bank_transfer
REC_NPE_00075791,NPU_00007,rent,28767.94,monthly,bank_transfer
REC_NPE_00075794,NPU_00009,rent,18182.52,monthly,cash
REC_NPE_00075797,NPU_00010,rent,12908.86,monthly,cash
REC_NPE_00075801,NPU_00012,rent,35226.23,monthly,cash
REC_NPE_00075803,NPU_00013,rent,8400.0,monthly,esewa
REC_NPE_00075806,NPU_00015,rent,14081.38,monthly,cash
REC_NPE_00075810,NPU_00019,rent,49668.08,monthly,debit_card
REC_NPE_00075812,NPU_00020,rent,13214.09,monthly,khalti
REC_NPE_00075814,NPU_00022,rent,35540.88,monthly,esewa
REC_NPE_00075816,NPU_00023,rent,33081.84,monthly,debit_card
REC_NPE_00075818,NPU_00024,rent,22546.18,monthly,cash
REC_NPE_00075819,NPU_00025,rent,21481.07,monthly,cash
REC_NPE_00075824,NPU_00029,rent,15547.76,monthly,cash
REC_NPE_00075828,NPU_00031,rent,34192.3,monthly,esewa
REC_NPE_00075830,NPU_00033,rent,28160.15,monthly,cash
REC_NPE_00075833,NPU_00035,rent,9897.8,monthly,cash
REC_NPE_00075834,NPU_00037,rent,12405.8,monthly,esewa
REC_NPE_00075838,NPU_00039,rent,24824.72,monthly,cash
REC_NPE_00075844,NPU_00043,rent,27359.74,monthly,cash
REC_NPE_00075852,NPU_00048,rent,74375.0,monthly,esewa
REC_NPE_00075855,NPU_00049,rent,13747.32,monthly,cash
REC_NPE_00075861,NPU_00051,rent,28709.53,monthly,esewa
REC_NPE_00075862,NPU_00052,rent,16941.82,monthly,cash
REC_NPE_00075867,NPU_00055,rent,14053.66,monthly,bank_transfer
REC_NPE_00075870,NPU_00056,rent,28853.17,monthly,cash
REC_NPE_00075874,NPU_00057,rent,57365.84,monthly,cash
REC_NPE_00075879,NPU_00061,rent,22686.3,monthly,fonepay_qr
REC_NPE_00075883,NPU_00063,rent,43195.99,monthly,khalti
REC_NPE_00075885,NPU_00064,rent,74375.0,monthly,bank_transfer
REC_NPE_00075889,NPU_00067,rent,24461.73,monthly,cash
REC_NPE_00075891,NPU_00068,rent,25734.73,monthly,cash
REC_NPE_00075895,NPU_00070,rent,38168.24,monthly,cash
REC_NPE_00075899,NPU_00073,rent,13590.0,monthly,debit_card
REC_NPE_00075902,NPU_00075,rent,13310.67,monthly,cash
REC_NPE_00075905,NPU_00077,rent,19480.0,monthly,cash
REC_NPE_00075908,NPU_00080,rent,18236.06,monthly,esewa
REC_NPE_00076032,NPU_00003,savings_investment,12155.11,monthly,khalti
REC_NPE_00076034,NPU_00006,savings_investment,23991.65,monthly,credit_card
REC_NPE_00076037,NPU_00008,savings_investment,26177.05,monthly,cash
REC_NPE_00076038,NPU_00009,savings_investment,11874.04,monthly,debit_card
REC_NPE_00076041,NPU_00011,savings_investment,20100.82,monthly,cash
REC_NPE_00076053,NPU_00021,savings_investment,7253.1,monthly,cash
REC_NPE_00076056,NPU_00022,savings_investment,20737.27,monthly,bank_transfer
REC_NPE_00076063,NPU_00025,savings_investment,4045.52,monthly,bank_transfer
REC_NPE_00076067,NPU_00029,savings_investment,16424.24,monthly,khalti
REC_NPE_00076069,NPU_00030,savings_investment,5471.38,monthly,fonepay_qr
REC_NPE_00076081,NPU_00038,savings_investment,13365.05,monthly,cash
REC_NPE_00076086,NPU_00043,savings_investment,2916.98,monthly,esewa
REC_NPE_00076095,NPU_00049,savings_investment,8335.19,monthly,fonepay_qr
REC_NPE_00076096,NPU_00050,savings_investment,7329.97,monthly,debit_card
REC_NPE_00076102,NPU_00054,savings_investment,3823.23,monthly,esewa
REC_NPE_00076107,NPU_00057,savings_investment,3946.68,monthly,credit_card
REC_NPE_00076111,NPU_00060,savings_investment,23977.11,monthly,esewa
REC_NPE_00076119,NPU_00064,savings_investment,16112.48,monthly,esewa
REC_NPE_00076121,NPU_00065,savings_investment,11467.06,monthly,bank_transfer
REC_NPE_00076124,NPU_00068,savings_investment,4707.56,monthly,cash
REC_NPE_00076126,NPU_00070,savings_investment,17511.62,monthly,fonepay_qr
REC_NPE_00076130,NPU_00075,savings_investment,21213.75,monthly,bank_transfer
REC_NPE_00076131,NPU_00076,savings_investment,10750.43,monthly,debit_card
REC_NPE_00076206,NPU_00004,family_support,26812.69,monthly,cash
REC_NPE_00076207,NPU_00007,family_support,7419.69,monthly,cash
REC_NPE_00076210,NPU_00008,family_support,46247.96,monthly,debit_card
REC_NPE_00076211,NPU_00010,family_support,25679.63,monthly,cash
REC_NPE_00076212,NPU_00012,family_support,23928.67,monthly,cash
REC_NPE_00076214,NPU_00013,family_support,14871.95,monthly,khalti
REC_NPE_00076218,NPU_00015,family_support,11151.82,monthly,cash
REC_NPE_00076221,NPU_00018,family_support,13868.65,monthly,bank_transfer
REC_NPE_00076224,NPU_00019,family_support,20667.03,monthly,khalti
REC_NPE_00076228,NPU_00020,family_support,8342.34,monthly,cash
REC_NPE_00076230,NPU_00021,family_support,5089.69,monthly,khalti
REC_NPE_00076234,NPU_00022,family_support,17841.01,monthly,cash
REC_NPE_00076238,NPU_00024,family_support,14960.27,monthly,khalti
REC_NPE_00076239,NPU_00025,family_support,15458.51,monthly,cash
REC_NPE_00076240,NPU_00026,family_support,28072.89,monthly,bank_transfer
REC_NPE_00076243,NPU_00028,family_support,5083.6,monthly,esewa
REC_NPE_00076244,NPU_00029,family_support,17064.17,monthly,cash
REC_NPE_00076245,NPU_00030,family_support,11179.31,monthly,cash
REC_NPE_00076247,NPU_00031,family_support,16655.3,monthly,cash
REC_NPE_00076249,NPU_00034,family_support,6654.65,monthly,credit_card
REC_NPE_00076253,NPU_00038,family_support,17519.08,monthly,bank_transfer
REC_NPE_00076256,NPU_00040,family_support,8919.07,monthly,credit_card
REC_NPE_00076257,NPU_00041,family_support,8310.64,monthly,cash
REC_NPE_00076260,NPU_00045,family_support,13512.59,monthly,cash
REC_NPE_00076262,NPU_00047,family_support,16253.16,monthly,cash
REC_NPE_00076265,NPU_00048,family_support,12731.8,monthly,cash
REC_NPE_00076267,NPU_00049,family_support,13785.44,monthly,esewa
REC_NPE_00076269,NPU_00050,family_support,7881.79,monthly,cash
REC_NPE_00076274,NPU_00054,family_support,5345.65,monthly,khalti
REC_NPE_00076278,NPU_00055,family_support,37098.11,monthly,debit_card
REC_NPE_00076284,NPU_00057,family_support,17408.55,monthly,khalti
REC_NPE_00076286,NPU_00058,family_support,43675.06,monthly,debit_card
REC_NPE_00076287,NPU_00059,family_support,4832.06,monthly,esewa
REC_NPE_00076289,NPU_00060,family_support,9842.46,monthly,khalti
REC_NPE_00076292,NPU_00061,family_support,18776.46,monthly,fonepay_qr
REC_NPE_00076294,NPU_00063,family_support,12460.2,monthly,khalti
REC_NPE_00076296,NPU_00064,family_support,42176.4,monthly,esewa
REC_NPE_00076297,NPU_00065,family_support,38473.5,monthly,cash
REC_NPE_00076299,NPU_00067,family_support,4683.39,monthly,cash
REC_NPE_00076301,NPU_00068,family_support,4973.25,monthly,bank_transfer
REC_NPE_00076303,NPU_00069,family_support,55443.66,monthly,cash
REC_NPE_00076305,NPU_00070,family_support,24758.09,monthly,cash
REC_NPE_00076306,NPU_00071,family_support,13731.24,monthly,esewa
REC_NPE_00076310,NPU_00075,family_support,16835.38,monthly,cash
REC_NPE_00076312,NPU_00076,family_support,27246.45,monthly,cash
REC_NPE_00076314,NPU_00077,family_support,17409.31,monthly,cash
REC_NPE_00076317,NPU_00078,family_support,9088.15,monthly,cash
REC_NPE_00076320,NPU_00080,family_support,8187.6,monthly,credit_card
REC_NPE_00076487,NPU_00001,utilities,1696.43,monthly,cash
REC_NPE_00076490,NPU_00002,utilities,1635.72,monthly,cash
REC_NPE_00076492,NPU_00003,utilities,4269.03,monthly,esewa
REC_NPE_00076493,NPU_00004,utilities,6611.6,monthly,cash
REC_NPE_00076495,NPU_00005,utilities,2385.8,monthly,cash
REC_NPE_00076498,NPU_00006,utilities,1163.71,monthly,cash
REC_NPE_00076500,NPU_00007,utilities,2795.99,monthly,esewa
REC_NPE_00076503,NPU_00008,utilities,3741.46,monthly,cash
REC_NPE_00076505,NPU_00009,utilities,3314.48,monthly,bank_transfer
REC_NPE_00076507,NPU_00010,utilities,2552.42,monthly,cash
REC_NPE_00076510,NPU_00011,utilities,2678.56,monthly,esewa
REC_NPE_00076514,NPU_00013,utilities,4103.16,monthly,bank_transfer
REC_NPE_00076516,NPU_00014,utilities,2372.0,monthly,khalti
REC_NPE_00076519,NPU_00016,utilities,3853.49,monthly,fonepay_qr
REC_NPE_00076525,NPU_00019,utilities,5008.61,monthly,debit_card
REC_NPE_00076527,NPU_00020,utilities,2574.59,monthly,cash
REC_NPE_00076529,NPU_00021,utilities,1110.09,monthly,debit_card
REC_NPE_00076531,NPU_00022,utilities,7722.77,monthly,esewa
REC_NPE_00076534,NPU_00023,utilities,5108.55,monthly,bank_transfer
REC_NPE_00076536,NPU_00024,utilities,3743.01,monthly,esewa
REC_NPE_00076537,NPU_00025,utilities,12750.0,monthly,esewa
REC_NPE_00076539,NPU_00027,utilities,8210.85,monthly,bank_transfer
REC_NPE_00076541,NPU_00028,utilities,2748.11,monthly,credit_card
REC_NPE_00076545,NPU_00030,utilities,4827.59,monthly,khalti
REC_NPE_00076547,NPU_00031,utilities,2147.48,monthly,cash
REC_NPE_00076551,NPU_00032,utilities,5341.14,monthly,cash
REC_NPE_00076554,NPU_00033,utilities,6651.48,monthly,esewa
REC_NPE_00076555,NPU_00034,utilities,2666.79,monthly,debit_card
REC_NPE_00076557,NPU_00035,utilities,3096.2,monthly,bank_transfer
REC_NPE_00076561,NPU_00036,utilities,3553.23,monthly,bank_transfer
REC_NPE_00076565,NPU_00038,utilities,4183.6,monthly,cash
REC_NPE_00076568,NPU_00039,utilities,8064.18,monthly,cash
REC_NPE_00076570,NPU_00040,utilities,3435.98,monthly,cash
REC_NPE_00076576,NPU_00042,utilities,8308.09,monthly,esewa
REC_NPE_00076579,NPU_00043,utilities,2547.54,monthly,credit_card
REC_NPE_00076581,NPU_00044,utilities,1235.25,monthly,khalti
REC_NPE_00076582,NPU_00046,utilities,6188.63,monthly,esewa
REC_NPE_00076583,NPU_00047,utilities,4647.97,monthly,cash
REC_NPE_00076585,NPU_00048,utilities,8853.78,monthly,debit_card
REC_NPE_00076587,NPU_00049,utilities,2718.06,monthly,cash
REC_NPE_00076590,NPU_00050,utilities,4703.41,monthly,cash
REC_NPE_00076591,NPU_00051,utilities,2139.17,monthly,bank_transfer
REC_NPE_00076592,NPU_00052,utilities,8751.11,monthly,khalti
REC_NPE_00076594,NPU_00053,utilities,4644.11,monthly,bank_transfer
REC_NPE_00076597,NPU_00054,utilities,3155.3,monthly,bank_transfer
REC_NPE_00076601,NPU_00055,utilities,5597.27,monthly,cash
REC_NPE_00076608,NPU_00057,utilities,3200.14,monthly,cash
REC_NPE_00076609,NPU_00058,utilities,5106.17,monthly,cash
REC_NPE_00076612,NPU_00059,utilities,10710.0,monthly,esewa
REC_NPE_00076613,NPU_00060,utilities,5522.81,monthly,cash
REC_NPE_00076618,NPU_00063,utilities,3746.91,monthly,cash
REC_NPE_00076622,NPU_00064,utilities,4107.89,monthly,debit_card
REC_NPE_00076625,NPU_00065,utilities,2803.73,monthly,cash
REC_NPE_00076628,NPU_00066,utilities,11081.49,monthly,fonepay_qr
REC_NPE_00076631,NPU_00067,utilities,3119.51,monthly,esewa
REC_NPE_00076635,NPU_00069,utilities,1018.86,monthly,khalti
REC_NPE_00076638,NPU_00071,utilities,637.15,monthly,esewa
REC_NPE_00076639,NPU_00072,utilities,4571.4,monthly,fonepay_qr
REC_NPE_00076640,NPU_00073,utilities,12750.0,monthly,cash
REC_NPE_00076649,NPU_00078,utilities,12337.23,monthly,esewa
REC_NPE_00076650,NPU_00079,utilities,3359.09,monthly,khalti
REC_NPE_00076652,NPU_00080,utilities,8976.0,monthly,khalti
REC_NPE_00076897,NPU_00002,internet_mobile,1778.9,monthly,khalti
REC_NPE_00076900,NPU_00003,internet_mobile,1958.34,monthly,esewa
REC_NPE_00076902,NPU_00004,internet_mobile,829.93,monthly,cash
REC_NPE_00076903,NPU_00006,internet_mobile,4092.53,monthly,esewa
REC_NPE_00076907,NPU_00010,internet_mobile,1501.81,monthly,khalti
REC_NPE_00076909,NPU_00011,internet_mobile,1942.86,monthly,cash
REC_NPE_00076917,NPU_00014,internet_mobile,3344.06,monthly,cash
REC_NPE_00076918,NPU_00015,internet_mobile,3556.77,monthly,cash
REC_NPE_00076920,NPU_00016,internet_mobile,3658.76,monthly,cash
REC_NPE_00076922,NPU_00018,internet_mobile,1162.98,monthly,cash
REC_NPE_00076923,NPU_00019,internet_mobile,1092.36,monthly,cash
REC_NPE_00076925,NPU_00020,internet_mobile,2662.72,monthly,esewa
REC_NPE_00076930,NPU_00022,internet_mobile,2878.81,monthly,esewa
REC_NPE_00076932,NPU_00024,internet_mobile,4242.66,monthly,cash
REC_NPE_00076934,NPU_00026,internet_mobile,3906.68,monthly,esewa
REC_NPE_00076936,NPU_00027,internet_mobile,1359.5,monthly,esewa
REC_NPE_00076937,NPU_00028,internet_mobile,1811.25,monthly,esewa
REC_NPE_00076940,NPU_00029,internet_mobile,1131.72,monthly,cash
REC_NPE_00076941,NPU_00030,internet_mobile,560.79,monthly,debit_card
REC_NPE_00076944,NPU_00031,internet_mobile,2427.92,monthly,debit_card
REC_NPE_00076947,NPU_00032,internet_mobile,1653.39,monthly,fonepay_qr
REC_NPE_00076948,NPU_00033,internet_mobile,3338.56,monthly,bank_transfer
REC_NPE_00076949,NPU_00034,internet_mobile,1299.79,monthly,esewa
REC_NPE_00076954,NPU_00036,internet_mobile,1663.23,monthly,bank_transfer
REC_NPE_00076956,NPU_00037,internet_mobile,2449.96,monthly,esewa
REC_NPE_00076957,NPU_00038,internet_mobile,3426.1,monthly,esewa
REC_NPE_00076960,NPU_00039,internet_mobile,544.95,monthly,esewa
REC_NPE_00076961,NPU_00040,internet_mobile,2220.48,monthly,khalti
REC_NPE_00076964,NPU_00041,internet_mobile,3123.62,monthly,cash
REC_NPE_00076965,NPU_00042,internet_mobile,1543.23,monthly,cash
REC_NPE_00076966,NPU_00043,internet_mobile,698.28,monthly,esewa
REC_NPE_00076967,NPU_00045,internet_mobile,2524.45,monthly,khalti
REC_NPE_00076968,NPU_00046,internet_mobile,1142.21,monthly,bank_transfer
REC_NPE_00076973,NPU_00049,internet_mobile,1274.85,monthly,cash
REC_NPE_00076976,NPU_00050,internet_mobile,1361.62,monthly,cash
REC_NPE_00076978,NPU_00051,internet_mobile,1061.63,monthly,credit_card
REC_NPE_00076979,NPU_00052,internet_mobile,1002.08,monthly,debit_card
REC_NPE_00076982,NPU_00056,internet_mobile,3502.76,monthly,bank_transfer
REC_NPE_00076983,NPU_00057,internet_mobile,1831.56,monthly,esewa
REC_NPE_00076984,NPU_00058,internet_mobile,2439.66,monthly,bank_transfer
REC_NPE_00076986,NPU_00059,internet_mobile,2142.95,monthly,bank_transfer
REC_NPE_00076987,NPU_00060,internet_mobile,1276.07,monthly,cash
REC_NPE_00076989,NPU_00061,internet_mobile,3057.61,monthly,cash
REC_NPE_00076990,NPU_00062,internet_mobile,1207.7,monthly,cash
REC_NPE_00076991,NPU_00063,internet_mobile,1174.7,monthly,credit_card
REC_NPE_00076993,NPU_00064,internet_mobile,3307.84,monthly,esewa
REC_NPE_00076995,NPU_00065,internet_mobile,1911.1,monthly,bank_transfer
REC_NPE_00076996,NPU_00066,internet_mobile,5197.83,monthly,debit_card
REC_NPE_00076998,NPU_00068,internet_mobile,1858.74,monthly,fonepay_qr
REC_NPE_00077000,NPU_00069,internet_mobile,3977.57,monthly,esewa
REC_NPE_00077001,NPU_00070,internet_mobile,1723.3,monthly,bank_transfer
REC_NPE_00077005,NPU_00071,internet_mobile,1503.92,monthly,bank_transfer
REC_NPE_00077006,NPU_00073,internet_mobile,1799.67,monthly,credit_card
REC_NPE_00077010,NPU_00074,internet_mobile,5128.18,monthly,fonepay_qr
REC_NPE_00077013,NPU_00076,internet_mobile,1107.57,monthly,bank_transfer
REC_NPE_00077015,NPU_00077,internet_mobile,3053.07,monthly,esewa
REC_NPE_00077016,NPU_00078,internet_mobile,505.76,monthly,bank_transfer
REC_NPE_00077017,NPU_00079,internet_mobile,1901.63,monthly,bank_transfer
REC_NPE_00077019,NPU_00080,internet_mobile,1308.92,monthly,cash
REC_NPE_00077178,NPU_00005,loan_emi,6337.79,monthly,cash
REC_NPE_00077180,NPU_00007,loan_emi,6984.14,monthly,esewa
REC_NPE_00077182,NPU_00008,loan_emi,17234.71,monthly,cash
REC_NPE_00077186,NPU_00010,loan_emi,11573.68,monthly,cash
REC_NPE_00077190,NPU_00012,loan_emi,33774.06,monthly,debit_card
REC_NPE_00077193,NPU_00014,loan_emi,10062.53,monthly,cash
REC_NPE_00077195,NPU_00017,loan_emi,5447.98,monthly,esewa
REC_NPE_00077202,NPU_00021,loan_emi,20301.13,monthly,esewa
REC_NPE_00077204,NPU_00024,loan_emi,38168.03,monthly,cash
REC_NPE_00077221,NPU_00036,loan_emi,12194.74,monthly,khalti
REC_NPE_00077222,NPU_00037,loan_emi,9994.64,monthly,cash
REC_NPE_00077225,NPU_00039,loan_emi,32275.24,monthly,cash
REC_NPE_00077228,NPU_00043,loan_emi,17256.23,monthly,esewa
REC_NPE_00077233,NPU_00046,loan_emi,25972.52,monthly,cash
REC_NPE_00077235,NPU_00047,loan_emi,41020.63,monthly,cash
REC_NPE_00077239,NPU_00048,loan_emi,12726.67,monthly,cash
REC_NPE_00077243,NPU_00050,loan_emi,16458.54,monthly,esewa
REC_NPE_00077246,NPU_00051,loan_emi,20479.18,monthly,khalti
REC_NPE_00077253,NPU_00054,loan_emi,18617.67,monthly,bank_transfer
REC_NPE_00077255,NPU_00056,loan_emi,17400.53,monthly,bank_transfer
REC_NPE_00077261,NPU_00059,loan_emi,8112.21,monthly,debit_card
REC_NPE_00077262,NPU_00060,loan_emi,25262.62,monthly,cash
REC_NPE_00077265,NPU_00061,loan_emi,28223.39,monthly,bank_transfer
REC_NPE_00077271,NPU_00065,loan_emi,17414.06,monthly,bank_transfer
REC_NPE_00077278,NPU_00069,loan_emi,14900.8,monthly,cash
REC_NPE_00077282,NPU_00070,loan_emi,33737.4,monthly,cash
REC_NPE_00077285,NPU_00071,loan_emi,13056.86,monthly,debit_card
REC_NPE_00077289,NPU_00077,loan_emi,7543.73,monthly,cash
REC_NPE_00077291,NPU_00079,loan_emi,26395.35,monthly,khalti
REC_NPE_00077492,NPU_00001,subscriptions,848.44,monthly,bank_transfer
REC_NPE_00077494,NPU_00002,subscriptions,1170.55,monthly,fonepay_qr
REC_NPE_00077496,NPU_00005,subscriptions,2259.29,monthly,cash
REC_NPE_00077499,NPU_00009,subscriptions,1671.35,monthly,cash
REC_NPE_00077500,NPU_00010,subscriptions,1302.6,monthly,cash
REC_NPE_00077503,NPU_00011,subscriptions,5122.32,monthly,esewa
REC_NPE_00077505,NPU_00012,subscriptions,4235.82,monthly,cash
REC_NPE_00077508,NPU_00013,subscriptions,2902.54,monthly,esewa
REC_NPE_00077510,NPU_00014,subscriptions,3645.52,monthly,khalti
REC_NPE_00077512,NPU_00015,subscriptions,1791.76,monthly,esewa
REC_NPE_00077514,NPU_00016,subscriptions,2722.74,monthly,esewa
REC_NPE_00077516,NPU_00019,subscriptions,3597.86,monthly,cash
REC_NPE_00077520,NPU_00021,subscriptions,2229.37,monthly,khalti
REC_NPE_00077522,NPU_00022,subscriptions,2274.53,monthly,fonepay_qr
REC_NPE_00077526,NPU_00023,subscriptions,3326.95,monthly,bank_transfer
REC_NPE_00077528,NPU_00024,subscriptions,1816.16,monthly,cash
REC_NPE_00077529,NPU_00025,subscriptions,3149.82,monthly,cash
REC_NPE_00077531,NPU_00026,subscriptions,3593.62,monthly,debit_card
REC_NPE_00077535,NPU_00028,subscriptions,3611.21,monthly,esewa
REC_NPE_00077536,NPU_00030,subscriptions,3081.26,monthly,credit_card
REC_NPE_00077538,NPU_00031,subscriptions,3740.75,monthly,cash
REC_NPE_00077540,NPU_00032,subscriptions,3132.72,monthly,esewa
REC_NPE_00077542,NPU_00033,subscriptions,1285.71,monthly,cash
REC_NPE_00077543,NPU_00034,subscriptions,1836.36,monthly,cash
REC_NPE_00077544,NPU_00035,subscriptions,2241.84,monthly,cash
REC_NPE_00077545,NPU_00036,subscriptions,3158.54,monthly,cash
REC_NPE_00077550,NPU_00039,subscriptions,1289.45,monthly,cash
REC_NPE_00077553,NPU_00040,subscriptions,1150.56,monthly,cash
REC_NPE_00077557,NPU_00041,subscriptions,939.77,monthly,cash
REC_NPE_00077560,NPU_00042,subscriptions,1934.74,monthly,esewa
REC_NPE_00077561,NPU_00043,subscriptions,2350.94,monthly,cash
REC_NPE_00077566,NPU_00048,subscriptions,4195.19,monthly,bank_transfer
REC_NPE_00077568,NPU_00051,subscriptions,2268.33,monthly,debit_card
REC_NPE_00077571,NPU_00052,subscriptions,2702.9,monthly,bank_transfer
REC_NPE_00077573,NPU_00054,subscriptions,2165.59,monthly,cash
REC_NPE_00077574,NPU_00055,subscriptions,6861.88,monthly,cash
REC_NPE_00077578,NPU_00057,subscriptions,2293.45,monthly,esewa
REC_NPE_00077580,NPU_00058,subscriptions,1445.87,monthly,cash
REC_NPE_00077583,NPU_00059,subscriptions,3325.36,monthly,credit_card
REC_NPE_00077587,NPU_00062,subscriptions,6401.07,monthly,cash
REC_NPE_00077588,NPU_00063,subscriptions,2645.42,monthly,esewa
REC_NPE_00077591,NPU_00064,subscriptions,1256.92,monthly,debit_card
REC_NPE_00077592,NPU_00066,subscriptions,3651.19,monthly,cash
REC_NPE_00077594,NPU_00067,subscriptions,3022.95,monthly,esewa
REC_NPE_00077599,NPU_00069,subscriptions,4506.74,monthly,credit_card
REC_NPE_00077600,NPU_00071,subscriptions,1094.0,monthly,esewa
REC_NPE_00077601,NPU_00072,subscriptions,3624.39,monthly,cash
REC_NPE_00077602,NPU_00073,subscriptions,1738.01,monthly,bank_transfer
REC_NPE_00077604,NPU_00075,subscriptions,5984.0,monthly,cash
REC_NPE_00077606,NPU_00076,subscriptions,3448.89,monthly,bank_transfer
REC_NPE_00077608,NPU_00077,subscriptions,2821.63,monthly,khalti
REC_NPE_00077609,NPU_00078,subscriptions,1608.83,monthly,fonepay_qr
REC_NPE_00077611,NPU_00080,subscriptions,1986.92,monthly,cash
REC_NPE_00078738,NPU_00002,rent,17189.37,monthly,cash
REC_NPE_00078741,NPU_00004,rent,12995.01,monthly,esewa
REC_NPE_00078742,NPU_00005,rent,11638.5,monthly,cash
REC_NPE_00078746,NPU_00007,rent,23219.14,monthly,cash
REC_NPE_00078754,NPU_00014,rent,29160.64,monthly,cash
REC_NPE_00078760,NPU_00019,rent,24822.9,monthly,esewa
REC_NPE_00078764,NPU_00020,rent,10000.0,monthly,bank_transfer
REC_NPE_00078768,NPU_00023,rent,20648.5,monthly,debit_card
REC_NPE_00078771,NPU_00024,rent,45498.55,monthly,bank_transfer
REC_NPE_00078774,NPU_00026,rent,26897.63,monthly,fonepay_qr
REC_NPE_00078775,NPU_00027,rent,43761.41,monthly,cash
REC_NPE_00078782,NPU_00031,rent,41533.84,monthly,debit_card
REC_NPE_00078788,NPU_00035,rent,16217.98,monthly,bank_transfer
REC_NPE_00078790,NPU_00037,rent,48611.51,monthly,cash
REC_NPE_00078792,NPU_00038,rent,24937.13,monthly,cash
REC_NPE_00078794,NPU_00039,rent,29566.92,monthly,esewa
REC_NPE_00078796,NPU_00041,rent,74375.0,monthly,credit_card
REC_NPE_00078797,NPU_00043,rent,12419.31,monthly,cash
REC_NPE_00078801,NPU_00046,rent,14595.28,monthly,khalti
REC_NPE_00078803,NPU_00048,rent,32883.88,monthly,cash
REC_NPE_00078805,NPU_00049,rent,22706.86,monthly,khalti
REC_NPE_00078807,NPU_00051,rent,9080.65,monthly,debit_card
REC_NPE_00078809,NPU_00055,rent,23112.17,monthly,cash
REC_NPE_00078810,NPU_00056,rent,62475.0,monthly,esewa
REC_NPE_00078812,NPU_00057,rent,35889.32,monthly,credit_card
REC_NPE_00078816,NPU_00061,rent,29373.1,monthly,cash
REC_NPE_00078818,NPU_00062,rent,31111.85,monthly,cash
REC_NPE_00078821,NPU_00066,rent,13362.42,monthly,debit_card
REC_NPE_00078822,NPU_00067,rent,39890.12,monthly,esewa
REC_NPE_00078823,NPU_00068,rent,12088.02,monthly,bank_transfer
REC_NPE_00078829,NPU_00072,rent,31764.05,monthly,bank_transfer
REC_NPE_00078836,NPU_00077,rent,17407.54,monthly,fonepay_qr
REC_NPE_00078842,NPU_00080,rent,20048.67,monthly,esewa
REC_NPE_00078929,NPU_00001,savings_investment,8204.13,monthly,esewa
REC_NPE_00078931,NPU_00003,savings_investment,11641.57,monthly,esewa
REC_NPE_00078937,NPU_00007,savings_investment,9412.02,monthly,cash
REC_NPE_00078938,NPU_00008,savings_investment,28565.35,monthly,bank_transfer
REC_NPE_00078953,NPU_00019,savings_investment,33091.42,monthly,bank_transfer
REC_NPE_00078956,NPU_00020,savings_investment,5623.39,monthly,esewa
REC_NPE_00078959,NPU_00021,savings_investment,5494.47,monthly,credit_card
REC_NPE_00078962,NPU_00023,savings_investment,16557.97,monthly,debit_card
REC_NPE_00078963,NPU_00024,savings_investment,6067.9,monthly,debit_card
REC_NPE_00078966,NPU_00025,savings_investment,3842.73,monthly,cash
REC_NPE_00078968,NPU_00026,savings_investment,7750.02,monthly,cash
REC_NPE_00078971,NPU_00030,savings_investment,7579.97,monthly,cash
REC_NPE_00078975,NPU_00032,savings_investment,5803.45,monthly,bank_transfer
REC_NPE_00078982,NPU_00038,savings_investment,18508.71,monthly,cash
REC_NPE_00078986,NPU_00041,savings_investment,4751.36,monthly,esewa
REC_NPE_00078987,NPU_00042,savings_investment,926.8,monthly,esewa
REC_NPE_00078997,NPU_00048,savings_investment,14130.42,monthly,bank_transfer
REC_NPE_00078999,NPU_00049,savings_investment,7009.85,monthly,khalti
REC_NPE_00079006,NPU_00056,savings_investment,5963.86,monthly,cash
REC_NPE_00079007,NPU_00057,savings_investment,3003.64,monthly,cash
REC_NPE_00079009,NPU_00058,savings_investment,34641.81,monthly,esewa
REC_NPE_00079013,NPU_00062,savings_investment,2483.34,monthly,khalti
REC_NPE_00079014,NPU_00063,savings_investment,3010.44,monthly,cash
REC_NPE_00079018,NPU_00068,savings_investment,7598.3,monthly,esewa
REC_NPE_00079022,NPU_00072,savings_investment,270.0,monthly,esewa
REC_NPE_00079028,NPU_00075,savings_investment,29605.25,monthly,fonepay_qr
REC_NPE_00079030,NPU_00079,savings_investment,20846.66,monthly,esewa
REC_NPE_00079033,NPU_00080,savings_investment,13643.11,monthly,cash
REC_NPE_00079119,NPU_00002,family_support,15516.44,monthly,fonepay_qr
REC_NPE_00079122,NPU_00004,family_support,16873.44,monthly,credit_card
REC_NPE_00079125,NPU_00005,family_support,10186.19,monthly,cash
REC_NPE_00079128,NPU_00006,family_support,15510.12,monthly,esewa
REC_NPE_00079131,NPU_00008,family_support,25786.43,monthly,esewa
REC_NPE_00079133,NPU_00010,family_support,10556.6,monthly,debit_card
REC_NPE_00079137,NPU_00013,family_support,33173.11,monthly,bank_transfer
REC_NPE_00079139,NPU_00014,family_support,18014.04,monthly,bank_transfer
REC_NPE_00079143,NPU_00016,family_support,10511.39,monthly,bank_transfer
REC_NPE_00079146,NPU_00017,family_support,23560.05,monthly,khalti
REC_NPE_00079151,NPU_00022,family_support,10856.67,monthly,debit_card
REC_NPE_00079153,NPU_00024,family_support,21086.0,monthly,cash
REC_NPE_00079157,NPU_00025,family_support,39276.67,monthly,cash
REC_NPE_00079163,NPU_00029,family_support,8383.71,monthly,cash
REC_NPE_00079165,NPU_00030,family_support,46119.87,monthly,esewa
REC_NPE_00079168,NPU_00031,family_support,15158.92,monthly,cash
REC_NPE_00079170,NPU_00032,family_support,8007.12,monthly,bank_transfer
REC_NPE_00079173,NPU_00036,family_support,6244.76,monthly,cash
REC_NPE_00079180,NPU_00039,family_support,18619.2,monthly,esewa
REC_NPE_00079187,NPU_00041,family_support,21248.69,monthly,esewa
REC_NPE_00079188,NPU_00043,family_support,17908.43,monthly,cash
REC_NPE_00079190,NPU_00044,family_support,14973.56,monthly,bank_transfer
REC_NPE_00079191,NPU_00045,family_support,11787.6,monthly,esewa
REC_NPE_00079194,NPU_00046,family_support,21279.53,monthly,fonepay_qr
REC_NPE_00079195,NPU_00047,family_support,7768.34,monthly,bank_transfer
REC_NPE_00079198,NPU_00049,family_support,26334.98,monthly,cash
REC_NPE_00079200,NPU_00050,family_support,5129.48,monthly,cash
REC_NPE_00079204,NPU_00053,family_support,7269.04,monthly,esewa
REC_NPE_00079205,NPU_00054,family_support,24839.0,monthly,cash
REC_NPE_00079207,NPU_00055,family_support,11002.41,monthly,esewa
REC_NPE_00079215,NPU_00060,family_support,31783.12,monthly,bank_transfer
REC_NPE_00079218,NPU_00061,family_support,32822.45,monthly,bank_transfer
REC_NPE_00079219,NPU_00062,family_support,21167.34,monthly,cash
REC_NPE_00079221,NPU_00063,family_support,34139.43,monthly,credit_card
REC_NPE_00079223,NPU_00065,family_support,22571.87,monthly,cash
REC_NPE_00079225,NPU_00066,family_support,8421.56,monthly,khalti
REC_NPE_00079226,NPU_00067,family_support,12188.83,monthly,cash
REC_NPE_00079229,NPU_00068,family_support,34034.6,monthly,debit_card
REC_NPE_00079232,NPU_00069,family_support,5946.76,monthly,bank_transfer
REC_NPE_00079234,NPU_00070,family_support,16184.74,monthly,khalti
REC_NPE_00079236,NPU_00071,family_support,9870.45,monthly,cash
REC_NPE_00079239,NPU_00074,family_support,16634.89,monthly,cash
REC_NPE_00079246,NPU_00076,family_support,47324.82,monthly,cash
REC_NPE_00079249,NPU_00077,family_support,34166.5,monthly,esewa
REC_NPE_00079250,NPU_00078,family_support,17638.95,monthly,cash
REC_NPE_00079253,NPU_00080,family_support,12872.44,monthly,bank_transfer
REC_NPE_00079432,NPU_00001,utilities,588.46,monthly,bank_transfer
REC_NPE_00079437,NPU_00002,utilities,3511.01,monthly,esewa
REC_NPE_00079439,NPU_00003,utilities,2159.72,monthly,esewa
REC_NPE_00079441,NPU_00004,utilities,2092.87,monthly,cash
REC_NPE_00079442,NPU_00005,utilities,4163.08,monthly,fonepay_qr
REC_NPE_00079446,NPU_00006,utilities,5563.16,monthly,debit_card
REC_NPE_00079448,NPU_00007,utilities,7787.53,monthly,bank_transfer
REC_NPE_00079449,NPU_00008,utilities,4523.83,monthly,cash
REC_NPE_00079451,NPU_00009,utilities,3092.66,monthly,cash
REC_NPE_00079453,NPU_00011,utilities,2404.9,monthly,cash
REC_NPE_00079456,NPU_00012,utilities,3409.97,monthly,khalti
REC_NPE_00079459,NPU_00013,utilities,2930.98,monthly,cash
REC_NPE_00079461,NPU_00015,utilities,2996.78,monthly,bank_transfer
REC_NPE_00079463,NPU_00016,utilities,5335.61,monthly,cash
REC_NPE_00079464,NPU_00017,utilities,966.24,monthly,esewa
REC_NPE_00079465,NPU_00019,utilities,4075.98,monthly,esewa
REC_NPE_00079466,NPU_00020,utilities,12750.0,monthly,cash
REC_NPE_00079470,NPU_00021,utilities,5132.44,monthly,khalti
REC_NPE_00079473,NPU_00022,utilities,3521.94,monthly,khalti
REC_NPE_00079474,NPU_00023,utilities,2894.44,monthly,cash
REC_NPE_00079477,NPU_00024,utilities,4549.9,monthly,bank_transfer
REC_NPE_00079478,NPU_00025,utilities,2551.57,monthly,esewa
REC_NPE_00079481,NPU_00026,utilities,2792.78,monthly,bank_transfer
REC_NPE_00079483,NPU_00027,utilities,2572.58,monthly,cash
REC_NPE_00079485,NPU_00029,utilities,3617.95,monthly,khalti
REC_NPE_00079488,NPU_00030,utilities,1094.02,monthly,debit_card
REC_NPE_00079490,NPU_00031,utilities,4407.03,monthly,credit_card
REC_NPE_00079493,NPU_00032,utilities,11909.36,monthly,esewa
REC_NPE_00079494,NPU_00033,utilities,3221.14,monthly,khalti
REC_NPE_00079497,NPU_00034,utilities,1697.73,monthly,bank_transfer
REC_NPE_00079503,NPU_00037,utilities,6672.33,monthly,esewa
REC_NPE_00079504,NPU_00039,utilities,3205.37,monthly,cash
REC_NPE_00079505,NPU_00040,utilities,3277.7,monthly,esewa
REC_NPE_00079510,NPU_00044,utilities,2425.72,monthly,cash
REC_NPE_00079512,NPU_00045,utilities,1752.94,monthly,bank_transfer
REC_NPE_00079513,NPU_00046,utilities,4987.23,monthly,debit_card
REC_NPE_00079523,NPU_00049,utilities,5435.64,monthly,khalti
REC_NPE_00079524,NPU_00050,utilities,4014.68,monthly,cash
REC_NPE_00079526,NPU_00051,utilities,8256.9,monthly,cash
REC_NPE_00079529,NPU_00053,utilities,5656.92,monthly,esewa
REC_NPE_00079531,NPU_00054,utilities,848.49,monthly,cash
REC_NPE_00079532,NPU_00055,utilities,2964.04,monthly,cash
REC_NPE_00079534,NPU_00056,utilities,842.09,monthly,cash
REC_NPE_00079535,NPU_00057,utilities,1417.03,monthly,cash
REC_NPE_00079537,NPU_00058,utilities,4469.05,monthly,cash
REC_NPE_00079540,NPU_00059,utilities,2271.01,monthly,cash
REC_NPE_00079541,NPU_00060,utilities,4831.94,monthly,cash
REC_NPE_00079542,NPU_00061,utilities,3002.94,monthly,cash
REC_NPE_00079544,NPU_00062,utilities,7946.92,monthly,cash
REC_NPE_00079545,NPU_00063,utilities,1654.22,monthly,esewa
REC_NPE_00079546,NPU_00064,utilities,5540.38,monthly,cash
REC_NPE_00079549,NPU_00067,utilities,3644.37,monthly,cash
REC_NPE_00079551,NPU_00068,utilities,6602.28,monthly,debit_card
REC_NPE_00079553,NPU_00072,utilities,2503.31,monthly,esewa
REC_NPE_00079554,NPU_00073,utilities,1267.66,monthly,cash
REC_NPE_00079557,NPU_00074,utilities,5717.08,monthly,debit_card
REC_NPE_00079559,NPU_00075,utilities,2208.26,monthly,cash
REC_NPE_00079561,NPU_00076,utilities,3084.63,monthly,cash
REC_NPE_00079563,NPU_00077,utilities,5850.7,monthly,cash
REC_NPE_00079565,NPU_00078,utilities,3363.84,monthly,cash
REC_NPE_00079845,NPU_00003,internet_mobile,1379.83,monthly,khalti
REC_NPE_00079847,NPU_00004,internet_mobile,3422.53,monthly,esewa
REC_NPE_00079848,NPU_00005,internet_mobile,2674.67,monthly,cash
REC_NPE_00079849,NPU_00006,internet_mobile,1042.68,monthly,cash
REC_NPE_00079852,NPU_00007,internet_mobile,2326.99,monthly,khalti
REC_NPE_00079854,NPU_00008,internet_mobile,2813.38,monthly,cash
REC_NPE_00079858,NPU_00009,internet_mobile,1663.76,monthly,bank_transfer
REC_NPE_00079859,NPU_00010,internet_mobile,1399.21,monthly,cash
REC_NPE_00079865,NPU_00013,internet_mobile,1076.26,monthly,fonepay_qr
REC_NPE_00079866,NPU_00014,internet_mobile,4119.32,monthly,bank_transfer
REC_NPE_00079867,NPU_00015,internet_mobile,3375.4,monthly,esewa
REC_NPE_00079869,NPU_00016,internet_mobile,1945.83,monthly,cash
REC_NPE_00079871,NPU_00017,internet_mobile,996.26,monthly,bank_transfer
REC_NPE_00079872,NPU_00018,internet_mobile,3305.84,monthly,khalti
REC_NPE_00079875,NPU_00019,internet_mobile,1689.4,monthly,khalti
REC_NPE_00079877,NPU_00020,internet_mobile,1520.53,monthly,cash
REC_NPE_00079879,NPU_00022,internet_mobile,4399.62,monthly,cash
REC_NPE_00079882,NPU_00023,internet_mobile,1255.85,monthly,cash
REC_NPE_00079885,NPU_00025,internet_mobile,1687.52,monthly,esewa
REC_NPE_00079887,NPU_00026,internet_mobile,3476.44,monthly,khalti
REC_NPE_00079888,NPU_00027,internet_mobile,577.41,monthly,cash
REC_NPE_00079889,NPU_00028,internet_mobile,2914.72,monthly,khalti
REC_NPE_00079890,NPU_00030,internet_mobile,2525.98,monthly,esewa
REC_NPE_00079893,NPU_00032,internet_mobile,2376.03,monthly,cash
REC_NPE_00079897,NPU_00033,internet_mobile,2530.63,monthly,bank_transfer
REC_NPE_00079899,NPU_00034,internet_mobile,1798.93,monthly,khalti
REC_NPE_00079901,NPU_00035,internet_mobile,2197.63,monthly,esewa
REC_NPE_00079905,NPU_00036,internet_mobile,698.5,monthly,bank_transfer
REC_NPE_00079908,NPU_00037,internet_mobile,1836.18,monthly,cash
REC_NPE_00079909,NPU_00038,internet_mobile,1255.38,monthly,cash
REC_NPE_00079912,NPU_00039,internet_mobile,1495.67,monthly,esewa
REC_NPE_00079915,NPU_00041,internet_mobile,3248.81,monthly,bank_transfer
REC_NPE_00079917,NPU_00042,internet_mobile,2453.48,monthly,cash
REC_NPE_00079919,NPU_00043,internet_mobile,1051.81,monthly,debit_card
REC_NPE_00079922,NPU_00045,internet_mobile,852.14,monthly,cash
REC_NPE_00079923,NPU_00046,internet_mobile,3444.42,monthly,debit_card
REC_NPE_00079925,NPU_00048,internet_mobile,3013.71,monthly,cash
REC_NPE_00079929,NPU_00049,internet_mobile,3160.53,monthly,cash
REC_NPE_00079934,NPU_00052,internet_mobile,1373.58,monthly,bank_transfer
REC_NPE_00079936,NPU_00053,internet_mobile,1499.62,monthly,credit_card
REC_NPE_00079937,NPU_00054,internet_mobile,1913.38,monthly,cash
REC_NPE_00079938,NPU_00055,internet_mobile,1033.94,monthly,bank_transfer
REC_NPE_00079940,NPU_00056,internet_mobile,1188.0,monthly,cash
REC_NPE_00079943,NPU_00057,internet_mobile,5163.22,monthly,bank_transfer
REC_NPE_00079947,NPU_00059,internet_mobile,2846.91,monthly,cash
REC_NPE_00079950,NPU_00061,internet_mobile,2063.03,monthly,esewa
REC_NPE_00079951,NPU_00062,internet_mobile,2687.75,monthly,cash
REC_NPE_00079952,NPU_00063,internet_mobile,1725.47,monthly,esewa
REC_NPE_00079956,NPU_00065,internet_mobile,373.48,monthly,esewa
REC_NPE_00079959,NPU_00066,internet_mobile,3301.16,monthly,cash
REC_NPE_00079960,NPU_00067,internet_mobile,523.28,monthly,esewa
REC_NPE_00079962,NPU_00068,internet_mobile,3978.99,monthly,cash
REC_NPE_00079965,NPU_00069,internet_mobile,2245.18,monthly,khalti
REC_NPE_00079966,NPU_00070,internet_mobile,1785.81,monthly,cash
REC_NPE_00079972,NPU_00073,internet_mobile,1557.07,monthly,esewa
REC_NPE_00079973,NPU_00074,internet_mobile,4736.93,monthly,cash
REC_NPE_00079977,NPU_00076,internet_mobile,2854.77,monthly,fonepay_qr
REC_NPE_00079978,NPU_00078,internet_mobile,1898.77,monthly,cash
REC_NPE_00079979,NPU_00079,internet_mobile,919.22,monthly,fonepay_qr
REC_NPE_00079981,NPU_00080,internet_mobile,3233.02,monthly,bank_transfer
REC_NPE_00080194,NPU_00001,loan_emi,13322.66,monthly,cash
REC_NPE_00080200,NPU_00005,loan_emi,11229.66,monthly,esewa
REC_NPE_00080206,NPU_00010,loan_emi,18310.93,monthly,debit_card
REC_NPE_00080208,NPU_00011,loan_emi,36002.8,monthly,khalti
REC_NPE_00080216,NPU_00018,loan_emi,28272.0,monthly,cash
REC_NPE_00080226,NPU_00027,loan_emi,56535.95,monthly,credit_card
REC_NPE_00080227,NPU_00030,loan_emi,14554.12,monthly,credit_card
REC_NPE_00080239,NPU_00037,loan_emi,22349.26,monthly,khalti
REC_NPE_00080240,NPU_00039,loan_emi,12509.34,monthly,fonepay_qr
REC_NPE_00080242,NPU_00040,loan_emi,10822.04,monthly,fonepay_qr
REC_NPE_00080243,NPU_00041,loan_emi,24001.42,monthly,esewa
REC_NPE_00080246,NPU_00043,loan_emi,17677.65,monthly,cash
REC_NPE_00080254,NPU_00052,loan_emi,24197.92,monthly,cash
REC_NPE_00080259,NPU_00056,loan_emi,13217.71,monthly,bank_transfer
REC_NPE_00080262,NPU_00058,loan_emi,12837.41,monthly,esewa
REC_NPE_00080264,NPU_00059,loan_emi,49980.0,monthly,esewa
REC_NPE_00080265,NPU_00060,loan_emi,20245.97,monthly,cash
REC_NPE_00080271,NPU_00064,loan_emi,14307.3,monthly,esewa
REC_NPE_00080273,NPU_00065,loan_emi,27187.89,monthly,cash
REC_NPE_00080274,NPU_00066,loan_emi,33831.44,monthly,cash
REC_NPE_00080277,NPU_00067,loan_emi,17852.36,monthly,cash
REC_NPE_00080286,NPU_00074,loan_emi,39137.12,monthly,credit_card
REC_NPE_00080290,NPU_00077,loan_emi,15384.85,monthly,bank_transfer
REC_NPE_00080464,NPU_00001,subscriptions,2129.65,monthly,esewa
REC_NPE_00080466,NPU_00002,subscriptions,2665.68,monthly,cash
REC_NPE_00080467,NPU_00003,subscriptions,2922.87,monthly,debit_card
REC_NPE_00080470,NPU_00004,subscriptions,682.25,monthly,cash
REC_NPE_00080473,NPU_00005,subscriptions,935.79,monthly,cash
REC_NPE_00080476,NPU_00006,subscriptions,1763.9,monthly,esewa
REC_NPE_00080479,NPU_00008,subscriptions,3376.31,monthly,cash
REC_NPE_00080490,NPU_00014,subscriptions,2470.3,monthly,khalti
REC_NPE_00080491,NPU_00015,subscriptions,2232.91,monthly,esewa
REC_NPE_00080495,NPU_00019,subscriptions,3678.79,monthly,esewa
REC_NPE_00080498,NPU_00021,subscriptions,3417.26,monthly,debit_card
REC_NPE_00080502,NPU_00023,subscriptions,1608.62,monthly,bank_transfer
REC_NPE_00080503,NPU_00024,subscriptions,5510.42,monthly,khalti
REC_NPE_00080506,NPU_00027,subscriptions,1326.37,monthly,bank_transfer
REC_NPE_00080514,NPU_00032,subscriptions,1980.21,monthly,bank_transfer
REC_NPE_00080516,NPU_00033,subscriptions,2620.39,monthly,cash
REC_NPE_00080517,NPU_00035,subscriptions,1070.42,monthly,cash
REC_NPE_00080518,NPU_00038,subscriptions,1380.94,monthly,cash
REC_NPE_00080521,NPU_00040,subscriptions,3309.78,monthly,esewa
REC_NPE_00080526,NPU_00042,subscriptions,1790.19,monthly,fonepay_qr
REC_NPE_00080527,NPU_00043,subscriptions,2803.05,monthly,debit_card
REC_NPE_00080534,NPU_00050,subscriptions,3312.03,monthly,debit_card
REC_NPE_00080537,NPU_00053,subscriptions,1977.33,monthly,debit_card
REC_NPE_00080538,NPU_00054,subscriptions,2108.73,monthly,bank_transfer
REC_NPE_00080544,NPU_00058,subscriptions,1407.08,monthly,khalti
REC_NPE_00080546,NPU_00059,subscriptions,5159.95,monthly,cash
REC_NPE_00080553,NPU_00062,subscriptions,4474.58,monthly,debit_card
REC_NPE_00080555,NPU_00063,subscriptions,1871.07,monthly,bank_transfer
REC_NPE_00080557,NPU_00064,subscriptions,3492.78,monthly,cash
REC_NPE_00080558,NPU_00065,subscriptions,3411.32,monthly,fonepay_qr
REC_NPE_00080560,NPU_00066,subscriptions,3079.11,monthly,esewa
REC_NPE_00080561,NPU_00067,subscriptions,2086.45,monthly,cash
REC_NPE_00080562,NPU_00069,subscriptions,2414.38,monthly,debit_card
REC_NPE_00080563,NPU_00070,subscriptions,2336.03,monthly,esewa
REC_NPE_00080569,NPU_00074,subscriptions,3900.5,monthly,esewa
REC_NPE_00080571,NPU_00075,subscriptions,2341.16,monthly,bank_transfer
REC_NPE_00080574,NPU_00077,subscriptions,1943.27,monthly,cash
REC_NPE_00080576,NPU_00080,subscriptions,3145.02,monthly,cash
REC_NPE_00081616,NPU_00002,rent,23074.36,monthly,cash
REC_NPE_00081620,NPU_00006,rent,14094.46,monthly,esewa
REC_NPE_00081623,NPU_00007,rent,48427.88,monthly,cash
REC_NPE_00081625,NPU_00009,rent,53834.25,monthly,khalti
REC_NPE_00081626,NPU_00010,rent,20311.87,monthly,cash
REC_NPE_00081631,NPU_00013,rent,12855.54,monthly,debit_card
REC_NPE_00081632,NPU_00015,rent,43440.08,monthly,cash
REC_NPE_00081639,NPU_00019,rent,22939.75,monthly,cash
REC_NPE_00081641,NPU_00020,rent,37002.68,monthly,cash
REC_NPE_00081645,NPU_00022,rent,42617.65,monthly,debit_card
REC_NPE_00081646,NPU_00023,rent,20764.02,monthly,khalti
REC_NPE_00081648,NPU_00025,rent,38088.47,monthly,cash
REC_NPE_00081649,NPU_00026,rent,61558.77,monthly,fonepay_qr
REC_NPE_00081657,NPU_00031,rent,33028.66,monthly,fonepay_qr
REC_NPE_00081660,NPU_00037,rent,33525.7,monthly,bank_transfer
REC_NPE_00081664,NPU_00039,rent,15489.49,monthly,debit_card
REC_NPE_00081666,NPU_00040,rent,8400.0,monthly,cash
REC_NPE_00081668,NPU_00043,rent,10436.76,monthly,cash
REC_NPE_00081675,NPU_00048,rent,13082.62,monthly,khalti
REC_NPE_00081677,NPU_00049,rent,10981.92,monthly,bank_transfer
REC_NPE_00081678,NPU_00051,rent,27627.94,monthly,debit_card
REC_NPE_00081682,NPU_00056,rent,26751.56,monthly,cash
REC_NPE_00081683,NPU_00057,rent,13465.95,monthly,cash
REC_NPE_00081685,NPU_00061,rent,49913.89,monthly,cash
REC_NPE_00081688,NPU_00063,rent,11218.39,monthly,bank_transfer
REC_NPE_00081689,NPU_00064,rent,18895.14,monthly,cash
REC_NPE_00081692,NPU_00066,rent,20710.37,monthly,khalti
REC_NPE_00081693,NPU_00067,rent,13447.72,monthly,esewa
REC_NPE_00081700,NPU_00072,rent,25190.45,monthly,fonepay_qr
REC_NPE_00081702,NPU_00075,rent,18265.87,monthly,cash
REC_NPE_00081706,NPU_00079,rent,9228.53,monthly,debit_card
REC_NPE_00081709,NPU_00080,rent,10175.48,monthly,cash
REC_NPE_00081806,NPU_00005,savings_investment,902.98,monthly,credit_card
REC_NPE_00081809,NPU_00006,savings_investment,17984.51,monthly,cash
REC_NPE_00081814,NPU_00009,savings_investment,11450.76,monthly,bank_transfer
REC_NPE_00081817,NPU_00011,savings_investment,15212.27,monthly,debit_card
REC_NPE_00081822,NPU_00018,savings_investment,3127.79,monthly,cash
REC_NPE_00081824,NPU_00020,savings_investment,5650.61,monthly,khalti
REC_NPE_00081828,NPU_00025,savings_investment,4567.5,monthly,fonepay_qr
REC_NPE_00081831,NPU_00027,savings_investment,5068.73,monthly,khalti
REC_NPE_00081832,NPU_00029,savings_investment,18580.71,monthly,esewa
REC_NPE_00081834,NPU_00030,savings_investment,4411.02,monthly,cash
REC_NPE_00081843,NPU_00036,savings_investment,4830.27,monthly,bank_transfer
REC_NPE_00081854,NPU_00048,savings_investment,13032.81,monthly,khalti
REC_NPE_00081858,NPU_00053,savings_investment,1053.32,monthly,khalti
REC_NPE_00081864,NPU_00056,savings_investment,9125.84,monthly,bank_transfer
REC_NPE_00081865,NPU_00058,savings_investment,30480.19,monthly,cash
REC_NPE_00081867,NPU_00059,savings_investment,23864.84,monthly,cash
REC_NPE_00081873,NPU_00064,savings_investment,16505.47,monthly,esewa
REC_NPE_00081874,NPU_00065,savings_investment,13739.57,monthly,bank_transfer
REC_NPE_00081875,NPU_00066,savings_investment,1569.28,monthly,cash
REC_NPE_00081882,NPU_00071,savings_investment,770.34,monthly,cash
REC_NPE_00081886,NPU_00076,savings_investment,14932.44,monthly,cash
REC_NPE_00081892,NPU_00079,savings_investment,20810.92,monthly,cash
REC_NPE_00081895,NPU_00080,savings_investment,12625.13,monthly,bank_transfer
REC_NPE_00082003,NPU_00001,family_support,12088.6,monthly,esewa
REC_NPE_00082007,NPU_00004,family_support,18301.42,monthly,cash
REC_NPE_00082008,NPU_00006,family_support,19057.87,monthly,khalti
REC_NPE_00082010,NPU_00008,family_support,9674.39,monthly,cash
REC_NPE_00082013,NPU_00010,family_support,53133.55,monthly,esewa
REC_NPE_00082017,NPU_00012,family_support,20602.57,monthly,credit_card
REC_NPE_00082019,NPU_00013,family_support,32760.15,monthly,esewa
REC_NPE_00082020,NPU_00014,family_support,54043.93,monthly,esewa
REC_NPE_00082028,NPU_00016,family_support,8131.84,monthly,cash
REC_NPE_00082031,NPU_00018,family_support,14215.16,monthly,esewa
REC_NPE_00082037,NPU_00021,family_support,39172.07,monthly,credit_card
REC_NPE_00082040,NPU_00022,family_support,16200.98,monthly,esewa
REC_NPE_00082045,NPU_00023,family_support,6423.89,monthly,esewa
REC_NPE_00082046,NPU_00024,family_support,15420.23,monthly,bank_transfer
REC_NPE_00082052,NPU_00028,family_support,29146.42,monthly,cash
REC_NPE_00082054,NPU_00029,family_support,10755.58,monthly,cash
REC_NPE_00082056,NPU_00032,family_support,8010.07,monthly,bank_transfer
REC_NPE_00082062,NPU_00035,family_support,11015.56,monthly,cash
REC_NPE_00082067,NPU_00037,family_support,10545.1,monthly,cash
REC_NPE_00082070,NPU_00038,family_support,22779.22,monthly,cash
REC_NPE_00082071,NPU_00039,family_support,13069.87,monthly,bank_transfer
REC_NPE_00082075,NPU_00042,family_support,39195.49,monthly,fonepay_qr
REC_NPE_00082079,NPU_00045,family_support,21084.35,monthly,cash
REC_NPE_00082081,NPU_00046,family_support,10754.14,monthly,cash
REC_NPE_00082082,NPU_00048,family_support,6761.4,monthly,cash
REC_NPE_00082087,NPU_00051,family_support,15144.9,monthly,esewa
REC_NPE_00082088,NPU_00052,family_support,9946.1,monthly,cash
REC_NPE_00082091,NPU_00055,family_support,12820.61,monthly,esewa
REC_NPE_00082093,NPU_00056,family_support,8007.95,monthly,cash
REC_NPE_00082096,NPU_00058,family_support,23843.7,monthly,cash
REC_NPE_00082099,NPU_00059,family_support,24386.16,monthly,bank_transfer
REC_NPE_00082103,NPU_00061,family_support,16373.77,monthly,fonepay_qr
REC_NPE_00082106,NPU_00062,family_support,37006.09,monthly,khalti
REC_NPE_00082110,NPU_00063,family_support,4558.14,monthly,khalti
REC_NPE_00082112,NPU_00065,family_support,16594.76,monthly,esewa
REC_NPE_00082117,NPU_00067,family_support,19618.72,monthly,cash
REC_NPE_00082119,NPU_00069,family_support,14222.83,monthly,credit_card
REC_NPE_00082121,NPU_00071,family_support,22084.89,monthly,esewa
REC_NPE_00082122,NPU_00072,family_support,26168.71,monthly,esewa
REC_NPE_00082125,NPU_00074,family_support,26739.46,monthly,bank_transfer
REC_NPE_00082130,NPU_00077,family_support,31204.22,monthly,esewa
REC_NPE_00082131,NPU_00078,family_support,34192.48,monthly,khalti
REC_NPE_00082132,NPU_00079,family_support,5954.49,monthly,esewa
REC_NPE_00082134,NPU_00080,family_support,10176.67,monthly,cash
REC_NPE_00082290,NPU_00002,utilities,1273.79,monthly,cash
REC_NPE_00082293,NPU_00003,utilities,930.32,monthly,khalti
REC_NPE_00082297,NPU_00004,utilities,4258.63,monthly,cash
REC_NPE_00082301,NPU_00005,utilities,2363.7,monthly,bank_transfer
REC_NPE_00082303,NPU_00007,utilities,10710.0,monthly,esewa
REC_NPE_00082306,NPU_00009,utilities,1982.13,monthly,esewa
REC_NPE_00082309,NPU_00010,utilities,1994.17,monthly,esewa
REC_NPE_00082313,NPU_00011,utilities,3725.04,monthly,fonepay_qr
REC_NPE_00082317,NPU_00013,utilities,6148.39,monthly,cash
REC_NPE_00082319,NPU_00014,utilities,4911.22,monthly,cash
REC_NPE_00082321,NPU_00016,utilities,2518.52,monthly,cash
REC_NPE_00082322,NPU_00017,utilities,5361.38,monthly,cash
REC_NPE_00082324,NPU_00019,utilities,3968.75,monthly,cash
REC_NPE_00082328,NPU_00020,utilities,6136.71,monthly,esewa
REC_NPE_00082330,NPU_00021,utilities,3658.38,monthly,esewa
REC_NPE_00082332,NPU_00022,utilities,2657.24,monthly,fonepay_qr
REC_NPE_00082335,NPU_00023,utilities,1270.71,monthly,khalti
REC_NPE_00082338,NPU_00024,utilities,5391.41,monthly,cash
REC_NPE_00082339,NPU_00025,utilities,4216.07,monthly,cash
REC_NPE_00082340,NPU_00026,utilities,5473.47,monthly,cash
REC_NPE_00082342,NPU_00028,utilities,3835.72,monthly,bank_transfer
REC_NPE_00082343,NPU_00029,utilities,2450.26,monthly,cash
REC_NPE_00082345,NPU_00030,utilities,4553.23,monthly,esewa
REC_NPE_00082347,NPU_00031,utilities,2109.69,monthly,cash
REC_NPE_00082350,NPU_00033,utilities,2861.7,monthly,esewa
REC_NPE_00082353,NPU_00034,utilities,4689.42,monthly,cash
REC_NPE_00082360,NPU_00037,utilities,2862.43,monthly,esewa
REC_NPE_00082362,NPU_00038,utilities,9741.15,monthly,esewa
REC_NPE_00082364,NPU_00039,utilities,5198.78,monthly,cash
REC_NPE_00082366,NPU_00040,utilities,3320.31,monthly,bank_transfer
REC_NPE_00082367,NPU_00041,utilities,3690.51,monthly,bank_transfer
REC_NPE_00082369,NPU_00042,utilities,6575.63,monthly,cash
REC_NPE_00082371,NPU_00043,utilities,2643.88,monthly,esewa
REC_NPE_00082372,NPU_00045,utilities,1759.51,monthly,esewa
REC_NPE_00082373,NPU_00047,utilities,2441.01,monthly,cash
REC_NPE_00082376,NPU_00049,utilities,2823.25,monthly,cash
REC_NPE_00082378,NPU_00051,utilities,1104.21,monthly,khalti
REC_NPE_00082379,NPU_00052,utilities,5021.68,monthly,bank_transfer
REC_NPE_00082380,NPU_00053,utilities,3125.22,monthly,credit_card
REC_NPE_00082381,NPU_00054,utilities,1846.43,monthly,esewa
REC_NPE_00082383,NPU_00056,utilities,3302.21,monthly,cash
REC_NPE_00082384,NPU_00057,utilities,4830.87,monthly,credit_card
REC_NPE_00082386,NPU_00058,utilities,4885.39,monthly,khalti
REC_NPE_00082389,NPU_00061,utilities,3842.17,monthly,cash
REC_NPE_00082391,NPU_00062,utilities,1183.31,monthly,bank_transfer
REC_NPE_00082392,NPU_00063,utilities,2542.84,monthly,esewa
REC_NPE_00082393,NPU_00064,utilities,6431.61,monthly,fonepay_qr
REC_NPE_00082398,NPU_00065,utilities,2354.3,monthly,cash
REC_NPE_00082400,NPU_00066,utilities,5561.71,monthly,khalti
REC_NPE_00082401,NPU_00067,utilities,1145.75,monthly,debit_card
REC_NPE_00082403,NPU_00068,utilities,7380.82,monthly,cash
REC_NPE_00082404,NPU_00069,utilities,2223.62,monthly,khalti
REC_NPE_00082406,NPU_00070,utilities,10710.0,monthly,cash
REC_NPE_00082409,NPU_00071,utilities,5064.57,monthly,cash
REC_NPE_00082410,NPU_00072,utilities,3551.38,monthly,cash
REC_NPE_00082411,NPU_00073,utilities,5186.82,monthly,debit_card
REC_NPE_00082413,NPU_00074,utilities,3263.62,monthly,esewa
REC_NPE_00082417,NPU_00075,utilities,1330.91,monthly,cash
REC_NPE_00082418,NPU_00076,utilities,1322.13,monthly,esewa
REC_NPE_00082420,NPU_00077,utilities,4919.51,monthly,esewa
REC_NPE_00082422,NPU_00078,utilities,5197.23,monthly,esewa
REC_NPE_00082425,NPU_00079,utilities,1058.09,monthly,khalti
REC_NPE_00082427,NPU_00080,utilities,3664.0,monthly,cash
REC_NPE_00082704,NPU_00001,internet_mobile,1823.78,monthly,cash
REC_NPE_00082707,NPU_00002,internet_mobile,1134.97,monthly,khalti
REC_NPE_00082709,NPU_00004,internet_mobile,1625.88,monthly,cash
REC_NPE_00082710,NPU_00005,internet_mobile,1096.31,monthly,cash
REC_NPE_00082713,NPU_00009,internet_mobile,6097.45,monthly,cash
REC_NPE_00082714,NPU_00010,internet_mobile,1331.79,monthly,cash
REC_NPE_00082715,NPU_00011,internet_mobile,1978.36,monthly,debit_card
REC_NPE_00082716,NPU_00012,internet_mobile,1390.53,monthly,debit_card
REC_NPE_00082719,NPU_00013,internet_mobile,1700.58,monthly,esewa
REC_NPE_00082722,NPU_00014,internet_mobile,999.24,monthly,cash
REC_NPE_00082724,NPU_00015,internet_mobile,1259.61,monthly,cash
REC_NPE_00082729,NPU_00016,internet_mobile,920.36,monthly,cash
REC_NPE_00082733,NPU_00017,internet_mobile,1544.1,monthly,cash
REC_NPE_00082738,NPU_00019,internet_mobile,2405.76,monthly,bank_transfer
REC_NPE_00082739,NPU_00021,internet_mobile,1872.84,monthly,esewa
REC_NPE_00082740,NPU_00022,internet_mobile,1513.41,monthly,cash
REC_NPE_00082741,NPU_00023,internet_mobile,1424.2,monthly,cash
REC_NPE_00082742,NPU_00024,internet_mobile,1468.16,monthly,khalti
REC_NPE_00082743,NPU_00025,internet_mobile,2543.09,monthly,bank_transfer
REC_NPE_00082744,NPU_00026,internet_mobile,903.94,monthly,bank_transfer
REC_NPE_00082745,NPU_00027,internet_mobile,7437.5,monthly,cash
REC_NPE_00082746,NPU_00028,internet_mobile,1610.58,monthly,cash
REC_NPE_00082747,NPU_00029,internet_mobile,1923.12,monthly,cash
REC_NPE_00082751,NPU_00032,internet_mobile,2109.89,monthly,esewa
REC_NPE_00082753,NPU_00033,internet_mobile,4852.17,monthly,khalti
REC_NPE_00082756,NPU_00034,internet_mobile,1340.32,monthly,bank_transfer
REC_NPE_00082758,NPU_00035,internet_mobile,983.41,monthly,cash
REC_NPE_00082759,NPU_00036,internet_mobile,4309.55,monthly,cash
REC_NPE_00082766,NPU_00039,internet_mobile,1030.77,monthly,cash
REC_NPE_00082768,NPU_00040,internet_mobile,4461.14,monthly,esewa
REC_NPE_00082770,NPU_00041,internet_mobile,2751.69,monthly,cash
REC_NPE_00082772,NPU_00042,internet_mobile,761.56,monthly,khalti
REC_NPE_00082776,NPU_00048,internet_mobile,1230.05,monthly,fonepay_qr
REC_NPE_00082779,NPU_00050,internet_mobile,1404.53,monthly,cash
REC_NPE_00082780,NPU_00051,internet_mobile,3242.19,monthly,cash
REC_NPE_00082782,NPU_00052,internet_mobile,3321.36,monthly,cash
REC_NPE_00082785,NPU_00054,internet_mobile,1737.11,monthly,cash
REC_NPE_00082789,NPU_00055,internet_mobile,938.17,monthly,cash
REC_NPE_00082793,NPU_00057,internet_mobile,4634.8,monthly,cash
REC_NPE_00082796,NPU_00058,internet_mobile,1110.23,monthly,fonepay_qr
REC_NPE_00082799,NPU_00059,internet_mobile,3075.33,monthly,cash
REC_NPE_00082803,NPU_00060,internet_mobile,2515.85,monthly,cash
REC_NPE_00082807,NPU_00061,internet_mobile,4512.32,monthly,cash
REC_NPE_00082809,NPU_00064,internet_mobile,2567.1,monthly,credit_card
REC_NPE_00082813,NPU_00067,internet_mobile,483.79,monthly,debit_card
REC_NPE_00082814,NPU_00068,internet_mobile,1542.62,monthly,cash
REC_NPE_00082815,NPU_00069,internet_mobile,1846.25,monthly,cash
REC_NPE_00082817,NPU_00070,internet_mobile,2867.71,monthly,esewa
REC_NPE_00082819,NPU_00071,internet_mobile,940.76,monthly,cash
REC_NPE_00082820,NPU_00073,internet_mobile,997.85,monthly,cash
REC_NPE_00082821,NPU_00075,internet_mobile,1222.62,monthly,esewa
REC_NPE_00082825,NPU_00077,internet_mobile,1702.7,monthly,cash
REC_NPE_00082828,NPU_00078,internet_mobile,2457.17,monthly,cash
REC_NPE_00082829,NPU_00079,internet_mobile,2109.08,monthly,khalti
REC_NPE_00082831,NPU_00080,internet_mobile,1165.44,monthly,cash
REC_NPE_00083002,NPU_00005,loan_emi,8545.02,monthly,cash
REC_NPE_00083006,NPU_00006,loan_emi,7043.69,monthly,cash
REC_NPE_00083016,NPU_00014,loan_emi,24536.58,monthly,esewa
REC_NPE_00083019,NPU_00017,loan_emi,16436.22,monthly,cash
REC_NPE_00083021,NPU_00022,loan_emi,34629.86,monthly,cash
REC_NPE_00083022,NPU_00023,loan_emi,35451.31,monthly,cash
REC_NPE_00083030,NPU_00030,loan_emi,15805.09,monthly,esewa
REC_NPE_00083032,NPU_00031,loan_emi,21702.87,monthly,cash
REC_NPE_00083038,NPU_00037,loan_emi,9583.19,monthly,cash
REC_NPE_00083040,NPU_00038,loan_emi,21109.48,monthly,cash
REC_NPE_00083047,NPU_00043,loan_emi,20184.84,monthly,cash
REC_NPE_00083053,NPU_00047,loan_emi,21826.76,monthly,bank_transfer
REC_NPE_00083055,NPU_00049,loan_emi,19738.12,monthly,bank_transfer
REC_NPE_00083070,NPU_00062,loan_emi,10226.76,monthly,esewa
REC_NPE_00083075,NPU_00064,loan_emi,43246.93,monthly,esewa
REC_NPE_00083077,NPU_00065,loan_emi,6648.22,monthly,bank_transfer
REC_NPE_00083078,NPU_00067,loan_emi,15869.89,monthly,cash
REC_NPE_00083081,NPU_00070,loan_emi,9459.25,monthly,cash
REC_NPE_00083082,NPU_00071,loan_emi,16473.35,monthly,esewa
REC_NPE_00083085,NPU_00075,loan_emi,8446.62,monthly,credit_card
REC_NPE_00083088,NPU_00078,loan_emi,10313.54,monthly,cash
REC_NPE_00083090,NPU_00079,loan_emi,14267.44,monthly,cash
REC_NPE_00083274,NPU_00002,subscriptions,2632.45,monthly,esewa
REC_NPE_00083276,NPU_00004,subscriptions,1150.0,monthly,cash
REC_NPE_00083278,NPU_00005,subscriptions,1807.4,monthly,cash
REC_NPE_00083281,NPU_00006,subscriptions,3877.69,monthly,esewa
REC_NPE_00083284,NPU_00007,subscriptions,2179.51,monthly,esewa
REC_NPE_00083286,NPU_00008,subscriptions,1346.59,monthly,bank_transfer
REC_NPE_00083287,NPU_00009,subscriptions,2195.8,monthly,fonepay_qr
REC_NPE_00083289,NPU_00010,subscriptions,1420.01,monthly,cash
REC_NPE_00083291,NPU_00011,subscriptions,3025.73,monthly,khalti
REC_NPE_00083292,NPU_00012,subscriptions,1309.52,monthly,cash
REC_NPE_00083294,NPU_00013,subscriptions,1802.09,monthly,khalti
REC_NPE_00083297,NPU_00015,subscriptions,2633.26,monthly,cash
REC_NPE_00083300,NPU_00017,subscriptions,1286.81,monthly,khalti
REC_NPE_00083302,NPU_00018,subscriptions,2234.33,monthly,cash
REC_NPE_00083304,NPU_00019,subscriptions,1405.31,monthly,fonepay_qr
REC_NPE_00083306,NPU_00020,subscriptions,1856.32,monthly,debit_card
REC_NPE_00083308,NPU_00021,subscriptions,1250.38,monthly,cash
REC_NPE_00083311,NPU_00026,subscriptions,396.18,monthly,cash
REC_NPE_00083312,NPU_00027,subscriptions,2132.58,monthly,bank_transfer
REC_NPE_00083321,NPU_00033,subscriptions,2608.55,monthly,cash
REC_NPE_00083327,NPU_00036,subscriptions,7140.0,monthly,cash
REC_NPE_00083330,NPU_00038,subscriptions,1213.11,monthly,credit_card
REC_NPE_00083331,NPU_00039,subscriptions,1082.16,monthly,cash
REC_NPE_00083333,NPU_00040,subscriptions,2467.65,monthly,cash
REC_NPE_00083336,NPU_00041,subscriptions,1510.34,monthly,cash
REC_NPE_00083341,NPU_00046,subscriptions,1148.77,monthly,cash
REC_NPE_00083345,NPU_00048,subscriptions,1770.21,monthly,debit_card
REC_NPE_00083355,NPU_00052,subscriptions,2538.07,monthly,esewa
REC_NPE_00083356,NPU_00053,subscriptions,1417.06,monthly,esewa
REC_NPE_00083362,NPU_00059,subscriptions,2043.79,monthly,esewa
REC_NPE_00083368,NPU_00060,subscriptions,2573.02,monthly,cash
REC_NPE_00083370,NPU_00061,subscriptions,2229.29,monthly,debit_card
REC_NPE_00083376,NPU_00063,subscriptions,979.94,monthly,esewa
REC_NPE_00083380,NPU_00065,subscriptions,3197.47,monthly,cash
REC_NPE_00083382,NPU_00066,subscriptions,3216.91,monthly,esewa
REC_NPE_00083383,NPU_00067,subscriptions,1529.17,monthly,esewa
REC_NPE_00083387,NPU_00070,subscriptions,1776.74,monthly,khalti
REC_NPE_00083392,NPU_00072,subscriptions,1459.25,monthly,khalti
REC_NPE_00083397,NPU_00075,subscriptions,1225.36,monthly,cash
REC_NPE_00083400,NPU_00076,subscriptions,1079.67,monthly,esewa
REC_NPE_00083404,NPU_00079,subscriptions,405.85,monthly,bank_transfer
REC_NPE_00083407,NPU_00080,subscriptions,1629.56,monthly,esewa
REC_NPE_00084533,NPU_00002,rent,52360.0,monthly,cash
REC_NPE_00084536,NPU_00004,rent,21960.34,monthly,cash
REC_NPE_00084539,NPU_00005,rent,20045.11,monthly,cash
REC_NPE_00084540,NPU_00006,rent,29541.63,monthly,cash
REC_NPE_00084543,NPU_00007,rent,19611.45,monthly,khalti
REC_NPE_00084551,NPU_00012,rent,28896.4,monthly,cash
REC_NPE_00084554,NPU_00015,rent,14495.51,monthly,esewa
REC_NPE_00084563,NPU_00020,rent,39164.81,monthly,debit_card
REC_NPE_00084567,NPU_00022,rent,18902.07,monthly,khalti
REC_NPE_00084569,NPU_00023,rent,37692.09,monthly,cash
REC_NPE_00084571,NPU_00024,rent,12053.85,monthly,bank_transfer
REC_NPE_00084574,NPU_00025,rent,19599.32,monthly,cash
REC_NPE_00084582,NPU_00029,rent,17605.87,monthly,khalti
REC_NPE_00084586,NPU_00031,rent,74375.0,monthly,esewa
REC_NPE_00084591,NPU_00033,rent,15553.59,monthly,credit_card
REC_NPE_00084594,NPU_00035,rent,7271.23,monthly,khalti
REC_NPE_00084599,NPU_00037,rent,21371.43,monthly,khalti
REC_NPE_00084600,NPU_00038,rent,21776.93,monthly,cash
REC_NPE_00084603,NPU_00039,rent,25436.4,monthly,esewa
REC_NPE_00084608,NPU_00043,rent,14458.54,monthly,esewa
REC_NPE_00084617,NPU_00048,rent,64581.48,monthly,fonepay_qr
REC_NPE_00084619,NPU_00049,rent,57209.44,monthly,cash
REC_NPE_00084624,NPU_00051,rent,15443.48,monthly,khalti
REC_NPE_00084630,NPU_00055,rent,20191.77,monthly,cash
REC_NPE_00084632,NPU_00056,rent,16179.59,monthly,esewa
REC_NPE_00084635,NPU_00057,rent,14067.16,monthly,debit_card
REC_NPE_00084640,NPU_00061,rent,13315.12,monthly,cash
REC_NPE_00084641,NPU_00063,rent,28205.56,monthly,cash
REC_NPE_00084645,NPU_00066,rent,29289.52,monthly,cash
REC_NPE_00084646,NPU_00067,rent,12640.48,monthly,esewa
REC_NPE_00084653,NPU_00072,rent,24559.54,monthly,bank_transfer
REC_NPE_00084654,NPU_00073,rent,29539.31,monthly,cash
REC_NPE_00084659,NPU_00075,rent,12875.24,monthly,cash
REC_NPE_00084662,NPU_00077,rent,16928.67,monthly,cash
REC_NPE_00084665,NPU_00080,rent,17176.79,monthly,esewa
REC_NPE_00084746,NPU_00001,savings_investment,7366.57,monthly,cash
REC_NPE_00084752,NPU_00006,savings_investment,20841.5,monthly,cash
REC_NPE_00084762,NPU_00016,savings_investment,797.49,monthly,cash
REC_NPE_00084767,NPU_00020,savings_investment,9379.74,monthly,esewa
REC_NPE_00084769,NPU_00022,savings_investment,12298.87,monthly,bank_transfer
REC_NPE_00084771,NPU_00025,savings_investment,3267.23,monthly,bank_transfer
REC_NPE_00084773,NPU_00026,savings_investment,10772.86,monthly,debit_card
REC_NPE_00084777,NPU_00030,savings_investment,4975.34,monthly,bank_transfer
REC_NPE_00084779,NPU_00031,savings_investment,9243.02,monthly,credit_card
REC_NPE_00084784,NPU_00035,savings_investment,3743.4,monthly,bank_transfer
REC_NPE_00084789,NPU_00038,savings_investment,20243.72,monthly,cash
REC_NPE_00084793,NPU_00040,savings_investment,3709.75,monthly,debit_card
REC_NPE_00084794,NPU_00041,savings_investment,4014.1,monthly,bank_transfer
REC_NPE_00084798,NPU_00045,savings_investment,1002.75,monthly,cash
REC_NPE_00084803,NPU_00049,savings_investment,9273.0,monthly,cash
REC_NPE_00084804,NPU_00050,savings_investment,7965.67,monthly,cash
REC_NPE_00084814,NPU_00058,savings_investment,44685.99,monthly,fonepay_qr
REC_NPE_00084817,NPU_00059,savings_investment,16214.92,monthly,cash
REC_NPE_00084820,NPU_00060,savings_investment,27708.25,monthly,cash
REC_NPE_00084825,NPU_00065,savings_investment,13275.01,monthly,esewa
REC_NPE_00084835,NPU_00075,savings_investment,31765.42,monthly,esewa
REC_NPE_00084838,NPU_00076,savings_investment,11036.11,monthly,debit_card
REC_NPE_00084841,NPU_00079,savings_investment,13328.56,monthly,cash
REC_NPE_00084926,NPU_00001,family_support,9735.44,monthly,esewa
REC_NPE_00084928,NPU_00002,family_support,27043.22,monthly,esewa
REC_NPE_00084931,NPU_00003,family_support,7298.97,monthly,cash
REC_NPE_00084933,NPU_00006,family_support,19190.21,monthly,cash
REC_NPE_00084937,NPU_00007,family_support,4799.92,monthly,cash
REC_NPE_00084940,NPU_00010,family_support,6017.31,monthly,cash
REC_NPE_00084942,NPU_00011,family_support,9967.51,monthly,cash
REC_NPE_00084943,NPU_00012,family_support,12365.53,monthly,esewa
REC_NPE_00084945,NPU_00013,family_support,19224.87,monthly,cash
REC_NPE_00084949,NPU_00017,family_support,27567.23,monthly,credit_card
REC_NPE_00084950,NPU_00018,family_support,52171.85,monthly,cash
REC_NPE_00084952,NPU_00020,family_support,30747.37,monthly,khalti
REC_NPE_00084954,NPU_00022,family_support,15413.81,monthly,debit_card
REC_NPE_00084955,NPU_00023,family_support,13880.09,monthly,cash
REC_NPE_00084956,NPU_00024,family_support,31735.34,monthly,cash
REC_NPE_00084959,NPU_00026,family_support,36469.28,monthly,bank_transfer
REC_NPE_00084961,NPU_00029,family_support,14643.08,monthly,cash
REC_NPE_00084962,NPU_00030,family_support,10867.44,monthly,cash
REC_NPE_00084964,NPU_00031,family_support,9120.64,monthly,cash
REC_NPE_00084967,NPU_00032,family_support,15038.42,monthly,esewa
REC_NPE_00084970,NPU_00035,family_support,13461.68,monthly,cash
REC_NPE_00084971,NPU_00036,family_support,17513.55,monthly,esewa
REC_NPE_00084975,NPU_00041,family_support,12142.71,monthly,debit_card
REC_NPE_00084977,NPU_00042,family_support,22399.58,monthly,cash
REC_NPE_00084978,NPU_00043,family_support,17430.66,monthly,debit_card
REC_NPE_00084979,NPU_00044,family_support,8110.25,monthly,debit_card
REC_NPE_00084983,NPU_00046,family_support,8471.47,monthly,esewa
REC_NPE_00084984,NPU_00047,family_support,5350.0,monthly,cash
REC_NPE_00084985,NPU_00049,family_support,6299.6,monthly,cash
REC_NPE_00084986,NPU_00051,family_support,5294.45,monthly,esewa
REC_NPE_00084987,NPU_00052,family_support,9704.85,monthly,esewa
REC_NPE_00084995,NPU_00055,family_support,30137.12,monthly,bank_transfer
REC_NPE_00085004,NPU_00064,family_support,7480.35,monthly,esewa
REC_NPE_00085008,NPU_00065,family_support,47252.85,monthly,credit_card
REC_NPE_00085009,NPU_00066,family_support,13205.07,monthly,khalti
REC_NPE_00085011,NPU_00068,family_support,16717.45,monthly,cash
REC_NPE_00085012,NPU_00069,family_support,21014.6,monthly,fonepay_qr
REC_NPE_00085013,NPU_00070,family_support,20279.36,monthly,cash
REC_NPE_00085017,NPU_00072,family_support,13308.87,monthly,cash
REC_NPE_00085018,NPU_00073,family_support,15771.96,monthly,cash
REC_NPE_00085020,NPU_00075,family_support,11691.53,monthly,credit_card
REC_NPE_00085021,NPU_00076,family_support,28052.63,monthly,cash
REC_NPE_00085023,NPU_00077,family_support,53038.92,monthly,cash
REC_NPE_00085024,NPU_00078,family_support,26438.41,monthly,cash
REC_NPE_00085026,NPU_00079,family_support,4164.13,monthly,esewa
REC_NPE_00085211,NPU_00002,utilities,1962.0,monthly,debit_card
REC_NPE_00085214,NPU_00005,utilities,950.89,monthly,cash
REC_NPE_00085215,NPU_00006,utilities,4635.82,monthly,credit_card
REC_NPE_00085217,NPU_00007,utilities,1561.04,monthly,cash
REC_NPE_00085221,NPU_00010,utilities,2229.23,monthly,debit_card
REC_NPE_00085225,NPU_00012,utilities,3653.57,monthly,cash
REC_NPE_00085226,NPU_00013,utilities,1899.52,monthly,khalti
REC_NPE_00085227,NPU_00014,utilities,2189.59,monthly,khalti
REC_NPE_00085232,NPU_00016,utilities,1578.19,monthly,debit_card
REC_NPE_00085235,NPU_00017,utilities,2208.21,monthly,fonepay_qr
REC_NPE_00085238,NPU_00018,utilities,2759.2,monthly,credit_card
REC_NPE_00085240,NPU_00019,utilities,1679.93,monthly,debit_card
REC_NPE_00085243,NPU_00021,utilities,5416.49,monthly,cash
REC_NPE_00085245,NPU_00022,utilities,2377.75,monthly,cash
REC_NPE_00085251,NPU_00025,utilities,1786.43,monthly,esewa
REC_NPE_00085253,NPU_00026,utilities,3152.81,monthly,cash
REC_NPE_00085255,NPU_00027,utilities,5190.71,monthly,debit_card
REC_NPE_00085258,NPU_00029,utilities,4960.09,monthly,khalti
REC_NPE_00085262,NPU_00031,utilities,1220.44,monthly,debit_card
REC_NPE_00085265,NPU_00033,utilities,1782.89,monthly,credit_card
REC_NPE_00085267,NPU_00034,utilities,2398.9,monthly,debit_card
REC_NPE_00085269,NPU_00036,utilities,2882.75,monthly,debit_card
REC_NPE_00085273,NPU_00038,utilities,1954.2,monthly,bank_transfer
REC_NPE_00085276,NPU_00039,utilities,1985.64,monthly,khalti
REC_NPE_00085278,NPU_00040,utilities,10710.0,monthly,cash
REC_NPE_00085281,NPU_00041,utilities,5283.89,monthly,esewa
REC_NPE_00085283,NPU_00043,utilities,1884.67,monthly,cash
REC_NPE_00085286,NPU_00044,utilities,3091.29,monthly,khalti
REC_NPE_00085290,NPU_00049,utilities,5195.22,monthly,khalti
REC_NPE_00085293,NPU_00050,utilities,2422.59,monthly,cash
REC_NPE_00085295,NPU_00051,utilities,5779.99,monthly,esewa
REC_NPE_00085296,NPU_00052,utilities,2054.13,monthly,cash
REC_NPE_00085297,NPU_00053,utilities,4578.49,monthly,fonepay_qr
REC_NPE_00085299,NPU_00054,utilities,2062.37,monthly,cash
REC_NPE_00085302,NPU_00055,utilities,3522.61,monthly,bank_transfer
REC_NPE_00085305,NPU_00058,utilities,5590.7,monthly,bank_transfer
REC_NPE_00085308,NPU_00060,utilities,12750.0,monthly,debit_card
REC_NPE_00085309,NPU_00061,utilities,4731.65,monthly,bank_transfer
REC_NPE_00085312,NPU_00063,utilities,1369.24,monthly,bank_transfer
REC_NPE_00085315,NPU_00064,utilities,2293.56,monthly,bank_transfer
REC_NPE_00085317,NPU_00065,utilities,1398.5,monthly,khalti
REC_NPE_00085318,NPU_00066,utilities,5528.49,monthly,esewa
REC_NPE_00085319,NPU_00067,utilities,1585.8,monthly,cash
REC_NPE_00085323,NPU_00069,utilities,4823.31,monthly,esewa
REC_NPE_00085324,NPU_00070,utilities,5213.23,monthly,cash
REC_NPE_00085326,NPU_00072,utilities,2891.02,monthly,bank_transfer
REC_NPE_00085328,NPU_00073,utilities,3576.65,monthly,bank_transfer
REC_NPE_00085330,NPU_00074,utilities,11527.77,monthly,bank_transfer
REC_NPE_00085332,NPU_00075,utilities,4073.19,monthly,debit_card
REC_NPE_00085334,NPU_00076,utilities,7043.76,monthly,esewa
REC_NPE_00085335,NPU_00078,utilities,4087.62,monthly,esewa
REC_NPE_00085338,NPU_00079,utilities,3106.24,monthly,cash
REC_NPE_00085341,NPU_00080,utilities,3221.11,monthly,debit_card
REC_NPE_00085561,NPU_00001,internet_mobile,2561.45,monthly,credit_card
REC_NPE_00085563,NPU_00002,internet_mobile,1811.68,monthly,esewa
REC_NPE_00085564,NPU_00003,internet_mobile,1028.56,monthly,fonepay_qr
REC_NPE_00085566,NPU_00004,internet_mobile,3426.53,monthly,debit_card
REC_NPE_00085567,NPU_00005,internet_mobile,1020.8,monthly,debit_card
REC_NPE_00085568,NPU_00006,internet_mobile,1345.74,monthly,cash
REC_NPE_00085569,NPU_00007,internet_mobile,3241.75,monthly,cash
REC_NPE_00085574,NPU_00010,internet_mobile,3776.13,monthly,cash
REC_NPE_00085575,NPU_00011,internet_mobile,1271.84,monthly,khalti
REC_NPE_00085577,NPU_00012,internet_mobile,1144.27,monthly,fonepay_qr
REC_NPE_00085580,NPU_00013,internet_mobile,3965.25,monthly,cash
REC_NPE_00085581,NPU_00014,internet_mobile,1582.46,monthly,cash
REC_NPE_00085582,NPU_00015,internet_mobile,1263.01,monthly,khalti
REC_NPE_00085583,NPU_00016,internet_mobile,4574.19,monthly,bank_transfer
REC_NPE_00085584,NPU_00017,internet_mobile,2528.66,monthly,bank_transfer
REC_NPE_00085585,NPU_00018,internet_mobile,4687.19,monthly,cash
REC_NPE_00085588,NPU_00020,internet_mobile,2122.94,monthly,bank_transfer
REC_NPE_00085589,NPU_00022,internet_mobile,1535.78,monthly,fonepay_qr
REC_NPE_00085591,NPU_00023,internet_mobile,2008.74,monthly,khalti
REC_NPE_00085592,NPU_00024,internet_mobile,1349.15,monthly,cash
REC_NPE_00085593,NPU_00025,internet_mobile,2379.6,monthly,cash
REC_NPE_00085594,NPU_00026,internet_mobile,2187.76,monthly,cash
REC_NPE_00085595,NPU_00027,internet_mobile,4840.95,monthly,cash
REC_NPE_00085597,NPU_00028,internet_mobile,3038.97,monthly,cash
REC_NPE_00085598,NPU_00029,internet_mobile,338.66,monthly,cash
REC_NPE_00085602,NPU_00030,internet_mobile,4168.12,monthly,cash
REC_NPE_00085604,NPU_00031,internet_mobile,1991.81,monthly,khalti
REC_NPE_00085606,NPU_00032,internet_mobile,2413.12,monthly,cash
REC_NPE_00085608,NPU_00033,internet_mobile,2217.45,monthly,credit_card
REC_NPE_00085609,NPU_00034,internet_mobile,1387.86,monthly,khalti
REC_NPE_00085612,NPU_00035,internet_mobile,1630.2,monthly,cash
REC_NPE_00085614,NPU_00036,internet_mobile,2557.1,monthly,cash
REC_NPE_00085617,NPU_00037,internet_mobile,2373.43,monthly,bank_transfer
REC_NPE_00085618,NPU_00038,internet_mobile,3101.18,monthly,bank_transfer
REC_NPE_00085622,NPU_00039,internet_mobile,3255.01,monthly,cash
REC_NPE_00085623,NPU_00040,internet_mobile,1352.38,monthly,esewa
REC_NPE_00085625,NPU_00041,internet_mobile,2744.27,monthly,cash
REC_NPE_00085626,NPU_00042,internet_mobile,2931.9,monthly,esewa
REC_NPE_00085627,NPU_00043,internet_mobile,1011.52,monthly,esewa
REC_NPE_00085630,NPU_00044,internet_mobile,963.67,monthly,esewa
REC_NPE_00085632,NPU_00045,internet_mobile,692.86,monthly,credit_card
REC_NPE_00085634,NPU_00046,internet_mobile,1209.36,monthly,esewa
REC_NPE_00085635,NPU_00047,internet_mobile,755.8,monthly,credit_card
REC_NPE_00085637,NPU_00049,internet_mobile,2309.98,monthly,cash
REC_NPE_00085639,NPU_00050,internet_mobile,2294.8,monthly,cash
REC_NPE_00085642,NPU_00052,internet_mobile,1896.84,monthly,esewa
REC_NPE_00085645,NPU_00054,internet_mobile,1495.47,monthly,khalti
REC_NPE_00085648,NPU_00055,internet_mobile,5496.76,monthly,debit_card
REC_NPE_00085650,NPU_00056,internet_mobile,1327.0,monthly,esewa
REC_NPE_00085651,NPU_00057,internet_mobile,1900.47,monthly,khalti
REC_NPE_00085653,NPU_00058,internet_mobile,5215.07,monthly,cash
REC_NPE_00085654,NPU_00059,internet_mobile,2672.66,monthly,cash
REC_NPE_00085655,NPU_00060,internet_mobile,7437.5,monthly,debit_card
REC_NPE_00085658,NPU_00061,internet_mobile,2605.23,monthly,esewa
REC_NPE_00085659,NPU_00062,internet_mobile,2737.58,monthly,khalti
REC_NPE_00085661,NPU_00063,internet_mobile,1580.33,monthly,fonepay_qr
REC_NPE_00085662,NPU_00064,internet_mobile,5048.33,monthly,bank_transfer
REC_NPE_00085665,NPU_00065,internet_mobile,2385.82,monthly,cash
REC_NPE_00085667,NPU_00066,internet_mobile,3104.44,monthly,cash
REC_NPE_00085669,NPU_00067,internet_mobile,2477.49,monthly,credit_card
REC_NPE_00085670,NPU_00068,internet_mobile,1455.27,monthly,cash
REC_NPE_00085673,NPU_00071,internet_mobile,3816.69,monthly,cash
REC_NPE_00085676,NPU_00072,internet_mobile,3214.37,monthly,cash
REC_NPE_00085678,NPU_00073,internet_mobile,2123.95,monthly,cash
REC_NPE_00085680,NPU_00074,internet_mobile,1721.86,monthly,cash
REC_NPE_00085682,NPU_00075,internet_mobile,795.61,monthly,cash
REC_NPE_00085685,NPU_00076,internet_mobile,1028.6,monthly,bank_transfer
REC_NPE_00085686,NPU_00077,internet_mobile,3436.34,monthly,esewa
REC_NPE_00085691,NPU_00080,internet_mobile,922.04,monthly,cash
REC_NPE_00085885,NPU_00006,loan_emi,19937.97,monthly,khalti
REC_NPE_00085888,NPU_00009,loan_emi,18206.48,monthly,esewa
REC_NPE_00085907,NPU_00029,loan_emi,17694.67,monthly,bank_transfer
REC_NPE_00085910,NPU_00033,loan_emi,17826.91,monthly,khalti
REC_NPE_00085912,NPU_00034,loan_emi,8989.2,monthly,cash
REC_NPE_00085918,NPU_00037,loan_emi,9531.6,monthly,credit_card
REC_NPE_00085923,NPU_00040,loan_emi,20327.86,monthly,esewa
REC_NPE_00085924,NPU_00041,loan_emi,23121.25,monthly,cash
REC_NPE_00085926,NPU_00042,loan_emi,38444.07,monthly,khalti
REC_NPE_00085929,NPU_00046,loan_emi,10634.27,monthly,cash
REC_NPE_00085933,NPU_00048,loan_emi,26400.63,monthly,cash
REC_NPE_00085938,NPU_00052,loan_emi,14725.17,monthly,bank_transfer
REC_NPE_00085941,NPU_00054,loan_emi,19903.55,monthly,esewa
REC_NPE_00085942,NPU_00055,loan_emi,35074.62,monthly,cash
REC_NPE_00085944,NPU_00056,loan_emi,30620.37,monthly,cash
REC_NPE_00085952,NPU_00060,loan_emi,12980.08,monthly,esewa
REC_NPE_00085968,NPU_00070,loan_emi,14589.53,monthly,khalti
REC_NPE_00085970,NPU_00075,loan_emi,15508.33,monthly,debit_card
REC_NPE_00085974,NPU_00077,loan_emi,59500.0,monthly,debit_card
REC_NPE_00085976,NPU_00078,loan_emi,22875.31,monthly,bank_transfer
REC_NPE_00085977,NPU_00079,loan_emi,15033.31,monthly,fonepay_qr
REC_NPE_00086136,NPU_00003,subscriptions,1541.96,monthly,cash
REC_NPE_00086138,NPU_00005,subscriptions,1903.62,monthly,bank_transfer
REC_NPE_00086140,NPU_00009,subscriptions,1165.54,monthly,khalti
REC_NPE_00086142,NPU_00010,subscriptions,3127.97,monthly,cash
REC_NPE_00086143,NPU_00011,subscriptions,2955.01,monthly,esewa
REC_NPE_00086147,NPU_00014,subscriptions,2227.88,monthly,esewa
REC_NPE_00086154,NPU_00020,subscriptions,2843.56,monthly,fonepay_qr
REC_NPE_00086155,NPU_00021,subscriptions,3387.52,monthly,esewa
REC_NPE_00086164,NPU_00026,subscriptions,5754.88,monthly,cash
REC_NPE_00086165,NPU_00027,subscriptions,5411.02,monthly,khalti
REC_NPE_00086166,NPU_00031,subscriptions,503.21,monthly,cash
REC_NPE_00086169,NPU_00033,subscriptions,1359.88,monthly,debit_card
REC_NPE_00086170,NPU_00034,subscriptions,1258.63,monthly,cash
REC_NPE_00086178,NPU_00037,subscriptions,6094.64,monthly,esewa
REC_NPE_00086179,NPU_00038,subscriptions,3679.6,monthly,cash
REC_NPE_00086180,NPU_00039,subscriptions,2211.01,monthly,credit_card
REC_NPE_00086181,NPU_00040,subscriptions,1738.88,monthly,cash
REC_NPE_00086182,NPU_00041,subscriptions,3933.09,monthly,esewa
REC_NPE_00086187,NPU_00043,subscriptions,1365.02,monthly,credit_card
REC_NPE_00086190,NPU_00046,subscriptions,2471.82,monthly,bank_transfer
REC_NPE_00086191,NPU_00047,subscriptions,2681.56,monthly,esewa
REC_NPE_00086193,NPU_00049,subscriptions,2006.33,monthly,khalti
REC_NPE_00086196,NPU_00052,subscriptions,2739.5,monthly,esewa
REC_NPE_00086198,NPU_00053,subscriptions,2308.9,monthly,cash
REC_NPE_00086199,NPU_00055,subscriptions,1719.22,monthly,cash
REC_NPE_00086200,NPU_00056,subscriptions,4321.51,monthly,khalti
REC_NPE_00086201,NPU_00057,subscriptions,1973.82,monthly,cash
REC_NPE_00086205,NPU_00058,subscriptions,8500.0,monthly,cash
REC_NPE_00086206,NPU_00059,subscriptions,1434.82,monthly,khalti
REC_NPE_00086208,NPU_00060,subscriptions,8500.0,monthly,esewa
REC_NPE_00086213,NPU_00063,subscriptions,984.11,monthly,cash
REC_NPE_00086215,NPU_00064,subscriptions,2950.88,monthly,cash
REC_NPE_00086218,NPU_00066,subscriptions,1862.69,monthly,debit_card
REC_NPE_00086220,NPU_00068,subscriptions,2679.65,monthly,cash
REC_NPE_00086221,NPU_00069,subscriptions,1290.45,monthly,cash
REC_NPE_00086222,NPU_00071,subscriptions,2000.92,monthly,debit_card
REC_NPE_00086223,NPU_00072,subscriptions,1691.61,monthly,cash
REC_NPE_00086224,NPU_00074,subscriptions,2219.54,monthly,esewa
REC_NPE_00086227,NPU_00075,subscriptions,2324.57,monthly,cash
REC_NPE_00086230,NPU_00076,subscriptions,2691.18,monthly,cash
REC_NPE_00086231,NPU_00077,subscriptions,2685.88,monthly,cash
REC_NPE_00086233,NPU_00079,subscriptions,1538.59,monthly,esewa
REC_NPE_00087284,NPU_00002,rent,23653.56,monthly,cash
REC_NPE_00087286,NPU_00004,rent,26424.01,monthly,cash
REC_NPE_00087287,NPU_00005,rent,13136.13,monthly,khalti
REC_NPE_00087290,NPU_00006,rent,33306.38,monthly,khalti
REC_NPE_00087292,NPU_00007,rent,20125.39,monthly,cash
REC_NPE_00087297,NPU_00009,rent,28079.51,monthly,debit_card
REC_NPE_00087300,NPU_00010,rent,9709.7,monthly,esewa
REC_NPE_00087306,NPU_00012,rent,16023.49,monthly,cash
REC_NPE_00087309,NPU_00013,rent,34337.01,monthly,cash
REC_NPE_00087317,NPU_00020,rent,30326.22,monthly,cash
REC_NPE_00087322,NPU_00022,rent,23924.12,monthly,debit_card
REC_NPE_00087324,NPU_00023,rent,10000.0,monthly,khalti
REC_NPE_00087325,NPU_00024,rent,22981.66,monthly,cash
REC_NPE_00087328,NPU_00026,rent,8400.0,monthly,khalti
REC_NPE_00087329,NPU_00027,rent,35274.66,monthly,bank_transfer
REC_NPE_00087336,NPU_00031,rent,26450.29,monthly,cash
REC_NPE_00087338,NPU_00033,rent,23664.11,monthly,esewa
REC_NPE_00087343,NPU_00037,rent,14208.52,monthly,fonepay_qr
REC_NPE_00087345,NPU_00039,rent,21192.03,monthly,fonepay_qr
REC_NPE_00087348,NPU_00043,rent,14823.47,monthly,bank_transfer
REC_NPE_00087357,NPU_00048,rent,10000.0,monthly,khalti
REC_NPE_00087359,NPU_00049,rent,15566.28,monthly,credit_card
REC_NPE_00087361,NPU_00051,rent,17514.1,monthly,cash
REC_NPE_00087363,NPU_00054,rent,7671.86,monthly,cash
REC_NPE_00087364,NPU_00055,rent,17218.82,monthly,fonepay_qr
REC_NPE_00087369,NPU_00056,rent,50017.82,monthly,bank_transfer
REC_NPE_00087372,NPU_00057,rent,21904.46,monthly,esewa
REC_NPE_00087375,NPU_00061,rent,19811.35,monthly,cash
REC_NPE_00087380,NPU_00063,rent,21939.78,monthly,cash
REC_NPE_00087383,NPU_00064,rent,42264.51,monthly,bank_transfer
REC_NPE_00087386,NPU_00066,rent,36628.06,monthly,cash
REC_NPE_00087387,NPU_00067,rent,12725.19,monthly,bank_transfer
REC_NPE_00087394,NPU_00072,rent,15175.14,monthly,khalti
REC_NPE_00087399,NPU_00075,rent,10049.03,monthly,khalti
REC_NPE_00087401,NPU_00077,rent,53239.09,monthly,cash
REC_NPE_00087404,NPU_00080,rent,11700.73,monthly,cash
REC_NPE_00087485,NPU_00002,savings_investment,4695.13,monthly,fonepay_qr
REC_NPE_00087490,NPU_00006,savings_investment,21061.48,monthly,cash
REC_NPE_00087494,NPU_00008,savings_investment,26072.13,monthly,khalti
REC_NPE_00087506,NPU_00017,savings_investment,14312.39,monthly,khalti
REC_NPE_00087507,NPU_00019,savings_investment,38144.33,monthly,cash
REC_NPE_00087509,NPU_00020,savings_investment,8570.16,monthly,esewa
REC_NPE_00087510,NPU_00021,savings_investment,6110.66,monthly,bank_transfer
REC_NPE_00087514,NPU_00024,savings_investment,4493.59,monthly,cash
REC_NPE_00087515,NPU_00026,savings_investment,7114.81,monthly,cash
REC_NPE_00087520,NPU_00029,savings_investment,23475.99,monthly,cash
REC_NPE_00087525,NPU_00031,savings_investment,7884.76,monthly,cash
REC_NPE_00087527,NPU_00032,savings_investment,4478.58,monthly,esewa
REC_NPE_00087529,NPU_00033,savings_investment,2066.29,monthly,cash
REC_NPE_00087532,NPU_00038,savings_investment,14488.29,monthly,khalti
REC_NPE_00087534,NPU_00039,savings_investment,14180.72,monthly,esewa
REC_NPE_00087536,NPU_00040,savings_investment,3656.56,monthly,debit_card
REC_NPE_00087545,NPU_00049,savings_investment,8568.4,monthly,cash
REC_NPE_00087553,NPU_00060,savings_investment,33378.77,monthly,cash
REC_NPE_00087556,NPU_00064,savings_investment,17887.02,monthly,bank_transfer
REC_NPE_00087559,NPU_00065,savings_investment,12441.36,monthly,cash
REC_NPE_00087560,NPU_00067,savings_investment,8057.38,monthly,esewa
REC_NPE_00087562,NPU_00068,savings_investment,6247.98,monthly,debit_card
REC_NPE_00087565,NPU_00072,savings_investment,379.32,monthly,cash
REC_NPE_00087566,NPU_00073,savings_investment,8881.32,monthly,fonepay_qr
REC_NPE_00087573,NPU_00077,savings_investment,1414.53,monthly,cash
REC_NPE_00087574,NPU_00079,savings_investment,15620.3,monthly,debit_card
REC_NPE_00087575,NPU_00080,savings_investment,14783.41,monthly,cash
REC_NPE_00087670,NPU_00003,family_support,7537.55,monthly,cash
REC_NPE_00087672,NPU_00004,family_support,8373.37,monthly,cash
REC_NPE_00087674,NPU_00005,family_support,7484.1,monthly,bank_transfer
REC_NPE_00087675,NPU_00006,family_support,13712.57,monthly,cash
REC_NPE_00087678,NPU_00007,family_support,13147.41,monthly,bank_transfer
REC_NPE_00087690,NPU_00012,family_support,43162.13,monthly,khalti
REC_NPE_00087695,NPU_00014,family_support,14348.51,monthly,khalti
REC_NPE_00087700,NPU_00016,family_support,18252.43,monthly,esewa
REC_NPE_00087704,NPU_00018,family_support,40104.52,monthly,cash
REC_NPE_00087707,NPU_00021,family_support,18868.7,monthly,cash
REC_NPE_00087714,NPU_00024,family_support,23463.27,monthly,cash
REC_NPE_00087716,NPU_00027,family_support,46750.0,monthly,fonepay_qr
REC_NPE_00087718,NPU_00028,family_support,11059.96,monthly,cash
REC_NPE_00087719,NPU_00029,family_support,32912.0,monthly,cash
REC_NPE_00087722,NPU_00030,family_support,25460.32,monthly,fonepay_qr
REC_NPE_00087727,NPU_00033,family_support,17022.89,monthly,esewa
REC_NPE_00087729,NPU_00034,family_support,10464.42,monthly,cash
REC_NPE_00087732,NPU_00035,family_support,10247.12,monthly,bank_transfer
REC_NPE_00087734,NPU_00036,family_support,10751.99,monthly,bank_transfer
REC_NPE_00087738,NPU_00038,family_support,31497.06,monthly,cash
REC_NPE_00087743,NPU_00040,family_support,17897.46,monthly,esewa
REC_NPE_00087745,NPU_00041,family_support,31807.53,monthly,cash
REC_NPE_00087751,NPU_00044,family_support,4987.64,monthly,esewa
REC_NPE_00087758,NPU_00049,family_support,13624.53,monthly,cash
REC_NPE_00087760,NPU_00050,family_support,37158.88,monthly,cash
REC_NPE_00087764,NPU_00052,family_support,14577.86,monthly,cash
REC_NPE_00087765,NPU_00053,family_support,9152.39,monthly,cash
REC_NPE_00087766,NPU_00054,family_support,13931.78,monthly,credit_card
REC_NPE_00087768,NPU_00055,family_support,39509.74,monthly,cash
REC_NPE_00087770,NPU_00056,family_support,19078.8,monthly,bank_transfer
REC_NPE_00087774,NPU_00058,family_support,56486.81,monthly,khalti
REC_NPE_00087776,NPU_00059,family_support,20221.53,monthly,cash
REC_NPE_00087777,NPU_00060,family_support,34501.99,monthly,credit_card
REC_NPE_00087781,NPU_00062,family_support,36643.54,monthly,esewa
REC_NPE_00087783,NPU_00063,family_support,10253.33,monthly,cash
REC_NPE_00087785,NPU_00064,family_support,9980.53,monthly,bank_transfer
REC_NPE_00087788,NPU_00065,family_support,5968.75,monthly,bank_transfer
REC_NPE_00087790,NPU_00067,family_support,7765.12,monthly,cash
REC_NPE_00087793,NPU_00068,family_support,10762.04,monthly,debit_card
REC_NPE_00087797,NPU_00069,family_support,56280.03,monthly,cash
REC_NPE_00087800,NPU_00070,family_support,20548.23,monthly,esewa
REC_NPE_00087804,NPU_00071,family_support,19985.23,monthly,fonepay_qr
REC_NPE_00087807,NPU_00072,family_support,7758.94,monthly,esewa
REC_NPE_00087810,NPU_00074,family_support,16698.12,monthly,cash
REC_NPE_00087816,NPU_00079,family_support,20498.91,monthly,khalti
REC_NPE_00087818,NPU_00080,family_support,5856.16,monthly,bank_transfer
REC_NPE_00088024,NPU_00001,utilities,1429.46,monthly,esewa
REC_NPE_00088026,NPU_00002,utilities,2209.99,monthly,esewa
REC_NPE_00088027,NPU_00003,utilities,2157.85,monthly,bank_transfer
REC_NPE_00088032,NPU_00006,utilities,5125.8,monthly,fonepay_qr
REC_NPE_00088035,NPU_00007,utilities,1979.31,monthly,bank_transfer
REC_NPE_00088036,NPU_00008,utilities,4620.46,monthly,cash
REC_NPE_00088039,NPU_00010,utilities,5060.79,monthly,cash
REC_NPE_00088041,NPU_00011,utilities,1572.59,monthly,khalti
REC_NPE_00088044,NPU_00013,utilities,1494.9,monthly,bank_transfer
REC_NPE_00088045,NPU_00015,utilities,1846.9,monthly,bank_transfer
REC_NPE_00088047,NPU_00017,utilities,3330.13,monthly,cash
REC_NPE_00088048,NPU_00018,utilities,3212.25,monthly,cash
REC_NPE_00088049,NPU_00019,utilities,5105.4,monthly,cash
REC_NPE_00088051,NPU_00020,utilities,2481.17,monthly,cash
REC_NPE_00088054,NPU_00022,utilities,3712.5,monthly,debit_card
REC_NPE_00088057,NPU_00023,utilities,5639.52,monthly,cash
REC_NPE_00088063,NPU_00025,utilities,3733.88,monthly,cash
REC_NPE_00088066,NPU_00026,utilities,2106.27,monthly,cash
REC_NPE_00088070,NPU_00028,utilities,6327.74,monthly,debit_card
REC_NPE_00088072,NPU_00029,utilities,2906.94,monthly,esewa
REC_NPE_00088073,NPU_00030,utilities,4148.98,monthly,credit_card
REC_NPE_00088076,NPU_00032,utilities,5970.84,monthly,credit_card
REC_NPE_00088079,NPU_00033,utilities,3135.41,monthly,cash
REC_NPE_00088080,NPU_00034,utilities,3782.39,monthly,khalti
REC_NPE_00088085,NPU_00038,utilities,2898.58,monthly,bank_transfer
REC_NPE_00088088,NPU_00040,utilities,4568.12,monthly,fonepay_qr
REC_NPE_00088090,NPU_00041,utilities,2697.47,monthly,cash
REC_NPE_00088093,NPU_00042,utilities,9075.95,monthly,cash
REC_NPE_00088094,NPU_00043,utilities,1554.49,monthly,cash
REC_NPE_00088097,NPU_00044,utilities,1952.47,monthly,esewa
REC_NPE_00088098,NPU_00045,utilities,1834.24,monthly,khalti
REC_NPE_00088099,NPU_00046,utilities,6672.32,monthly,khalti
REC_NPE_00088102,NPU_00047,utilities,6813.9,monthly,cash
REC_NPE_00088103,NPU_00048,utilities,3382.91,monthly,cash
REC_NPE_00088105,NPU_00049,utilities,2032.33,monthly,cash
REC_NPE_00088107,NPU_00050,utilities,2844.76,monthly,cash
REC_NPE_00088108,NPU_00051,utilities,8710.89,monthly,cash
REC_NPE_00088110,NPU_00053,utilities,1921.76,monthly,esewa
REC_NPE_00088111,NPU_00054,utilities,3899.77,monthly,esewa
REC_NPE_00088113,NPU_00055,utilities,3284.05,monthly,cash
REC_NPE_00088114,NPU_00056,utilities,2935.55,monthly,esewa
REC_NPE_00088118,NPU_00057,utilities,2470.79,monthly,debit_card
REC_NPE_00088121,NPU_00058,utilities,6945.65,monthly,cash
REC_NPE_00088123,NPU_00059,utilities,2080.97,monthly,cash
REC_NPE_00088124,NPU_00060,utilities,7333.96,monthly,cash
REC_NPE_00088127,NPU_00062,utilities,4497.12,monthly,esewa
REC_NPE_00088128,NPU_00063,utilities,2832.96,monthly,debit_card
REC_NPE_00088130,NPU_00064,utilities,4391.23,monthly,cash
REC_NPE_00088131,NPU_00067,utilities,2085.2,monthly,cash
REC_NPE_00088132,NPU_00068,utilities,3375.57,monthly,cash
REC_NPE_00088133,NPU_00069,utilities,3111.3,monthly,cash
REC_NPE_00088134,NPU_00070,utilities,2612.19,monthly,cash
REC_NPE_00088137,NPU_00071,utilities,8057.79,monthly,fonepay_qr
REC_NPE_00088140,NPU_00073,utilities,6031.45,monthly,khalti
REC_NPE_00088142,NPU_00074,utilities,7113.87,monthly,cash
REC_NPE_00088145,NPU_00075,utilities,3033.73,monthly,credit_card
REC_NPE_00088146,NPU_00077,utilities,2850.47,monthly,esewa
REC_NPE_00088147,NPU_00078,utilities,4146.46,monthly,khalti
REC_NPE_00088152,NPU_00080,utilities,7645.24,monthly,fonepay_qr
REC_NPE_00088421,NPU_00001,internet_mobile,2479.14,monthly,bank_transfer
REC_NPE_00088424,NPU_00002,internet_mobile,1014.74,monthly,cash
REC_NPE_00088427,NPU_00003,internet_mobile,824.69,monthly,fonepay_qr
REC_NPE_00088431,NPU_00004,internet_mobile,1326.9,monthly,fonepay_qr
REC_NPE_00088437,NPU_00005,internet_mobile,869.14,monthly,esewa
REC_NPE_00088440,NPU_00007,internet_mobile,2678.03,monthly,bank_transfer
REC_NPE_00088441,NPU_00009,internet_mobile,1564.48,monthly,esewa
REC_NPE_00088444,NPU_00010,internet_mobile,1981.04,monthly,bank_transfer
REC_NPE_00088445,NPU_00011,internet_mobile,1343.93,monthly,cash
REC_NPE_00088446,NPU_00012,internet_mobile,1076.47,monthly,cash
REC_NPE_00088448,NPU_00013,internet_mobile,1596.84,monthly,cash
REC_NPE_00088451,NPU_00014,internet_mobile,1383.69,monthly,cash
REC_NPE_00088453,NPU_00015,internet_mobile,1313.56,monthly,cash
REC_NPE_00088455,NPU_00017,internet_mobile,1905.8,monthly,cash
REC_NPE_00088458,NPU_00019,internet_mobile,4575.75,monthly,khalti
REC_NPE_00088461,NPU_00021,internet_mobile,1010.81,monthly,cash
REC_NPE_00088465,NPU_00023,internet_mobile,2075.92,monthly,esewa
REC_NPE_00088469,NPU_00024,internet_mobile,2635.8,monthly,cash
REC_NPE_00088470,NPU_00025,internet_mobile,3732.49,monthly,bank_transfer
REC_NPE_00088476,NPU_00027,internet_mobile,7375.85,monthly,debit_card
REC_NPE_00088479,NPU_00028,internet_mobile,3745.6,monthly,esewa
REC_NPE_00088480,NPU_00029,internet_mobile,2482.11,monthly,khalti
REC_NPE_00088481,NPU_00030,internet_mobile,1392.15,monthly,credit_card
REC_NPE_00088484,NPU_00031,internet_mobile,3105.22,monthly,cash
REC_NPE_00088490,NPU_00033,internet_mobile,947.67,monthly,credit_card
REC_NPE_00088492,NPU_00034,internet_mobile,1726.48,monthly,esewa
REC_NPE_00088494,NPU_00035,internet_mobile,1331.04,monthly,cash
REC_NPE_00088496,NPU_00037,internet_mobile,2194.48,monthly,bank_transfer
REC_NPE_00088497,NPU_00039,internet_mobile,1436.97,monthly,esewa
REC_NPE_00088501,NPU_00041,internet_mobile,617.22,monthly,khalti
REC_NPE_00088502,NPU_00042,internet_mobile,2840.22,monthly,debit_card
REC_NPE_00088505,NPU_00043,internet_mobile,2604.8,monthly,khalti
REC_NPE_00088506,NPU_00044,internet_mobile,2122.9,monthly,cash
REC_NPE_00088507,NPU_00045,internet_mobile,2250.38,monthly,bank_transfer
REC_NPE_00088510,NPU_00046,internet_mobile,3079.48,monthly,khalti
REC_NPE_00088515,NPU_00048,internet_mobile,1034.05,monthly,debit_card
REC_NPE_00088518,NPU_00050,internet_mobile,2496.76,monthly,khalti
REC_NPE_00088519,NPU_00052,internet_mobile,2130.43,monthly,cash
REC_NPE_00088521,NPU_00054,internet_mobile,1631.71,monthly,esewa
REC_NPE_00088525,NPU_00055,internet_mobile,3033.44,monthly,fonepay_qr
REC_NPE_00088529,NPU_00058,internet_mobile,4039.85,monthly,cash
REC_NPE_00088531,NPU_00059,internet_mobile,2601.38,monthly,bank_transfer
REC_NPE_00088532,NPU_00060,internet_mobile,1811.4,monthly,cash
REC_NPE_00088534,NPU_00061,internet_mobile,2580.88,monthly,cash
REC_NPE_00088536,NPU_00062,internet_mobile,2088.55,monthly,debit_card
REC_NPE_00088540,NPU_00064,internet_mobile,3164.72,monthly,esewa
REC_NPE_00088545,NPU_00067,internet_mobile,2323.83,monthly,cash
REC_NPE_00088547,NPU_00068,internet_mobile,1355.84,monthly,cash
REC_NPE_00088549,NPU_00069,internet_mobile,1134.91,monthly,debit_card
REC_NPE_00088551,NPU_00071,internet_mobile,5073.28,monthly,cash
REC_NPE_00088553,NPU_00072,internet_mobile,4018.07,monthly,cash
REC_NPE_00088554,NPU_00073,internet_mobile,2736.24,monthly,debit_card
REC_NPE_00088555,NPU_00074,internet_mobile,2853.77,monthly,fonepay_qr
REC_NPE_00088560,NPU_00076,internet_mobile,1304.39,monthly,credit_card
REC_NPE_00088563,NPU_00077,internet_mobile,1559.44,monthly,esewa
REC_NPE_00088565,NPU_00078,internet_mobile,1708.99,monthly,fonepay_qr
REC_NPE_00088567,NPU_00080,internet_mobile,1845.91,monthly,cash
REC_NPE_00088748,NPU_00002,loan_emi,14716.75,monthly,cash
REC_NPE_00088749,NPU_00004,loan_emi,8157.78,monthly,cash
REC_NPE_00088751,NPU_00005,loan_emi,13730.28,monthly,khalti
REC_NPE_00088753,NPU_00007,loan_emi,21694.57,monthly,cash
REC_NPE_00088755,NPU_00008,loan_emi,14295.07,monthly,cash
REC_NPE_00088759,NPU_00010,loan_emi,30412.53,monthly,esewa
REC_NPE_00088765,NPU_00013,loan_emi,10981.11,monthly,debit_card
REC_NPE_00088766,NPU_00014,loan_emi,28274.75,monthly,cash
REC_NPE_00088768,NPU_00015,loan_emi,5880.82,monthly,cash
REC_NPE_00088772,NPU_00016,loan_emi,7121.69,monthly,debit_card
REC_NPE_00088775,NPU_00018,loan_emi,27978.73,monthly,cash
REC_NPE_00088777,NPU_00020,loan_emi,8755.67,monthly,cash
REC_NPE_00088779,NPU_00021,loan_emi,25010.04,monthly,cash
REC_NPE_00088785,NPU_00029,loan_emi,8581.95,monthly,cash
REC_NPE_00088786,NPU_00030,loan_emi,13609.01,monthly,cash
REC_NPE_00088790,NPU_00033,loan_emi,27596.41,monthly,cash
REC_NPE_00088797,NPU_00040,loan_emi,11316.57,monthly,khalti
REC_NPE_00088802,NPU_00044,loan_emi,10388.49,monthly,cash
REC_NPE_00088803,NPU_00045,loan_emi,21305.39,monthly,esewa
REC_NPE_00088808,NPU_00048,loan_emi,22127.36,monthly,cash
REC_NPE_00088809,NPU_00050,loan_emi,12145.9,monthly,bank_transfer
REC_NPE_00088812,NPU_00051,loan_emi,7056.29,monthly,cash
REC_NPE_00088814,NPU_00053,loan_emi,16435.69,monthly,esewa
REC_NPE_00088821,NPU_00059,loan_emi,21586.16,monthly,cash
REC_NPE_00088824,NPU_00061,loan_emi,11380.46,monthly,cash
REC_NPE_00088827,NPU_00063,loan_emi,7265.0,monthly,esewa
REC_NPE_00088828,NPU_00066,loan_emi,9648.63,monthly,khalti
REC_NPE_00088833,NPU_00069,loan_emi,6466.48,monthly,cash
REC_NPE_00088839,NPU_00072,loan_emi,11886.33,monthly,cash
REC_NPE_00088843,NPU_00073,loan_emi,23336.29,monthly,esewa
REC_NPE_00088846,NPU_00074,loan_emi,10844.01,monthly,cash
REC_NPE_00088851,NPU_00079,loan_emi,14013.64,monthly,cash
REC_NPE_00089017,NPU_00003,subscriptions,1632.65,monthly,fonepay_qr
REC_NPE_00089018,NPU_00004,subscriptions,1494.58,monthly,bank_transfer
REC_NPE_00089021,NPU_00007,subscriptions,328.92,monthly,cash
REC_NPE_00089024,NPU_00008,subscriptions,2146.63,monthly,esewa
REC_NPE_00089028,NPU_00009,subscriptions,1251.56,monthly,fonepay_qr
REC_NPE_00089029,NPU_00010,subscriptions,2021.89,monthly,bank_transfer
REC_NPE_00089035,NPU_00013,subscriptions,2628.47,monthly,cash
REC_NPE_00089036,NPU_00014,subscriptions,3244.58,monthly,khalti
REC_NPE_00089038,NPU_00015,subscriptions,802.58,monthly,cash
REC_NPE_00089042,NPU_00017,subscriptions,1159.99,monthly,cash
REC_NPE_00089046,NPU_00019,subscriptions,2505.01,monthly,cash
REC_NPE_00089049,NPU_00022,subscriptions,1020.76,monthly,bank_transfer
REC_NPE_00089052,NPU_00023,subscriptions,5759.09,monthly,cash
REC_NPE_00089056,NPU_00025,subscriptions,3258.53,monthly,cash
REC_NPE_00089059,NPU_00026,subscriptions,1873.29,monthly,khalti
REC_NPE_00089062,NPU_00029,subscriptions,5236.26,monthly,cash
REC_NPE_00089065,NPU_00030,subscriptions,2515.04,monthly,khalti
REC_NPE_00089068,NPU_00031,subscriptions,4054.85,monthly,cash
REC_NPE_00089071,NPU_00032,subscriptions,4314.43,monthly,esewa
REC_NPE_00089073,NPU_00033,subscriptions,1871.55,monthly,esewa
REC_NPE_00089076,NPU_00036,subscriptions,2180.04,monthly,cash
REC_NPE_00089078,NPU_00037,subscriptions,2679.78,monthly,esewa
REC_NPE_00089082,NPU_00040,subscriptions,1213.55,monthly,khalti
REC_NPE_00089084,NPU_00041,subscriptions,588.38,monthly,esewa
REC_NPE_00089085,NPU_00042,subscriptions,1975.17,monthly,fonepay_qr
REC_NPE_00089087,NPU_00043,subscriptions,2138.39,monthly,fonepay_qr
REC_NPE_00089088,NPU_00044,subscriptions,2779.08,monthly,khalti
REC_NPE_00089090,NPU_00045,subscriptions,4486.79,monthly,bank_transfer
REC_NPE_00089091,NPU_00047,subscriptions,4536.41,monthly,esewa
REC_NPE_00089096,NPU_00051,subscriptions,1152.56,monthly,cash
REC_NPE_00089099,NPU_00053,subscriptions,4224.76,monthly,cash
REC_NPE_00089104,NPU_00055,subscriptions,1971.61,monthly,debit_card
REC_NPE_00089105,NPU_00057,subscriptions,7405.39,monthly,cash
REC_NPE_00089108,NPU_00058,subscriptions,1972.13,monthly,bank_transfer
REC_NPE_00089113,NPU_00062,subscriptions,4012.42,monthly,cash
REC_NPE_00089115,NPU_00065,subscriptions,3563.47,monthly,esewa
REC_NPE_00089120,NPU_00069,subscriptions,978.19,monthly,cash
REC_NPE_00089123,NPU_00072,subscriptions,2762.67,monthly,cash
REC_NPE_00089128,NPU_00074,subscriptions,2644.97,monthly,cash
REC_NPE_00089129,NPU_00075,subscriptions,1747.74,monthly,cash
REC_NPE_00089135,NPU_00079,subscriptions,509.51,monthly,cash
REC_NPE_00090219,NPU_00002,rent,14293.08,monthly,khalti
REC_NPE_00090222,NPU_00005,rent,5760.0,monthly,cash
REC_NPE_00090226,NPU_00006,rent,10999.81,monthly,cash
REC_NPE_00090228,NPU_00007,rent,12260.44,monthly,fonepay_qr
REC_NPE_00090230,NPU_00009,rent,29584.24,monthly,cash
REC_NPE_00090231,NPU_00010,rent,20562.05,monthly,bank_transfer
REC_NPE_00090234,NPU_00013,rent,25040.06,monthly,cash
REC_NPE_00090237,NPU_00015,rent,22750.14,monthly,bank_transfer
REC_NPE_00090241,NPU_00019,rent,33262.37,monthly,bank_transfer
REC_NPE_00090244,NPU_00020,rent,11726.98,monthly,cash
REC_NPE_00090246,NPU_00021,rent,25201.79,monthly,cash
REC_NPE_00090248,NPU_00022,rent,31662.28,monthly,cash
REC_NPE_00090251,NPU_00023,rent,71906.49,monthly,khalti
REC_NPE_00090254,NPU_00024,rent,20153.91,monthly,esewa
REC_NPE_00090255,NPU_00025,rent,23796.99,monthly,cash
REC_NPE_00090258,NPU_00026,rent,62475.0,monthly,cash
REC_NPE_00090264,NPU_00029,rent,13773.93,monthly,debit_card
REC_NPE_00090266,NPU_00031,rent,27380.47,monthly,esewa
REC_NPE_00090271,NPU_00033,rent,8378.07,monthly,cash
REC_NPE_00090273,NPU_00035,rent,13832.54,monthly,cash
REC_NPE_00090276,NPU_00037,rent,29221.52,monthly,cash
REC_NPE_00090277,NPU_00039,rent,12222.13,monthly,cash
REC_NPE_00090279,NPU_00043,rent,29762.55,monthly,cash
REC_NPE_00090287,NPU_00049,rent,10000.0,monthly,esewa
REC_NPE_00090291,NPU_00051,rent,17378.92,monthly,cash
REC_NPE_00090295,NPU_00053,rent,29382.52,monthly,bank_transfer
REC_NPE_00090297,NPU_00055,rent,23822.5,monthly,bank_transfer
REC_NPE_00090300,NPU_00056,rent,22434.35,monthly,bank_transfer
REC_NPE_00090305,NPU_00061,rent,25751.06,monthly,cash
REC_NPE_00090307,NPU_00063,rent,12140.87,monthly,cash
REC_NPE_00090309,NPU_00064,rent,22806.55,monthly,esewa
REC_NPE_00090313,NPU_00066,rent,12322.59,monthly,cash
REC_NPE_00090314,NPU_00067,rent,33393.4,monthly,bank_transfer
REC_NPE_00090320,NPU_00070,rent,18723.83,monthly,esewa
REC_NPE_00090322,NPU_00071,rent,20518.14,monthly,cash
REC_NPE_00090323,NPU_00072,rent,8400.0,monthly,bank_transfer
REC_NPE_00090325,NPU_00075,rent,42103.41,monthly,cash
REC_NPE_00090328,NPU_00076,rent,37847.7,monthly,cash
REC_NPE_00090329,NPU_00077,rent,29186.7,monthly,esewa
REC_NPE_00090330,NPU_00078,rent,74375.0,monthly,cash
REC_NPE_00090437,NPU_00003,savings_investment,9317.27,monthly,khalti
REC_NPE_00090446,NPU_00008,savings_investment,18622.58,monthly,cash
REC_NPE_00090454,NPU_00012,savings_investment,6956.66,monthly,khalti
REC_NPE_00090463,NPU_00016,savings_investment,754.83,monthly,cash
REC_NPE_00090465,NPU_00017,savings_investment,14008.14,monthly,esewa
REC_NPE_00090468,NPU_00018,savings_investment,4056.54,monthly,cash
REC_NPE_00090469,NPU_00019,savings_investment,30854.81,monthly,debit_card
REC_NPE_00090471,NPU_00020,savings_investment,6798.91,monthly,cash
REC_NPE_00090488,NPU_00039,savings_investment,11152.96,monthly,cash
REC_NPE_00090491,NPU_00041,savings_investment,3977.0,monthly,esewa
REC_NPE_00090498,NPU_00048,savings_investment,10326.12,monthly,bank_transfer
REC_NPE_00090500,NPU_00049,savings_investment,9670.0,monthly,bank_transfer
REC_NPE_00090509,NPU_00052,savings_investment,6405.77,monthly,cash
REC_NPE_00090514,NPU_00057,savings_investment,2718.48,monthly,cash
REC_NPE_00090519,NPU_00060,savings_investment,34003.32,monthly,khalti
REC_NPE_00090534,NPU_00067,savings_investment,6555.04,monthly,cash
REC_NPE_00090536,NPU_00069,savings_investment,12938.29,monthly,cash
REC_NPE_00090539,NPU_00070,savings_investment,11748.55,monthly,esewa
REC_NPE_00090543,NPU_00072,savings_investment,311.76,monthly,cash
REC_NPE_00090544,NPU_00073,savings_investment,10552.11,monthly,cash
REC_NPE_00090546,NPU_00076,savings_investment,15956.02,monthly,cash
REC_NPE_00090548,NPU_00077,savings_investment,1071.33,monthly,cash
REC_NPE_00090550,NPU_00078,savings_investment,1809.32,monthly,cash
REC_NPE_00090554,NPU_00080,savings_investment,16017.38,monthly,fonepay_qr
REC_NPE_00090647,NPU_00004,family_support,24162.57,monthly,cash
REC_NPE_00090651,NPU_00006,family_support,13258.75,monthly,cash
REC_NPE_00090657,NPU_00010,family_support,14454.31,monthly,bank_transfer
REC_NPE_00090668,NPU_00016,family_support,14167.46,monthly,cash
REC_NPE_00090669,NPU_00017,family_support,14343.43,monthly,debit_card
REC_NPE_00090670,NPU_00018,family_support,20248.47,monthly,esewa
REC_NPE_00090673,NPU_00021,family_support,12299.19,monthly,cash
REC_NPE_00090674,NPU_00022,family_support,11004.87,monthly,esewa
REC_NPE_00090679,NPU_00024,family_support,67320.0,monthly,cash
REC_NPE_00090682,NPU_00025,family_support,25059.27,monthly,credit_card
REC_NPE_00090685,NPU_00027,family_support,12660.89,monthly,fonepay_qr
REC_NPE_00090686,NPU_00029,family_support,12511.05,monthly,cash
REC_NPE_00090691,NPU_00032,family_support,38134.46,monthly,cash
REC_NPE_00090698,NPU_00036,family_support,11487.26,monthly,cash
REC_NPE_00090700,NPU_00037,family_support,10168.89,monthly,cash
REC_NPE_00090703,NPU_00039,family_support,7312.7,monthly,cash
REC_NPE_00090704,NPU_00041,family_support,10309.94,monthly,esewa
REC_NPE_00090706,NPU_00042,family_support,21212.71,monthly,esewa
REC_NPE_00090715,NPU_00050,family_support,5804.39,monthly,debit_card
REC_NPE_00090719,NPU_00052,family_support,16313.49,monthly,esewa
REC_NPE_00090721,NPU_00053,family_support,10012.6,monthly,khalti
REC_NPE_00090722,NPU_00054,family_support,13442.11,monthly,debit_card
REC_NPE_00090725,NPU_00056,family_support,9757.92,monthly,cash
REC_NPE_00090726,NPU_00057,family_support,19511.53,monthly,cash
REC_NPE_00090727,NPU_00058,family_support,21863.48,monthly,cash
REC_NPE_00090729,NPU_00059,family_support,16785.06,monthly,bank_transfer
REC_NPE_00090733,NPU_00061,family_support,24407.36,monthly,cash
REC_NPE_00090734,NPU_00062,family_support,26722.78,monthly,cash
REC_NPE_00090738,NPU_00065,family_support,42590.01,monthly,cash
REC_NPE_00090743,NPU_00068,family_support,37112.13,monthly,cash
REC_NPE_00090744,NPU_00069,family_support,8505.15,monthly,cash
REC_NPE_00090749,NPU_00076,family_support,17457.96,monthly,cash
REC_NPE_00090753,NPU_00077,family_support,15420.93,monthly,khalti
REC_NPE_00090755,NPU_00078,family_support,17919.14,monthly,khalti
REC_NPE_00090757,NPU_00079,family_support,23997.19,monthly,debit_card
REC_NPE_00090919,NPU_00004,utilities,3681.14,monthly,khalti
REC_NPE_00090922,NPU_00006,utilities,686.08,monthly,cash
REC_NPE_00090925,NPU_00008,utilities,3659.49,monthly,debit_card
REC_NPE_00090928,NPU_00009,utilities,1685.43,monthly,cash
REC_NPE_00090929,NPU_00010,utilities,1905.01,monthly,fonepay_qr
REC_NPE_00090932,NPU_00013,utilities,3540.36,monthly,cash
REC_NPE_00090935,NPU_00014,utilities,2307.29,monthly,cash
REC_NPE_00090936,NPU_00015,utilities,956.48,monthly,esewa
REC_NPE_00090938,NPU_00016,utilities,7466.13,monthly,khalti
REC_NPE_00090944,NPU_00019,utilities,1755.69,monthly,esewa
REC_NPE_00090948,NPU_00021,utilities,5449.39,monthly,esewa
REC_NPE_00090950,NPU_00023,utilities,3873.73,monthly,cash
REC_NPE_00090951,NPU_00024,utilities,3249.97,monthly,bank_transfer
REC_NPE_00090953,NPU_00025,utilities,4821.04,monthly,cash
REC_NPE_00090955,NPU_00026,utilities,1544.38,monthly,bank_transfer
REC_NPE_00090956,NPU_00027,utilities,3817.95,monthly,cash
REC_NPE_00090958,NPU_00028,utilities,5073.63,monthly,bank_transfer
REC_NPE_00090959,NPU_00029,utilities,7730.2,monthly,cash
REC_NPE_00090960,NPU_00030,utilities,5560.17,monthly,fonepay_qr
REC_NPE_00090963,NPU_00032,utilities,3415.08,monthly,khalti
REC_NPE_00090965,NPU_00033,utilities,1749.42,monthly,cash
REC_NPE_00090967,NPU_00034,utilities,1650.9,monthly,khalti
REC_NPE_00090970,NPU_00035,utilities,886.29,monthly,fonepay_qr
REC_NPE_00090972,NPU_00037,utilities,9262.43,monthly,bank_transfer
REC_NPE_00090975,NPU_00038,utilities,2324.01,monthly,esewa
REC_NPE_00090978,NPU_00040,utilities,5394.94,monthly,cash
REC_NPE_00090979,NPU_00042,utilities,1863.78,monthly,cash
REC_NPE_00090981,NPU_00043,utilities,3267.79,monthly,credit_card
REC_NPE_00090987,NPU_00045,utilities,1227.16,monthly,cash
REC_NPE_00090989,NPU_00046,utilities,3381.97,monthly,cash
REC_NPE_00090992,NPU_00047,utilities,1853.32,monthly,cash
REC_NPE_00090995,NPU_00048,utilities,7747.13,monthly,debit_card
REC_NPE_00090997,NPU_00050,utilities,1814.5,monthly,esewa
REC_NPE_00090999,NPU_00051,utilities,7358.51,monthly,esewa
REC_NPE_00091003,NPU_00053,utilities,1492.19,monthly,cash
REC_NPE_00091005,NPU_00054,utilities,3715.36,monthly,bank_transfer
REC_NPE_00091006,NPU_00056,utilities,5326.25,monthly,khalti
REC_NPE_00091010,NPU_00057,utilities,3169.78,monthly,cash
REC_NPE_00091011,NPU_00059,utilities,7908.18,monthly,bank_transfer
REC_NPE_00091014,NPU_00061,utilities,3986.0,monthly,fonepay_qr
REC_NPE_00091018,NPU_00063,utilities,1014.32,monthly,credit_card
REC_NPE_00091019,NPU_00064,utilities,2644.32,monthly,cash
REC_NPE_00091020,NPU_00065,utilities,3703.82,monthly,cash
REC_NPE_00091021,NPU_00067,utilities,4098.89,monthly,cash
REC_NPE_00091024,NPU_00068,utilities,4168.69,monthly,cash
REC_NPE_00091027,NPU_00070,utilities,3430.99,monthly,bank_transfer
REC_NPE_00091029,NPU_00071,utilities,3399.72,monthly,esewa
REC_NPE_00091031,NPU_00073,utilities,1739.21,monthly,cash
REC_NPE_00091033,NPU_00075,utilities,2497.3,monthly,bank_transfer
REC_NPE_00091036,NPU_00079,utilities,1314.26,monthly,esewa
REC_NPE_00091328,NPU_00001,internet_mobile,2577.56,monthly,cash
REC_NPE_00091329,NPU_00002,internet_mobile,2069.25,monthly,debit_card
REC_NPE_00091330,NPU_00003,internet_mobile,3766.09,monthly,debit_card
REC_NPE_00091333,NPU_00007,internet_mobile,735.09,monthly,cash
REC_NPE_00091339,NPU_00009,internet_mobile,5560.16,monthly,cash
REC_NPE_00091341,NPU_00010,internet_mobile,3467.71,monthly,bank_transfer
REC_NPE_00091342,NPU_00011,internet_mobile,2548.96,monthly,esewa
REC_NPE_00091346,NPU_00015,internet_mobile,1755.17,monthly,debit_card
REC_NPE_00091351,NPU_00017,internet_mobile,499.28,monthly,cash
REC_NPE_00091352,NPU_00018,internet_mobile,3729.71,monthly,khalti
REC_NPE_00091353,NPU_00019,internet_mobile,1248.59,monthly,cash
REC_NPE_00091355,NPU_00020,internet_mobile,1291.7,monthly,cash
REC_NPE_00091358,NPU_00021,internet_mobile,1199.96,monthly,khalti
REC_NPE_00091360,NPU_00022,internet_mobile,1021.85,monthly,esewa
REC_NPE_00091361,NPU_00023,internet_mobile,1555.17,monthly,cash
REC_NPE_00091362,NPU_00024,internet_mobile,4356.92,monthly,cash
REC_NPE_00091364,NPU_00025,internet_mobile,3061.62,monthly,credit_card
REC_NPE_00091366,NPU_00026,internet_mobile,1130.17,monthly,debit_card
REC_NPE_00091367,NPU_00027,internet_mobile,1442.3,monthly,cash
REC_NPE_00091370,NPU_00028,internet_mobile,3923.64,monthly,khalti
REC_NPE_00091372,NPU_00029,internet_mobile,1000.73,monthly,cash
REC_NPE_00091374,NPU_00031,internet_mobile,2013.4,monthly,bank_transfer
REC_NPE_00091376,NPU_00033,internet_mobile,751.35,monthly,cash
REC_NPE_00091379,NPU_00034,internet_mobile,1274.9,monthly,cash
REC_NPE_00091382,NPU_00035,internet_mobile,1510.46,monthly,cash
REC_NPE_00091385,NPU_00036,internet_mobile,944.74,monthly,cash
REC_NPE_00091387,NPU_00038,internet_mobile,5504.09,monthly,cash
REC_NPE_00091389,NPU_00039,internet_mobile,1152.75,monthly,bank_transfer
REC_NPE_00091390,NPU_00040,internet_mobile,3648.38,monthly,cash
REC_NPE_00091391,NPU_00041,internet_mobile,2578.0,monthly,fonepay_qr
REC_NPE_00091396,NPU_00044,internet_mobile,3138.33,monthly,cash
REC_NPE_00091399,NPU_00045,internet_mobile,1720.12,monthly,bank_transfer
REC_NPE_00091401,NPU_00046,internet_mobile,1927.42,monthly,cash
REC_NPE_00091402,NPU_00047,internet_mobile,2720.64,monthly,cash
REC_NPE_00091404,NPU_00048,internet_mobile,866.69,monthly,esewa
REC_NPE_00091405,NPU_00049,internet_mobile,1299.59,monthly,cash
REC_NPE_00091406,NPU_00050,internet_mobile,1238.0,monthly,cash
REC_NPE_00091407,NPU_00051,internet_mobile,2633.99,monthly,bank_transfer
REC_NPE_00091411,NPU_00053,internet_mobile,1492.21,monthly,debit_card
REC_NPE_00091412,NPU_00054,internet_mobile,1494.69,monthly,bank_transfer
REC_NPE_00091413,NPU_00055,internet_mobile,6388.19,monthly,cash
REC_NPE_00091416,NPU_00056,internet_mobile,2062.73,monthly,cash
REC_NPE_00091417,NPU_00057,internet_mobile,4256.23,monthly,cash
REC_NPE_00091418,NPU_00058,internet_mobile,3245.12,monthly,cash
REC_NPE_00091420,NPU_00059,internet_mobile,1682.93,monthly,cash
REC_NPE_00091423,NPU_00061,internet_mobile,7437.5,monthly,esewa
REC_NPE_00091427,NPU_00062,internet_mobile,3338.81,monthly,khalti
REC_NPE_00091429,NPU_00063,internet_mobile,3585.74,monthly,cash
REC_NPE_00091432,NPU_00064,internet_mobile,3631.71,monthly,fonepay_qr
REC_NPE_00091433,NPU_00065,internet_mobile,1326.55,monthly,cash
REC_NPE_00091435,NPU_00067,internet_mobile,1974.49,monthly,cash
REC_NPE_00091438,NPU_00068,internet_mobile,2334.51,monthly,cash
REC_NPE_00091439,NPU_00069,internet_mobile,1854.73,monthly,khalti
REC_NPE_00091443,NPU_00071,internet_mobile,730.24,monthly,khalti
REC_NPE_00091445,NPU_00072,internet_mobile,2213.98,monthly,cash
REC_NPE_00091446,NPU_00073,internet_mobile,1604.23,monthly,cash
REC_NPE_00091450,NPU_00074,internet_mobile,1525.43,monthly,debit_card
REC_NPE_00091451,NPU_00076,internet_mobile,1384.04,monthly,cash
REC_NPE_00091452,NPU_00077,internet_mobile,2272.72,monthly,cash
REC_NPE_00091453,NPU_00078,internet_mobile,2897.63,monthly,cash
REC_NPE_00091454,NPU_00079,internet_mobile,2559.84,monthly,khalti
REC_NPE_00091631,NPU_00001,loan_emi,6809.22,monthly,debit_card
REC_NPE_00091636,NPU_00005,loan_emi,9682.9,monthly,cash
REC_NPE_00091637,NPU_00006,loan_emi,15373.67,monthly,cash
REC_NPE_00091651,NPU_00013,loan_emi,13165.03,monthly,cash
REC_NPE_00091655,NPU_00015,loan_emi,28108.71,monthly,cash
REC_NPE_00091672,NPU_00030,loan_emi,49970.31,monthly,cash
REC_NPE_00091673,NPU_00033,loan_emi,24678.61,monthly,credit_card
REC_NPE_00091677,NPU_00036,loan_emi,48817.0,monthly,debit_card
REC_NPE_00091678,NPU_00037,loan_emi,43056.24,monthly,cash
REC_NPE_00091680,NPU_00040,loan_emi,7056.96,monthly,cash
REC_NPE_00091685,NPU_00044,loan_emi,8398.69,monthly,esewa
REC_NPE_00091694,NPU_00050,loan_emi,27409.87,monthly,cash
REC_NPE_00091696,NPU_00053,loan_emi,13250.17,monthly,cash
REC_NPE_00091701,NPU_00057,loan_emi,6304.7,monthly,cash
REC_NPE_00091712,NPU_00063,loan_emi,20594.0,monthly,cash
REC_NPE_00091717,NPU_00068,loan_emi,15002.62,monthly,credit_card
REC_NPE_00091721,NPU_00078,loan_emi,3870.22,monthly,cash
REC_NPE_00091931,NPU_00001,subscriptions,699.25,monthly,khalti
REC_NPE_00091935,NPU_00006,subscriptions,2117.23,monthly,debit_card
REC_NPE_00091937,NPU_00008,subscriptions,4189.07,monthly,esewa
REC_NPE_00091944,NPU_00013,subscriptions,954.68,monthly,cash
REC_NPE_00091947,NPU_00015,subscriptions,2819.99,monthly,cash
REC_NPE_00091948,NPU_00016,subscriptions,1351.14,monthly,cash
REC_NPE_00091952,NPU_00018,subscriptions,4500.84,monthly,cash
REC_NPE_00091955,NPU_00020,subscriptions,3549.43,monthly,cash
REC_NPE_00091961,NPU_00022,subscriptions,2005.08,monthly,cash
REC_NPE_00091963,NPU_00023,subscriptions,2511.66,monthly,khalti
REC_NPE_00091965,NPU_00024,subscriptions,3250.81,monthly,cash
REC_NPE_00091969,NPU_00028,subscriptions,3827.81,monthly,cash
REC_NPE_00091972,NPU_00031,subscriptions,8500.0,monthly,esewa
REC_NPE_00091976,NPU_00032,subscriptions,1818.04,monthly,khalti
REC_NPE_00091979,NPU_00033,subscriptions,1794.87,monthly,cash
REC_NPE_00091980,NPU_00034,subscriptions,1879.18,monthly,debit_card
REC_NPE_00091981,NPU_00036,subscriptions,6582.72,monthly,esewa
REC_NPE_00091986,NPU_00040,subscriptions,5410.83,monthly,cash
REC_NPE_00091988,NPU_00041,subscriptions,5579.53,monthly,cash
REC_NPE_00091995,NPU_00046,subscriptions,1439.19,monthly,cash
REC_NPE_00091996,NPU_00047,subscriptions,6713.38,monthly,debit_card
REC_NPE_00091998,NPU_00048,subscriptions,3797.38,monthly,cash
REC_NPE_00091999,NPU_00049,subscriptions,2871.16,monthly,khalti
REC_NPE_00092001,NPU_00050,subscriptions,1691.66,monthly,khalti
REC_NPE_00092005,NPU_00052,subscriptions,1552.17,monthly,cash
REC_NPE_00092006,NPU_00053,subscriptions,2137.7,monthly,fonepay_qr
REC_NPE_00092008,NPU_00055,subscriptions,8500.0,monthly,bank_transfer
REC_NPE_00092010,NPU_00057,subscriptions,2453.06,monthly,debit_card
REC_NPE_00092012,NPU_00058,subscriptions,1618.4,monthly,cash
REC_NPE_00092013,NPU_00059,subscriptions,1184.07,monthly,esewa
REC_NPE_00092020,NPU_00062,subscriptions,2582.42,monthly,debit_card
REC_NPE_00092023,NPU_00066,subscriptions,2760.45,monthly,debit_card
REC_NPE_00092033,NPU_00072,subscriptions,2359.35,monthly,cash
REC_NPE_00092034,NPU_00073,subscriptions,1413.12,monthly,bank_transfer
REC_NPE_00092036,NPU_00075,subscriptions,1575.76,monthly,cash
REC_NPE_00092038,NPU_00077,subscriptions,4910.2,monthly,cash
REC_NPE_00092041,NPU_00078,subscriptions,1973.33,monthly,cash
REC_NPE_00092042,NPU_00080,subscriptions,4901.15,monthly,esewa
REC_NPE_00093195,NPU_00004,rent,26567.59,monthly,cash
REC_NPE_00093197,NPU_00005,rent,33198.52,monthly,fonepay_qr
REC_NPE_00093199,NPU_00006,rent,10510.07,monthly,bank_transfer
REC_NPE_00093201,NPU_00007,rent,10382.92,monthly,esewa
REC_NPE_00093203,NPU_00009,rent,10034.65,monthly,cash
REC_NPE_00093204,NPU_00010,rent,17225.3,monthly,cash
REC_NPE_00093208,NPU_00012,rent,30716.62,monthly,bank_transfer
REC_NPE_00093210,NPU_00013,rent,41509.71,monthly,cash
REC_NPE_00093211,NPU_00014,rent,12591.52,monthly,khalti
REC_NPE_00093213,NPU_00019,rent,34922.7,monthly,debit_card
REC_NPE_00093215,NPU_00020,rent,25361.82,monthly,credit_card
REC_NPE_00093219,NPU_00022,rent,28231.93,monthly,cash
REC_NPE_00093223,NPU_00024,rent,12470.18,monthly,bank_transfer
REC_NPE_00093225,NPU_00025,rent,24468.53,monthly,esewa
REC_NPE_00093231,NPU_00031,rent,13773.9,monthly,cash
REC_NPE_00093233,NPU_00033,rent,20900.3,monthly,cash
REC_NPE_00093236,NPU_00035,rent,15666.99,monthly,cash
REC_NPE_00093241,NPU_00037,rent,19377.37,monthly,esewa
REC_NPE_00093244,NPU_00039,rent,22518.1,monthly,esewa
REC_NPE_00093253,NPU_00048,rent,15740.65,monthly,credit_card
REC_NPE_00093254,NPU_00049,rent,17061.37,monthly,cash
REC_NPE_00093256,NPU_00051,rent,22474.64,monthly,khalti
REC_NPE_00093257,NPU_00053,rent,25664.46,monthly,esewa
REC_NPE_00093260,NPU_00055,rent,26874.1,monthly,cash
REC_NPE_00093264,NPU_00056,rent,29334.05,monthly,bank_transfer
REC_NPE_00093266,NPU_00057,rent,23037.4,monthly,cash
REC_NPE_00093270,NPU_00061,rent,72980.46,monthly,esewa
REC_NPE_00093272,NPU_00063,rent,8752.8,monthly,khalti
REC_NPE_00093274,NPU_00064,rent,20406.27,monthly,bank_transfer
REC_NPE_00093280,NPU_00066,rent,18469.67,monthly,bank_transfer
REC_NPE_00093285,NPU_00072,rent,29784.45,monthly,bank_transfer
REC_NPE_00093286,NPU_00075,rent,12048.28,monthly,khalti
REC_NPE_00093289,NPU_00077,rent,45701.6,monthly,khalti
REC_NPE_00093292,NPU_00079,rent,36025.73,monthly,khalti
REC_NPE_00093293,NPU_00080,rent,14111.08,monthly,esewa
REC_NPE_00093403,NPU_00003,savings_investment,12578.06,monthly,esewa
REC_NPE_00093405,NPU_00004,savings_investment,821.67,monthly,esewa
REC_NPE_00093406,NPU_00006,savings_investment,22275.07,monthly,esewa
REC_NPE_00093410,NPU_00009,savings_investment,7981.27,monthly,fonepay_qr
REC_NPE_00093415,NPU_00012,savings_investment,5773.23,monthly,bank_transfer
REC_NPE_00093426,NPU_00020,savings_investment,5403.94,monthly,khalti
REC_NPE_00093428,NPU_00021,savings_investment,5987.58,monthly,cash
REC_NPE_00093431,NPU_00023,savings_investment,15186.72,monthly,credit_card
REC_NPE_00093432,NPU_00024,savings_investment,4451.13,monthly,credit_card
REC_NPE_00093436,NPU_00027,savings_investment,7769.54,monthly,khalti
REC_NPE_00093438,NPU_00029,savings_investment,24445.12,monthly,cash
REC_NPE_00093440,NPU_00030,savings_investment,5410.05,monthly,cash
REC_NPE_00093443,NPU_00032,savings_investment,4596.03,monthly,cash
REC_NPE_00093445,NPU_00034,savings_investment,6889.18,monthly,fonepay_qr
REC_NPE_00093446,NPU_00035,savings_investment,4115.37,monthly,khalti
REC_NPE_00093448,NPU_00036,savings_investment,4866.47,monthly,esewa
REC_NPE_00093452,NPU_00038,savings_investment,15179.65,monthly,cash
REC_NPE_00093462,NPU_00045,savings_investment,1377.61,monthly,khalti
REC_NPE_00093466,NPU_00048,savings_investment,13697.35,monthly,bank_transfer
REC_NPE_00093474,NPU_00056,savings_investment,5868.47,monthly,cash
REC_NPE_00093475,NPU_00058,savings_investment,33586.49,monthly,debit_card
REC_NPE_00093481,NPU_00063,savings_investment,2907.61,monthly,khalti
REC_NPE_00093483,NPU_00064,savings_investment,12691.63,monthly,cash
REC_NPE_00093486,NPU_00066,savings_investment,1205.77,monthly,esewa
REC_NPE_00093490,NPU_00068,savings_investment,6444.4,monthly,fonepay_qr
REC_NPE_00093494,NPU_00074,savings_investment,2353.57,monthly,bank_transfer
REC_NPE_00093496,NPU_00075,savings_investment,33955.26,monthly,debit_card
REC_NPE_00093500,NPU_00079,savings_investment,16988.5,monthly,cash
REC_NPE_00093626,NPU_00002,family_support,10796.28,monthly,cash
REC_NPE_00093629,NPU_00003,family_support,15148.99,monthly,cash
REC_NPE_00093632,NPU_00005,family_support,16884.0,monthly,cash
REC_NPE_00093633,NPU_00006,family_support,14372.06,monthly,cash
REC_NPE_00093636,NPU_00010,family_support,8244.94,monthly,cash
REC_NPE_00093639,NPU_00011,family_support,18989.94,monthly,cash
REC_NPE_00093640,NPU_00012,family_support,4244.58,monthly,cash
REC_NPE_00093642,NPU_00013,family_support,14791.71,monthly,cash
REC_NPE_00093643,NPU_00014,family_support,35966.69,monthly,cash
REC_NPE_00093646,NPU_00015,family_support,5370.95,monthly,khalti
REC_NPE_00093648,NPU_00018,family_support,38132.61,monthly,esewa
REC_NPE_00093653,NPU_00019,family_support,54986.14,monthly,cash
REC_NPE_00093659,NPU_00021,family_support,12990.29,monthly,esewa
REC_NPE_00093660,NPU_00023,family_support,9063.12,monthly,bank_transfer
REC_NPE_00093663,NPU_00025,family_support,10567.46,monthly,esewa
REC_NPE_00093668,NPU_00030,family_support,15574.03,monthly,cash
REC_NPE_00093672,NPU_00033,family_support,30078.97,monthly,cash
REC_NPE_00093674,NPU_00035,family_support,8054.95,monthly,bank_transfer
REC_NPE_00093677,NPU_00038,family_support,13371.2,monthly,debit_card
REC_NPE_00093681,NPU_00042,family_support,19941.57,monthly,credit_card
REC_NPE_00093683,NPU_00044,family_support,37067.41,monthly,khalti
REC_NPE_00093688,NPU_00046,family_support,17401.74,monthly,cash
REC_NPE_00093689,NPU_00047,family_support,10009.08,monthly,khalti
REC_NPE_00093692,NPU_00049,family_support,8758.53,monthly,khalti
REC_NPE_00093693,NPU_00050,family_support,5676.43,monthly,cash
REC_NPE_00093695,NPU_00053,family_support,14818.27,monthly,khalti
REC_NPE_00093697,NPU_00055,family_support,36635.79,monthly,cash
REC_NPE_00093705,NPU_00064,family_support,7017.86,monthly,cash
REC_NPE_00093707,NPU_00065,family_support,19006.99,monthly,esewa
REC_NPE_00093709,NPU_00066,family_support,22671.97,monthly,khalti
REC_NPE_00093710,NPU_00067,family_support,11440.17,monthly,cash
REC_NPE_00093714,NPU_00068,family_support,4970.15,monthly,khalti
REC_NPE_00093716,NPU_00069,family_support,15900.93,monthly,credit_card
REC_NPE_00093719,NPU_00071,family_support,34847.17,monthly,cash
REC_NPE_00093720,NPU_00072,family_support,18869.03,monthly,esewa
REC_NPE_00093724,NPU_00074,family_support,29875.25,monthly,cash
REC_NPE_00093725,NPU_00075,family_support,6511.28,monthly,esewa
REC_NPE_00093727,NPU_00076,family_support,34543.43,monthly,esewa
REC_NPE_00093728,NPU_00077,family_support,12730.84,monthly,cash
REC_NPE_00093733,NPU_00078,family_support,9843.59,monthly,cash
REC_NPE_00093737,NPU_00080,family_support,17533.65,monthly,bank_transfer
REC_NPE_00093947,NPU_00004,utilities,7960.76,monthly,cash
REC_NPE_00093950,NPU_00007,utilities,9226.51,monthly,debit_card
REC_NPE_00093952,NPU_00008,utilities,6693.03,monthly,cash
REC_NPE_00093953,NPU_00009,utilities,3211.77,monthly,khalti
REC_NPE_00093955,NPU_00010,utilities,3045.34,monthly,esewa
REC_NPE_00093957,NPU_00013,utilities,6815.64,monthly,cash
REC_NPE_00093958,NPU_00014,utilities,2508.77,monthly,cash
REC_NPE_00093960,NPU_00015,utilities,1638.36,monthly,esewa
REC_NPE_00093962,NPU_00016,utilities,1517.15,monthly,bank_transfer
REC_NPE_00093963,NPU_00017,utilities,3405.28,monthly,cash
REC_NPE_00093966,NPU_00018,utilities,5349.33,monthly,esewa
REC_NPE_00093971,NPU_00024,utilities,5111.15,monthly,cash
REC_NPE_00093972,NPU_00025,utilities,3411.56,monthly,esewa
REC_NPE_00093973,NPU_00026,utilities,1857.67,monthly,khalti
REC_NPE_00093974,NPU_00027,utilities,2319.78,monthly,esewa
REC_NPE_00093975,NPU_00028,utilities,2349.53,monthly,fonepay_qr
REC_NPE_00093976,NPU_00029,utilities,3932.79,monthly,esewa
REC_NPE_00093982,NPU_00031,utilities,2021.97,monthly,cash
REC_NPE_00093983,NPU_00032,utilities,3809.47,monthly,cash
REC_NPE_00093988,NPU_00034,utilities,2474.07,monthly,cash
REC_NPE_00093991,NPU_00035,utilities,2020.47,monthly,cash
REC_NPE_00093994,NPU_00036,utilities,2824.27,monthly,cash
REC_NPE_00093995,NPU_00037,utilities,907.87,monthly,esewa
REC_NPE_00093996,NPU_00038,utilities,5889.9,monthly,cash
REC_NPE_00094000,NPU_00039,utilities,3317.81,monthly,cash
REC_NPE_00094002,NPU_00040,utilities,3780.1,monthly,bank_transfer
REC_NPE_00094004,NPU_00041,utilities,3076.47,monthly,khalti
REC_NPE_00094005,NPU_00042,utilities,3846.6,monthly,cash
REC_NPE_00094006,NPU_00043,utilities,2449.82,monthly,cash
REC_NPE_00094007,NPU_00044,utilities,4839.61,monthly,debit_card
REC_NPE_00094009,NPU_00045,utilities,10710.0,monthly,esewa
REC_NPE_00094011,NPU_00046,utilities,8058.57,monthly,credit_card
REC_NPE_00094016,NPU_00048,utilities,4921.25,monthly,cash
REC_NPE_00094018,NPU_00050,utilities,2776.19,monthly,cash
REC_NPE_00094020,NPU_00052,utilities,2326.49,monthly,esewa
REC_NPE_00094024,NPU_00053,utilities,4082.86,monthly,cash
REC_NPE_00094025,NPU_00055,utilities,8695.73,monthly,cash
REC_NPE_00094026,NPU_00056,utilities,3639.49,monthly,esewa
REC_NPE_00094028,NPU_00060,utilities,3793.09,monthly,fonepay_qr
REC_NPE_00094031,NPU_00063,utilities,5140.46,monthly,cash
REC_NPE_00094033,NPU_00064,utilities,6629.93,monthly,cash
REC_NPE_00094034,NPU_00065,utilities,3671.48,monthly,cash
REC_NPE_00094035,NPU_00066,utilities,7510.24,monthly,cash
REC_NPE_00094040,NPU_00068,utilities,3442.18,monthly,credit_card
REC_NPE_00094041,NPU_00069,utilities,6911.44,monthly,fonepay_qr
REC_NPE_00094044,NPU_00072,utilities,3489.62,monthly,esewa
REC_NPE_00094046,NPU_00073,utilities,3711.64,monthly,esewa
REC_NPE_00094048,NPU_00074,utilities,3147.01,monthly,esewa
REC_NPE_00094051,NPU_00075,utilities,1922.93,monthly,cash
REC_NPE_00094052,NPU_00076,utilities,3727.11,monthly,cash
REC_NPE_00094056,NPU_00078,utilities,6725.9,monthly,cash
REC_NPE_00094058,NPU_00079,utilities,2672.7,monthly,bank_transfer
REC_NPE_00094322,NPU_00001,internet_mobile,1961.68,monthly,cash
REC_NPE_00094323,NPU_00002,internet_mobile,1897.09,monthly,cash
REC_NPE_00094325,NPU_00003,internet_mobile,1226.17,monthly,debit_card
REC_NPE_00094328,NPU_00004,internet_mobile,553.93,monthly,bank_transfer
REC_NPE_00094330,NPU_00005,internet_mobile,848.49,monthly,fonepay_qr
REC_NPE_00094333,NPU_00006,internet_mobile,1632.95,monthly,bank_transfer
REC_NPE_00094334,NPU_00007,internet_mobile,1986.14,monthly,cash
REC_NPE_00094337,NPU_00008,internet_mobile,3244.1,monthly,bank_transfer
REC_NPE_00094340,NPU_00009,internet_mobile,1370.65,monthly,cash
REC_NPE_00094343,NPU_00010,internet_mobile,1169.77,monthly,cash
REC_NPE_00094346,NPU_00011,internet_mobile,2355.33,monthly,debit_card
REC_NPE_00094348,NPU_00013,internet_mobile,488.22,monthly,bank_transfer
REC_NPE_00094349,NPU_00014,internet_mobile,2178.64,monthly,cash
REC_NPE_00094351,NPU_00015,internet_mobile,1771.62,monthly,khalti
REC_NPE_00094352,NPU_00016,internet_mobile,5236.0,monthly,cash
REC_NPE_00094354,NPU_00017,internet_mobile,1789.32,monthly,cash
REC_NPE_00094356,NPU_00018,internet_mobile,1856.07,monthly,cash
REC_NPE_00094363,NPU_00021,internet_mobile,2500.63,monthly,bank_transfer
REC_NPE_00094366,NPU_00022,internet_mobile,5381.95,monthly,esewa
REC_NPE_00094368,NPU_00023,internet_mobile,1933.01,monthly,cash
REC_NPE_00094369,NPU_00024,internet_mobile,1124.97,monthly,cash
REC_NPE_00094370,NPU_00025,internet_mobile,2460.39,monthly,cash
REC_NPE_00094373,NPU_00029,internet_mobile,1227.44,monthly,khalti
REC_NPE_00094375,NPU_00030,internet_mobile,1559.84,monthly,bank_transfer
REC_NPE_00094380,NPU_00032,internet_mobile,3346.72,monthly,credit_card
REC_NPE_00094381,NPU_00033,internet_mobile,1426.17,monthly,khalti
REC_NPE_00094384,NPU_00034,internet_mobile,3904.51,monthly,cash
REC_NPE_00094387,NPU_00035,internet_mobile,2577.83,monthly,cash
REC_NPE_00094388,NPU_00036,internet_mobile,1667.98,monthly,fonepay_qr
REC_NPE_00094389,NPU_00038,internet_mobile,1726.52,monthly,credit_card
REC_NPE_00094391,NPU_00039,internet_mobile,651.78,monthly,cash
REC_NPE_00094392,NPU_00040,internet_mobile,3381.33,monthly,debit_card
REC_NPE_00094395,NPU_00043,internet_mobile,602.19,monthly,bank_transfer
REC_NPE_00094397,NPU_00044,internet_mobile,1742.6,monthly,esewa
REC_NPE_00094401,NPU_00045,internet_mobile,848.26,monthly,cash
REC_NPE_00094402,NPU_00046,internet_mobile,1913.64,monthly,cash
REC_NPE_00094406,NPU_00047,internet_mobile,3833.32,monthly,khalti
REC_NPE_00094408,NPU_00048,internet_mobile,1363.49,monthly,credit_card
REC_NPE_00094409,NPU_00049,internet_mobile,1131.33,monthly,debit_card
REC_NPE_00094414,NPU_00050,internet_mobile,1286.52,monthly,cash
REC_NPE_00094415,NPU_00051,internet_mobile,1448.5,monthly,bank_transfer
REC_NPE_00094416,NPU_00052,internet_mobile,721.0,monthly,cash
REC_NPE_00094417,NPU_00053,internet_mobile,714.79,monthly,cash
REC_NPE_00094418,NPU_00054,internet_mobile,625.08,monthly,cash
REC_NPE_00094421,NPU_00055,internet_mobile,2004.12,monthly,cash
REC_NPE_00094423,NPU_00056,internet_mobile,1634.9,monthly,cash
REC_NPE_00094424,NPU_00057,internet_mobile,3818.83,monthly,bank_transfer
REC_NPE_00094428,NPU_00060,internet_mobile,3781.11,monthly,debit_card
REC_NPE_00094431,NPU_00061,internet_mobile,3120.23,monthly,cash
REC_NPE_00094432,NPU_00062,internet_mobile,1608.08,monthly,cash
REC_NPE_00094433,NPU_00063,internet_mobile,1666.73,monthly,bank_transfer
REC_NPE_00094435,NPU_00064,internet_mobile,1897.69,monthly,cash
REC_NPE_00094437,NPU_00065,internet_mobile,1964.18,monthly,bank_transfer
REC_NPE_00094441,NPU_00068,internet_mobile,6687.18,monthly,cash
REC_NPE_00094444,NPU_00069,internet_mobile,1197.44,monthly,cash
REC_NPE_00094446,NPU_00071,internet_mobile,1668.88,monthly,cash
REC_NPE_00094447,NPU_00072,internet_mobile,4573.04,monthly,debit_card
REC_NPE_00094449,NPU_00073,internet_mobile,2022.23,monthly,khalti
REC_NPE_00094450,NPU_00074,internet_mobile,3031.38,monthly,esewa
REC_NPE_00094451,NPU_00075,internet_mobile,2077.67,monthly,cash
REC_NPE_00094452,NPU_00076,internet_mobile,1296.4,monthly,esewa
REC_NPE_00094455,NPU_00078,internet_mobile,982.38,monthly,credit_card
REC_NPE_00094456,NPU_00079,internet_mobile,987.43,monthly,cash
REC_NPE_00094460,NPU_00080,internet_mobile,1229.92,monthly,bank_transfer
REC_NPE_00094654,NPU_00001,loan_emi,8072.73,monthly,esewa
REC_NPE_00094657,NPU_00005,loan_emi,6955.51,monthly,esewa
REC_NPE_00094667,NPU_00012,loan_emi,8542.06,monthly,esewa
REC_NPE_00094668,NPU_00013,loan_emi,6562.63,monthly,khalti
REC_NPE_00094673,NPU_00019,loan_emi,22933.1,monthly,cash
REC_NPE_00094679,NPU_00026,loan_emi,21913.51,monthly,bank_transfer
REC_NPE_00094685,NPU_00034,loan_emi,10070.91,monthly,esewa
REC_NPE_00094687,NPU_00035,loan_emi,30263.01,monthly,bank_transfer
REC_NPE_00094690,NPU_00040,loan_emi,38027.51,monthly,cash
REC_NPE_00094695,NPU_00044,loan_emi,19320.3,monthly,khalti
REC_NPE_00094699,NPU_00046,loan_emi,24850.71,monthly,cash
REC_NPE_00094702,NPU_00049,loan_emi,21964.75,monthly,khalti
REC_NPE_00094705,NPU_00050,loan_emi,10966.44,monthly,debit_card
REC_NPE_00094707,NPU_00051,loan_emi,11493.16,monthly,fonepay_qr
REC_NPE_00094718,NPU_00064,loan_emi,17421.65,monthly,cash
REC_NPE_00094724,NPU_00066,loan_emi,7750.34,monthly,cash
REC_NPE_00094725,NPU_00067,loan_emi,6927.42,monthly,esewa
REC_NPE_00094729,NPU_00069,loan_emi,5908.41,monthly,cash
REC_NPE_00094730,NPU_00070,loan_emi,8335.24,monthly,fonepay_qr
REC_NPE_00094731,NPU_00071,loan_emi,7988.85,monthly,cash
REC_NPE_00094741,NPU_00077,loan_emi,8851.32,monthly,esewa
REC_NPE_00094909,NPU_00001,subscriptions,3168.95,monthly,cash
REC_NPE_00094913,NPU_00003,subscriptions,3087.03,monthly,cash
REC_NPE_00094914,NPU_00005,subscriptions,1122.02,monthly,cash
REC_NPE_00094917,NPU_00009,subscriptions,5862.13,monthly,cash
REC_NPE_00094922,NPU_00011,subscriptions,3231.62,monthly,cash
REC_NPE_00094927,NPU_00012,subscriptions,2388.74,monthly,cash
REC_NPE_00094929,NPU_00013,subscriptions,1860.22,monthly,debit_card
REC_NPE_00094935,NPU_00016,subscriptions,2834.28,monthly,cash
REC_NPE_00094940,NPU_00019,subscriptions,1898.33,monthly,cash
REC_NPE_00094943,NPU_00022,subscriptions,2139.46,monthly,cash
REC_NPE_00094945,NPU_00023,subscriptions,2975.09,monthly,esewa
REC_NPE_00094948,NPU_00026,subscriptions,726.04,monthly,cash
REC_NPE_00094950,NPU_00027,subscriptions,2469.32,monthly,cash
REC_NPE_00094951,NPU_00028,subscriptions,3995.58,monthly,cash
REC_NPE_00094957,NPU_00031,subscriptions,2220.82,monthly,debit_card
REC_NPE_00094961,NPU_00034,subscriptions,637.07,monthly,bank_transfer
REC_NPE_00094964,NPU_00035,subscriptions,1167.04,monthly,esewa
REC_NPE_00094966,NPU_00036,subscriptions,1104.84,monthly,cash
REC_NPE_00094967,NPU_00037,subscriptions,2411.0,monthly,bank_transfer
REC_NPE_00094968,NPU_00039,subscriptions,1151.97,monthly,khalti
REC_NPE_00094972,NPU_00040,subscriptions,1866.98,monthly,cash
REC_NPE_00094973,NPU_00041,subscriptions,2535.3,monthly,esewa
REC_NPE_00094975,NPU_00042,subscriptions,2977.02,monthly,cash
REC_NPE_00094979,NPU_00043,subscriptions,795.42,monthly,cash
REC_NPE_00094981,NPU_00047,subscriptions,3635.74,monthly,khalti
REC_NPE_00094983,NPU_00048,subscriptions,2319.56,monthly,bank_transfer
REC_NPE_00094984,NPU_00049,subscriptions,3122.79,monthly,cash
REC_NPE_00094988,NPU_00051,subscriptions,2059.44,monthly,fonepay_qr
REC_NPE_00094989,NPU_00053,subscriptions,3667.08,monthly,esewa
REC_NPE_00094991,NPU_00054,subscriptions,2266.49,monthly,esewa
REC_NPE_00094996,NPU_00057,subscriptions,2475.77,monthly,fonepay_qr
REC_NPE_00094999,NPU_00058,subscriptions,2700.12,monthly,esewa
REC_NPE_00095001,NPU_00061,subscriptions,2278.52,monthly,credit_card
REC_NPE_00095007,NPU_00063,subscriptions,2774.44,monthly,debit_card
REC_NPE_00095010,NPU_00065,subscriptions,3233.73,monthly,cash
REC_NPE_00095011,NPU_00066,subscriptions,1021.15,monthly,khalti
REC_NPE_00095016,NPU_00069,subscriptions,1259.16,monthly,cash
REC_NPE_00095019,NPU_00071,subscriptions,1266.62,monthly,cash
REC_NPE_00095022,NPU_00072,subscriptions,2399.35,monthly,cash
REC_NPE_00095024,NPU_00075,subscriptions,1925.48,monthly,esewa
REC_NPE_00095025,NPU_00076,subscriptions,5390.99,monthly,cash
REC_NPE_00095028,NPU_00077,subscriptions,2505.08,monthly,khalti
REC_NPE_00095032,NPU_00080,subscriptions,1466.1,monthly,esewa
REC_NPE_00096067,NPU_00002,rent,22606.57,monthly,esewa
REC_NPE_00096073,NPU_00004,rent,7040.0,monthly,cash
REC_NPE_00096074,NPU_00005,rent,26051.6,monthly,khalti
REC_NPE_00096076,NPU_00006,rent,15535.97,monthly,esewa
REC_NPE_00096082,NPU_00009,rent,21158.41,monthly,khalti
REC_NPE_00096084,NPU_00010,rent,13409.31,monthly,fonepay_qr
REC_NPE_00096085,NPU_00012,rent,34992.07,monthly,cash
REC_NPE_00096087,NPU_00013,rent,11300.74,monthly,khalti
REC_NPE_00096090,NPU_00015,rent,16058.23,monthly,bank_transfer
REC_NPE_00096096,NPU_00019,rent,29419.96,monthly,cash
REC_NPE_00096099,NPU_00022,rent,21851.84,monthly,cash
REC_NPE_00096100,NPU_00023,rent,33228.47,monthly,bank_transfer
REC_NPE_00096103,NPU_00024,rent,14036.52,monthly,debit_card
REC_NPE_00096104,NPU_00025,rent,30426.69,monthly,esewa
REC_NPE_00096105,NPU_00026,rent,34138.6,monthly,khalti
REC_NPE_00096113,NPU_00032,rent,31420.53,monthly,bank_transfer
REC_NPE_00096115,NPU_00035,rent,42840.0,monthly,khalti
REC_NPE_00096119,NPU_00037,rent,49160.07,monthly,khalti
REC_NPE_00096122,NPU_00040,rent,15607.99,monthly,bank_transfer
REC_NPE_00096126,NPU_00043,rent,21450.53,monthly,cash
REC_NPE_00096131,NPU_00048,rent,22360.11,monthly,credit_card
REC_NPE_00096132,NPU_00049,rent,43886.15,monthly,cash
REC_NPE_00096134,NPU_00051,rent,14912.64,monthly,khalti
REC_NPE_00096135,NPU_00052,rent,16877.11,monthly,cash
REC_NPE_00096136,NPU_00055,rent,17656.33,monthly,bank_transfer
REC_NPE_00096139,NPU_00057,rent,19573.96,monthly,cash
REC_NPE_00096142,NPU_00061,rent,18175.55,monthly,cash
REC_NPE_00096145,NPU_00063,rent,28535.91,monthly,cash
REC_NPE_00096147,NPU_00064,rent,17393.34,monthly,fonepay_qr
REC_NPE_00096149,NPU_00066,rent,59534.96,monthly,khalti
REC_NPE_00096151,NPU_00067,rent,16914.33,monthly,cash
REC_NPE_00096158,NPU_00072,rent,32742.08,monthly,cash
REC_NPE_00096161,NPU_00075,rent,41777.9,monthly,esewa
REC_NPE_00096162,NPU_00077,rent,74250.7,monthly,bank_transfer
REC_NPE_00096167,NPU_00080,rent,29244.73,monthly,debit_card
REC_NPE_00096256,NPU_00006,savings_investment,27455.49,monthly,fonepay_qr
REC_NPE_00096260,NPU_00007,savings_investment,13627.6,monthly,cash
REC_NPE_00096267,NPU_00010,savings_investment,1715.72,monthly,debit_card
REC_NPE_00096268,NPU_00011,savings_investment,19196.23,monthly,esewa
REC_NPE_00096274,NPU_00014,savings_investment,934.41,monthly,bank_transfer
REC_NPE_00096277,NPU_00017,savings_investment,13956.2,monthly,cash
REC_NPE_00096283,NPU_00020,savings_investment,7388.87,monthly,cash
REC_NPE_00096287,NPU_00023,savings_investment,13110.12,monthly,credit_card
REC_NPE_00096288,NPU_00024,savings_investment,5868.44,monthly,khalti
REC_NPE_00096289,NPU_00025,savings_investment,4649.06,monthly,debit_card
REC_NPE_00096293,NPU_00027,savings_investment,6264.68,monthly,esewa
REC_NPE_00096296,NPU_00029,savings_investment,23155.77,monthly,khalti
REC_NPE_00096299,NPU_00030,savings_investment,6769.69,monthly,cash
REC_NPE_00096304,NPU_00035,savings_investment,4088.41,monthly,esewa
REC_NPE_00096305,NPU_00036,savings_investment,5754.01,monthly,esewa
REC_NPE_00096306,NPU_00038,savings_investment,17597.55,monthly,credit_card
REC_NPE_00096308,NPU_00039,savings_investment,16837.13,monthly,debit_card
REC_NPE_00096309,NPU_00040,savings_investment,5819.4,monthly,cash
REC_NPE_00096310,NPU_00043,savings_investment,1878.45,monthly,cash
REC_NPE_00096314,NPU_00048,savings_investment,17355.83,monthly,bank_transfer
REC_NPE_00096316,NPU_00050,savings_investment,8409.14,monthly,cash
REC_NPE_00096319,NPU_00052,savings_investment,4307.66,monthly,bank_transfer
REC_NPE_00096324,NPU_00054,savings_investment,4670.07,monthly,credit_card
REC_NPE_00096327,NPU_00056,savings_investment,7824.59,monthly,esewa
REC_NPE_00096332,NPU_00058,savings_investment,36418.38,monthly,esewa
REC_NPE_00096336,NPU_00060,savings_investment,36241.66,monthly,cash
REC_NPE_00096340,NPU_00062,savings_investment,3000.99,monthly,cash
REC_NPE_00096341,NPU_00063,savings_investment,2657.24,monthly,debit_card
REC_NPE_00096345,NPU_00068,savings_investment,4528.7,monthly,debit_card
REC_NPE_00096347,NPU_00069,savings_investment,19002.26,monthly,cash
REC_NPE_00096354,NPU_00075,savings_investment,21623.68,monthly,bank_transfer
REC_NPE_00096356,NPU_00076,savings_investment,16797.76,monthly,cash
REC_NPE_00096358,NPU_00079,savings_investment,15209.34,monthly,fonepay_qr
REC_NPE_00096485,NPU_00001,family_support,30504.35,monthly,debit_card
REC_NPE_00096492,NPU_00006,family_support,15473.54,monthly,bank_transfer
REC_NPE_00096496,NPU_00008,family_support,18361.04,monthly,khalti
REC_NPE_00096500,NPU_00010,family_support,11931.48,monthly,esewa
REC_NPE_00096505,NPU_00011,family_support,12100.29,monthly,cash
REC_NPE_00096511,NPU_00015,family_support,11860.23,monthly,esewa
REC_NPE_00096516,NPU_00017,family_support,28032.75,monthly,cash
REC_NPE_00096518,NPU_00018,family_support,12113.18,monthly,cash
REC_NPE_00096520,NPU_00019,family_support,26011.93,monthly,cash
REC_NPE_00096523,NPU_00020,family_support,14694.22,monthly,bank_transfer
REC_NPE_00096526,NPU_00022,family_support,9034.99,monthly,khalti
REC_NPE_00096531,NPU_00025,family_support,23478.38,monthly,cash
REC_NPE_00096533,NPU_00026,family_support,24783.37,monthly,esewa
REC_NPE_00096535,NPU_00027,family_support,20906.04,monthly,khalti
REC_NPE_00096537,NPU_00028,family_support,18613.6,monthly,bank_transfer
REC_NPE_00096544,NPU_00033,family_support,8988.16,monthly,esewa
REC_NPE_00096545,NPU_00034,family_support,20488.24,monthly,khalti
REC_NPE_00096547,NPU_00035,family_support,8214.76,monthly,cash
REC_NPE_00096549,NPU_00036,family_support,9555.04,monthly,cash
REC_NPE_00096552,NPU_00038,family_support,29251.92,monthly,khalti
REC_NPE_00096555,NPU_00039,family_support,12501.59,monthly,cash
REC_NPE_00096557,NPU_00041,family_support,13151.63,monthly,cash
REC_NPE_00096559,NPU_00042,family_support,44735.8,monthly,cash
REC_NPE_00096560,NPU_00043,family_support,7566.44,monthly,esewa
REC_NPE_00096561,NPU_00044,family_support,18393.77,monthly,esewa
REC_NPE_00096562,NPU_00045,family_support,8081.68,monthly,esewa
REC_NPE_00096567,NPU_00050,family_support,17724.95,monthly,credit_card
REC_NPE_00096572,NPU_00052,family_support,20951.6,monthly,khalti
REC_NPE_00096578,NPU_00057,family_support,29306.88,monthly,cash
REC_NPE_00096580,NPU_00058,family_support,31303.44,monthly,debit_card
REC_NPE_00096583,NPU_00059,family_support,21997.31,monthly,khalti
REC_NPE_00096587,NPU_00061,family_support,24999.71,monthly,cash
REC_NPE_00096588,NPU_00062,family_support,12227.99,monthly,cash
REC_NPE_00096589,NPU_00063,family_support,17886.97,monthly,bank_transfer
REC_NPE_00096591,NPU_00064,family_support,20301.29,monthly,cash
REC_NPE_00096594,NPU_00068,family_support,14572.84,monthly,cash
REC_NPE_00096599,NPU_00070,family_support,32437.47,monthly,cash
REC_NPE_00096601,NPU_00071,family_support,21495.97,monthly,debit_card
REC_NPE_00096603,NPU_00073,family_support,5394.26,monthly,khalti
REC_NPE_00096605,NPU_00076,family_support,23525.5,monthly,khalti
REC_NPE_00096608,NPU_00078,family_support,14591.34,monthly,cash
REC_NPE_00096611,NPU_00079,family_support,21121.0,monthly,esewa
REC_NPE_00096613,NPU_00080,family_support,26507.37,monthly,esewa
REC_NPE_00096794,NPU_00001,utilities,1230.22,monthly,esewa
REC_NPE_00096795,NPU_00002,utilities,3296.63,monthly,esewa
REC_NPE_00096800,NPU_00006,utilities,1874.77,monthly,bank_transfer
REC_NPE_00096801,NPU_00007,utilities,3006.13,monthly,esewa
REC_NPE_00096802,NPU_00009,utilities,3011.23,monthly,debit_card
REC_NPE_00096806,NPU_00012,utilities,2543.24,monthly,cash
REC_NPE_00096809,NPU_00016,utilities,2923.28,monthly,esewa
REC_NPE_00096810,NPU_00017,utilities,5612.54,monthly,credit_card
REC_NPE_00096813,NPU_00019,utilities,1875.1,monthly,esewa
REC_NPE_00096814,NPU_00020,utilities,6530.55,monthly,cash
REC_NPE_00096816,NPU_00021,utilities,2185.02,monthly,cash
REC_NPE_00096818,NPU_00022,utilities,5534.81,monthly,esewa
REC_NPE_00096820,NPU_00023,utilities,5035.12,monthly,esewa
REC_NPE_00096821,NPU_00024,utilities,6098.67,monthly,khalti
REC_NPE_00096822,NPU_00025,utilities,2599.73,monthly,cash
REC_NPE_00096823,NPU_00026,utilities,5734.05,monthly,credit_card
REC_NPE_00096825,NPU_00029,utilities,4252.03,monthly,cash
REC_NPE_00096827,NPU_00030,utilities,5256.55,monthly,bank_transfer
REC_NPE_00096831,NPU_00031,utilities,3477.55,monthly,khalti
REC_NPE_00096833,NPU_00032,utilities,3039.08,monthly,cash
REC_NPE_00096834,NPU_00033,utilities,999.0,monthly,khalti
REC_NPE_00096837,NPU_00035,utilities,2940.17,monthly,cash
REC_NPE_00096841,NPU_00036,utilities,4051.41,monthly,bank_transfer
REC_NPE_00096844,NPU_00037,utilities,3218.14,monthly,esewa
REC_NPE_00096845,NPU_00039,utilities,3123.58,monthly,cash
REC_NPE_00096846,NPU_00040,utilities,4087.56,monthly,debit_card
REC_NPE_00096855,NPU_00044,utilities,7225.19,monthly,khalti
REC_NPE_00096858,NPU_00046,utilities,3268.02,monthly,cash
REC_NPE_00096862,NPU_00047,utilities,4569.65,monthly,cash
REC_NPE_00096865,NPU_00048,utilities,2611.11,monthly,cash
REC_NPE_00096869,NPU_00049,utilities,5216.29,monthly,debit_card
REC_NPE_00096873,NPU_00050,utilities,2234.77,monthly,esewa
REC_NPE_00096874,NPU_00051,utilities,2198.98,monthly,cash
REC_NPE_00096877,NPU_00053,utilities,3707.24,monthly,cash
REC_NPE_00096878,NPU_00054,utilities,3547.5,monthly,esewa
REC_NPE_00096881,NPU_00055,utilities,3708.44,monthly,esewa
REC_NPE_00096884,NPU_00056,utilities,5269.78,monthly,esewa
REC_NPE_00096886,NPU_00057,utilities,3936.56,monthly,esewa
REC_NPE_00096889,NPU_00058,utilities,5531.05,monthly,bank_transfer
REC_NPE_00096890,NPU_00059,utilities,4737.01,monthly,cash
REC_NPE_00096891,NPU_00060,utilities,4490.84,monthly,cash
REC_NPE_00096895,NPU_00061,utilities,1076.44,monthly,cash
REC_NPE_00096897,NPU_00062,utilities,9955.74,monthly,khalti
REC_NPE_00096898,NPU_00063,utilities,3609.45,monthly,bank_transfer
REC_NPE_00096903,NPU_00066,utilities,4832.38,monthly,debit_card
REC_NPE_00096904,NPU_00067,utilities,2742.33,monthly,cash
REC_NPE_00096906,NPU_00068,utilities,2175.66,monthly,bank_transfer
REC_NPE_00096909,NPU_00069,utilities,2376.01,monthly,esewa
REC_NPE_00096910,NPU_00070,utilities,2022.22,monthly,esewa
REC_NPE_00096911,NPU_00071,utilities,1531.26,monthly,fonepay_qr
REC_NPE_00096914,NPU_00072,utilities,3942.19,monthly,cash
REC_NPE_00096917,NPU_00073,utilities,2806.74,monthly,cash
REC_NPE_00096919,NPU_00075,utilities,1496.65,monthly,debit_card
REC_NPE_00096923,NPU_00076,utilities,3977.08,monthly,esewa
REC_NPE_00096926,NPU_00078,utilities,3916.51,monthly,cash
REC_NPE_00096927,NPU_00079,utilities,2327.09,monthly,cash
REC_NPE_00096928,NPU_00080,utilities,1595.27,monthly,cash
REC_NPE_00097217,NPU_00001,internet_mobile,1025.45,monthly,cash
REC_NPE_00097218,NPU_00002,internet_mobile,906.03,monthly,khalti
REC_NPE_00097221,NPU_00003,internet_mobile,907.66,monthly,fonepay_qr
REC_NPE_00097223,NPU_00004,internet_mobile,1498.86,monthly,cash
REC_NPE_00097226,NPU_00005,internet_mobile,3756.53,monthly,cash
REC_NPE_00097229,NPU_00007,internet_mobile,2419.77,monthly,esewa
REC_NPE_00097230,NPU_00008,internet_mobile,1743.4,monthly,cash
REC_NPE_00097231,NPU_00009,internet_mobile,994.29,monthly,esewa
REC_NPE_00097232,NPU_00010,internet_mobile,2239.95,monthly,bank_transfer
REC_NPE_00097236,NPU_00011,internet_mobile,6878.29,monthly,bank_transfer
REC_NPE_00097242,NPU_00015,internet_mobile,2477.39,monthly,cash
REC_NPE_00097244,NPU_00016,internet_mobile,1600.82,monthly,bank_transfer
REC_NPE_00097245,NPU_00017,internet_mobile,1973.26,monthly,debit_card
REC_NPE_00097248,NPU_00018,internet_mobile,1809.5,monthly,bank_transfer
REC_NPE_00097251,NPU_00019,internet_mobile,4319.97,monthly,cash
REC_NPE_00097253,NPU_00020,internet_mobile,1854.31,monthly,cash
REC_NPE_00097258,NPU_00022,internet_mobile,1662.21,monthly,cash
REC_NPE_00097262,NPU_00025,internet_mobile,2546.64,monthly,cash
REC_NPE_00097264,NPU_00026,internet_mobile,3121.1,monthly,esewa
REC_NPE_00097267,NPU_00027,internet_mobile,3223.0,monthly,cash
REC_NPE_00097272,NPU_00029,internet_mobile,5236.0,monthly,bank_transfer
REC_NPE_00097273,NPU_00030,internet_mobile,1580.23,monthly,bank_transfer
REC_NPE_00097274,NPU_00031,internet_mobile,1103.9,monthly,cash
REC_NPE_00097276,NPU_00032,internet_mobile,961.81,monthly,esewa
REC_NPE_00097279,NPU_00035,internet_mobile,1433.71,monthly,cash
REC_NPE_00097280,NPU_00036,internet_mobile,1782.87,monthly,cash
REC_NPE_00097282,NPU_00037,internet_mobile,1021.99,monthly,cash
REC_NPE_00097283,NPU_00038,internet_mobile,947.89,monthly,cash
REC_NPE_00097284,NPU_00039,internet_mobile,925.98,monthly,cash
REC_NPE_00097286,NPU_00040,internet_mobile,1445.54,monthly,khalti
REC_NPE_00097289,NPU_00041,internet_mobile,2833.97,monthly,khalti
REC_NPE_00097292,NPU_00042,internet_mobile,3409.6,monthly,cash
REC_NPE_00097294,NPU_00043,internet_mobile,1684.19,monthly,esewa
REC_NPE_00097298,NPU_00045,internet_mobile,2286.46,monthly,bank_transfer
REC_NPE_00097299,NPU_00046,internet_mobile,1686.74,monthly,cash
REC_NPE_00097302,NPU_00047,internet_mobile,3982.55,monthly,esewa
REC_NPE_00097304,NPU_00048,internet_mobile,2629.2,monthly,khalti
REC_NPE_00097307,NPU_00049,internet_mobile,2145.77,monthly,debit_card
REC_NPE_00097310,NPU_00050,internet_mobile,1222.74,monthly,cash
REC_NPE_00097312,NPU_00052,internet_mobile,748.77,monthly,bank_transfer
REC_NPE_00097315,NPU_00054,internet_mobile,963.0,monthly,cash
REC_NPE_00097317,NPU_00055,internet_mobile,2179.51,monthly,debit_card
REC_NPE_00097320,NPU_00056,internet_mobile,1247.25,monthly,esewa
REC_NPE_00097322,NPU_00057,internet_mobile,2493.78,monthly,khalti
REC_NPE_00097324,NPU_00058,internet_mobile,2011.29,monthly,cash
REC_NPE_00097328,NPU_00060,internet_mobile,2093.48,monthly,esewa
REC_NPE_00097330,NPU_00061,internet_mobile,3753.87,monthly,cash
REC_NPE_00097332,NPU_00062,internet_mobile,3091.59,monthly,cash
REC_NPE_00097334,NPU_00063,internet_mobile,3102.02,monthly,esewa
REC_NPE_00097337,NPU_00064,internet_mobile,1649.72,monthly,khalti
REC_NPE_00097339,NPU_00066,internet_mobile,3505.67,monthly,cash
REC_NPE_00097340,NPU_00067,internet_mobile,2652.78,monthly,esewa
REC_NPE_00097342,NPU_00068,internet_mobile,1949.24,monthly,credit_card
REC_NPE_00097344,NPU_00069,internet_mobile,2379.29,monthly,esewa
REC_NPE_00097347,NPU_00071,internet_mobile,1272.9,monthly,esewa
REC_NPE_00097348,NPU_00072,internet_mobile,2195.64,monthly,debit_card
REC_NPE_00097355,NPU_00074,internet_mobile,1777.35,monthly,credit_card
REC_NPE_00097357,NPU_00075,internet_mobile,3312.54,monthly,cash
REC_NPE_00097359,NPU_00076,internet_mobile,2115.29,monthly,cash
REC_NPE_00097362,NPU_00077,internet_mobile,2746.6,monthly,debit_card
REC_NPE_00097365,NPU_00080,internet_mobile,3830.17,monthly,cash
REC_NPE_00097510,NPU_00002,loan_emi,41888.0,monthly,cash
REC_NPE_00097511,NPU_00003,loan_emi,36161.39,monthly,credit_card
REC_NPE_00097513,NPU_00005,loan_emi,12882.84,monthly,khalti
REC_NPE_00097515,NPU_00007,loan_emi,23926.7,monthly,debit_card
REC_NPE_00097516,NPU_00008,loan_emi,19148.45,monthly,debit_card
REC_NPE_00097520,NPU_00012,loan_emi,8932.2,monthly,bank_transfer
REC_NPE_00097524,NPU_00014,loan_emi,6863.47,monthly,cash
REC_NPE_00097527,NPU_00016,loan_emi,15883.34,monthly,esewa
REC_NPE_00097530,NPU_00017,loan_emi,23581.99,monthly,cash
REC_NPE_00097532,NPU_00019,loan_emi,22016.06,monthly,esewa
REC_NPE_00097537,NPU_00025,loan_emi,6026.35,monthly,cash
REC_NPE_00097538,NPU_00027,loan_emi,6984.24,monthly,cash
REC_NPE_00097540,NPU_00029,loan_emi,13810.61,monthly,cash
REC_NPE_00097542,NPU_00030,loan_emi,22455.6,monthly,cash
REC_NPE_00097550,NPU_00037,loan_emi,9228.95,monthly,khalti
REC_NPE_00097551,NPU_00039,loan_emi,9494.19,monthly,debit_card
REC_NPE_00097554,NPU_00045,loan_emi,12044.01,monthly,bank_transfer
REC_NPE_00097556,NPU_00047,loan_emi,36076.16,monthly,cash
REC_NPE_00097561,NPU_00050,loan_emi,12481.61,monthly,debit_card
REC_NPE_00097562,NPU_00051,loan_emi,9769.3,monthly,cash
REC_NPE_00097567,NPU_00054,loan_emi,11964.91,monthly,cash
REC_NPE_00097569,NPU_00056,loan_emi,31164.18,monthly,fonepay_qr
REC_NPE_00097570,NPU_00057,loan_emi,28602.94,monthly,khalti
REC_NPE_00097574,NPU_00058,loan_emi,23853.5,monthly,bank_transfer
REC_NPE_00097579,NPU_00060,loan_emi,15804.4,monthly,esewa
REC_NPE_00097582,NPU_00065,loan_emi,26614.9,monthly,khalti
REC_NPE_00097583,NPU_00066,loan_emi,19091.49,monthly,cash
REC_NPE_00097587,NPU_00068,loan_emi,23173.18,monthly,cash
REC_NPE_00097588,NPU_00069,loan_emi,10394.17,monthly,cash
REC_NPE_00097593,NPU_00076,loan_emi,8103.02,monthly,fonepay_qr
REC_NPE_00097594,NPU_00077,loan_emi,13711.42,monthly,cash
REC_NPE_00097596,NPU_00080,loan_emi,15127.15,monthly,debit_card
REC_NPE_00097774,NPU_00001,subscriptions,2572.85,monthly,cash
REC_NPE_00097778,NPU_00003,subscriptions,1722.37,monthly,cash
REC_NPE_00097780,NPU_00005,subscriptions,375.37,monthly,cash
REC_NPE_00097784,NPU_00007,subscriptions,1503.99,monthly,cash
REC_NPE_00097788,NPU_00009,subscriptions,6669.2,monthly,bank_transfer
REC_NPE_00097789,NPU_00010,subscriptions,3928.71,monthly,cash
REC_NPE_00097791,NPU_00011,subscriptions,2742.43,monthly,esewa
REC_NPE_00097800,NPU_00015,subscriptions,5766.91,monthly,cash
REC_NPE_00097805,NPU_00018,subscriptions,2909.61,monthly,cash
REC_NPE_00097807,NPU_00020,subscriptions,682.35,monthly,cash
REC_NPE_00097813,NPU_00025,subscriptions,1519.13,monthly,cash
REC_NPE_00097818,NPU_00027,subscriptions,2959.48,monthly,esewa
REC_NPE_00097822,NPU_00031,subscriptions,1859.03,monthly,cash
REC_NPE_00097827,NPU_00033,subscriptions,1718.84,monthly,bank_transfer
REC_NPE_00097828,NPU_00034,subscriptions,3726.93,monthly,cash
REC_NPE_00097834,NPU_00036,subscriptions,7091.08,monthly,bank_transfer
REC_NPE_00097837,NPU_00038,subscriptions,1832.67,monthly,bank_transfer
REC_NPE_00097839,NPU_00040,subscriptions,3559.79,monthly,cash
REC_NPE_00097846,NPU_00042,subscriptions,1105.23,monthly,debit_card
REC_NPE_00097850,NPU_00043,subscriptions,4151.93,monthly,esewa
REC_NPE_00097852,NPU_00044,subscriptions,1240.97,monthly,bank_transfer
REC_NPE_00097855,NPU_00045,subscriptions,3409.82,monthly,fonepay_qr
REC_NPE_00097856,NPU_00046,subscriptions,3485.83,monthly,fonepay_qr
REC_NPE_00097858,NPU_00047,subscriptions,1448.26,monthly,esewa
REC_NPE_00097861,NPU_00049,subscriptions,3784.67,monthly,cash
REC_NPE_00097862,NPU_00050,subscriptions,2377.42,monthly,esewa
REC_NPE_00097867,NPU_00054,subscriptions,715.86,monthly,cash
REC_NPE_00097873,NPU_00057,subscriptions,1126.28,monthly,cash
REC_NPE_00097880,NPU_00061,subscriptions,1819.34,monthly,debit_card
REC_NPE_00097885,NPU_00064,subscriptions,2604.72,monthly,cash
REC_NPE_00097887,NPU_00065,subscriptions,536.74,monthly,esewa
REC_NPE_00097890,NPU_00067,subscriptions,1737.86,monthly,cash
REC_NPE_00097892,NPU_00068,subscriptions,744.32,monthly,cash
REC_NPE_00097893,NPU_00070,subscriptions,2486.49,monthly,bank_transfer
REC_NPE_00097896,NPU_00072,subscriptions,3437.3,monthly,cash
REC_NPE_00097897,NPU_00073,subscriptions,4733.96,monthly,khalti
REC_NPE_00097901,NPU_00074,subscriptions,1562.37,monthly,bank_transfer
REC_NPE_00097903,NPU_00075,subscriptions,3138.9,monthly,cash
REC_NPE_00097909,NPU_00078,subscriptions,941.65,monthly,bank_transfer
REC_NPE_00099029,NPU_00002,rent,22485.41,monthly,khalti
REC_NPE_00099031,NPU_00004,rent,18712.25,monthly,bank_transfer
REC_NPE_00099032,NPU_00005,rent,11231.73,monthly,esewa
REC_NPE_00099034,NPU_00006,rent,17596.99,monthly,esewa
REC_NPE_00099035,NPU_00007,rent,46064.91,monthly,fonepay_qr
REC_NPE_00099039,NPU_00009,rent,19696.08,monthly,cash
REC_NPE_00099042,NPU_00010,rent,34572.44,monthly,cash
REC_NPE_00099045,NPU_00012,rent,12405.52,monthly,debit_card
REC_NPE_00099046,NPU_00013,rent,22573.83,monthly,bank_transfer
REC_NPE_00099048,NPU_00015,rent,33431.21,monthly,esewa
REC_NPE_00099052,NPU_00019,rent,15795.97,monthly,cash
REC_NPE_00099054,NPU_00020,rent,17144.44,monthly,cash
REC_NPE_00099057,NPU_00023,rent,11260.83,monthly,esewa
REC_NPE_00099059,NPU_00024,rent,20303.54,monthly,esewa
REC_NPE_00099060,NPU_00025,rent,13844.28,monthly,cash
REC_NPE_00099061,NPU_00026,rent,20994.43,monthly,cash
REC_NPE_00099067,NPU_00033,rent,7040.0,monthly,debit_card
REC_NPE_00099069,NPU_00035,rent,27015.17,monthly,esewa
REC_NPE_00099074,NPU_00037,rent,12962.1,monthly,cash
REC_NPE_00099077,NPU_00039,rent,12551.41,monthly,bank_transfer
REC_NPE_00099083,NPU_00043,rent,11606.13,monthly,khalti
REC_NPE_00099093,NPU_00048,rent,18491.3,monthly,debit_card
REC_NPE_00099097,NPU_00049,rent,22239.15,monthly,esewa
REC_NPE_00099100,NPU_00051,rent,22420.47,monthly,cash
REC_NPE_00099104,NPU_00053,rent,19419.75,monthly,esewa
REC_NPE_00099105,NPU_00054,rent,28369.28,monthly,bank_transfer
REC_NPE_00099109,NPU_00056,rent,15829.42,monthly,cash
REC_NPE_00099112,NPU_00057,rent,12570.27,monthly,cash
REC_NPE_00099123,NPU_00063,rent,10218.3,monthly,cash
REC_NPE_00099125,NPU_00064,rent,19451.76,monthly,cash
REC_NPE_00099130,NPU_00072,rent,11928.79,monthly,esewa
REC_NPE_00099132,NPU_00075,rent,31195.95,monthly,khalti
REC_NPE_00099133,NPU_00076,rent,20546.31,monthly,cash
REC_NPE_00099135,NPU_00077,rent,30331.63,monthly,bank_transfer
REC_NPE_00099138,NPU_00079,rent,16984.11,monthly,cash
REC_NPE_00099250,NPU_00003,savings_investment,13660.86,monthly,khalti
REC_NPE_00099254,NPU_00006,savings_investment,20615.95,monthly,bank_transfer
REC_NPE_00099258,NPU_00009,savings_investment,10416.19,monthly,cash
REC_NPE_00099262,NPU_00014,savings_investment,844.11,monthly,fonepay_qr
REC_NPE_00099266,NPU_00019,savings_investment,45307.35,monthly,cash
REC_NPE_00099268,NPU_00020,savings_investment,7128.08,monthly,esewa
REC_NPE_00099269,NPU_00021,savings_investment,5756.88,monthly,credit_card
REC_NPE_00099272,NPU_00022,savings_investment,15894.18,monthly,esewa
REC_NPE_00099273,NPU_00023,savings_investment,17710.49,monthly,bank_transfer
REC_NPE_00099277,NPU_00027,savings_investment,8587.62,monthly,esewa
REC_NPE_00099285,NPU_00030,savings_investment,6065.35,monthly,cash
REC_NPE_00099292,NPU_00038,savings_investment,16925.22,monthly,cash
REC_NPE_00099294,NPU_00039,savings_investment,15949.83,monthly,cash
REC_NPE_00099301,NPU_00042,savings_investment,961.31,monthly,fonepay_qr
REC_NPE_00099305,NPU_00046,savings_investment,3314.82,monthly,cash
REC_NPE_00099306,NPU_00047,savings_investment,2486.6,monthly,cash
REC_NPE_00099310,NPU_00049,savings_investment,6589.74,monthly,khalti
REC_NPE_00099314,NPU_00052,savings_investment,4573.8,monthly,esewa
REC_NPE_00099317,NPU_00053,savings_investment,650.52,monthly,cash
REC_NPE_00099318,NPU_00054,savings_investment,3524.86,monthly,esewa
REC_NPE_00099320,NPU_00057,savings_investment,3153.7,monthly,esewa
REC_NPE_00099329,NPU_00068,savings_investment,6091.41,monthly,cash
REC_NPE_00099331,NPU_00069,savings_investment,18496.0,monthly,cash
REC_NPE_00099333,NPU_00070,savings_investment,16288.65,monthly,cash
REC_NPE_00099336,NPU_00072,savings_investment,327.96,monthly,esewa
REC_NPE_00099342,NPU_00076,savings_investment,16388.11,monthly,fonepay_qr
REC_NPE_00099347,NPU_00078,savings_investment,2789.82,monthly,cash
REC_NPE_00099350,NPU_00080,savings_investment,16304.14,monthly,credit_card
REC_NPE_00099437,NPU_00003,family_support,23002.06,monthly,khalti
REC_NPE_00099438,NPU_00004,family_support,41211.82,monthly,cash
REC_NPE_00099441,NPU_00006,family_support,18591.92,monthly,cash
REC_NPE_00099445,NPU_00007,family_support,13773.55,monthly,cash
REC_NPE_00099446,NPU_00008,family_support,16642.11,monthly,esewa
REC_NPE_00099449,NPU_00010,family_support,24945.05,monthly,cash
REC_NPE_00099451,NPU_00012,family_support,11616.6,monthly,cash
REC_NPE_00099452,NPU_00013,family_support,16859.53,monthly,esewa
REC_NPE_00099458,NPU_00019,family_support,33068.93,monthly,fonepay_qr
REC_NPE_00099463,NPU_00025,family_support,39676.96,monthly,bank_transfer
REC_NPE_00099467,NPU_00026,family_support,43896.25,monthly,cash
REC_NPE_00099470,NPU_00029,family_support,20013.4,monthly,debit_card
REC_NPE_00099471,NPU_00030,family_support,16586.01,monthly,debit_card
REC_NPE_00099474,NPU_00031,family_support,22810.71,monthly,bank_transfer
REC_NPE_00099481,NPU_00036,family_support,6034.75,monthly,bank_transfer
REC_NPE_00099483,NPU_00038,family_support,31539.26,monthly,cash
REC_NPE_00099486,NPU_00041,family_support,23710.46,monthly,esewa
REC_NPE_00099489,NPU_00044,family_support,19824.29,monthly,cash
REC_NPE_00099490,NPU_00045,family_support,10615.89,monthly,cash
REC_NPE_00099493,NPU_00047,family_support,42500.69,monthly,bank_transfer
REC_NPE_00099495,NPU_00049,family_support,8007.99,monthly,debit_card
REC_NPE_00099496,NPU_00050,family_support,6173.47,monthly,cash
REC_NPE_00099497,NPU_00052,family_support,8622.27,monthly,cash
REC_NPE_00099499,NPU_00055,family_support,46510.88,monthly,bank_transfer
REC_NPE_00099503,NPU_00057,family_support,29007.64,monthly,khalti
REC_NPE_00099506,NPU_00059,family_support,18849.68,monthly,debit_card
REC_NPE_00099507,NPU_00060,family_support,13072.18,monthly,cash
REC_NPE_00099509,NPU_00061,family_support,19135.89,monthly,cash
REC_NPE_00099511,NPU_00062,family_support,38158.11,monthly,esewa
REC_NPE_00099512,NPU_00063,family_support,28577.34,monthly,fonepay_qr
REC_NPE_00099514,NPU_00064,family_support,32081.82,monthly,esewa
REC_NPE_00099515,NPU_00065,family_support,10908.64,monthly,esewa
REC_NPE_00099518,NPU_00066,family_support,14548.04,monthly,esewa
REC_NPE_00099522,NPU_00068,family_support,11936.4,monthly,cash
REC_NPE_00099523,NPU_00069,family_support,29540.69,monthly,credit_card
REC_NPE_00099526,NPU_00070,family_support,52977.11,monthly,bank_transfer
REC_NPE_00099534,NPU_00076,family_support,13269.64,monthly,cash
REC_NPE_00099535,NPU_00077,family_support,16918.49,monthly,esewa
REC_NPE_00099536,NPU_00078,family_support,21510.98,monthly,fonepay_qr
REC_NPE_00099538,NPU_00080,family_support,18906.76,monthly,cash
REC_NPE_00099740,NPU_00001,utilities,5506.62,monthly,fonepay_qr
REC_NPE_00099742,NPU_00002,utilities,2260.03,monthly,bank_transfer
REC_NPE_00099743,NPU_00003,utilities,1554.87,monthly,esewa
REC_NPE_00099746,NPU_00005,utilities,3121.98,monthly,khalti
REC_NPE_00099748,NPU_00006,utilities,5134.05,monthly,cash
REC_NPE_00099749,NPU_00007,utilities,9970.18,monthly,esewa
REC_NPE_00099750,NPU_00008,utilities,4219.55,monthly,cash
REC_NPE_00099753,NPU_00011,utilities,7035.26,monthly,bank_transfer
REC_NPE_00099756,NPU_00013,utilities,3406.64,monthly,khalti
REC_NPE_00099758,NPU_00014,utilities,12750.0,monthly,fonepay_qr
REC_NPE_00099761,NPU_00017,utilities,2624.65,monthly,cash
REC_NPE_00099763,NPU_00018,utilities,4798.33,monthly,bank_transfer
REC_NPE_00099768,NPU_00021,utilities,1887.33,monthly,cash
REC_NPE_00099771,NPU_00022,utilities,3879.24,monthly,cash
REC_NPE_00099775,NPU_00023,utilities,3720.57,monthly,bank_transfer
REC_NPE_00099776,NPU_00024,utilities,4710.7,monthly,cash
REC_NPE_00099779,NPU_00026,utilities,5884.36,monthly,esewa
REC_NPE_00099782,NPU_00027,utilities,7143.02,monthly,esewa
REC_NPE_00099786,NPU_00029,utilities,4054.16,monthly,cash
REC_NPE_00099789,NPU_00031,utilities,2094.72,monthly,fonepay_qr
REC_NPE_00099791,NPU_00032,utilities,5538.62,monthly,cash
REC_NPE_00099794,NPU_00033,utilities,2857.84,monthly,esewa
REC_NPE_00099798,NPU_00035,utilities,1627.57,monthly,khalti
REC_NPE_00099799,NPU_00036,utilities,1815.61,monthly,khalti
REC_NPE_00099803,NPU_00038,utilities,4475.78,monthly,cash
REC_NPE_00099809,NPU_00041,utilities,5669.39,monthly,esewa
REC_NPE_00099813,NPU_00042,utilities,3902.63,monthly,debit_card
REC_NPE_00099815,NPU_00043,utilities,1382.57,monthly,cash
REC_NPE_00099820,NPU_00045,utilities,3716.37,monthly,cash
REC_NPE_00099822,NPU_00046,utilities,10361.19,monthly,bank_transfer
REC_NPE_00099823,NPU_00047,utilities,2395.47,monthly,khalti
REC_NPE_00099825,NPU_00048,utilities,7500.89,monthly,cash
REC_NPE_00099827,NPU_00049,utilities,12750.0,monthly,cash
REC_NPE_00099831,NPU_00050,utilities,1359.61,monthly,cash
REC_NPE_00099834,NPU_00051,utilities,2034.33,monthly,cash
REC_NPE_00099840,NPU_00054,utilities,1820.94,monthly,esewa
REC_NPE_00099845,NPU_00056,utilities,3681.72,monthly,cash
REC_NPE_00099848,NPU_00057,utilities,3059.08,monthly,cash
REC_NPE_00099850,NPU_00058,utilities,2936.33,monthly,esewa
REC_NPE_00099855,NPU_00060,utilities,8401.11,monthly,cash
REC_NPE_00099857,NPU_00061,utilities,5401.87,monthly,cash
REC_NPE_00099861,NPU_00062,utilities,2315.98,monthly,esewa
REC_NPE_00099864,NPU_00064,utilities,7497.47,monthly,khalti
REC_NPE_00099867,NPU_00066,utilities,5488.63,monthly,bank_transfer
REC_NPE_00099870,NPU_00068,utilities,4227.89,monthly,cash
REC_NPE_00099873,NPU_00070,utilities,4232.28,monthly,bank_transfer
REC_NPE_00099875,NPU_00071,utilities,2410.48,monthly,khalti
REC_NPE_00099877,NPU_00072,utilities,3811.47,monthly,esewa
REC_NPE_00099882,NPU_00075,utilities,4724.75,monthly,esewa
REC_NPE_00099885,NPU_00076,utilities,1392.49,monthly,debit_card
REC_NPE_00099886,NPU_00077,utilities,3795.76,monthly,khalti
REC_NPE_00099888,NPU_00078,utilities,3271.42,monthly,bank_transfer
REC_NPE_00099891,NPU_00079,utilities,1645.43,monthly,cash
REC_NPE_00099892,NPU_00080,utilities,859.64,monthly,esewa
REC_NPE_00100176,NPU_00002,internet_mobile,1676.58,monthly,cash
REC_NPE_00100177,NPU_00003,internet_mobile,1728.43,monthly,esewa
REC_NPE_00100180,NPU_00005,internet_mobile,1531.32,monthly,credit_card
REC_NPE_00100185,NPU_00007,internet_mobile,1493.69,monthly,cash
REC_NPE_00100186,NPU_00008,internet_mobile,2412.75,monthly,khalti
REC_NPE_00100189,NPU_00010,internet_mobile,1130.78,monthly,cash
REC_NPE_00100193,NPU_00011,internet_mobile,4076.18,monthly,khalti
REC_NPE_00100194,NPU_00012,internet_mobile,1421.66,monthly,cash
REC_NPE_00100195,NPU_00013,internet_mobile,2350.29,monthly,khalti
REC_NPE_00100197,NPU_00014,internet_mobile,1642.81,monthly,cash
REC_NPE_00100200,NPU_00015,internet_mobile,449.77,monthly,bank_transfer
REC_NPE_00100201,NPU_00016,internet_mobile,3610.33,monthly,cash
REC_NPE_00100203,NPU_00017,internet_mobile,1604.94,monthly,esewa
REC_NPE_00100204,NPU_00018,internet_mobile,2060.54,monthly,debit_card
REC_NPE_00100206,NPU_00019,internet_mobile,2181.89,monthly,bank_transfer
REC_NPE_00100208,NPU_00020,internet_mobile,4551.23,monthly,credit_card
REC_NPE_00100209,NPU_00021,internet_mobile,684.3,monthly,khalti
REC_NPE_00100210,NPU_00023,internet_mobile,5621.93,monthly,esewa
REC_NPE_00100214,NPU_00025,internet_mobile,2877.07,monthly,cash
REC_NPE_00100216,NPU_00026,internet_mobile,1042.62,monthly,khalti
REC_NPE_00100217,NPU_00027,internet_mobile,1782.75,monthly,credit_card
REC_NPE_00100222,NPU_00028,internet_mobile,1226.64,monthly,fonepay_qr
REC_NPE_00100225,NPU_00029,internet_mobile,3732.8,monthly,esewa
REC_NPE_00100227,NPU_00030,internet_mobile,3639.99,monthly,khalti
REC_NPE_00100230,NPU_00031,internet_mobile,2231.35,monthly,esewa
REC_NPE_00100233,NPU_00033,internet_mobile,2841.02,monthly,esewa
REC_NPE_00100236,NPU_00034,internet_mobile,2198.45,monthly,cash
REC_NPE_00100240,NPU_00035,internet_mobile,815.73,monthly,cash
REC_NPE_00100241,NPU_00036,internet_mobile,1405.7,monthly,khalti
REC_NPE_00100243,NPU_00037,internet_mobile,1360.23,monthly,debit_card
REC_NPE_00100245,NPU_00038,internet_mobile,3023.76,monthly,cash
REC_NPE_00100247,NPU_00039,internet_mobile,1915.36,monthly,bank_transfer
REC_NPE_00100249,NPU_00040,internet_mobile,1651.04,monthly,credit_card
REC_NPE_00100252,NPU_00041,internet_mobile,2284.43,monthly,khalti
REC_NPE_00100254,NPU_00042,internet_mobile,1349.06,monthly,bank_transfer
REC_NPE_00100255,NPU_00043,internet_mobile,441.32,monthly,cash
REC_NPE_00100256,NPU_00044,internet_mobile,1464.19,monthly,esewa
REC_NPE_00100258,NPU_00045,internet_mobile,2545.22,monthly,cash
REC_NPE_00100259,NPU_00046,internet_mobile,447.04,monthly,bank_transfer
REC_NPE_00100263,NPU_00048,internet_mobile,1711.95,monthly,cash
REC_NPE_00100265,NPU_00049,internet_mobile,1242.16,monthly,cash
REC_NPE_00100268,NPU_00051,internet_mobile,1227.71,monthly,esewa
REC_NPE_00100269,NPU_00052,internet_mobile,1631.07,monthly,cash
REC_NPE_00100271,NPU_00054,internet_mobile,599.68,monthly,khalti
REC_NPE_00100272,NPU_00055,internet_mobile,1975.53,monthly,bank_transfer
REC_NPE_00100276,NPU_00057,internet_mobile,2552.73,monthly,credit_card
REC_NPE_00100277,NPU_00058,internet_mobile,2474.25,monthly,cash
REC_NPE_00100278,NPU_00059,internet_mobile,4984.55,monthly,cash
REC_NPE_00100279,NPU_00060,internet_mobile,1601.71,monthly,cash
REC_NPE_00100283,NPU_00061,internet_mobile,1201.75,monthly,cash
REC_NPE_00100285,NPU_00062,internet_mobile,1630.3,monthly,fonepay_qr
REC_NPE_00100286,NPU_00063,internet_mobile,2205.8,monthly,cash
REC_NPE_00100287,NPU_00064,internet_mobile,4561.75,monthly,khalti
REC_NPE_00100288,NPU_00065,internet_mobile,3422.34,monthly,cash
REC_NPE_00100289,NPU_00066,internet_mobile,5100.01,monthly,bank_transfer
REC_NPE_00100292,NPU_00067,internet_mobile,1667.01,monthly,cash
REC_NPE_00100293,NPU_00068,internet_mobile,5929.59,monthly,esewa
REC_NPE_00100294,NPU_00069,internet_mobile,1656.31,monthly,khalti
REC_NPE_00100295,NPU_00070,internet_mobile,710.5,monthly,cash
REC_NPE_00100297,NPU_00071,internet_mobile,926.02,monthly,khalti
REC_NPE_00100298,NPU_00073,internet_mobile,1109.69,monthly,bank_transfer
REC_NPE_00100301,NPU_00074,internet_mobile,3924.89,monthly,debit_card
REC_NPE_00100302,NPU_00075,internet_mobile,2091.81,monthly,credit_card
REC_NPE_00100304,NPU_00076,internet_mobile,1888.42,monthly,esewa
REC_NPE_00100306,NPU_00077,internet_mobile,3657.41,monthly,cash
REC_NPE_00100309,NPU_00078,internet_mobile,2117.91,monthly,khalti
REC_NPE_00100311,NPU_00079,internet_mobile,2390.29,monthly,cash
REC_NPE_00100313,NPU_00080,internet_mobile,1416.16,monthly,debit_card
REC_NPE_00100512,NPU_00008,loan_emi,19431.99,monthly,bank_transfer
REC_NPE_00100514,NPU_00010,loan_emi,11409.63,monthly,credit_card
REC_NPE_00100517,NPU_00012,loan_emi,9609.34,monthly,esewa
REC_NPE_00100520,NPU_00014,loan_emi,59500.0,monthly,khalti
REC_NPE_00100523,NPU_00015,loan_emi,27422.67,monthly,cash
REC_NPE_00100530,NPU_00019,loan_emi,6194.63,monthly,khalti
REC_NPE_00100532,NPU_00020,loan_emi,11694.91,monthly,cash
REC_NPE_00100541,NPU_00024,loan_emi,9798.39,monthly,cash
REC_NPE_00100546,NPU_00028,loan_emi,23257.04,monthly,bank_transfer
REC_NPE_00100547,NPU_00030,loan_emi,18877.59,monthly,esewa
REC_NPE_00100552,NPU_00032,loan_emi,45399.8,monthly,bank_transfer
REC_NPE_00100555,NPU_00034,loan_emi,5620.36,monthly,cash
REC_NPE_00100563,NPU_00037,loan_emi,10111.57,monthly,bank_transfer
REC_NPE_00100565,NPU_00038,loan_emi,32750.23,monthly,bank_transfer
REC_NPE_00100567,NPU_00039,loan_emi,8083.48,monthly,esewa
REC_NPE_00100573,NPU_00041,loan_emi,17964.1,monthly,cash
REC_NPE_00100580,NPU_00044,loan_emi,14712.03,monthly,debit_card
REC_NPE_00100585,NPU_00048,loan_emi,7337.73,monthly,esewa
REC_NPE_00100592,NPU_00056,loan_emi,38743.23,monthly,cash
REC_NPE_00100600,NPU_00061,loan_emi,13568.97,monthly,cash
REC_NPE_00100607,NPU_00066,loan_emi,33772.22,monthly,cash
REC_NPE_00100608,NPU_00067,loan_emi,25875.08,monthly,esewa
REC_NPE_00100611,NPU_00069,loan_emi,10273.14,monthly,esewa
REC_NPE_00100618,NPU_00075,loan_emi,24581.79,monthly,khalti
REC_NPE_00100623,NPU_00078,loan_emi,35436.23,monthly,cash
REC_NPE_00100625,NPU_00079,loan_emi,8012.02,monthly,cash
REC_NPE_00100809,NPU_00001,subscriptions,3233.34,monthly,debit_card
REC_NPE_00100812,NPU_00003,subscriptions,1196.21,monthly,khalti
REC_NPE_00100815,NPU_00006,subscriptions,1795.96,monthly,cash
REC_NPE_00100820,NPU_00010,subscriptions,2084.94,monthly,debit_card
REC_NPE_00100824,NPU_00012,subscriptions,1799.12,monthly,cash
REC_NPE_00100825,NPU_00013,subscriptions,1557.62,monthly,cash
REC_NPE_00100826,NPU_00014,subscriptions,1352.66,monthly,cash
REC_NPE_00100828,NPU_00015,subscriptions,982.38,monthly,cash
REC_NPE_00100832,NPU_00018,subscriptions,3237.46,monthly,cash
REC_NPE_00100833,NPU_00019,subscriptions,2966.5,monthly,cash
REC_NPE_00100836,NPU_00020,subscriptions,4043.11,monthly,cash
REC_NPE_00100840,NPU_00022,subscriptions,1262.54,monthly,cash
REC_NPE_00100842,NPU_00024,subscriptions,2865.21,monthly,debit_card
REC_NPE_00100846,NPU_00025,subscriptions,4396.92,monthly,esewa
REC_NPE_00100850,NPU_00027,subscriptions,1467.17,monthly,khalti
REC_NPE_00100854,NPU_00032,subscriptions,1660.84,monthly,cash
REC_NPE_00100862,NPU_00037,subscriptions,1312.67,monthly,cash
REC_NPE_00100867,NPU_00038,subscriptions,3334.82,monthly,fonepay_qr
REC_NPE_00100869,NPU_00041,subscriptions,1733.11,monthly,debit_card
REC_NPE_00100870,NPU_00042,subscriptions,3833.34,monthly,khalti
REC_NPE_00100871,NPU_00043,subscriptions,1508.87,monthly,debit_card
REC_NPE_00100875,NPU_00045,subscriptions,1189.51,monthly,esewa
REC_NPE_00100884,NPU_00049,subscriptions,1820.81,monthly,esewa
REC_NPE_00100894,NPU_00055,subscriptions,2352.23,monthly,fonepay_qr
REC_NPE_00100899,NPU_00059,subscriptions,1821.19,monthly,esewa
REC_NPE_00100902,NPU_00062,subscriptions,5708.57,monthly,cash
REC_NPE_00100907,NPU_00065,subscriptions,2189.15,monthly,esewa
REC_NPE_00100912,NPU_00068,subscriptions,2308.75,monthly,cash
REC_NPE_00100914,NPU_00069,subscriptions,1411.6,monthly,debit_card
REC_NPE_00100916,NPU_00070,subscriptions,4372.12,monthly,fonepay_qr
REC_NPE_00100918,NPU_00073,subscriptions,2934.65,monthly,esewa
REC_NPE_00100922,NPU_00075,subscriptions,2272.97,monthly,cash
REC_NPE_00100924,NPU_00076,subscriptions,1856.1,monthly,esewa
REC_NPE_00100927,NPU_00078,subscriptions,6324.57,monthly,esewa
REC_NPE_00100928,NPU_00080,subscriptions,1963.02,monthly,cash
REC_NPE_00101962,NPU_00002,rent,8889.98,monthly,cash
REC_NPE_00101963,NPU_00005,rent,8710.89,monthly,cash
REC_NPE_00101964,NPU_00006,rent,21343.79,monthly,khalti
REC_NPE_00101966,NPU_00007,rent,37697.67,monthly,debit_card
REC_NPE_00101969,NPU_00009,rent,39318.15,monthly,esewa
REC_NPE_00101972,NPU_00010,rent,19754.66,monthly,cash
REC_NPE_00101978,NPU_00015,rent,13327.16,monthly,bank_transfer
REC_NPE_00101984,NPU_00020,rent,43615.66,monthly,fonepay_qr
REC_NPE_00101988,NPU_00022,rent,10592.72,monthly,cash
REC_NPE_00101989,NPU_00023,rent,62215.39,monthly,bank_transfer
REC_NPE_00101991,NPU_00025,rent,28189.85,monthly,debit_card
REC_NPE_00101992,NPU_00026,rent,13616.35,monthly,credit_card
REC_NPE_00102000,NPU_00031,rent,19997.72,monthly,cash
REC_NPE_00102006,NPU_00035,rent,29381.09,monthly,cash
REC_NPE_00102008,NPU_00037,rent,30981.56,monthly,bank_transfer
REC_NPE_00102010,NPU_00039,rent,11845.62,monthly,fonepay_qr
REC_NPE_00102013,NPU_00041,rent,26416.62,monthly,cash
REC_NPE_00102014,NPU_00043,rent,17870.01,monthly,bank_transfer
REC_NPE_00102015,NPU_00044,rent,8168.75,monthly,cash
REC_NPE_00102020,NPU_00048,rent,25686.89,monthly,khalti
REC_NPE_00102024,NPU_00051,rent,7040.0,monthly,esewa
REC_NPE_00102032,NPU_00059,rent,16510.71,monthly,cash
REC_NPE_00102038,NPU_00061,rent,23213.27,monthly,cash
REC_NPE_00102039,NPU_00062,rent,21778.97,monthly,debit_card
REC_NPE_00102040,NPU_00063,rent,36925.82,monthly,fonepay_qr
REC_NPE_00102042,NPU_00064,rent,46099.68,monthly,debit_card
REC_NPE_00102045,NPU_00065,rent,9036.68,monthly,debit_card
REC_NPE_00102046,NPU_00066,rent,24104.87,monthly,esewa
REC_NPE_00102047,NPU_00067,rent,35056.8,monthly,esewa
REC_NPE_00102053,NPU_00072,rent,29820.89,monthly,cash
REC_NPE_00102057,NPU_00075,rent,11896.21,monthly,cash
REC_NPE_00102063,NPU_00080,rent,25500.18,monthly,cash
REC_NPE_00102141,NPU_00001,savings_investment,7211.18,monthly,cash
REC_NPE_00102146,NPU_00003,savings_investment,11963.47,monthly,fonepay_qr
REC_NPE_00102149,NPU_00006,savings_investment,24917.64,monthly,debit_card
REC_NPE_00102153,NPU_00007,savings_investment,13619.29,monthly,khalti
REC_NPE_00102160,NPU_00014,savings_investment,666.95,monthly,cash
REC_NPE_00102161,NPU_00015,savings_investment,2895.41,monthly,esewa
REC_NPE_00102165,NPU_00017,savings_investment,9189.28,monthly,cash
REC_NPE_00102171,NPU_00022,savings_investment,18422.29,monthly,esewa
REC_NPE_00102172,NPU_00023,savings_investment,18000.17,monthly,debit_card
REC_NPE_00102174,NPU_00024,savings_investment,6620.24,monthly,cash
REC_NPE_00102178,NPU_00026,savings_investment,8973.1,monthly,cash
REC_NPE_00102181,NPU_00029,savings_investment,27606.09,monthly,cash
REC_NPE_00102184,NPU_00032,savings_investment,5808.97,monthly,cash
REC_NPE_00102187,NPU_00034,savings_investment,8305.39,monthly,bank_transfer
REC_NPE_00102191,NPU_00036,savings_investment,4516.53,monthly,cash
REC_NPE_00102192,NPU_00038,savings_investment,19199.92,monthly,cash
REC_NPE_00102195,NPU_00039,savings_investment,16088.41,monthly,khalti
REC_NPE_00102202,NPU_00044,savings_investment,594.18,monthly,khalti
REC_NPE_00102214,NPU_00050,savings_investment,8681.49,monthly,cash
REC_NPE_00102215,NPU_00052,savings_investment,4510.9,monthly,khalti
REC_NPE_00102218,NPU_00056,savings_investment,10079.88,monthly,esewa
REC_NPE_00102219,NPU_00057,savings_investment,3684.26,monthly,cash
REC_NPE_00102224,NPU_00059,savings_investment,25920.88,monthly,esewa
REC_NPE_00102230,NPU_00065,savings_investment,12817.33,monthly,bank_transfer
REC_NPE_00102233,NPU_00067,savings_investment,7325.96,monthly,fonepay_qr
REC_NPE_00102244,NPU_00075,savings_investment,28049.41,monthly,cash
REC_NPE_00102247,NPU_00076,savings_investment,17768.23,monthly,khalti
REC_NPE_00102346,NPU_00002,family_support,32173.17,monthly,esewa
REC_NPE_00102351,NPU_00004,family_support,20292.13,monthly,bank_transfer
REC_NPE_00102352,NPU_00005,family_support,8403.3,monthly,cash
REC_NPE_00102359,NPU_00008,family_support,43286.45,monthly,esewa
REC_NPE_00102360,NPU_00009,family_support,23393.61,monthly,esewa
REC_NPE_00102361,NPU_00010,family_support,9709.01,monthly,debit_card
REC_NPE_00102365,NPU_00012,family_support,27945.01,monthly,bank_transfer
REC_NPE_00102367,NPU_00014,family_support,18551.8,monthly,khalti
REC_NPE_00102369,NPU_00015,family_support,5200.43,monthly,bank_transfer
REC_NPE_00102372,NPU_00016,family_support,4879.97,monthly,cash
REC_NPE_00102378,NPU_00020,family_support,8743.52,monthly,credit_card
REC_NPE_00102379,NPU_00021,family_support,26617.41,monthly,debit_card
REC_NPE_00102380,NPU_00022,family_support,22006.52,monthly,bank_transfer
REC_NPE_00102381,NPU_00023,family_support,12267.02,monthly,esewa
REC_NPE_00102389,NPU_00025,family_support,22521.96,monthly,debit_card
REC_NPE_00102392,NPU_00026,family_support,21832.57,monthly,bank_transfer
REC_NPE_00102393,NPU_00028,family_support,18104.6,monthly,cash
REC_NPE_00102394,NPU_00031,family_support,6393.62,monthly,khalti
REC_NPE_00102406,NPU_00036,family_support,16569.6,monthly,cash
REC_NPE_00102408,NPU_00039,family_support,4542.79,monthly,cash
REC_NPE_00102413,NPU_00044,family_support,25852.95,monthly,fonepay_qr
REC_NPE_00102414,NPU_00046,family_support,28137.45,monthly,debit_card
REC_NPE_00102419,NPU_00047,family_support,14197.16,monthly,cash
REC_NPE_00102424,NPU_00050,family_support,23362.15,monthly,bank_transfer
REC_NPE_00102426,NPU_00054,family_support,16944.41,monthly,cash
REC_NPE_00102428,NPU_00055,family_support,70912.25,monthly,cash
REC_NPE_00102429,NPU_00056,family_support,2282.06,monthly,cash
REC_NPE_00102432,NPU_00058,family_support,23975.75,monthly,cash
REC_NPE_00102433,NPU_00059,family_support,18683.69,monthly,cash
REC_NPE_00102438,NPU_00062,family_support,21187.04,monthly,esewa
REC_NPE_00102439,NPU_00063,family_support,37473.14,monthly,esewa
REC_NPE_00102447,NPU_00069,family_support,16186.85,monthly,cash
REC_NPE_00102449,NPU_00071,family_support,20666.26,monthly,cash
REC_NPE_00102450,NPU_00076,family_support,12932.89,monthly,esewa
REC_NPE_00102452,NPU_00079,family_support,6172.78,monthly,cash
REC_NPE_00102454,NPU_00080,family_support,12741.52,monthly,cash
REC_NPE_00102669,NPU_00003,utilities,3169.91,monthly,khalti
REC_NPE_00102671,NPU_00004,utilities,2018.09,monthly,cash
REC_NPE_00102673,NPU_00005,utilities,3938.62,monthly,fonepay_qr
REC_NPE_00102674,NPU_00006,utilities,3339.92,monthly,cash
REC_NPE_00102676,NPU_00008,utilities,2590.06,monthly,khalti
REC_NPE_00102677,NPU_00009,utilities,5773.26,monthly,bank_transfer
REC_NPE_00102679,NPU_00011,utilities,2812.97,monthly,esewa
REC_NPE_00102680,NPU_00012,utilities,1767.13,monthly,cash
REC_NPE_00102682,NPU_00013,utilities,2928.9,monthly,khalti
REC_NPE_00102683,NPU_00014,utilities,2428.91,monthly,cash
REC_NPE_00102686,NPU_00015,utilities,5053.9,monthly,esewa
REC_NPE_00102689,NPU_00017,utilities,8976.0,monthly,esewa
REC_NPE_00102690,NPU_00018,utilities,3097.54,monthly,esewa
REC_NPE_00102692,NPU_00019,utilities,2982.09,monthly,cash
REC_NPE_00102695,NPU_00021,utilities,3472.2,monthly,cash
REC_NPE_00102702,NPU_00024,utilities,4820.95,monthly,credit_card
REC_NPE_00102704,NPU_00025,utilities,4941.53,monthly,cash
REC_NPE_00102705,NPU_00026,utilities,2774.51,monthly,bank_transfer
REC_NPE_00102706,NPU_00027,utilities,3436.96,monthly,cash
REC_NPE_00102708,NPU_00028,utilities,2616.34,monthly,cash
REC_NPE_00102709,NPU_00029,utilities,2738.13,monthly,bank_transfer
REC_NPE_00102712,NPU_00030,utilities,2989.43,monthly,cash
REC_NPE_00102716,NPU_00031,utilities,3864.24,monthly,khalti
REC_NPE_00102720,NPU_00033,utilities,1224.58,monthly,bank_transfer
REC_NPE_00102722,NPU_00034,utilities,2413.69,monthly,bank_transfer
REC_NPE_00102724,NPU_00035,utilities,2330.58,monthly,bank_transfer
REC_NPE_00102727,NPU_00036,utilities,2146.93,monthly,credit_card
REC_NPE_00102732,NPU_00039,utilities,2296.33,monthly,bank_transfer
REC_NPE_00102736,NPU_00041,utilities,8005.96,monthly,bank_transfer
REC_NPE_00102737,NPU_00042,utilities,9563.54,monthly,bank_transfer
REC_NPE_00102738,NPU_00043,utilities,2727.22,monthly,bank_transfer
REC_NPE_00102740,NPU_00044,utilities,5786.23,monthly,cash
REC_NPE_00102741,NPU_00045,utilities,3645.36,monthly,esewa
REC_NPE_00102742,NPU_00046,utilities,3718.92,monthly,esewa
REC_NPE_00102743,NPU_00047,utilities,2626.51,monthly,khalti
REC_NPE_00102749,NPU_00051,utilities,3337.47,monthly,debit_card
REC_NPE_00102752,NPU_00052,utilities,1747.85,monthly,cash
REC_NPE_00102756,NPU_00055,utilities,12218.26,monthly,cash
REC_NPE_00102758,NPU_00056,utilities,2251.41,monthly,cash
REC_NPE_00102760,NPU_00057,utilities,12347.92,monthly,cash
REC_NPE_00102764,NPU_00060,utilities,5934.59,monthly,bank_transfer
REC_NPE_00102766,NPU_00061,utilities,7296.78,monthly,cash
REC_NPE_00102768,NPU_00062,utilities,3453.59,monthly,esewa
REC_NPE_00102771,NPU_00063,utilities,3702.34,monthly,cash
REC_NPE_00102773,NPU_00064,utilities,3220.69,monthly,esewa
REC_NPE_00102774,NPU_00065,utilities,3503.96,monthly,cash
REC_NPE_00102777,NPU_00067,utilities,3697.94,monthly,bank_transfer
REC_NPE_00102778,NPU_00068,utilities,3623.36,monthly,cash
REC_NPE_00102779,NPU_00069,utilities,2637.9,monthly,bank_transfer
REC_NPE_00102780,NPU_00070,utilities,5798.48,monthly,cash
REC_NPE_00102783,NPU_00071,utilities,4741.38,monthly,cash
REC_NPE_00102786,NPU_00072,utilities,5567.78,monthly,bank_transfer
REC_NPE_00102788,NPU_00073,utilities,1836.81,monthly,cash
REC_NPE_00102790,NPU_00074,utilities,6455.91,monthly,cash
REC_NPE_00102792,NPU_00076,utilities,1662.55,monthly,debit_card
REC_NPE_00102793,NPU_00077,utilities,4320.85,monthly,esewa
REC_NPE_00102794,NPU_00078,utilities,10853.03,monthly,bank_transfer
REC_NPE_00102796,NPU_00079,utilities,2658.45,monthly,cash
REC_NPE_00102797,NPU_00080,utilities,2084.23,monthly,cash
REC_NPE_00103056,NPU_00002,internet_mobile,1529.95,monthly,cash
REC_NPE_00103060,NPU_00004,internet_mobile,889.58,monthly,credit_card
REC_NPE_00103063,NPU_00005,internet_mobile,1113.5,monthly,esewa
REC_NPE_00103065,NPU_00006,internet_mobile,1550.83,monthly,khalti
REC_NPE_00103068,NPU_00007,internet_mobile,1500.34,monthly,khalti
REC_NPE_00103069,NPU_00008,internet_mobile,1196.21,monthly,cash
REC_NPE_00103071,NPU_00009,internet_mobile,2275.3,monthly,cash
REC_NPE_00103073,NPU_00010,internet_mobile,3289.28,monthly,cash
REC_NPE_00103076,NPU_00011,internet_mobile,3900.2,monthly,cash
REC_NPE_00103079,NPU_00013,internet_mobile,3312.91,monthly,cash
REC_NPE_00103084,NPU_00016,internet_mobile,771.99,monthly,esewa
REC_NPE_00103091,NPU_00018,internet_mobile,1449.37,monthly,debit_card
REC_NPE_00103092,NPU_00019,internet_mobile,2852.54,monthly,cash
REC_NPE_00103096,NPU_00021,internet_mobile,1388.88,monthly,cash
REC_NPE_00103097,NPU_00023,internet_mobile,6110.15,monthly,esewa
REC_NPE_00103098,NPU_00024,internet_mobile,933.33,monthly,bank_transfer
REC_NPE_00103101,NPU_00025,internet_mobile,1557.69,monthly,bank_transfer
REC_NPE_00103102,NPU_00026,internet_mobile,1179.97,monthly,cash
REC_NPE_00103105,NPU_00030,internet_mobile,798.23,monthly,fonepay_qr
REC_NPE_00103108,NPU_00032,internet_mobile,2978.54,monthly,bank_transfer
REC_NPE_00103109,NPU_00033,internet_mobile,1474.18,monthly,bank_transfer
REC_NPE_00103110,NPU_00034,internet_mobile,1637.06,monthly,khalti
REC_NPE_00103112,NPU_00035,internet_mobile,590.24,monthly,fonepay_qr
REC_NPE_00103113,NPU_00036,internet_mobile,1623.44,monthly,credit_card
REC_NPE_00103115,NPU_00037,internet_mobile,1895.4,monthly,esewa
REC_NPE_00103117,NPU_00039,internet_mobile,1427.77,monthly,cash
REC_NPE_00103119,NPU_00040,internet_mobile,1700.94,monthly,cash
REC_NPE_00103121,NPU_00041,internet_mobile,1784.57,monthly,fonepay_qr
REC_NPE_00103124,NPU_00042,internet_mobile,3520.55,monthly,debit_card
REC_NPE_00103125,NPU_00043,internet_mobile,1368.3,monthly,cash
REC_NPE_00103126,NPU_00046,internet_mobile,2398.63,monthly,cash
REC_NPE_00103127,NPU_00047,internet_mobile,2952.89,monthly,cash
REC_NPE_00103129,NPU_00049,internet_mobile,1504.48,monthly,esewa
REC_NPE_00103130,NPU_00050,internet_mobile,1645.66,monthly,debit_card
REC_NPE_00103133,NPU_00051,internet_mobile,2219.84,monthly,cash
REC_NPE_00103135,NPU_00052,internet_mobile,741.16,monthly,esewa
REC_NPE_00103137,NPU_00053,internet_mobile,2394.57,monthly,cash
REC_NPE_00103138,NPU_00055,internet_mobile,3361.9,monthly,cash
REC_NPE_00103140,NPU_00057,internet_mobile,1715.71,monthly,credit_card
REC_NPE_00103143,NPU_00058,internet_mobile,5205.91,monthly,cash
REC_NPE_00103146,NPU_00059,internet_mobile,3893.43,monthly,cash
REC_NPE_00103148,NPU_00060,internet_mobile,2435.49,monthly,fonepay_qr
REC_NPE_00103152,NPU_00061,internet_mobile,2264.94,monthly,bank_transfer
REC_NPE_00103155,NPU_00062,internet_mobile,1193.12,monthly,bank_transfer
REC_NPE_00103159,NPU_00064,internet_mobile,3024.15,monthly,cash
REC_NPE_00103161,NPU_00066,internet_mobile,3599.17,monthly,bank_transfer
REC_NPE_00103164,NPU_00068,internet_mobile,1026.87,monthly,cash
REC_NPE_00103166,NPU_00069,internet_mobile,2702.0,monthly,cash
REC_NPE_00103167,NPU_00070,internet_mobile,1443.22,monthly,debit_card
REC_NPE_00103169,NPU_00071,internet_mobile,1282.64,monthly,esewa
REC_NPE_00103171,NPU_00072,internet_mobile,1153.7,monthly,esewa
REC_NPE_00103172,NPU_00073,internet_mobile,2372.25,monthly,esewa
REC_NPE_00103174,NPU_00074,internet_mobile,3365.0,monthly,debit_card
REC_NPE_00103175,NPU_00075,internet_mobile,1914.43,monthly,bank_transfer
REC_NPE_00103178,NPU_00077,internet_mobile,2051.52,monthly,debit_card
REC_NPE_00103179,NPU_00078,internet_mobile,2336.09,monthly,cash
REC_NPE_00103180,NPU_00079,internet_mobile,989.61,monthly,debit_card
REC_NPE_00103182,NPU_00080,internet_mobile,1916.04,monthly,debit_card
REC_NPE_00103386,NPU_00004,loan_emi,9494.5,monthly,credit_card
REC_NPE_00103392,NPU_00009,loan_emi,17923.19,monthly,cash
REC_NPE_00103396,NPU_00013,loan_emi,49980.0,monthly,cash
REC_NPE_00103402,NPU_00018,loan_emi,8331.86,monthly,cash
REC_NPE_00103403,NPU_00020,loan_emi,19170.54,monthly,esewa
REC_NPE_00103404,NPU_00021,loan_emi,23884.25,monthly,esewa
REC_NPE_00103408,NPU_00024,loan_emi,18495.68,monthly,bank_transfer
REC_NPE_00103415,NPU_00029,loan_emi,24796.12,monthly,esewa
REC_NPE_00103417,NPU_00031,loan_emi,10216.57,monthly,cash
REC_NPE_00103420,NPU_00035,loan_emi,13942.67,monthly,cash
REC_NPE_00103425,NPU_00037,loan_emi,17117.59,monthly,cash
REC_NPE_00103426,NPU_00038,loan_emi,9119.37,monthly,debit_card
REC_NPE_00103428,NPU_00040,loan_emi,32415.39,monthly,credit_card
REC_NPE_00103435,NPU_00046,loan_emi,21053.1,monthly,cash
REC_NPE_00103437,NPU_00047,loan_emi,18787.51,monthly,esewa
REC_NPE_00103442,NPU_00050,loan_emi,14267.33,monthly,bank_transfer
REC_NPE_00103445,NPU_00052,loan_emi,11823.62,monthly,cash
REC_NPE_00103446,NPU_00053,loan_emi,19055.53,monthly,bank_transfer
REC_NPE_00103447,NPU_00054,loan_emi,8838.43,monthly,cash
REC_NPE_00103453,NPU_00057,loan_emi,14731.52,monthly,cash
REC_NPE_00103456,NPU_00061,loan_emi,28826.93,monthly,khalti
REC_NPE_00103459,NPU_00062,loan_emi,8197.31,monthly,khalti
REC_NPE_00103462,NPU_00069,loan_emi,11620.9,monthly,esewa
REC_NPE_00103465,NPU_00072,loan_emi,20150.62,monthly,esewa
REC_NPE_00103468,NPU_00077,loan_emi,28995.16,monthly,fonepay_qr
REC_NPE_00103469,NPU_00079,loan_emi,30409.93,monthly,fonepay_qr
REC_NPE_00103615,NPU_00001,subscriptions,3010.3,monthly,cash
REC_NPE_00103618,NPU_00002,subscriptions,2638.54,monthly,cash
REC_NPE_00103620,NPU_00003,subscriptions,3295.43,monthly,cash
REC_NPE_00103623,NPU_00004,subscriptions,1058.67,monthly,esewa
REC_NPE_00103631,NPU_00012,subscriptions,4930.25,monthly,fonepay_qr
REC_NPE_00103636,NPU_00018,subscriptions,2258.62,monthly,esewa
REC_NPE_00103639,NPU_00021,subscriptions,2255.36,monthly,fonepay_qr
REC_NPE_00103642,NPU_00023,subscriptions,1351.45,monthly,cash
REC_NPE_00103644,NPU_00024,subscriptions,3209.64,monthly,cash
REC_NPE_00103646,NPU_00025,subscriptions,4197.07,monthly,cash
REC_NPE_00103647,NPU_00026,subscriptions,921.63,monthly,fonepay_qr
REC_NPE_00103651,NPU_00028,subscriptions,1736.05,monthly,bank_transfer
REC_NPE_00103652,NPU_00029,subscriptions,2729.87,monthly,cash
REC_NPE_00103653,NPU_00030,subscriptions,2886.51,monthly,bank_transfer
REC_NPE_00103654,NPU_00031,subscriptions,1206.4,monthly,cash
REC_NPE_00103656,NPU_00032,subscriptions,2924.37,monthly,cash
REC_NPE_00103657,NPU_00035,subscriptions,1004.58,monthly,cash
REC_NPE_00103659,NPU_00037,subscriptions,5938.97,monthly,debit_card
REC_NPE_00103660,NPU_00038,subscriptions,2659.61,monthly,cash
REC_NPE_00103663,NPU_00039,subscriptions,5984.0,monthly,esewa
REC_NPE_00103665,NPU_00040,subscriptions,2677.15,monthly,esewa
REC_NPE_00103668,NPU_00043,subscriptions,2919.16,monthly,cash
REC_NPE_00103671,NPU_00044,subscriptions,3849.45,monthly,cash
REC_NPE_00103676,NPU_00046,subscriptions,3807.17,monthly,esewa
REC_NPE_00103678,NPU_00047,subscriptions,1627.48,monthly,cash
REC_NPE_00103682,NPU_00049,subscriptions,7203.05,monthly,cash
REC_NPE_00103686,NPU_00053,subscriptions,1958.32,monthly,cash
REC_NPE_00103690,NPU_00057,subscriptions,5223.81,monthly,khalti
REC_NPE_00103696,NPU_00060,subscriptions,4515.8,monthly,cash
REC_NPE_00103698,NPU_00061,subscriptions,2765.58,monthly,debit_card
REC_NPE_00103701,NPU_00062,subscriptions,1802.01,monthly,debit_card
REC_NPE_00103703,NPU_00063,subscriptions,1369.55,monthly,credit_card
REC_NPE_00103705,NPU_00065,subscriptions,2273.1,monthly,cash
REC_NPE_00103707,NPU_00067,subscriptions,2144.32,monthly,cash
REC_NPE_00103709,NPU_00068,subscriptions,1223.59,monthly,cash
REC_NPE_00103713,NPU_00070,subscriptions,2456.76,monthly,khalti
REC_NPE_00103715,NPU_00072,subscriptions,4915.32,monthly,fonepay_qr
REC_NPE_00103719,NPU_00077,subscriptions,5721.74,monthly,esewa
REC_NPE_00103720,NPU_00079,subscriptions,3906.18,monthly,bank_transfer
REC_NPE_00103722,NPU_00080,subscriptions,1607.85,monthly,khalti
