shared_expense_id,expense_id,group_id,paid_by_user_id,split_type,participant_count,settlement_status,days_to_settle
SHR_00000128,NPE_00000128,NPG_00004,NPU_00058,equal,8,settled,12
SHR_00000129,NPE_00000129,NPG_00006,NPU_00054,equal,4,settled,14
SHR_00000130,NPE_00000130,NPG_00016,NPU_00035,equal,4,settled,7
SHR_00000131,NPE_00000131,NPG_00023,NPU_00001,equal,3,settled,6
SHR_00000132,NPE_00000132,NPG_00025,NPU_00080,equal,10,settled,8
SHR_00000133,NPE_00000133,NPG_00028,NPU_00050,equal,4,settled,6
SHR_00000213,NPE_00000213,NPG_00009,NPU_00028,equal,2,settled,1
SHR_00000214,NPE_00000214,NPG_00010,NPU_00041,equal,2,settled,6
SHR_00000215,NPE_00000215,NPG_00015,NPU_00012,equal,5,settled,5
SHR_00000216,NPE_00000216,NPG_00019,NPU_00059,percentage,3,settled,11
SHR_00000217,NPE_00000217,NPG_00020,NPU_00052,percentage,5,settled,16
SHR_00000218,NPE_00000218,NPG_00023,NPU_00040,equal,3,settled,6
SHR_00000219,NPE_00000219,NPG_00028,NPU_00008,equal,4,settled,3
SHR_00000319,NPE_00000319,NPG_00004,NPU_00056,equal,8,settled,15
SHR_00000320,NPE_00000320,NPG_00008,NPU_00060,equal,6,settled,9
SHR_00000321,NPE_00000321,NPG_00013,NPU_00066,custom,3,settled,4
SHR_00000322,NPE_00000322,NPG_00016,NPU_00073,equal,4,settled,5
SHR_00000323,NPE_00000323,NPG_00019,NPU_00038,percentage,3,settled,5
SHR_00000324,NPE_00000324,NPG_00020,NPU_00020,percentage,5,settled,5
SHR_00000325,NPE_00000325,NPG_00021,NPU_00080,equal,7,settled,7
SHR_00000326,NPE_00000326,NPG_00027,NPU_00062,custom,3,settled,11
SHR_00000393,NPE_00000393,NPG_00002,NPU_00032,equal,8,settled,5
SHR_00000394,NPE_00000394,NPG_00003,NPU_00020,custom,3,settled,7
SHR_00000395,NPE_00000395,NPG_00006,NPU_00019,equal,4,settled,6
SHR_00000396,NPE_00000396,NPG_00008,NPU_00055,equal,6,settled,6
SHR_00000397,NPE_00000397,NPG_00015,NPU_00065,equal,5,settled,10
SHR_00000398,NPE_00000398,NPG_00016,NPU_00073,equal,4,settled,7
SHR_00000399,NPE_00000399,NPG_00018,NPU_00076,custom,4,settled,8
SHR_00000400,NPE_00000400,NPG_00019,NPU_00038,percentage,3,settled,10
SHR_00000401,NPE_00000401,NPG_00023,NPU_00001,equal,3,settled,6
SHR_00000516,NPE_00000516,NPG_00002,NPU_00060,equal,8,settled,5
SHR_00000517,NPE_00000517,NPG_00014,NPU_00028,equal,4,settled,16
SHR_00000518,NPE_00000518,NPG_00017,NPU_00023,equal,7,settled,11
SHR_00000519,NPE_00000519,NPG_00019,NPU_00059,percentage,3,settled,4
SHR_00000520,NPE_00000520,NPG_00028,NPU_00027,equal,4,settled,0
SHR_00000608,NPE_00000608,NPG_00010,NPU_00019,equal,2,settled,18
SHR_00000609,NPE_00000609,NPG_00016,NPU_00035,equal,4,settled,10
SHR_00000610,NPE_00000610,NPG_00019,NPU_00059,percentage,3,settled,7
SHR_00000611,NPE_00000611,NPG_00020,NPU_00020,percentage,5,settled,11
SHR_00000612,NPE_00000612,NPG_00024,NPU_00078,equal,2,settled,2
SHR_00000706,NPE_00000706,NPG_00001,NPU_00056,custom,3,settled,5
SHR_00000707,NPE_00000707,NPG_00002,NPU_00046,equal,8,settled,8
SHR_00000708,NPE_00000708,NPG_00008,NPU_00028,equal,6,settled,14
SHR_00000709,NPE_00000709,NPG_00014,NPU_00067,equal,4,settled,11
SHR_00000710,NPE_00000710,NPG_00015,NPU_00047,equal,5,settled,0
SHR_00000711,NPE_00000711,NPG_00019,NPU_00021,percentage,3,settled,12
SHR_00000712,NPE_00000712,NPG_00023,NPU_00040,equal,3,settled,6
SHR_00000713,NPE_00000713,NPG_00029,NPU_00024,equal,4,settled,5
SHR_00000852,NPE_00000852,NPG_00004,NPU_00075,equal,8,settled,8
SHR_00000853,NPE_00000853,NPG_00012,NPU_00070,equal,3,settled,9
SHR_00000854,NPE_00000854,NPG_00017,NPU_00042,equal,7,settled,9
SHR_00000855,NPE_00000855,NPG_00019,NPU_00021,percentage,3,settled,9
SHR_00000856,NPE_00000856,NPG_00022,NPU_00049,equal,2,settled,3
SHR_00000857,NPE_00000857,NPG_00023,NPU_00058,equal,3,settled,2
SHR_00000858,NPE_00000858,NPG_00025,NPU_00078,equal,10,settled,8
SHR_00000937,NPE_00000937,NPG_00006,NPU_00029,equal,4,settled,0
SHR_00000938,NPE_00000938,NPG_00016,NPU_00035,equal,4,settled,7
SHR_00000939,NPE_00000939,NPG_00018,NPU_00075,custom,4,settled,15
SHR_00001012,NPE_00001012,NPG_00004,NPU_00056,equal,8,settled,2
SHR_00001013,NPE_00001013,NPG_00005,NPU_00026,equal,4,settled,4
SHR_00001014,NPE_00001014,NPG_00016,NPU_00075,equal,4,settled,9
SHR_00001015,NPE_00001015,NPG_00028,NPU_00050,equal,4,settled,14
SHR_00001095,NPE_00001095,NPG_00004,NPU_00001,equal,8,settled,5
SHR_00001096,NPE_00001096,NPG_00006,NPU_00054,equal,4,settled,7
SHR_00001097,NPE_00001097,NPG_00008,NPU_00060,equal,6,settled,17
SHR_00001098,NPE_00001098,NPG_00014,NPU_00067,equal,4,settled,9
SHR_00001099,NPE_00001099,NPG_00015,NPU_00047,equal,5,settled,3
SHR_00001100,NPE_00001100,NPG_00021,NPU_00007,equal,7,settled,3
SHR_00001101,NPE_00001101,NPG_00028,NPU_00008,equal,4,settled,7
SHR_00001102,NPE_00001102,NPG_00029,NPU_00058,equal,4,settled,9
SHR_00001238,NPE_00001238,NPG_00002,NPU_00046,equal,8,settled,0
SHR_00001239,NPE_00001239,NPG_00009,NPU_00028,equal,2,settled,7
SHR_00001240,NPE_00001240,NPG_00014,NPU_00019,equal,4,settled,8
SHR_00001241,NPE_00001241,NPG_00015,NPU_00065,equal,5,settled,2
SHR_00001242,NPE_00001242,NPG_00022,NPU_00049,equal,2,settled,1
SHR_00001243,NPE_00001243,NPG_00025,NPU_00078,equal,10,settled,4
SHR_00001244,NPE_00001244,NPG_00028,NPU_00008,equal,4,settled,9
SHR_00001325,NPE_00001325,NPG_00003,NPU_00034,custom,3,settled,5
SHR_00001326,NPE_00001326,NPG_00004,NPU_00064,equal,8,settled,15
SHR_00001327,NPE_00001327,NPG_00015,NPU_00047,equal,5,settled,8
SHR_00001328,NPE_00001328,NPG_00019,NPU_00038,percentage,3,settled,4
SHR_00001329,NPE_00001329,NPG_00029,NPU_00047,equal,4,settled,13
SHR_00001415,NPE_00001415,NPG_00001,NPU_00022,custom,3,settled,0
SHR_00001416,NPE_00001416,NPG_00002,NPU_00054,equal,8,settled,10
SHR_00001417,NPE_00001417,NPG_00004,NPU_00071,equal,8,settled,10
SHR_00001418,NPE_00001418,NPG_00006,NPU_00029,equal,4,settled,1
SHR_00001419,NPE_00001419,NPG_00013,NPU_00077,custom,3,settled,7
SHR_00001420,NPE_00001420,NPG_00014,NPU_00019,equal,4,settled,8
SHR_00001421,NPE_00001421,NPG_00017,NPU_00003,equal,7,settled,13
SHR_00001422,NPE_00001422,NPG_00027,NPU_00005,custom,3,settled,6
SHR_00001423,NPE_00001423,NPG_00028,NPU_00027,equal,4,settled,5
SHR_00001519,NPE_00001519,NPG_00006,NPU_00054,equal,4,settled,8
SHR_00001520,NPE_00001520,NPG_00009,NPU_00012,equal,2,settled,0
SHR_00001521,NPE_00001521,NPG_00010,NPU_00041,equal,2,settled,3
SHR_00001522,NPE_00001522,NPG_00014,NPU_00007,equal,4,settled,3
SHR_00001523,NPE_00001523,NPG_00015,NPU_00071,equal,5,settled,7
SHR_00001524,NPE_00001524,NPG_00028,NPU_00027,equal,4,settled,2
SHR_00001599,NPE_00001599,NPG_00016,NPU_00073,equal,4,settled,9
SHR_00001600,NPE_00001600,NPG_00021,NPU_00008,equal,7,settled,3
SHR_00001683,NPE_00001683,NPG_00004,NPU_00059,equal,8,settled,12
SHR_00001684,NPE_00001684,NPG_00009,NPU_00028,equal,2,settled,6
SHR_00001685,NPE_00001685,NPG_00016,NPU_00035,equal,4,settled,4
SHR_00001686,NPE_00001686,NPG_00023,NPU_00058,equal,3,settled,8
SHR_00001802,NPE_00001802,NPG_00006,NPU_00029,equal,4,settled,10
SHR_00001803,NPE_00001803,NPG_00009,NPU_00028,equal,2,settled,0
SHR_00001804,NPE_00001804,NPG_00010,NPU_00041,equal,2,settled,3
SHR_00001805,NPE_00001805,NPG_00016,NPU_00073,equal,4,settled,8
SHR_00001806,NPE_00001806,NPG_00024,NPU_00058,equal,2,settled,7
SHR_00001873,NPE_00001873,NPG_00007,NPU_00020,equal,10,settled,5
SHR_00001874,NPE_00001874,NPG_00009,NPU_00028,equal,2,settled,8
SHR_00001875,NPE_00001875,NPG_00017,NPU_00042,equal,7,settled,7
SHR_00001876,NPE_00001876,NPG_00023,NPU_00001,equal,3,settled,0
SHR_00001877,NPE_00001877,NPG_00024,NPU_00058,equal,2,settled,2
SHR_00001878,NPE_00001878,NPG_00030,NPU_00043,custom,8,settled,12
SHR_00001938,NPE_00001938,NPG_00004,NPU_00064,equal,8,settled,19
SHR_00001939,NPE_00001939,NPG_00005,NPU_00046,equal,4,settled,2
SHR_00001940,NPE_00001940,NPG_00013,NPU_00077,custom,3,settled,15
SHR_00001941,NPE_00001941,NPG_00015,NPU_00047,equal,5,settled,4
SHR_00001942,NPE_00001942,NPG_00016,NPU_00047,equal,4,settled,6
SHR_00001943,NPE_00001943,NPG_00017,NPU_00003,equal,7,settled,9
SHR_00001944,NPE_00001944,NPG_00018,NPU_00075,custom,4,settled,13
SHR_00001945,NPE_00001945,NPG_00019,NPU_00038,percentage,3,settled,12
SHR_00001946,NPE_00001946,NPG_00023,NPU_00001,equal,3,settled,7
SHR_00001947,NPE_00001947,NPG_00024,NPU_00078,equal,2,settled,7
SHR_00001948,NPE_00001948,NPG_00030,NPU_00021,custom,8,settled,13
SHR_00002050,NPE_00002050,NPG_00004,NPU_00058,equal,8,settled,3
SHR_00002051,NPE_00002051,NPG_00015,NPU_00047,equal,5,settled,8
SHR_00002052,NPE_00002052,NPG_00016,NPU_00075,equal,4,settled,3
SHR_00002053,NPE_00002053,NPG_00017,NPU_00052,equal,7,settled,7
SHR_00002054,NPE_00002054,NPG_00023,NPU_00040,equal,3,settled,8
SHR_00002139,NPE_00002139,NPG_00016,NPU_00073,equal,4,settled,0
SHR_00002140,NPE_00002140,NPG_00017,NPU_00054,equal,7,settled,1
SHR_00002141,NPE_00002141,NPG_00024,NPU_00058,equal,2,settled,3
SHR_00002232,NPE_00002232,NPG_00006,NPU_00054,equal,4,settled,12
SHR_00002233,NPE_00002233,NPG_00008,NPU_00055,equal,6,settled,10
SHR_00002234,NPE_00002234,NPG_00020,NPU_00056,percentage,5,settled,5
SHR_00002311,NPE_00002311,NPG_00003,NPU_00034,custom,3,settled,9
SHR_00002312,NPE_00002312,NPG_00004,NPU_00071,equal,8,settled,8
SHR_00002313,NPE_00002313,NPG_00006,NPU_00029,equal,4,settled,4
SHR_00002314,NPE_00002314,NPG_00008,NPU_00060,equal,6,settled,4
SHR_00002315,NPE_00002315,NPG_00024,NPU_00078,equal,2,settled,17
SHR_00002316,NPE_00002316,NPG_00025,NPU_00080,equal,10,settled,8
SHR_00002373,NPE_00002373,NPG_00006,NPU_00054,equal,4,settled,7
SHR_00002374,NPE_00002374,NPG_00008,NPU_00055,equal,6,settled,12
SHR_00002375,NPE_00002375,NPG_00019,NPU_00038,percentage,3,settled,0
SHR_00002376,NPE_00002376,NPG_00030,NPU_00063,custom,8,settled,0
SHR_00002443,NPE_00002443,NPG_00006,NPU_00029,equal,4,settled,11
SHR_00002444,NPE_00002444,NPG_00007,NPU_00020,equal,10,settled,20
SHR_00002445,NPE_00002445,NPG_00008,NPU_00055,equal,6,settled,14
SHR_00002446,NPE_00002446,NPG_00010,NPU_00019,equal,2,settled,0
SHR_00002447,NPE_00002447,NPG_00017,NPU_00023,equal,7,settled,5
SHR_00002448,NPE_00002448,NPG_00025,NPU_00026,equal,10,settled,4
SHR_00002449,NPE_00002449,NPG_00026,NPU_00047,equal,6,settled,9
SHR_00002525,NPE_00002525,NPG_00005,NPU_00026,equal,4,settled,15
SHR_00002526,NPE_00002526,NPG_00010,NPU_00041,equal,2,settled,8
SHR_00002527,NPE_00002527,NPG_00013,NPU_00003,custom,3,settled,2
SHR_00002528,NPE_00002528,NPG_00016,NPU_00073,equal,4,settled,16
SHR_00002529,NPE_00002529,NPG_00027,NPU_00005,custom,3,settled,5
SHR_00002530,NPE_00002530,NPG_00029,NPU_00053,equal,4,settled,5
SHR_00002623,NPE_00002623,NPG_00009,NPU_00012,equal,2,settled,0
SHR_00002624,NPE_00002624,NPG_00014,NPU_00067,equal,4,settled,15
SHR_00002625,NPE_00002625,NPG_00018,NPU_00029,custom,4,settled,13
SHR_00002626,NPE_00002626,NPG_00019,NPU_00059,percentage,3,settled,16
SHR_00002627,NPE_00002627,NPG_00025,NPU_00002,equal,10,settled,7
SHR_00002628,NPE_00002628,NPG_00026,NPU_00070,equal,6,settled,0
SHR_00002629,NPE_00002629,NPG_00028,NPU_00050,equal,4,settled,5
SHR_00002721,NPE_00002721,NPG_00001,NPU_00022,custom,3,settled,10
SHR_00002722,NPE_00002722,NPG_00007,NPU_00071,equal,10,settled,19
SHR_00002723,NPE_00002723,NPG_00008,NPU_00017,equal,6,settled,15
SHR_00002724,NPE_00002724,NPG_00009,NPU_00028,equal,2,settled,6
SHR_00002725,NPE_00002725,NPG_00015,NPU_00071,equal,5,settled,14
SHR_00002726,NPE_00002726,NPG_00017,NPU_00071,equal,7,settled,0
SHR_00002727,NPE_00002727,NPG_00022,NPU_00009,equal,2,settled,4
SHR_00002728,NPE_00002728,NPG_00023,NPU_00001,equal,3,settled,13
SHR_00002729,NPE_00002729,NPG_00024,NPU_00078,equal,2,settled,2
SHR_00002730,NPE_00002730,NPG_00026,NPU_00049,equal,6,settled,5
SHR_00002805,NPE_00002805,NPG_00004,NPU_00001,equal,8,settled,8
SHR_00002806,NPE_00002806,NPG_00009,NPU_00028,equal,2,settled,7
SHR_00002807,NPE_00002807,NPG_00014,NPU_00028,equal,4,settled,16
SHR_00002808,NPE_00002808,NPG_00017,NPU_00042,equal,7,settled,14
SHR_00002809,NPE_00002809,NPG_00029,NPU_00024,equal,4,settled,7
SHR_00002880,NPE_00002880,NPG_00002,NPU_00054,equal,8,settled,6
SHR_00002881,NPE_00002881,NPG_00010,NPU_00041,equal,2,settled,11
SHR_00002882,NPE_00002882,NPG_00014,NPU_00019,equal,4,settled,11
SHR_00002883,NPE_00002883,NPG_00017,NPU_00023,equal,7,settled,6
SHR_00002884,NPE_00002884,NPG_00024,NPU_00078,equal,2,settled,9
SHR_00002885,NPE_00002885,NPG_00025,NPU_00001,equal,10,settled,9
SHR_00002886,NPE_00002886,NPG_00026,NPU_00070,equal,6,settled,1
SHR_00002887,NPE_00002887,NPG_00030,NPU_00043,custom,8,settled,13
SHR_00002992,NPE_00002992,NPG_00001,NPU_00079,custom,3,settled,9
SHR_00002993,NPE_00002993,NPG_00012,NPU_00015,equal,3,settled,12
SHR_00002994,NPE_00002994,NPG_00016,NPU_00073,equal,4,settled,0
SHR_00002995,NPE_00002995,NPG_00017,NPU_00023,equal,7,settled,9
SHR_00002996,NPE_00002996,NPG_00025,NPU_00080,equal,10,settled,8
SHR_00002997,NPE_00002997,NPG_00026,NPU_00049,equal,6,settled,13
SHR_00002998,NPE_00002998,NPG_00028,NPU_00050,equal,4,settled,5
SHR_00003086,NPE_00003086,NPG_00008,NPU_00028,equal,6,settled,12
SHR_00003087,NPE_00003087,NPG_00010,NPU_00041,equal,2,settled,6
SHR_00003088,NPE_00003088,NPG_00013,NPU_00003,custom,3,settled,12
SHR_00003089,NPE_00003089,NPG_00017,NPU_00052,equal,7,settled,11
SHR_00003090,NPE_00003090,NPG_00023,NPU_00040,equal,3,settled,6
SHR_00003091,NPE_00003091,NPG_00030,NPU_00045,custom,8,settled,18
SHR_00003186,NPE_00003186,NPG_00006,NPU_00029,equal,4,settled,8
SHR_00003187,NPE_00003187,NPG_00007,NPU_00003,equal,10,settled,1
SHR_00003188,NPE_00003188,NPG_00010,NPU_00019,equal,2,settled,6
SHR_00003189,NPE_00003189,NPG_00015,NPU_00071,equal,5,settled,7
SHR_00003190,NPE_00003190,NPG_00017,NPU_00042,equal,7,settled,4
SHR_00003191,NPE_00003191,NPG_00024,NPU_00058,equal,2,settled,13
SHR_00003192,NPE_00003192,NPG_00030,NPU_00074,custom,8,settled,5
SHR_00003295,NPE_00003295,NPG_00008,NPU_00028,equal,6,settled,12
SHR_00003296,NPE_00003296,NPG_00014,NPU_00019,equal,4,settled,5
SHR_00003297,NPE_00003297,NPG_00015,NPU_00047,equal,5,settled,4
SHR_00003298,NPE_00003298,NPG_00016,NPU_00075,equal,4,settled,5
SHR_00003299,NPE_00003299,NPG_00019,NPU_00021,percentage,3,settled,9
SHR_00003300,NPE_00003300,NPG_00020,NPU_00020,percentage,5,settled,17
SHR_00003301,NPE_00003301,NPG_00023,NPU_00040,equal,3,settled,2
SHR_00003302,NPE_00003302,NPG_00028,NPU_00008,equal,4,settled,2
SHR_00003303,NPE_00003303,NPG_00029,NPU_00053,equal,4,settled,7
SHR_00003450,NPE_00003450,NPG_00001,NPU_00056,custom,3,settled,6
SHR_00003451,NPE_00003451,NPG_00004,NPU_00071,equal,8,settled,0
SHR_00003452,NPE_00003452,NPG_00008,NPU_00028,equal,6,settled,6
SHR_00003453,NPE_00003453,NPG_00009,NPU_00012,equal,2,settled,0
SHR_00003454,NPE_00003454,NPG_00010,NPU_00041,equal,2,settled,0
SHR_00003455,NPE_00003455,NPG_00014,NPU_00007,equal,4,settled,9
SHR_00003456,NPE_00003456,NPG_00017,NPU_00052,equal,7,settled,14
SHR_00003457,NPE_00003457,NPG_00023,NPU_00058,equal,3,settled,4
SHR_00003458,NPE_00003458,NPG_00025,NPU_00020,equal,10,settled,14
SHR_00003535,NPE_00003535,NPG_00004,NPU_00058,equal,8,settled,10
SHR_00003536,NPE_00003536,NPG_00005,NPU_00066,equal,4,settled,7
SHR_00003537,NPE_00003537,NPG_00013,NPU_00066,custom,3,settled,8
SHR_00003538,NPE_00003538,NPG_00014,NPU_00007,equal,4,settled,11
SHR_00003539,NPE_00003539,NPG_00021,NPU_00068,equal,7,settled,12
SHR_00003540,NPE_00003540,NPG_00030,NPU_00063,custom,8,settled,11
SHR_00003629,NPE_00003629,NPG_00009,NPU_00012,equal,2,settled,1
SHR_00003630,NPE_00003630,NPG_00010,NPU_00019,equal,2,settled,3
SHR_00003631,NPE_00003631,NPG_00016,NPU_00073,equal,4,settled,8
SHR_00003632,NPE_00003632,NPG_00024,NPU_00058,equal,2,settled,7
SHR_00003633,NPE_00003633,NPG_00026,NPU_00049,equal,6,settled,9
SHR_00003761,NPE_00003761,NPG_00009,NPU_00028,equal,2,settled,6
SHR_00003762,NPE_00003762,NPG_00015,NPU_00047,equal,5,settled,13
SHR_00003763,NPE_00003763,NPG_00021,NPU_00032,equal,7,settled,8
SHR_00003764,NPE_00003764,NPG_00022,NPU_00049,equal,2,settled,2
SHR_00003839,NPE_00003839,NPG_00014,NPU_00028,equal,4,settled,15
SHR_00003840,NPE_00003840,NPG_00020,NPU_00059,percentage,5,settled,14
SHR_00003841,NPE_00003841,NPG_00021,NPU_00007,equal,7,settled,2
SHR_00003842,NPE_00003842,NPG_00026,NPU_00047,equal,6,settled,0
SHR_00003934,NPE_00003934,NPG_00008,NPU_00028,equal,6,settled,13
SHR_00003935,NPE_00003935,NPG_00011,NPU_00041,equal,6,settled,11
SHR_00003936,NPE_00003936,NPG_00017,NPU_00042,equal,7,settled,4
SHR_00004036,NPE_00004036,NPG_00005,NPU_00013,equal,4,settled,10
SHR_00004037,NPE_00004037,NPG_00008,NPU_00051,equal,6,settled,1
SHR_00004038,NPE_00004038,NPG_00013,NPU_00003,custom,3,settled,7
SHR_00004039,NPE_00004039,NPG_00019,NPU_00059,percentage,3,settled,11
SHR_00004040,NPE_00004040,NPG_00023,NPU_00040,equal,3,settled,11
SHR_00004041,NPE_00004041,NPG_00024,NPU_00058,equal,2,settled,11
SHR_00004195,NPE_00004195,NPG_00005,NPU_00013,equal,4,settled,11
SHR_00004196,NPE_00004196,NPG_00010,NPU_00041,equal,2,settled,0
SHR_00004197,NPE_00004197,NPG_00012,NPU_00070,equal,3,settled,6
SHR_00004198,NPE_00004198,NPG_00014,NPU_00007,equal,4,settled,8
SHR_00004199,NPE_00004199,NPG_00023,NPU_00001,equal,3,settled,9
SHR_00004200,NPE_00004200,NPG_00028,NPU_00008,equal,4,settled,5
SHR_00004285,NPE_00004285,NPG_00003,NPU_00034,custom,3,settled,14
SHR_00004286,NPE_00004286,NPG_00005,NPU_00066,equal,4,settled,12
SHR_00004287,NPE_00004287,NPG_00006,NPU_00047,equal,4,settled,11
SHR_00004288,NPE_00004288,NPG_00009,NPU_00028,equal,2,settled,5
SHR_00004289,NPE_00004289,NPG_00014,NPU_00067,equal,4,settled,4
SHR_00004290,NPE_00004290,NPG_00018,NPU_00076,custom,4,settled,12
SHR_00004291,NPE_00004291,NPG_00026,NPU_00047,equal,6,settled,11
SHR_00004292,NPE_00004292,NPG_00028,NPU_00027,equal,4,settled,7
SHR_00004363,NPE_00004363,NPG_00010,NPU_00019,equal,2,settled,5
SHR_00004364,NPE_00004364,NPG_00013,NPU_00066,custom,3,settled,5
SHR_00004365,NPE_00004365,NPG_00023,NPU_00058,equal,3,settled,1
SHR_00004366,NPE_00004366,NPG_00026,NPU_00052,equal,6,settled,13
SHR_00004367,NPE_00004367,NPG_00030,NPU_00074,custom,8,settled,13
SHR_00004473,NPE_00004473,NPG_00008,NPU_00017,equal,6,settled,14
SHR_00004474,NPE_00004474,NPG_00009,NPU_00028,equal,2,settled,6
SHR_00004475,NPE_00004475,NPG_00015,NPU_00012,equal,5,settled,0
SHR_00004476,NPE_00004476,NPG_00024,NPU_00058,equal,2,settled,4
SHR_00004477,NPE_00004477,NPG_00030,NPU_00043,custom,8,settled,14
SHR_00004561,NPE_00004561,NPG_00010,NPU_00041,equal,2,settled,7
SHR_00004562,NPE_00004562,NPG_00016,NPU_00073,equal,4,settled,11
SHR_00004563,NPE_00004563,NPG_00017,NPU_00023,equal,7,settled,5
SHR_00004564,NPE_00004564,NPG_00021,NPU_00007,equal,7,settled,6
SHR_00004648,NPE_00004648,NPG_00002,NPU_00072,equal,8,settled,10
SHR_00004649,NPE_00004649,NPG_00010,NPU_00041,equal,2,settled,12
SHR_00004650,NPE_00004650,NPG_00014,NPU_00007,equal,4,settled,10
SHR_00004651,NPE_00004651,NPG_00027,NPU_00062,custom,3,settled,6
SHR_00004791,NPE_00004791,NPG_00006,NPU_00029,equal,4,settled,12
SHR_00004792,NPE_00004792,NPG_00007,NPU_00015,equal,10,settled,7
SHR_00004793,NPE_00004793,NPG_00009,NPU_00028,equal,2,settled,8
SHR_00004794,NPE_00004794,NPG_00010,NPU_00041,equal,2,settled,10
SHR_00004795,NPE_00004795,NPG_00013,NPU_00066,custom,3,settled,7
SHR_00004796,NPE_00004796,NPG_00019,NPU_00059,percentage,3,settled,0
SHR_00004892,NPE_00004892,NPG_00008,NPU_00060,equal,6,settled,10
SHR_00004893,NPE_00004893,NPG_00011,NPU_00053,equal,6,settled,7
SHR_00004894,NPE_00004894,NPG_00019,NPU_00038,percentage,3,settled,6
SHR_00004969,NPE_00004969,NPG_00006,NPU_00047,equal,4,settled,11
SHR_00004970,NPE_00004970,NPG_00019,NPU_00038,percentage,3,settled,10
SHR_00004971,NPE_00004971,NPG_00020,NPU_00056,percentage,5,settled,1
SHR_00004972,NPE_00004972,NPG_00023,NPU_00001,equal,3,settled,8
SHR_00004973,NPE_00004973,NPG_00026,NPU_00049,equal,6,settled,5
SHR_00005069,NPE_00005069,NPG_00008,NPU_00060,equal,6,settled,0
SHR_00005070,NPE_00005070,NPG_00016,NPU_00073,equal,4,settled,6
SHR_00005071,NPE_00005071,NPG_00021,NPU_00008,equal,7,settled,4
SHR_00005072,NPE_00005072,NPG_00024,NPU_00078,equal,2,settled,3
SHR_00005073,NPE_00005073,NPG_00030,NPU_00010,custom,8,settled,11
SHR_00005150,NPE_00005150,NPG_00008,NPU_00069,equal,6,settled,9
SHR_00005151,NPE_00005151,NPG_00010,NPU_00041,equal,2,settled,5
SHR_00005152,NPE_00005152,NPG_00014,NPU_00007,equal,4,settled,2
SHR_00005153,NPE_00005153,NPG_00019,NPU_00059,percentage,3,settled,12
SHR_00005154,NPE_00005154,NPG_00023,NPU_00001,equal,3,settled,0
SHR_00005155,NPE_00005155,NPG_00024,NPU_00058,equal,2,settled,3
SHR_00005156,NPE_00005156,NPG_00029,NPU_00047,equal,4,settled,2
SHR_00005157,NPE_00005157,NPG_00030,NPU_00045,custom,8,settled,17
SHR_00005227,NPE_00005227,NPG_00004,NPU_00075,equal,8,settled,8
SHR_00005228,NPE_00005228,NPG_00008,NPU_00060,equal,6,settled,0
SHR_00005229,NPE_00005229,NPG_00010,NPU_00041,equal,2,settled,12
SHR_00005230,NPE_00005230,NPG_00016,NPU_00073,equal,4,settled,4
SHR_00005231,NPE_00005231,NPG_00018,NPU_00029,custom,4,settled,16
SHR_00005232,NPE_00005232,NPG_00023,NPU_00058,equal,3,settled,8
SHR_00005233,NPE_00005233,NPG_00029,NPU_00047,equal,4,settled,4
SHR_00005313,NPE_00005313,NPG_00014,NPU_00007,equal,4,settled,8
SHR_00005314,NPE_00005314,NPG_00017,NPU_00023,equal,7,settled,9
SHR_00005315,NPE_00005315,NPG_00019,NPU_00021,percentage,3,settled,14
SHR_00005316,NPE_00005316,NPG_00023,NPU_00001,equal,3,settled,3
SHR_00005317,NPE_00005317,NPG_00029,NPU_00058,equal,4,pending,22
SHR_00005413,NPE_00005413,NPG_00002,NPU_00060,equal,8,settled,14
SHR_00005414,NPE_00005414,NPG_00004,NPU_00064,equal,8,settled,7
SHR_00005415,NPE_00005415,NPG_00005,NPU_00066,equal,4,settled,0
SHR_00005416,NPE_00005416,NPG_00006,NPU_00029,equal,4,settled,18
SHR_00005417,NPE_00005417,NPG_00009,NPU_00012,equal,2,settled,9
SHR_00005418,NPE_00005418,NPG_00010,NPU_00041,equal,2,settled,0
SHR_00005419,NPE_00005419,NPG_00017,NPU_00067,equal,7,settled,7
SHR_00005420,NPE_00005420,NPG_00019,NPU_00038,percentage,3,settled,14
SHR_00005421,NPE_00005421,NPG_00023,NPU_00040,equal,3,settled,12
SHR_00005422,NPE_00005422,NPG_00024,NPU_00058,equal,2,settled,7
SHR_00005423,NPE_00005423,NPG_00025,NPU_00022,equal,10,settled,11
SHR_00005424,NPE_00005424,NPG_00028,NPU_00050,equal,4,settled,8
SHR_00005425,NPE_00005425,NPG_00030,NPU_00060,custom,8,settled,10
SHR_00005510,NPE_00005510,NPG_00002,NPU_00046,equal,8,settled,4
SHR_00005511,NPE_00005511,NPG_00005,NPU_00013,equal,4,settled,4
SHR_00005512,NPE_00005512,NPG_00009,NPU_00012,equal,2,settled,5
SHR_00005513,NPE_00005513,NPG_00015,NPU_00054,equal,5,settled,7
SHR_00005514,NPE_00005514,NPG_00017,NPU_00023,equal,7,settled,14
SHR_00005515,NPE_00005515,NPG_00023,NPU_00001,equal,3,settled,11
SHR_00005516,NPE_00005516,NPG_00024,NPU_00058,equal,2,settled,10
SHR_00005585,NPE_00005585,NPG_00005,NPU_00066,equal,4,settled,4
SHR_00005586,NPE_00005586,NPG_00006,NPU_00029,equal,4,settled,4
SHR_00005587,NPE_00005587,NPG_00019,NPU_00021,percentage,3,settled,12
SHR_00005588,NPE_00005588,NPG_00021,NPU_00007,equal,7,settled,10
SHR_00005589,NPE_00005589,NPG_00022,NPU_00009,equal,2,settled,1
SHR_00005590,NPE_00005590,NPG_00024,NPU_00078,equal,2,settled,8
SHR_00005591,NPE_00005591,NPG_00028,NPU_00027,equal,4,settled,10
SHR_00005592,NPE_00005592,NPG_00030,NPU_00010,custom,8,settled,17
SHR_00005665,NPE_00005665,NPG_00009,NPU_00012,equal,2,settled,1
SHR_00005666,NPE_00005666,NPG_00010,NPU_00041,equal,2,settled,4
SHR_00005667,NPE_00005667,NPG_00016,NPU_00047,equal,4,settled,6
SHR_00005668,NPE_00005668,NPG_00019,NPU_00059,percentage,3,settled,5
SHR_00005779,NPE_00005779,NPG_00008,NPU_00055,equal,6,settled,21
SHR_00005780,NPE_00005780,NPG_00015,NPU_00071,equal,5,settled,10
SHR_00005781,NPE_00005781,NPG_00024,NPU_00078,equal,2,settled,13
SHR_00005848,NPE_00005848,NPG_00002,NPU_00072,equal,8,settled,14
SHR_00005849,NPE_00005849,NPG_00005,NPU_00066,equal,4,settled,14
SHR_00005850,NPE_00005850,NPG_00009,NPU_00012,equal,2,settled,8
SHR_00005851,NPE_00005851,NPG_00010,NPU_00019,equal,2,settled,7
SHR_00005852,NPE_00005852,NPG_00016,NPU_00035,equal,4,settled,3
SHR_00005853,NPE_00005853,NPG_00023,NPU_00058,equal,3,settled,0
SHR_00005854,NPE_00005854,NPG_00029,NPU_00058,equal,4,settled,7
SHR_00005953,NPE_00005953,NPG_00006,NPU_00019,equal,4,settled,0
SHR_00005954,NPE_00005954,NPG_00013,NPU_00066,custom,3,settled,9
SHR_00005955,NPE_00005955,NPG_00015,NPU_00065,equal,5,settled,10
SHR_00006061,NPE_00006061,NPG_00007,NPU_00004,equal,10,settled,7
SHR_00006062,NPE_00006062,NPG_00009,NPU_00012,equal,2,settled,9
SHR_00006063,NPE_00006063,NPG_00012,NPU_00070,equal,3,settled,4
SHR_00006064,NPE_00006064,NPG_00013,NPU_00066,custom,3,settled,0
SHR_00006065,NPE_00006065,NPG_00016,NPU_00073,equal,4,settled,0
SHR_00006066,NPE_00006066,NPG_00019,NPU_00021,percentage,3,settled,13
SHR_00006067,NPE_00006067,NPG_00021,NPU_00008,equal,7,settled,9
SHR_00006068,NPE_00006068,NPG_00024,NPU_00078,equal,2,settled,4
SHR_00006069,NPE_00006069,NPG_00027,NPU_00062,custom,3,settled,8
SHR_00006211,NPE_00006211,NPG_00006,NPU_00029,equal,4,settled,0
SHR_00006212,NPE_00006212,NPG_00010,NPU_00019,equal,2,settled,5
SHR_00006213,NPE_00006213,NPG_00014,NPU_00007,equal,4,settled,3
SHR_00006214,NPE_00006214,NPG_00016,NPU_00047,equal,4,settled,0
SHR_00006215,NPE_00006215,NPG_00028,NPU_00008,equal,4,settled,5
SHR_00006281,NPE_00006281,NPG_00014,NPU_00067,equal,4,settled,7
SHR_00006282,NPE_00006282,NPG_00021,NPU_00080,equal,7,settled,13
SHR_00006283,NPE_00006283,NPG_00024,NPU_00078,equal,2,settled,2
SHR_00006284,NPE_00006284,NPG_00025,NPU_00061,equal,10,settled,3
SHR_00006359,NPE_00006359,NPG_00002,NPU_00063,equal,8,settled,5
SHR_00006360,NPE_00006360,NPG_00004,NPU_00071,equal,8,settled,11
SHR_00006361,NPE_00006361,NPG_00006,NPU_00047,equal,4,settled,12
SHR_00006362,NPE_00006362,NPG_00010,NPU_00041,equal,2,settled,0
SHR_00006363,NPE_00006363,NPG_00014,NPU_00019,equal,4,settled,14
SHR_00006364,NPE_00006364,NPG_00017,NPU_00071,equal,7,settled,13
SHR_00006365,NPE_00006365,NPG_00019,NPU_00021,percentage,3,settled,7
SHR_00006366,NPE_00006366,NPG_00023,NPU_00001,equal,3,settled,6
SHR_00006495,NPE_00006495,NPG_00001,NPU_00056,custom,3,settled,14
SHR_00006496,NPE_00006496,NPG_00017,NPU_00023,equal,7,settled,8
SHR_00006497,NPE_00006497,NPG_00019,NPU_00021,percentage,3,settled,10
SHR_00006498,NPE_00006498,NPG_00020,NPU_00059,percentage,5,settled,11
SHR_00006499,NPE_00006499,NPG_00028,NPU_00058,equal,4,settled,3
SHR_00006558,NPE_00006558,NPG_00010,NPU_00041,equal,2,settled,8
SHR_00006559,NPE_00006559,NPG_00019,NPU_00021,percentage,3,settled,6
SHR_00006625,NPE_00006625,NPG_00007,NPU_00004,equal,10,settled,13
SHR_00006626,NPE_00006626,NPG_00010,NPU_00019,equal,2,settled,14
SHR_00006627,NPE_00006627,NPG_00025,NPU_00026,equal,10,settled,10
SHR_00006628,NPE_00006628,NPG_00026,NPU_00049,equal,6,settled,7
SHR_00006629,NPE_00006629,NPG_00028,NPU_00058,equal,4,settled,5
SHR_00006739,NPE_00006739,NPG_00004,NPU_00064,equal,8,settled,4
SHR_00006740,NPE_00006740,NPG_00007,NPU_00055,equal,10,settled,14
SHR_00006741,NPE_00006741,NPG_00009,NPU_00028,equal,2,settled,7
SHR_00006742,NPE_00006742,NPG_00015,NPU_00054,equal,5,settled,11
SHR_00006743,NPE_00006743,NPG_00017,NPU_00042,equal,7,settled,6
SHR_00006744,NPE_00006744,NPG_00019,NPU_00021,percentage,3,settled,4
SHR_00006745,NPE_00006745,NPG_00021,NPU_00021,equal,7,settled,3
SHR_00006746,NPE_00006746,NPG_00022,NPU_00009,equal,2,settled,14
SHR_00006907,NPE_00006907,NPG_00006,NPU_00029,equal,4,settled,11
SHR_00006908,NPE_00006908,NPG_00013,NPU_00003,custom,3,settled,7
SHR_00006909,NPE_00006909,NPG_00019,NPU_00059,percentage,3,settled,13
SHR_00006910,NPE_00006910,NPG_00021,NPU_00021,equal,7,settled,10
SHR_00006911,NPE_00006911,NPG_00027,NPU_00062,custom,3,settled,12
SHR_00006912,NPE_00006912,NPG_00028,NPU_00050,equal,4,settled,13
SHR_00006913,NPE_00006913,NPG_00029,NPU_00053,equal,4,settled,0
SHR_00006991,NPE_00006991,NPG_00002,NPU_00072,equal,8,settled,11
SHR_00006992,NPE_00006992,NPG_00006,NPU_00054,equal,4,settled,2
SHR_00006993,NPE_00006993,NPG_00016,NPU_00073,equal,4,settled,6
SHR_00006994,NPE_00006994,NPG_00017,NPU_00042,equal,7,settled,16
SHR_00006995,NPE_00006995,NPG_00018,NPU_00029,custom,4,settled,11
SHR_00006996,NPE_00006996,NPG_00019,NPU_00059,percentage,3,settled,8
SHR_00006997,NPE_00006997,NPG_00023,NPU_00001,equal,3,settled,4
SHR_00006998,NPE_00006998,NPG_00026,NPU_00070,equal,6,settled,3
SHR_00006999,NPE_00006999,NPG_00029,NPU_00058,equal,4,settled,4
SHR_00007099,NPE_00007099,NPG_00006,NPU_00019,equal,4,settled,11
SHR_00007100,NPE_00007100,NPG_00008,NPU_00017,equal,6,settled,9
SHR_00007101,NPE_00007101,NPG_00010,NPU_00041,equal,2,settled,0
SHR_00007102,NPE_00007102,NPG_00015,NPU_00054,equal,5,settled,10
SHR_00007103,NPE_00007103,NPG_00024,NPU_00078,equal,2,settled,6
SHR_00007215,NPE_00007215,NPG_00010,NPU_00019,equal,2,settled,5
SHR_00007216,NPE_00007216,NPG_00019,NPU_00038,percentage,3,settled,0
SHR_00007217,NPE_00007217,NPG_00028,NPU_00050,equal,4,settled,1
SHR_00007292,NPE_00007292,NPG_00002,NPU_00063,equal,8,settled,2
SHR_00007293,NPE_00007293,NPG_00008,NPU_00028,equal,6,pending,24
SHR_00007294,NPE_00007294,NPG_00015,NPU_00054,equal,5,settled,6
SHR_00007295,NPE_00007295,NPG_00017,NPU_00003,equal,7,settled,2
SHR_00007296,NPE_00007296,NPG_00019,NPU_00021,percentage,3,settled,6
SHR_00007297,NPE_00007297,NPG_00020,NPU_00056,percentage,5,settled,6
SHR_00007298,NPE_00007298,NPG_00028,NPU_00008,equal,4,settled,20
SHR_00007299,NPE_00007299,NPG_00030,NPU_00074,custom,8,settled,10
SHR_00007374,NPE_00007374,NPG_00006,NPU_00054,equal,4,settled,10
SHR_00007375,NPE_00007375,NPG_00008,NPU_00055,equal,6,settled,7
SHR_00007376,NPE_00007376,NPG_00010,NPU_00041,equal,2,settled,0
SHR_00007377,NPE_00007377,NPG_00012,NPU_00020,equal,3,settled,0
SHR_00007378,NPE_00007378,NPG_00019,NPU_00059,percentage,3,settled,2
SHR_00007379,NPE_00007379,NPG_00025,NPU_00044,equal,10,settled,6
SHR_00007380,NPE_00007380,NPG_00026,NPU_00052,equal,6,settled,17
SHR_00007381,NPE_00007381,NPG_00030,NPU_00063,custom,8,settled,9
SHR_00007508,NPE_00007508,NPG_00002,NPU_00032,equal,8,settled,4
SHR_00007509,NPE_00007509,NPG_00007,NPU_00071,equal,10,settled,11
SHR_00007510,NPE_00007510,NPG_00010,NPU_00041,equal,2,settled,0
SHR_00007511,NPE_00007511,NPG_00019,NPU_00038,percentage,3,settled,2
SHR_00007512,NPE_00007512,NPG_00023,NPU_00001,equal,3,settled,3
SHR_00007513,NPE_00007513,NPG_00028,NPU_00050,equal,4,settled,10
SHR_00007601,NPE_00007601,NPG_00014,NPU_00067,equal,4,settled,0
SHR_00007602,NPE_00007602,NPG_00015,NPU_00071,equal,5,settled,3
SHR_00007603,NPE_00007603,NPG_00024,NPU_00058,equal,2,settled,8
SHR_00007669,NPE_00007669,NPG_00002,NPU_00072,equal,8,settled,4
SHR_00007670,NPE_00007670,NPG_00014,NPU_00028,equal,4,settled,1
SHR_00007671,NPE_00007671,NPG_00028,NPU_00050,equal,4,settled,3
SHR_00007672,NPE_00007672,NPG_00030,NPU_00010,custom,8,settled,20
SHR_00007732,NPE_00007732,NPG_00004,NPU_00001,equal,8,settled,1
SHR_00007733,NPE_00007733,NPG_00008,NPU_00028,equal,6,settled,10
SHR_00007734,NPE_00007734,NPG_00015,NPU_00054,equal,5,settled,8
SHR_00007735,NPE_00007735,NPG_00019,NPU_00038,percentage,3,settled,6
SHR_00007736,NPE_00007736,NPG_00020,NPU_00020,percentage,5,settled,3
SHR_00007737,NPE_00007737,NPG_00030,NPU_00021,custom,8,settled,6
SHR_00007824,NPE_00007824,NPG_00009,NPU_00028,equal,2,settled,0
SHR_00007825,NPE_00007825,NPG_00010,NPU_00041,equal,2,settled,15
SHR_00007826,NPE_00007826,NPG_00014,NPU_00028,equal,4,settled,3
SHR_00007827,NPE_00007827,NPG_00024,NPU_00058,equal,2,settled,7
SHR_00007828,NPE_00007828,NPG_00026,NPU_00049,equal,6,settled,11
SHR_00007829,NPE_00007829,NPG_00028,NPU_00050,equal,4,settled,20
SHR_00007905,NPE_00007905,NPG_00007,NPU_00054,equal,10,settled,4
SHR_00007906,NPE_00007906,NPG_00008,NPU_00055,equal,6,settled,1
SHR_00007987,NPE_00007987,NPG_00004,NPU_00059,equal,8,settled,0
SHR_00007988,NPE_00007988,NPG_00009,NPU_00012,equal,2,settled,6
SHR_00007989,NPE_00007989,NPG_00013,NPU_00066,custom,3,settled,10
SHR_00007990,NPE_00007990,NPG_00021,NPU_00019,equal,7,settled,4
SHR_00007991,NPE_00007991,NPG_00023,NPU_00001,equal,3,settled,8
SHR_00007992,NPE_00007992,NPG_00024,NPU_00078,equal,2,settled,11
SHR_00007993,NPE_00007993,NPG_00026,NPU_00052,equal,6,settled,10
SHR_00007994,NPE_00007994,NPG_00027,NPU_00062,custom,3,settled,10
SHR_00007995,NPE_00007995,NPG_00028,NPU_00008,equal,4,settled,11
SHR_00007996,NPE_00007996,NPG_00029,NPU_00053,equal,4,settled,0
SHR_00008089,NPE_00008089,NPG_00017,NPU_00023,equal,7,settled,3
SHR_00008090,NPE_00008090,NPG_00023,NPU_00040,equal,3,settled,2
SHR_00008091,NPE_00008091,NPG_00025,NPU_00044,equal,10,settled,6
SHR_00008092,NPE_00008092,NPG_00028,NPU_00050,equal,4,settled,8
SHR_00008181,NPE_00008181,NPG_00005,NPU_00013,equal,4,settled,1
SHR_00008182,NPE_00008182,NPG_00006,NPU_00047,equal,4,settled,7
SHR_00008183,NPE_00008183,NPG_00008,NPU_00028,equal,6,settled,12
SHR_00008184,NPE_00008184,NPG_00009,NPU_00028,equal,2,settled,0
SHR_00008185,NPE_00008185,NPG_00014,NPU_00019,equal,4,settled,11
SHR_00008186,NPE_00008186,NPG_00016,NPU_00035,equal,4,settled,3
SHR_00008187,NPE_00008187,NPG_00020,NPU_00040,percentage,5,settled,7
SHR_00008188,NPE_00008188,NPG_00025,NPU_00020,equal,10,settled,10
SHR_00008189,NPE_00008189,NPG_00028,NPU_00027,equal,4,settled,6
SHR_00008190,NPE_00008190,NPG_00029,NPU_00024,equal,4,settled,3
SHR_00008251,NPE_00008251,NPG_00002,NPU_00054,equal,8,settled,8
SHR_00008252,NPE_00008252,NPG_00005,NPU_00026,equal,4,settled,11
SHR_00008253,NPE_00008253,NPG_00021,NPU_00019,equal,7,settled,12
SHR_00008254,NPE_00008254,NPG_00028,NPU_00027,equal,4,settled,7
SHR_00008340,NPE_00008340,NPG_00002,NPU_00032,equal,8,settled,11
SHR_00008341,NPE_00008341,NPG_00006,NPU_00054,equal,4,settled,3
SHR_00008342,NPE_00008342,NPG_00021,NPU_00008,equal,7,settled,11
SHR_00008343,NPE_00008343,NPG_00026,NPU_00052,equal,6,settled,7
SHR_00008344,NPE_00008344,NPG_00028,NPU_00027,equal,4,settled,2
SHR_00008417,NPE_00008417,NPG_00004,NPU_00071,equal,8,settled,8
SHR_00008418,NPE_00008418,NPG_00005,NPU_00026,equal,4,settled,9
SHR_00008419,NPE_00008419,NPG_00008,NPU_00028,equal,6,settled,2
SHR_00008420,NPE_00008420,NPG_00010,NPU_00019,equal,2,settled,0
SHR_00008421,NPE_00008421,NPG_00014,NPU_00019,equal,4,settled,5
SHR_00008422,NPE_00008422,NPG_00025,NPU_00026,equal,10,settled,0
SHR_00008423,NPE_00008423,NPG_00029,NPU_00058,equal,4,settled,5
SHR_00008500,NPE_00008500,NPG_00002,NPU_00072,equal,8,settled,16
SHR_00008501,NPE_00008501,NPG_00006,NPU_00054,equal,4,settled,2
SHR_00008502,NPE_00008502,NPG_00009,NPU_00028,equal,2,settled,0
SHR_00008503,NPE_00008503,NPG_00015,NPU_00047,equal,5,settled,2
SHR_00008504,NPE_00008504,NPG_00016,NPU_00073,equal,4,settled,6
SHR_00008505,NPE_00008505,NPG_00025,NPU_00061,equal,10,pending,25
SHR_00008506,NPE_00008506,NPG_00028,NPU_00058,equal,4,settled,5
SHR_00008592,NPE_00008592,NPG_00006,NPU_00047,equal,4,settled,7
SHR_00008593,NPE_00008593,NPG_00008,NPU_00060,equal,6,settled,5
SHR_00008594,NPE_00008594,NPG_00009,NPU_00012,equal,2,settled,9
SHR_00008595,NPE_00008595,NPG_00010,NPU_00041,equal,2,settled,4
SHR_00008596,NPE_00008596,NPG_00013,NPU_00066,custom,3,settled,13
SHR_00008597,NPE_00008597,NPG_00017,NPU_00052,equal,7,settled,10
SHR_00008598,NPE_00008598,NPG_00019,NPU_00059,percentage,3,settled,0
SHR_00008599,NPE_00008599,NPG_00021,NPU_00080,equal,7,settled,10
SHR_00008600,NPE_00008600,NPG_00024,NPU_00078,equal,2,settled,0
SHR_00008601,NPE_00008601,NPG_00025,NPU_00001,equal,10,settled,9
SHR_00008602,NPE_00008602,NPG_00028,NPU_00027,equal,4,settled,1
SHR_00008714,NPE_00008714,NPG_00010,NPU_00019,equal,2,settled,9
SHR_00008715,NPE_00008715,NPG_00015,NPU_00071,equal,5,settled,0
SHR_00008716,NPE_00008716,NPG_00024,NPU_00078,equal,2,settled,4
SHR_00008812,NPE_00008812,NPG_00001,NPU_00079,custom,3,settled,14
SHR_00008813,NPE_00008813,NPG_00010,NPU_00019,equal,2,settled,0
SHR_00008814,NPE_00008814,NPG_00017,NPU_00023,equal,7,settled,5
SHR_00008815,NPE_00008815,NPG_00019,NPU_00038,percentage,3,settled,10
SHR_00008816,NPE_00008816,NPG_00021,NPU_00019,equal,7,settled,13
SHR_00008817,NPE_00008817,NPG_00023,NPU_00040,equal,3,settled,8
SHR_00008818,NPE_00008818,NPG_00024,NPU_00078,equal,2,settled,12
SHR_00008819,NPE_00008819,NPG_00026,NPU_00052,equal,6,settled,10
SHR_00008913,NPE_00008913,NPG_00006,NPU_00029,equal,4,settled,6
SHR_00008914,NPE_00008914,NPG_00008,NPU_00060,equal,6,settled,9
SHR_00008915,NPE_00008915,NPG_00015,NPU_00047,equal,5,settled,6
SHR_00008916,NPE_00008916,NPG_00019,NPU_00038,percentage,3,settled,8
SHR_00008917,NPE_00008917,NPG_00026,NPU_00070,equal,6,settled,5
SHR_00008985,NPE_00008985,NPG_00010,NPU_00019,equal,2,settled,7
SHR_00008986,NPE_00008986,NPG_00013,NPU_00066,custom,3,settled,9
SHR_00008987,NPE_00008987,NPG_00019,NPU_00021,percentage,3,settled,9
SHR_00009124,NPE_00009124,NPG_00002,NPU_00072,equal,8,settled,13
SHR_00009125,NPE_00009125,NPG_00006,NPU_00047,equal,4,settled,0
SHR_00009126,NPE_00009126,NPG_00013,NPU_00077,custom,3,settled,10
SHR_00009127,NPE_00009127,NPG_00015,NPU_00071,equal,5,settled,15
SHR_00009128,NPE_00009128,NPG_00019,NPU_00021,percentage,3,settled,10
SHR_00009129,NPE_00009129,NPG_00022,NPU_00049,equal,2,settled,3
SHR_00009195,NPE_00009195,NPG_00014,NPU_00007,equal,4,settled,9
SHR_00009196,NPE_00009196,NPG_00018,NPU_00029,custom,4,settled,4
SHR_00009197,NPE_00009197,NPG_00021,NPU_00019,equal,7,settled,13
SHR_00009198,NPE_00009198,NPG_00024,NPU_00058,equal,2,settled,5
SHR_00009199,NPE_00009199,NPG_00026,NPU_00049,equal,6,settled,20
SHR_00009200,NPE_00009200,NPG_00028,NPU_00008,equal,4,settled,4
SHR_00009201,NPE_00009201,NPG_00030,NPU_00060,custom,8,settled,16
SHR_00009279,NPE_00009279,NPG_00002,NPU_00032,equal,8,settled,5
SHR_00009280,NPE_00009280,NPG_00008,NPU_00069,equal,6,settled,2
SHR_00009281,NPE_00009281,NPG_00012,NPU_00015,equal,3,settled,4
SHR_00009282,NPE_00009282,NPG_00027,NPU_00005,custom,3,settled,3
SHR_00009436,NPE_00009436,NPG_00002,NPU_00060,equal,8,settled,4
SHR_00009437,NPE_00009437,NPG_00012,NPU_00015,equal,3,settled,5
SHR_00009438,NPE_00009438,NPG_00015,NPU_00065,equal,5,settled,3
SHR_00009439,NPE_00009439,NPG_00017,NPU_00067,equal,7,settled,10
SHR_00009440,NPE_00009440,NPG_00019,NPU_00038,percentage,3,settled,2
SHR_00009441,NPE_00009441,NPG_00028,NPU_00027,equal,4,settled,3
SHR_00009544,NPE_00009544,NPG_00004,NPU_00073,equal,8,settled,5
SHR_00009545,NPE_00009545,NPG_00006,NPU_00047,equal,4,settled,5
SHR_00009546,NPE_00009546,NPG_00008,NPU_00051,equal,6,settled,8
SHR_00009547,NPE_00009547,NPG_00010,NPU_00019,equal,2,settled,6
SHR_00009548,NPE_00009548,NPG_00014,NPU_00067,equal,4,settled,11
SHR_00009549,NPE_00009549,NPG_00020,NPU_00056,percentage,5,settled,10
SHR_00009625,NPE_00009625,NPG_00004,NPU_00001,equal,8,pending,22
SHR_00009626,NPE_00009626,NPG_00013,NPU_00077,custom,3,settled,17
SHR_00009627,NPE_00009627,NPG_00016,NPU_00073,equal,4,settled,20
SHR_00009628,NPE_00009628,NPG_00023,NPU_00058,equal,3,settled,7
SHR_00009629,NPE_00009629,NPG_00024,NPU_00078,equal,2,settled,13
SHR_00009701,NPE_00009701,NPG_00001,NPU_00079,custom,3,settled,10
SHR_00009702,NPE_00009702,NPG_00004,NPU_00001,equal,8,settled,18
SHR_00009703,NPE_00009703,NPG_00009,NPU_00028,equal,2,settled,9
SHR_00009704,NPE_00009704,NPG_00013,NPU_00066,custom,3,settled,10
SHR_00009705,NPE_00009705,NPG_00018,NPU_00029,custom,4,settled,16
SHR_00009706,NPE_00009706,NPG_00019,NPU_00021,percentage,3,settled,13
SHR_00009707,NPE_00009707,NPG_00021,NPU_00080,equal,7,settled,17
SHR_00009708,NPE_00009708,NPG_00022,NPU_00009,equal,2,settled,17
SHR_00009709,NPE_00009709,NPG_00025,NPU_00018,equal,10,settled,15
SHR_00009710,NPE_00009710,NPG_00030,NPU_00063,custom,8,settled,12
SHR_00009845,NPE_00009845,NPG_00002,NPU_00032,equal,8,pending,26
SHR_00009846,NPE_00009846,NPG_00003,NPU_00020,custom,3,settled,11
SHR_00009847,NPE_00009847,NPG_00008,NPU_00055,equal,6,settled,8
SHR_00009848,NPE_00009848,NPG_00013,NPU_00066,custom,3,settled,21
SHR_00009849,NPE_00009849,NPG_00015,NPU_00012,equal,5,settled,8
SHR_00009850,NPE_00009850,NPG_00016,NPU_00073,equal,4,settled,0
SHR_00009851,NPE_00009851,NPG_00017,NPU_00067,equal,7,settled,12
SHR_00009852,NPE_00009852,NPG_00019,NPU_00059,percentage,3,settled,11
SHR_00009853,NPE_00009853,NPG_00021,NPU_00007,equal,7,settled,6
SHR_00009854,NPE_00009854,NPG_00023,NPU_00040,equal,3,settled,4
SHR_00009855,NPE_00009855,NPG_00029,NPU_00053,equal,4,settled,13
SHR_00009919,NPE_00009919,NPG_00002,NPU_00032,equal,8,settled,12
SHR_00009920,NPE_00009920,NPG_00014,NPU_00007,equal,4,settled,7
SHR_00009921,NPE_00009921,NPG_00019,NPU_00021,percentage,3,settled,5
SHR_00009922,NPE_00009922,NPG_00024,NPU_00078,equal,2,settled,17
SHR_00009923,NPE_00009923,NPG_00028,NPU_00027,equal,4,settled,13
SHR_00009982,NPE_00009982,NPG_00007,NPU_00047,equal,10,settled,11
SHR_00009983,NPE_00009983,NPG_00011,NPU_00053,equal,6,settled,2
SHR_00009984,NPE_00009984,NPG_00015,NPU_00047,equal,5,settled,12
SHR_00009985,NPE_00009985,NPG_00016,NPU_00035,equal,4,settled,16
SHR_00009986,NPE_00009986,NPG_00021,NPU_00019,equal,7,settled,19
SHR_00009987,NPE_00009987,NPG_00024,NPU_00058,equal,2,settled,9
SHR_00009988,NPE_00009988,NPG_00025,NPU_00020,equal,10,settled,14
SHR_00009989,NPE_00009989,NPG_00026,NPU_00047,equal,6,settled,1
SHR_00009990,NPE_00009990,NPG_00029,NPU_00053,equal,4,settled,0
SHR_00010102,NPE_00010102,NPG_00004,NPU_00071,equal,8,settled,13
SHR_00010103,NPE_00010103,NPG_00006,NPU_00019,equal,4,settled,7
SHR_00010104,NPE_00010104,NPG_00007,NPU_00015,equal,10,settled,13
SHR_00010105,NPE_00010105,NPG_00010,NPU_00041,equal,2,settled,15
SHR_00010106,NPE_00010106,NPG_00013,NPU_00077,custom,3,settled,13
SHR_00010107,NPE_00010107,NPG_00016,NPU_00073,equal,4,settled,13
SHR_00010108,NPE_00010108,NPG_00019,NPU_00038,percentage,3,settled,13
SHR_00010109,NPE_00010109,NPG_00020,NPU_00040,percentage,5,settled,13
SHR_00010110,NPE_00010110,NPG_00021,NPU_00021,equal,7,settled,13
SHR_00010111,NPE_00010111,NPG_00023,NPU_00058,equal,3,settled,6
SHR_00010112,NPE_00010112,NPG_00026,NPU_00052,equal,6,settled,15
SHR_00010203,NPE_00010203,NPG_00005,NPU_00046,equal,4,settled,6
SHR_00010204,NPE_00010204,NPG_00010,NPU_00041,equal,2,settled,18
SHR_00010205,NPE_00010205,NPG_00015,NPU_00065,equal,5,settled,17
SHR_00010206,NPE_00010206,NPG_00017,NPU_00023,equal,7,settled,20
SHR_00010207,NPE_00010207,NPG_00019,NPU_00059,percentage,3,settled,11
SHR_00010208,NPE_00010208,NPG_00021,NPU_00019,equal,7,settled,6
SHR_00010209,NPE_00010209,NPG_00022,NPU_00009,equal,2,settled,6
SHR_00010210,NPE_00010210,NPG_00023,NPU_00058,equal,3,settled,11
SHR_00010211,NPE_00010211,NPG_00024,NPU_00078,equal,2,settled,8
SHR_00010212,NPE_00010212,NPG_00028,NPU_00058,equal,4,settled,10
SHR_00010287,NPE_00010287,NPG_00002,NPU_00005,equal,8,settled,12
SHR_00010288,NPE_00010288,NPG_00008,NPU_00051,equal,6,settled,15
SHR_00010289,NPE_00010289,NPG_00009,NPU_00012,equal,2,settled,1
SHR_00010290,NPE_00010290,NPG_00014,NPU_00028,equal,4,settled,3
SHR_00010291,NPE_00010291,NPG_00016,NPU_00073,equal,4,settled,15
SHR_00010292,NPE_00010292,NPG_00022,NPU_00009,equal,2,settled,10
SHR_00010293,NPE_00010293,NPG_00028,NPU_00027,equal,4,settled,5
SHR_00010407,NPE_00010407,NPG_00004,NPU_00058,equal,8,settled,11
SHR_00010408,NPE_00010408,NPG_00008,NPU_00069,equal,6,settled,5
SHR_00010409,NPE_00010409,NPG_00014,NPU_00067,equal,4,settled,4
SHR_00010410,NPE_00010410,NPG_00017,NPU_00071,equal,7,settled,10
SHR_00010411,NPE_00010411,NPG_00018,NPU_00002,custom,4,settled,14
SHR_00010412,NPE_00010412,NPG_00019,NPU_00038,percentage,3,settled,12
SHR_00010413,NPE_00010413,NPG_00020,NPU_00020,percentage,5,settled,7
SHR_00010414,NPE_00010414,NPG_00023,NPU_00001,equal,3,settled,12
SHR_00010415,NPE_00010415,NPG_00026,NPU_00052,equal,6,settled,8
SHR_00010416,NPE_00010416,NPG_00030,NPU_00045,custom,8,settled,9
SHR_00010487,NPE_00010487,NPG_00004,NPU_00073,equal,8,settled,11
SHR_00010488,NPE_00010488,NPG_00006,NPU_00029,equal,4,settled,8
SHR_00010489,NPE_00010489,NPG_00017,NPU_00042,equal,7,settled,11
SHR_00010565,NPE_00010565,NPG_00005,NPU_00026,equal,4,settled,4
SHR_00010566,NPE_00010566,NPG_00010,NPU_00041,equal,2,settled,0
SHR_00010567,NPE_00010567,NPG_00013,NPU_00003,custom,3,settled,5
SHR_00010568,NPE_00010568,NPG_00016,NPU_00075,equal,4,settled,12
SHR_00010569,NPE_00010569,NPG_00020,NPU_00040,percentage,5,settled,13
SHR_00010570,NPE_00010570,NPG_00025,NPU_00018,equal,10,settled,4
SHR_00010571,NPE_00010571,NPG_00028,NPU_00050,equal,4,settled,12
SHR_00010651,NPE_00010651,NPG_00010,NPU_00041,equal,2,settled,4
SHR_00010652,NPE_00010652,NPG_00023,NPU_00001,equal,3,settled,0
SHR_00010653,NPE_00010653,NPG_00028,NPU_00050,equal,4,settled,14
SHR_00010727,NPE_00010727,NPG_00002,NPU_00005,equal,8,settled,5
SHR_00010728,NPE_00010728,NPG_00004,NPU_00073,equal,8,settled,8
SHR_00010729,NPE_00010729,NPG_00008,NPU_00069,equal,6,settled,12
SHR_00010730,NPE_00010730,NPG_00023,NPU_00040,equal,3,settled,0
SHR_00010731,NPE_00010731,NPG_00028,NPU_00050,equal,4,settled,2
SHR_00010811,NPE_00010811,NPG_00002,NPU_00005,equal,8,settled,8
SHR_00010812,NPE_00010812,NPG_00004,NPU_00056,equal,8,settled,7
SHR_00010813,NPE_00010813,NPG_00006,NPU_00047,equal,4,settled,1
SHR_00010814,NPE_00010814,NPG_00015,NPU_00047,equal,5,settled,2
SHR_00010815,NPE_00010815,NPG_00016,NPU_00047,equal,4,settled,2
SHR_00010816,NPE_00010816,NPG_00020,NPU_00040,percentage,5,settled,10
SHR_00010817,NPE_00010817,NPG_00023,NPU_00001,equal,3,settled,1
SHR_00010818,NPE_00010818,NPG_00030,NPU_00063,custom,8,settled,14
SHR_00010903,NPE_00010903,NPG_00006,NPU_00029,equal,4,settled,1
SHR_00010904,NPE_00010904,NPG_00008,NPU_00017,equal,6,settled,7
SHR_00010905,NPE_00010905,NPG_00009,NPU_00012,equal,2,settled,4
SHR_00010906,NPE_00010906,NPG_00026,NPU_00052,equal,6,settled,17
SHR_00010991,NPE_00010991,NPG_00009,NPU_00012,equal,2,settled,7
SHR_00010992,NPE_00010992,NPG_00010,NPU_00041,equal,2,settled,0
SHR_00010993,NPE_00010993,NPG_00018,NPU_00075,custom,4,settled,11
SHR_00010994,NPE_00010994,NPG_00019,NPU_00021,percentage,3,settled,7
SHR_00010995,NPE_00010995,NPG_00024,NPU_00058,equal,2,settled,5
SHR_00010996,NPE_00010996,NPG_00026,NPU_00052,equal,6,settled,8
SHR_00010997,NPE_00010997,NPG_00030,NPU_00060,custom,8,settled,4
SHR_00011060,NPE_00011060,NPG_00002,NPU_00046,equal,8,settled,11
SHR_00011061,NPE_00011061,NPG_00007,NPU_00047,equal,10,settled,4
SHR_00011062,NPE_00011062,NPG_00023,NPU_00058,equal,3,settled,9
SHR_00011063,NPE_00011063,NPG_00028,NPU_00027,equal,4,settled,8
SHR_00011124,NPE_00011124,NPG_00005,NPU_00066,equal,4,settled,12
SHR_00011125,NPE_00011125,NPG_00011,NPU_00053,equal,6,settled,15
SHR_00011126,NPE_00011126,NPG_00013,NPU_00003,custom,3,settled,0
SHR_00011127,NPE_00011127,NPG_00014,NPU_00019,equal,4,settled,0
SHR_00011128,NPE_00011128,NPG_00024,NPU_00078,equal,2,settled,7
SHR_00011129,NPE_00011129,NPG_00025,NPU_00044,equal,10,settled,8
SHR_00011130,NPE_00011130,NPG_00030,NPU_00063,custom,8,settled,8
SHR_00011206,NPE_00011206,NPG_00004,NPU_00075,equal,8,settled,9
SHR_00011207,NPE_00011207,NPG_00013,NPU_00077,custom,3,settled,3
SHR_00011208,NPE_00011208,NPG_00023,NPU_00040,equal,3,settled,8
SHR_00011209,NPE_00011209,NPG_00026,NPU_00052,equal,6,settled,5
SHR_00011293,NPE_00011293,NPG_00002,NPU_00032,equal,8,settled,10
SHR_00011294,NPE_00011294,NPG_00004,NPU_00056,equal,8,settled,9
SHR_00011295,NPE_00011295,NPG_00007,NPU_00071,equal,10,settled,6
SHR_00011296,NPE_00011296,NPG_00014,NPU_00007,equal,4,settled,1
SHR_00011297,NPE_00011297,NPG_00030,NPU_00063,custom,8,settled,9
SHR_00011403,NPE_00011403,NPG_00006,NPU_00047,equal,4,settled,14
SHR_00011404,NPE_00011404,NPG_00009,NPU_00012,equal,2,settled,0
SHR_00011405,NPE_00011405,NPG_00019,NPU_00038,percentage,3,settled,12
SHR_00011406,NPE_00011406,NPG_00021,NPU_00068,equal,7,settled,15
SHR_00011407,NPE_00011407,NPG_00023,NPU_00040,equal,3,settled,3
SHR_00011521,NPE_00011521,NPG_00014,NPU_00028,equal,4,settled,9
SHR_00011522,NPE_00011522,NPG_00022,NPU_00009,equal,2,settled,0
SHR_00011523,NPE_00011523,NPG_00030,NPU_00045,custom,8,settled,20
SHR_00011598,NPE_00011598,NPG_00002,NPU_00063,equal,8,settled,10
SHR_00011599,NPE_00011599,NPG_00005,NPU_00066,equal,4,settled,3
SHR_00011600,NPE_00011600,NPG_00009,NPU_00028,equal,2,settled,4
SHR_00011601,NPE_00011601,NPG_00020,NPU_00020,percentage,5,settled,5
SHR_00011602,NPE_00011602,NPG_00022,NPU_00009,equal,2,settled,10
SHR_00011603,NPE_00011603,NPG_00023,NPU_00040,equal,3,settled,5
SHR_00011706,NPE_00011706,NPG_00006,NPU_00029,equal,4,settled,12
SHR_00011707,NPE_00011707,NPG_00010,NPU_00019,equal,2,settled,7
SHR_00011708,NPE_00011708,NPG_00028,NPU_00008,equal,4,settled,15
SHR_00011784,NPE_00011784,NPG_00001,NPU_00022,custom,3,settled,12
SHR_00011785,NPE_00011785,NPG_00008,NPU_00055,equal,6,settled,12
SHR_00011786,NPE_00011786,NPG_00014,NPU_00019,equal,4,settled,9
SHR_00011787,NPE_00011787,NPG_00023,NPU_00001,equal,3,settled,5
SHR_00011788,NPE_00011788,NPG_00024,NPU_00078,equal,2,settled,10
SHR_00011789,NPE_00011789,NPG_00030,NPU_00043,custom,8,settled,13
SHR_00011911,NPE_00011911,NPG_00004,NPU_00056,equal,8,settled,17
SHR_00011912,NPE_00011912,NPG_00006,NPU_00047,equal,4,settled,0
SHR_00011913,NPE_00011913,NPG_00009,NPU_00028,equal,2,settled,11
SHR_00011914,NPE_00011914,NPG_00015,NPU_00012,equal,5,settled,7
SHR_00011915,NPE_00011915,NPG_00016,NPU_00035,equal,4,settled,6
SHR_00011916,NPE_00011916,NPG_00019,NPU_00038,percentage,3,settled,6
SHR_00011917,NPE_00011917,NPG_00021,NPU_00032,equal,7,settled,20
SHR_00011918,NPE_00011918,NPG_00022,NPU_00049,equal,2,settled,9
SHR_00011919,NPE_00011919,NPG_00026,NPU_00005,equal,6,settled,0
SHR_00011920,NPE_00011920,NPG_00030,NPU_00045,custom,8,settled,17
SHR_00012012,NPE_00012012,NPG_00008,NPU_00055,equal,6,settled,10
SHR_00012013,NPE_00012013,NPG_00009,NPU_00012,equal,2,settled,11
SHR_00012014,NPE_00012014,NPG_00013,NPU_00077,custom,3,settled,13
SHR_00012015,NPE_00012015,NPG_00016,NPU_00035,equal,4,settled,0
SHR_00012016,NPE_00012016,NPG_00026,NPU_00051,equal,6,settled,8
SHR_00012110,NPE_00012110,NPG_00004,NPU_00001,equal,8,settled,5
SHR_00012111,NPE_00012111,NPG_00008,NPU_00069,equal,6,settled,8
SHR_00012112,NPE_00012112,NPG_00009,NPU_00012,equal,2,settled,7
SHR_00012113,NPE_00012113,NPG_00010,NPU_00019,equal,2,settled,0
SHR_00012114,NPE_00012114,NPG_00014,NPU_00067,equal,4,settled,6
SHR_00012115,NPE_00012115,NPG_00016,NPU_00035,equal,4,settled,2
SHR_00012116,NPE_00012116,NPG_00019,NPU_00021,percentage,3,settled,11
SHR_00012117,NPE_00012117,NPG_00030,NPU_00060,custom,8,settled,14
SHR_00012246,NPE_00012246,NPG_00006,NPU_00054,equal,4,settled,5
SHR_00012247,NPE_00012247,NPG_00009,NPU_00028,equal,2,settled,5
SHR_00012248,NPE_00012248,NPG_00011,NPU_00036,equal,6,settled,3
SHR_00012249,NPE_00012249,NPG_00013,NPU_00077,custom,3,settled,6
SHR_00012250,NPE_00012250,NPG_00014,NPU_00007,equal,4,settled,12
SHR_00012251,NPE_00012251,NPG_00023,NPU_00001,equal,3,settled,1
SHR_00012252,NPE_00012252,NPG_00024,NPU_00078,equal,2,settled,5
SHR_00012253,NPE_00012253,NPG_00028,NPU_00027,equal,4,settled,9
SHR_00012338,NPE_00012338,NPG_00002,NPU_00046,equal,8,settled,11
SHR_00012339,NPE_00012339,NPG_00009,NPU_00028,equal,2,settled,11
SHR_00012340,NPE_00012340,NPG_00015,NPU_00012,equal,5,settled,11
SHR_00012341,NPE_00012341,NPG_00023,NPU_00040,equal,3,settled,5
SHR_00012410,NPE_00012410,NPG_00005,NPU_00046,equal,4,settled,0
SHR_00012411,NPE_00012411,NPG_00008,NPU_00017,equal,6,settled,11
SHR_00012412,NPE_00012412,NPG_00010,NPU_00019,equal,2,settled,7
SHR_00012413,NPE_00012413,NPG_00014,NPU_00007,equal,4,settled,12
SHR_00012414,NPE_00012414,NPG_00023,NPU_00001,equal,3,settled,9
SHR_00012497,NPE_00012497,NPG_00008,NPU_00060,equal,6,settled,8
SHR_00012498,NPE_00012498,NPG_00009,NPU_00028,equal,2,settled,6
SHR_00012499,NPE_00012499,NPG_00010,NPU_00041,equal,2,settled,9
SHR_00012500,NPE_00012500,NPG_00013,NPU_00003,custom,3,settled,18
SHR_00012501,NPE_00012501,NPG_00014,NPU_00019,equal,4,settled,3
SHR_00012502,NPE_00012502,NPG_00018,NPU_00075,custom,4,settled,7
SHR_00012503,NPE_00012503,NPG_00019,NPU_00059,percentage,3,settled,7
SHR_00012648,NPE_00012648,NPG_00008,NPU_00017,equal,6,settled,6
SHR_00012649,NPE_00012649,NPG_00010,NPU_00019,equal,2,settled,15
SHR_00012650,NPE_00012650,NPG_00013,NPU_00077,custom,3,settled,8
SHR_00012651,NPE_00012651,NPG_00029,NPU_00058,equal,4,settled,4
SHR_00012751,NPE_00012751,NPG_00008,NPU_00055,equal,6,settled,0
SHR_00012752,NPE_00012752,NPG_00010,NPU_00019,equal,2,settled,0
SHR_00012753,NPE_00012753,NPG_00014,NPU_00028,equal,4,settled,4
SHR_00012754,NPE_00012754,NPG_00025,NPU_00061,equal,10,settled,9
SHR_00012755,NPE_00012755,NPG_00027,NPU_00062,custom,3,settled,12
SHR_00012851,NPE_00012851,NPG_00004,NPU_00056,equal,8,settled,14
SHR_00012852,NPE_00012852,NPG_00006,NPU_00019,equal,4,settled,13
SHR_00012853,NPE_00012853,NPG_00007,NPU_00020,equal,10,settled,17
SHR_00012854,NPE_00012854,NPG_00012,NPU_00015,equal,3,settled,7
SHR_00012855,NPE_00012855,NPG_00013,NPU_00003,custom,3,settled,8
SHR_00012856,NPE_00012856,NPG_00014,NPU_00067,equal,4,settled,1
SHR_00012857,NPE_00012857,NPG_00016,NPU_00035,equal,4,settled,10
SHR_00012858,NPE_00012858,NPG_00018,NPU_00002,custom,4,settled,5
SHR_00012859,NPE_00012859,NPG_00023,NPU_00040,equal,3,settled,0
SHR_00012964,NPE_00012964,NPG_00005,NPU_00046,equal,4,settled,1
SHR_00012965,NPE_00012965,NPG_00010,NPU_00041,equal,2,settled,7
SHR_00012966,NPE_00012966,NPG_00013,NPU_00003,custom,3,settled,2
SHR_00012967,NPE_00012967,NPG_00016,NPU_00075,equal,4,settled,4
SHR_00012968,NPE_00012968,NPG_00017,NPU_00054,equal,7,settled,14
SHR_00012969,NPE_00012969,NPG_00021,NPU_00019,equal,7,settled,12
SHR_00012970,NPE_00012970,NPG_00024,NPU_00078,equal,2,settled,8
SHR_00012971,NPE_00012971,NPG_00028,NPU_00027,equal,4,settled,2
SHR_00013040,NPE_00013040,NPG_00001,NPU_00022,custom,3,settled,17
SHR_00013041,NPE_00013041,NPG_00002,NPU_00072,equal,8,settled,2
SHR_00013042,NPE_00013042,NPG_00004,NPU_00059,equal,8,settled,8
SHR_00013043,NPE_00013043,NPG_00009,NPU_00012,equal,2,settled,0
SHR_00013044,NPE_00013044,NPG_00019,NPU_00021,percentage,3,settled,4
SHR_00013045,NPE_00013045,NPG_00023,NPU_00040,equal,3,settled,5
SHR_00013046,NPE_00013046,NPG_00030,NPU_00021,custom,8,settled,7
SHR_00013125,NPE_00013125,NPG_00006,NPU_00054,equal,4,settled,5
SHR_00013126,NPE_00013126,NPG_00010,NPU_00019,equal,2,settled,0
SHR_00013127,NPE_00013127,NPG_00014,NPU_00007,equal,4,settled,5
SHR_00013128,NPE_00013128,NPG_00026,NPU_00047,equal,6,settled,8
SHR_00013129,NPE_00013129,NPG_00027,NPU_00062,custom,3,settled,17
SHR_00013252,NPE_00013252,NPG_00020,NPU_00056,percentage,5,settled,4
SHR_00013253,NPE_00013253,NPG_00021,NPU_00068,equal,7,settled,14
SHR_00013254,NPE_00013254,NPG_00025,NPU_00002,equal,10,settled,8
SHR_00013255,NPE_00013255,NPG_00030,NPU_00074,custom,8,settled,12
SHR_00013325,NPE_00013325,NPG_00004,NPU_00059,equal,8,settled,5
SHR_00013326,NPE_00013326,NPG_00005,NPU_00013,equal,4,settled,8
SHR_00013327,NPE_00013327,NPG_00009,NPU_00012,equal,2,settled,10
SHR_00013328,NPE_00013328,NPG_00015,NPU_00065,equal,5,settled,4
SHR_00013329,NPE_00013329,NPG_00016,NPU_00073,equal,4,settled,16
SHR_00013330,NPE_00013330,NPG_00019,NPU_00021,percentage,3,settled,8
SHR_00013331,NPE_00013331,NPG_00024,NPU_00078,equal,2,settled,5
SHR_00013332,NPE_00013332,NPG_00030,NPU_00060,custom,8,settled,10
SHR_00013429,NPE_00013429,NPG_00007,NPU_00054,equal,10,settled,4
SHR_00013430,NPE_00013430,NPG_00008,NPU_00060,equal,6,settled,0
SHR_00013431,NPE_00013431,NPG_00021,NPU_00021,equal,7,settled,19
SHR_00013432,NPE_00013432,NPG_00023,NPU_00001,equal,3,settled,6
SHR_00013433,NPE_00013433,NPG_00026,NPU_00047,equal,6,settled,0
SHR_00013434,NPE_00013434,NPG_00029,NPU_00053,equal,4,settled,0
SHR_00013435,NPE_00013435,NPG_00030,NPU_00010,custom,8,settled,12
SHR_00013525,NPE_00013525,NPG_00004,NPU_00001,equal,8,settled,14
SHR_00013526,NPE_00013526,NPG_00006,NPU_00029,equal,4,settled,6
SHR_00013527,NPE_00013527,NPG_00009,NPU_00012,equal,2,settled,7
SHR_00013528,NPE_00013528,NPG_00010,NPU_00041,equal,2,settled,3
SHR_00013529,NPE_00013529,NPG_00015,NPU_00071,equal,5,settled,5
SHR_00013530,NPE_00013530,NPG_00016,NPU_00047,equal,4,settled,13
SHR_00013531,NPE_00013531,NPG_00019,NPU_00021,percentage,3,settled,7
SHR_00013532,NPE_00013532,NPG_00030,NPU_00074,custom,8,settled,12
SHR_00013607,NPE_00013607,NPG_00009,NPU_00028,equal,2,settled,15
SHR_00013608,NPE_00013608,NPG_00015,NPU_00047,equal,5,settled,7
SHR_00013678,NPE_00013678,NPG_00008,NPU_00028,equal,6,settled,8
SHR_00013679,NPE_00013679,NPG_00023,NPU_00001,equal,3,settled,9
SHR_00013680,NPE_00013680,NPG_00028,NPU_00050,equal,4,settled,5
SHR_00013681,NPE_00013681,NPG_00030,NPU_00063,custom,8,settled,13
SHR_00013767,NPE_00013767,NPG_00007,NPU_00067,equal,10,settled,4
SHR_00013768,NPE_00013768,NPG_00008,NPU_00017,equal,6,settled,14
SHR_00013769,NPE_00013769,NPG_00019,NPU_00038,percentage,3,settled,5
SHR_00013770,NPE_00013770,NPG_00023,NPU_00001,equal,3,settled,15
SHR_00013771,NPE_00013771,NPG_00024,NPU_00078,equal,2,settled,8
SHR_00013772,NPE_00013772,NPG_00028,NPU_00008,equal,4,settled,3
SHR_00013863,NPE_00013863,NPG_00015,NPU_00054,equal,5,settled,0
SHR_00013864,NPE_00013864,NPG_00023,NPU_00040,equal,3,settled,2
SHR_00013947,NPE_00013947,NPG_00002,NPU_00005,equal,8,settled,15
SHR_00013948,NPE_00013948,NPG_00008,NPU_00028,equal,6,settled,9
SHR_00013949,NPE_00013949,NPG_00010,NPU_00041,equal,2,settled,15
SHR_00013950,NPE_00013950,NPG_00015,NPU_00071,equal,5,settled,17
SHR_00013951,NPE_00013951,NPG_00019,NPU_00059,percentage,3,settled,12
SHR_00013952,NPE_00013952,NPG_00020,NPU_00052,percentage,5,settled,11
SHR_00013953,NPE_00013953,NPG_00022,NPU_00049,equal,2,settled,9
SHR_00013954,NPE_00013954,NPG_00023,NPU_00040,equal,3,settled,0
SHR_00013955,NPE_00013955,NPG_00027,NPU_00031,custom,3,settled,8
SHR_00013956,NPE_00013956,NPG_00029,NPU_00024,equal,4,settled,7
SHR_00014059,NPE_00014059,NPG_00004,NPU_00001,equal,8,settled,11
SHR_00014060,NPE_00014060,NPG_00009,NPU_00012,equal,2,settled,6
SHR_00014061,NPE_00014061,NPG_00016,NPU_00035,equal,4,settled,7
SHR_00014062,NPE_00014062,NPG_00019,NPU_00038,percentage,3,settled,12
SHR_00014063,NPE_00014063,NPG_00021,NPU_00019,equal,7,settled,6
SHR_00014064,NPE_00014064,NPG_00023,NPU_00058,equal,3,settled,11
SHR_00014065,NPE_00014065,NPG_00024,NPU_00078,equal,2,settled,2
SHR_00014066,NPE_00014066,NPG_00025,NPU_00020,equal,10,settled,7
SHR_00014067,NPE_00014067,NPG_00030,NPU_00045,custom,8,settled,9
SHR_00014149,NPE_00014149,NPG_00004,NPU_00058,equal,8,settled,4
SHR_00014150,NPE_00014150,NPG_00006,NPU_00047,equal,4,settled,11
SHR_00014151,NPE_00014151,NPG_00014,NPU_00019,equal,4,settled,9
SHR_00014152,NPE_00014152,NPG_00016,NPU_00047,equal,4,settled,11
SHR_00014153,NPE_00014153,NPG_00019,NPU_00038,percentage,3,settled,14
SHR_00014154,NPE_00014154,NPG_00022,NPU_00049,equal,2,settled,5
SHR_00014155,NPE_00014155,NPG_00023,NPU_00040,equal,3,settled,12
SHR_00014156,NPE_00014156,NPG_00028,NPU_00050,equal,4,settled,8
SHR_00014247,NPE_00014247,NPG_00009,NPU_00028,equal,2,settled,3
SHR_00014248,NPE_00014248,NPG_00019,NPU_00059,percentage,3,settled,11
SHR_00014249,NPE_00014249,NPG_00026,NPU_00051,equal,6,settled,9
SHR_00014250,NPE_00014250,NPG_00029,NPU_00058,equal,4,settled,8
SHR_00014319,NPE_00014319,NPG_00009,NPU_00028,equal,2,settled,3
SHR_00014320,NPE_00014320,NPG_00013,NPU_00077,custom,3,settled,11
SHR_00014321,NPE_00014321,NPG_00015,NPU_00065,equal,5,settled,8
SHR_00014322,NPE_00014322,NPG_00016,NPU_00035,equal,4,settled,12
SHR_00014323,NPE_00014323,NPG_00024,NPU_00078,equal,2,settled,3
SHR_00014400,NPE_00014400,NPG_00004,NPU_00071,equal,8,settled,14
SHR_00014401,NPE_00014401,NPG_00008,NPU_00069,equal,6,settled,8
SHR_00014402,NPE_00014402,NPG_00009,NPU_00028,equal,2,settled,9
SHR_00014403,NPE_00014403,NPG_00013,NPU_00003,custom,3,settled,4
SHR_00014404,NPE_00014404,NPG_00023,NPU_00040,equal,3,settled,14
SHR_00014405,NPE_00014405,NPG_00025,NPU_00061,equal,10,settled,12
SHR_00014505,NPE_00014505,NPG_00006,NPU_00019,equal,4,settled,5
SHR_00014506,NPE_00014506,NPG_00010,NPU_00041,equal,2,settled,4
SHR_00014507,NPE_00014507,NPG_00019,NPU_00038,percentage,3,settled,1
SHR_00014508,NPE_00014508,NPG_00021,NPU_00007,equal,7,settled,10
SHR_00014583,NPE_00014583,NPG_00003,NPU_00039,custom,3,settled,7
SHR_00014584,NPE_00014584,NPG_00008,NPU_00069,equal,6,settled,1
SHR_00014585,NPE_00014585,NPG_00016,NPU_00035,equal,4,settled,0
SHR_00014586,NPE_00014586,NPG_00020,NPU_00052,percentage,5,settled,17
SHR_00014587,NPE_00014587,NPG_00026,NPU_00047,equal,6,settled,7
SHR_00014588,NPE_00014588,NPG_00028,NPU_00058,equal,4,settled,12
SHR_00014707,NPE_00014707,NPG_00009,NPU_00012,equal,2,settled,0
SHR_00014708,NPE_00014708,NPG_00014,NPU_00028,equal,4,settled,12
SHR_00014709,NPE_00014709,NPG_00015,NPU_00054,equal,5,settled,13
SHR_00014710,NPE_00014710,NPG_00018,NPU_00029,custom,4,settled,15
SHR_00014711,NPE_00014711,NPG_00021,NPU_00019,equal,7,settled,7
SHR_00014712,NPE_00014712,NPG_00023,NPU_00058,equal,3,settled,5
SHR_00014713,NPE_00014713,NPG_00024,NPU_00078,equal,2,settled,3
SHR_00014714,NPE_00014714,NPG_00028,NPU_00058,equal,4,settled,0
SHR_00014715,NPE_00014715,NPG_00030,NPU_00021,custom,8,settled,12
SHR_00014806,NPE_00014806,NPG_00004,NPU_00058,equal,8,settled,11
SHR_00014807,NPE_00014807,NPG_00011,NPU_00053,equal,6,settled,0
SHR_00014808,NPE_00014808,NPG_00013,NPU_00077,custom,3,settled,15
SHR_00014809,NPE_00014809,NPG_00014,NPU_00019,equal,4,settled,5
SHR_00014810,NPE_00014810,NPG_00016,NPU_00073,equal,4,settled,0
SHR_00014811,NPE_00014811,NPG_00019,NPU_00059,percentage,3,settled,13
SHR_00014812,NPE_00014812,NPG_00023,NPU_00001,equal,3,settled,0
SHR_00014813,NPE_00014813,NPG_00024,NPU_00058,equal,2,settled,0
SHR_00014922,NPE_00014922,NPG_00005,NPU_00046,equal,4,settled,10
SHR_00014923,NPE_00014923,NPG_00009,NPU_00012,equal,2,settled,16
SHR_00014924,NPE_00014924,NPG_00012,NPU_00015,equal,3,settled,12
SHR_00014925,NPE_00014925,NPG_00014,NPU_00007,equal,4,settled,6
SHR_00014926,NPE_00014926,NPG_00017,NPU_00071,equal,7,settled,18
SHR_00014927,NPE_00014927,NPG_00030,NPU_00043,custom,8,settled,7
SHR_00014996,NPE_00014996,NPG_00005,NPU_00026,equal,4,settled,3
SHR_00014997,NPE_00014997,NPG_00009,NPU_00028,equal,2,settled,0
SHR_00014998,NPE_00014998,NPG_00011,NPU_00004,equal,6,settled,8
SHR_00014999,NPE_00014999,NPG_00013,NPU_00066,custom,3,settled,13
SHR_00015000,NPE_00015000,NPG_00014,NPU_00028,equal,4,settled,0
SHR_00015001,NPE_00015001,NPG_00015,NPU_00047,equal,5,settled,14
SHR_00015002,NPE_00015002,NPG_00024,NPU_00078,equal,2,settled,0
SHR_00015087,NPE_00015087,NPG_00004,NPU_00073,equal,8,settled,4
SHR_00015088,NPE_00015088,NPG_00005,NPU_00066,equal,4,settled,4
SHR_00015089,NPE_00015089,NPG_00016,NPU_00035,equal,4,settled,0
SHR_00015090,NPE_00015090,NPG_00020,NPU_00020,percentage,5,settled,19
SHR_00015091,NPE_00015091,NPG_00023,NPU_00040,equal,3,settled,8
SHR_00015092,NPE_00015092,NPG_00028,NPU_00008,equal,4,settled,6
SHR_00015223,NPE_00015223,NPG_00005,NPU_00013,equal,4,settled,0
SHR_00015224,NPE_00015224,NPG_00009,NPU_00028,equal,2,settled,2
SHR_00015225,NPE_00015225,NPG_00013,NPU_00003,custom,3,settled,9
SHR_00015226,NPE_00015226,NPG_00019,NPU_00021,percentage,3,settled,0
SHR_00015227,NPE_00015227,NPG_00023,NPU_00040,equal,3,settled,4
SHR_00015228,NPE_00015228,NPG_00024,NPU_00058,equal,2,settled,13
SHR_00015295,NPE_00015295,NPG_00005,NPU_00026,equal,4,settled,8
SHR_00015296,NPE_00015296,NPG_00010,NPU_00041,equal,2,settled,8
SHR_00015297,NPE_00015297,NPG_00012,NPU_00070,equal,3,settled,4
SHR_00015298,NPE_00015298,NPG_00016,NPU_00073,equal,4,settled,12
SHR_00015299,NPE_00015299,NPG_00024,NPU_00078,equal,2,settled,9
SHR_00015300,NPE_00015300,NPG_00029,NPU_00047,equal,4,settled,2
SHR_00015395,NPE_00015395,NPG_00009,NPU_00028,equal,2,settled,3
SHR_00015396,NPE_00015396,NPG_00019,NPU_00021,percentage,3,settled,6
SHR_00015397,NPE_00015397,NPG_00023,NPU_00040,equal,3,settled,4
SHR_00015398,NPE_00015398,NPG_00024,NPU_00078,equal,2,settled,7
SHR_00015494,NPE_00015494,NPG_00002,NPU_00046,equal,8,settled,3
SHR_00015495,NPE_00015495,NPG_00004,NPU_00058,equal,8,settled,6
SHR_00015496,NPE_00015496,NPG_00006,NPU_00019,equal,4,settled,4
SHR_00015497,NPE_00015497,NPG_00008,NPU_00069,equal,6,settled,15
SHR_00015498,NPE_00015498,NPG_00010,NPU_00041,equal,2,settled,13
SHR_00015499,NPE_00015499,NPG_00012,NPU_00070,equal,3,settled,7
SHR_00015500,NPE_00015500,NPG_00015,NPU_00071,equal,5,settled,20
SHR_00015635,NPE_00015635,NPG_00004,NPU_00071,equal,8,settled,2
SHR_00015636,NPE_00015636,NPG_00008,NPU_00051,equal,6,settled,3
SHR_00015637,NPE_00015637,NPG_00009,NPU_00028,equal,2,settled,8
SHR_00015638,NPE_00015638,NPG_00014,NPU_00019,equal,4,settled,14
SHR_00015639,NPE_00015639,NPG_00023,NPU_00001,equal,3,settled,9
SHR_00015719,NPE_00015719,NPG_00003,NPU_00034,custom,3,settled,13
SHR_00015720,NPE_00015720,NPG_00016,NPU_00075,equal,4,settled,6
SHR_00015721,NPE_00015721,NPG_00017,NPU_00023,equal,7,settled,12
SHR_00015722,NPE_00015722,NPG_00019,NPU_00038,percentage,3,settled,13
SHR_00015723,NPE_00015723,NPG_00021,NPU_00080,equal,7,settled,6
SHR_00015724,NPE_00015724,NPG_00023,NPU_00001,equal,3,settled,2
SHR_00015725,NPE_00015725,NPG_00024,NPU_00078,equal,2,settled,6
SHR_00015726,NPE_00015726,NPG_00028,NPU_00050,equal,4,settled,11
SHR_00015805,NPE_00015805,NPG_00001,NPU_00022,custom,3,settled,16
SHR_00015806,NPE_00015806,NPG_00007,NPU_00020,equal,10,settled,7
SHR_00015807,NPE_00015807,NPG_00016,NPU_00075,equal,4,settled,10
SHR_00015808,NPE_00015808,NPG_00019,NPU_00021,percentage,3,settled,4
SHR_00015896,NPE_00015896,NPG_00002,NPU_00054,equal,8,settled,1
SHR_00015897,NPE_00015897,NPG_00024,NPU_00058,equal,2,settled,0
SHR_00015964,NPE_00015964,NPG_00006,NPU_00029,equal,4,settled,4
SHR_00015965,NPE_00015965,NPG_00019,NPU_00059,percentage,3,settled,8
SHR_00015966,NPE_00015966,NPG_00021,NPU_00008,equal,7,settled,3
SHR_00015967,NPE_00015967,NPG_00028,NPU_00027,equal,4,settled,8
SHR_00016050,NPE_00016050,NPG_00001,NPU_00056,custom,3,settled,0
SHR_00016051,NPE_00016051,NPG_00006,NPU_00054,equal,4,settled,14
SHR_00016052,NPE_00016052,NPG_00007,NPU_00067,equal,10,settled,7
SHR_00016053,NPE_00016053,NPG_00010,NPU_00041,equal,2,settled,0
SHR_00016054,NPE_00016054,NPG_00014,NPU_00007,equal,4,settled,1
SHR_00016055,NPE_00016055,NPG_00015,NPU_00054,equal,5,settled,6
SHR_00016056,NPE_00016056,NPG_00024,NPU_00058,equal,2,settled,1
SHR_00016187,NPE_00016187,NPG_00006,NPU_00019,equal,4,settled,5
SHR_00016188,NPE_00016188,NPG_00008,NPU_00051,equal,6,settled,9
SHR_00016189,NPE_00016189,NPG_00010,NPU_00019,equal,2,settled,7
SHR_00016190,NPE_00016190,NPG_00014,NPU_00067,equal,4,settled,12
SHR_00016191,NPE_00016191,NPG_00015,NPU_00071,equal,5,settled,17
SHR_00016192,NPE_00016192,NPG_00016,NPU_00035,equal,4,settled,11
SHR_00016193,NPE_00016193,NPG_00023,NPU_00040,equal,3,settled,0
SHR_00016194,NPE_00016194,NPG_00026,NPU_00005,equal,6,settled,0
SHR_00016195,NPE_00016195,NPG_00030,NPU_00043,custom,8,settled,14
SHR_00016265,NPE_00016265,NPG_00006,NPU_00054,equal,4,settled,10
SHR_00016266,NPE_00016266,NPG_00009,NPU_00012,equal,2,settled,6
SHR_00016267,NPE_00016267,NPG_00010,NPU_00019,equal,2,settled,7
SHR_00016268,NPE_00016268,NPG_00019,NPU_00021,percentage,3,settled,13
SHR_00016269,NPE_00016269,NPG_00023,NPU_00058,equal,3,settled,6
SHR_00016270,NPE_00016270,NPG_00029,NPU_00058,equal,4,settled,5
SHR_00016351,NPE_00016351,NPG_00002,NPU_00046,equal,8,settled,11
SHR_00016352,NPE_00016352,NPG_00004,NPU_00064,equal,8,settled,20
SHR_00016353,NPE_00016353,NPG_00009,NPU_00028,equal,2,settled,5
SHR_00016354,NPE_00016354,NPG_00014,NPU_00019,equal,4,settled,6
SHR_00016355,NPE_00016355,NPG_00015,NPU_00054,equal,5,settled,3
SHR_00016356,NPE_00016356,NPG_00019,NPU_00038,percentage,3,settled,12
SHR_00016357,NPE_00016357,NPG_00029,NPU_00058,equal,4,settled,7
SHR_00016424,NPE_00016424,NPG_00004,NPU_00059,equal,8,settled,2
SHR_00016425,NPE_00016425,NPG_00006,NPU_00029,equal,4,settled,7
SHR_00016426,NPE_00016426,NPG_00011,NPU_00059,equal,6,settled,0
SHR_00016427,NPE_00016427,NPG_00013,NPU_00003,custom,3,settled,0
SHR_00016428,NPE_00016428,NPG_00014,NPU_00007,equal,4,settled,6
SHR_00016496,NPE_00016496,NPG_00002,NPU_00063,equal,8,settled,15
SHR_00016497,NPE_00016497,NPG_00008,NPU_00055,equal,6,settled,3
SHR_00016498,NPE_00016498,NPG_00019,NPU_00021,percentage,3,settled,7
SHR_00016499,NPE_00016499,NPG_00027,NPU_00005,custom,3,settled,5
SHR_00016500,NPE_00016500,NPG_00030,NPU_00074,custom,8,settled,7
SHR_00016577,NPE_00016577,NPG_00009,NPU_00012,equal,2,settled,1
SHR_00016578,NPE_00016578,NPG_00010,NPU_00041,equal,2,settled,1
SHR_00016579,NPE_00016579,NPG_00019,NPU_00021,percentage,3,settled,11
SHR_00016580,NPE_00016580,NPG_00023,NPU_00001,equal,3,settled,1
SHR_00016581,NPE_00016581,NPG_00024,NPU_00078,equal,2,settled,4
SHR_00016679,NPE_00016679,NPG_00003,NPU_00034,custom,3,settled,0
SHR_00016680,NPE_00016680,NPG_00004,NPU_00001,equal,8,settled,9
SHR_00016681,NPE_00016681,NPG_00010,NPU_00041,equal,2,settled,8
SHR_00016682,NPE_00016682,NPG_00013,NPU_00077,custom,3,settled,13
SHR_00016683,NPE_00016683,NPG_00023,NPU_00040,equal,3,settled,20
SHR_00016779,NPE_00016779,NPG_00002,NPU_00005,equal,8,settled,9
SHR_00016780,NPE_00016780,NPG_00004,NPU_00064,equal,8,settled,11
SHR_00016781,NPE_00016781,NPG_00007,NPU_00055,equal,10,settled,0
SHR_00016782,NPE_00016782,NPG_00009,NPU_00028,equal,2,settled,1
SHR_00016783,NPE_00016783,NPG_00020,NPU_00059,percentage,5,settled,10
SHR_00016784,NPE_00016784,NPG_00029,NPU_00058,equal,4,settled,2
SHR_00016849,NPE_00016849,NPG_00002,NPU_00046,equal,8,settled,9
SHR_00016850,NPE_00016850,NPG_00007,NPU_00054,equal,10,settled,13
SHR_00016851,NPE_00016851,NPG_00009,NPU_00028,equal,2,settled,15
SHR_00016852,NPE_00016852,NPG_00019,NPU_00059,percentage,3,pending,25
SHR_00016853,NPE_00016853,NPG_00023,NPU_00058,equal,3,settled,11
SHR_00016930,NPE_00016930,NPG_00001,NPU_00079,custom,3,settled,10
SHR_00016931,NPE_00016931,NPG_00006,NPU_00019,equal,4,settled,2
SHR_00016932,NPE_00016932,NPG_00008,NPU_00060,equal,6,settled,11
SHR_00016933,NPE_00016933,NPG_00010,NPU_00041,equal,2,settled,19
SHR_00016934,NPE_00016934,NPG_00021,NPU_00032,equal,7,settled,13
SHR_00016935,NPE_00016935,NPG_00024,NPU_00078,equal,2,settled,9
SHR_00016936,NPE_00016936,NPG_00026,NPU_00047,equal,6,settled,2
SHR_00016937,NPE_00016937,NPG_00029,NPU_00047,equal,4,settled,14
SHR_00017006,NPE_00017006,NPG_00002,NPU_00054,equal,8,settled,2
SHR_00017007,NPE_00017007,NPG_00008,NPU_00069,equal,6,settled,12
SHR_00017008,NPE_00017008,NPG_00013,NPU_00066,custom,3,settled,4
SHR_00017009,NPE_00017009,NPG_00014,NPU_00028,equal,4,settled,4
SHR_00017010,NPE_00017010,NPG_00019,NPU_00059,percentage,3,settled,4
SHR_00017075,NPE_00017075,NPG_00002,NPU_00046,equal,8,settled,16
SHR_00017076,NPE_00017076,NPG_00004,NPU_00075,equal,8,settled,7
SHR_00017077,NPE_00017077,NPG_00014,NPU_00019,equal,4,settled,4
SHR_00017078,NPE_00017078,NPG_00016,NPU_00073,equal,4,settled,9
SHR_00017079,NPE_00017079,NPG_00020,NPU_00059,percentage,5,settled,2
SHR_00017080,NPE_00017080,NPG_00021,NPU_00008,equal,7,settled,10
SHR_00017159,NPE_00017159,NPG_00015,NPU_00065,equal,5,settled,8
SHR_00017160,NPE_00017160,NPG_00019,NPU_00021,percentage,3,settled,6
SHR_00017294,NPE_00017294,NPG_00004,NPU_00056,equal,8,settled,10
SHR_00017295,NPE_00017295,NPG_00010,NPU_00041,equal,2,settled,2
SHR_00017296,NPE_00017296,NPG_00020,NPU_00040,percentage,5,settled,4
SHR_00017408,NPE_00017408,NPG_00007,NPU_00015,equal,10,settled,16
SHR_00017409,NPE_00017409,NPG_00008,NPU_00028,equal,6,settled,7
SHR_00017410,NPE_00017410,NPG_00009,NPU_00028,equal,2,settled,7
SHR_00017411,NPE_00017411,NPG_00016,NPU_00035,equal,4,settled,14
SHR_00017412,NPE_00017412,NPG_00017,NPU_00023,equal,7,settled,13
SHR_00017523,NPE_00017523,NPG_00012,NPU_00015,equal,3,settled,5
SHR_00017524,NPE_00017524,NPG_00022,NPU_00049,equal,2,settled,2
SHR_00017525,NPE_00017525,NPG_00023,NPU_00040,equal,3,settled,15
SHR_00017605,NPE_00017605,NPG_00004,NPU_00073,equal,8,settled,10
SHR_00017606,NPE_00017606,NPG_00005,NPU_00046,equal,4,settled,7
SHR_00017607,NPE_00017607,NPG_00006,NPU_00054,equal,4,settled,18
SHR_00017608,NPE_00017608,NPG_00010,NPU_00041,equal,2,settled,9
SHR_00017609,NPE_00017609,NPG_00016,NPU_00035,equal,4,settled,0
SHR_00017610,NPE_00017610,NPG_00017,NPU_00052,equal,7,settled,0
SHR_00017611,NPE_00017611,NPG_00019,NPU_00021,percentage,3,settled,9
SHR_00017612,NPE_00017612,NPG_00026,NPU_00049,equal,6,settled,6
SHR_00017720,NPE_00017720,NPG_00004,NPU_00071,equal,8,settled,8
SHR_00017721,NPE_00017721,NPG_00017,NPU_00023,equal,7,settled,3
SHR_00017722,NPE_00017722,NPG_00023,NPU_00001,equal,3,settled,3
SHR_00017723,NPE_00017723,NPG_00028,NPU_00027,equal,4,settled,7
SHR_00017724,NPE_00017724,NPG_00030,NPU_00028,custom,8,settled,3
SHR_00017791,NPE_00017791,NPG_00002,NPU_00054,equal,8,settled,7
SHR_00017792,NPE_00017792,NPG_00005,NPU_00066,equal,4,settled,14
SHR_00017793,NPE_00017793,NPG_00010,NPU_00019,equal,2,settled,8
SHR_00017794,NPE_00017794,NPG_00013,NPU_00077,custom,3,settled,12
SHR_00017795,NPE_00017795,NPG_00015,NPU_00012,equal,5,settled,7
SHR_00017796,NPE_00017796,NPG_00016,NPU_00073,equal,4,settled,14
SHR_00017797,NPE_00017797,NPG_00026,NPU_00051,equal,6,settled,5
SHR_00017798,NPE_00017798,NPG_00028,NPU_00058,equal,4,settled,2
SHR_00017799,NPE_00017799,NPG_00029,NPU_00058,equal,4,settled,0
SHR_00017884,NPE_00017884,NPG_00010,NPU_00041,equal,2,settled,6
SHR_00017885,NPE_00017885,NPG_00013,NPU_00066,custom,3,settled,13
SHR_00017886,NPE_00017886,NPG_00019,NPU_00038,percentage,3,settled,13
SHR_00018040,NPE_00018040,NPG_00004,NPU_00001,equal,8,settled,5
SHR_00018041,NPE_00018041,NPG_00009,NPU_00028,equal,2,settled,17
SHR_00018042,NPE_00018042,NPG_00010,NPU_00041,equal,2,settled,5
SHR_00018043,NPE_00018043,NPG_00014,NPU_00019,equal,4,settled,8
SHR_00018044,NPE_00018044,NPG_00016,NPU_00073,equal,4,settled,9
SHR_00018045,NPE_00018045,NPG_00017,NPU_00054,equal,7,settled,4
SHR_00018046,NPE_00018046,NPG_00024,NPU_00058,equal,2,settled,6
SHR_00018137,NPE_00018137,NPG_00002,NPU_00063,equal,8,settled,5
SHR_00018138,NPE_00018138,NPG_00005,NPU_00013,equal,4,settled,4
SHR_00018139,NPE_00018139,NPG_00023,NPU_00058,equal,3,settled,2
SHR_00018140,NPE_00018140,NPG_00028,NPU_00050,equal,4,settled,5
SHR_00018216,NPE_00018216,NPG_00006,NPU_00054,equal,4,settled,9
SHR_00018217,NPE_00018217,NPG_00013,NPU_00003,custom,3,settled,21
SHR_00018218,NPE_00018218,NPG_00015,NPU_00071,equal,5,settled,7
SHR_00018219,NPE_00018219,NPG_00016,NPU_00075,equal,4,settled,10
SHR_00018220,NPE_00018220,NPG_00029,NPU_00058,equal,4,settled,2
SHR_00018221,NPE_00018221,NPG_00030,NPU_00060,custom,8,settled,15
SHR_00018291,NPE_00018291,NPG_00006,NPU_00019,equal,4,settled,10
SHR_00018292,NPE_00018292,NPG_00008,NPU_00060,equal,6,settled,9
SHR_00018293,NPE_00018293,NPG_00009,NPU_00012,equal,2,settled,9
SHR_00018294,NPE_00018294,NPG_00013,NPU_00077,custom,3,settled,14
SHR_00018295,NPE_00018295,NPG_00016,NPU_00073,equal,4,settled,11
SHR_00018296,NPE_00018296,NPG_00019,NPU_00038,percentage,3,settled,8
SHR_00018297,NPE_00018297,NPG_00029,NPU_00053,equal,4,settled,11
SHR_00018298,NPE_00018298,NPG_00030,NPU_00021,custom,8,settled,6
SHR_00018423,NPE_00018423,NPG_00002,NPU_00032,equal,8,settled,10
SHR_00018424,NPE_00018424,NPG_00009,NPU_00012,equal,2,settled,11
SHR_00018425,NPE_00018425,NPG_00015,NPU_00012,equal,5,settled,3
SHR_00018426,NPE_00018426,NPG_00017,NPU_00054,equal,7,settled,6
SHR_00018427,NPE_00018427,NPG_00020,NPU_00040,percentage,5,settled,9
SHR_00018428,NPE_00018428,NPG_00021,NPU_00080,equal,7,settled,10
SHR_00018429,NPE_00018429,NPG_00024,NPU_00058,equal,2,settled,5
SHR_00018430,NPE_00018430,NPG_00028,NPU_00050,equal,4,settled,4
SHR_00018515,NPE_00018515,NPG_00006,NPU_00054,equal,4,settled,3
SHR_00018516,NPE_00018516,NPG_00017,NPU_00071,equal,7,settled,6
SHR_00018517,NPE_00018517,NPG_00021,NPU_00068,equal,7,settled,16
SHR_00018518,NPE_00018518,NPG_00023,NPU_00001,equal,3,settled,10
SHR_00018519,NPE_00018519,NPG_00025,NPU_00001,equal,10,settled,0
SHR_00018520,NPE_00018520,NPG_00026,NPU_00070,equal,6,settled,11
SHR_00018598,NPE_00018598,NPG_00009,NPU_00012,equal,2,settled,1
SHR_00018599,NPE_00018599,NPG_00021,NPU_00080,equal,7,settled,17
SHR_00018600,NPE_00018600,NPG_00023,NPU_00040,equal,3,settled,6
SHR_00018601,NPE_00018601,NPG_00026,NPU_00049,equal,6,settled,7
SHR_00018721,NPE_00018721,NPG_00002,NPU_00060,equal,8,settled,6
SHR_00018722,NPE_00018722,NPG_00004,NPU_00058,equal,8,settled,10
SHR_00018723,NPE_00018723,NPG_00008,NPU_00051,equal,6,settled,15
SHR_00018724,NPE_00018724,NPG_00014,NPU_00028,equal,4,settled,3
SHR_00018725,NPE_00018725,NPG_00015,NPU_00054,equal,5,settled,0
SHR_00018726,NPE_00018726,NPG_00021,NPU_00008,equal,7,settled,10
SHR_00018727,NPE_00018727,NPG_00023,NPU_00001,equal,3,settled,5
SHR_00018728,NPE_00018728,NPG_00024,NPU_00078,equal,2,settled,0
SHR_00018729,NPE_00018729,NPG_00025,NPU_00018,equal,10,settled,2
SHR_00018824,NPE_00018824,NPG_00003,NPU_00039,custom,3,settled,9
SHR_00018825,NPE_00018825,NPG_00010,NPU_00041,equal,2,settled,5
SHR_00018826,NPE_00018826,NPG_00015,NPU_00047,equal,5,settled,0
SHR_00018827,NPE_00018827,NPG_00016,NPU_00035,equal,4,settled,5
SHR_00018828,NPE_00018828,NPG_00017,NPU_00042,equal,7,settled,5
SHR_00018829,NPE_00018829,NPG_00019,NPU_00038,percentage,3,settled,3
SHR_00018908,NPE_00018908,NPG_00006,NPU_00029,equal,4,settled,3
SHR_00018909,NPE_00018909,NPG_00009,NPU_00012,equal,2,settled,7
SHR_00018910,NPE_00018910,NPG_00010,NPU_00041,equal,2,settled,3
SHR_00018911,NPE_00018911,NPG_00015,NPU_00012,equal,5,settled,7
SHR_00018912,NPE_00018912,NPG_00024,NPU_00078,equal,2,settled,0
SHR_00019045,NPE_00019045,NPG_00005,NPU_00046,equal,4,settled,4
SHR_00019111,NPE_00019111,NPG_00005,NPU_00013,equal,4,settled,10
SHR_00019112,NPE_00019112,NPG_00010,NPU_00041,equal,2,settled,3
SHR_00019113,NPE_00019113,NPG_00012,NPU_00020,equal,3,settled,5
SHR_00019114,NPE_00019114,NPG_00013,NPU_00003,custom,3,settled,3
SHR_00019115,NPE_00019115,NPG_00026,NPU_00070,equal,6,settled,10
SHR_00019184,NPE_00019184,NPG_00009,NPU_00012,equal,2,settled,14
SHR_00019185,NPE_00019185,NPG_00010,NPU_00019,equal,2,settled,0
SHR_00019186,NPE_00019186,NPG_00013,NPU_00066,custom,3,settled,1
SHR_00019187,NPE_00019187,NPG_00015,NPU_00054,equal,5,settled,3
SHR_00019188,NPE_00019188,NPG_00023,NPU_00040,equal,3,settled,0
SHR_00019189,NPE_00019189,NPG_00024,NPU_00058,equal,2,settled,14
SHR_00019190,NPE_00019190,NPG_00029,NPU_00058,equal,4,settled,5
SHR_00019252,NPE_00019252,NPG_00009,NPU_00028,equal,2,settled,3
SHR_00019253,NPE_00019253,NPG_00017,NPU_00052,equal,7,settled,4
SHR_00019254,NPE_00019254,NPG_00019,NPU_00038,percentage,3,settled,7
SHR_00019255,NPE_00019255,NPG_00023,NPU_00058,equal,3,settled,8
SHR_00019256,NPE_00019256,NPG_00025,NPU_00026,equal,10,settled,16
SHR_00019358,NPE_00019358,NPG_00009,NPU_00028,equal,2,settled,9
SHR_00019359,NPE_00019359,NPG_00016,NPU_00047,equal,4,settled,5
SHR_00019360,NPE_00019360,NPG_00019,NPU_00038,percentage,3,settled,8
SHR_00019361,NPE_00019361,NPG_00020,NPU_00056,percentage,5,settled,10
SHR_00019362,NPE_00019362,NPG_00024,NPU_00058,equal,2,settled,11
SHR_00019470,NPE_00019470,NPG_00005,NPU_00046,equal,4,settled,3
SHR_00019471,NPE_00019471,NPG_00006,NPU_00047,equal,4,settled,0
SHR_00019472,NPE_00019472,NPG_00007,NPU_00020,equal,10,settled,12
SHR_00019473,NPE_00019473,NPG_00013,NPU_00077,custom,3,settled,9
SHR_00019546,NPE_00019546,NPG_00004,NPU_00073,equal,8,settled,11
SHR_00019547,NPE_00019547,NPG_00007,NPU_00003,equal,10,settled,10
SHR_00019548,NPE_00019548,NPG_00017,NPU_00042,equal,7,settled,7
SHR_00019549,NPE_00019549,NPG_00021,NPU_00080,equal,7,settled,10
SHR_00019550,NPE_00019550,NPG_00030,NPU_00021,custom,8,settled,10
SHR_00019637,NPE_00019637,NPG_00004,NPU_00058,equal,8,settled,7
SHR_00019638,NPE_00019638,NPG_00020,NPU_00052,percentage,5,settled,8
SHR_00019726,NPE_00019726,NPG_00005,NPU_00046,equal,4,settled,4
SHR_00019727,NPE_00019727,NPG_00013,NPU_00003,custom,3,settled,9
SHR_00019728,NPE_00019728,NPG_00017,NPU_00003,equal,7,settled,10
SHR_00019729,NPE_00019729,NPG_00025,NPU_00022,equal,10,settled,11
SHR_00019730,NPE_00019730,NPG_00028,NPU_00050,equal,4,settled,9
SHR_00019794,NPE_00019794,NPG_00009,NPU_00028,equal,2,settled,11
SHR_00019795,NPE_00019795,NPG_00014,NPU_00067,equal,4,settled,13
SHR_00019796,NPE_00019796,NPG_00016,NPU_00035,equal,4,settled,7
SHR_00019797,NPE_00019797,NPG_00024,NPU_00058,equal,2,settled,0
SHR_00019798,NPE_00019798,NPG_00030,NPU_00043,custom,8,settled,8
SHR_00019879,NPE_00019879,NPG_00015,NPU_00065,equal,5,settled,15
SHR_00019880,NPE_00019880,NPG_00020,NPU_00059,percentage,5,settled,13
SHR_00019881,NPE_00019881,NPG_00024,NPU_00078,equal,2,settled,8
SHR_00019882,NPE_00019882,NPG_00028,NPU_00027,equal,4,settled,4
SHR_00019883,NPE_00019883,NPG_00030,NPU_00010,custom,8,settled,14
SHR_00019976,NPE_00019976,NPG_00002,NPU_00005,equal,8,settled,9
SHR_00019977,NPE_00019977,NPG_00004,NPU_00001,equal,8,settled,0
SHR_00019978,NPE_00019978,NPG_00010,NPU_00019,equal,2,settled,6
SHR_00019979,NPE_00019979,NPG_00016,NPU_00047,equal,4,settled,14
SHR_00019980,NPE_00019980,NPG_00021,NPU_00008,equal,7,settled,8
SHR_00019981,NPE_00019981,NPG_00023,NPU_00001,equal,3,settled,3
SHR_00019982,NPE_00019982,NPG_00024,NPU_00058,equal,2,settled,7
SHR_00019983,NPE_00019983,NPG_00026,NPU_00051,equal,6,settled,8
SHR_00019984,NPE_00019984,NPG_00028,NPU_00008,equal,4,settled,9
SHR_00019985,NPE_00019985,NPG_00029,NPU_00024,equal,4,settled,3
SHR_00020089,NPE_00020089,NPG_00004,NPU_00058,equal,8,settled,13
SHR_00020090,NPE_00020090,NPG_00008,NPU_00055,equal,6,settled,0
SHR_00020091,NPE_00020091,NPG_00010,NPU_00019,equal,2,settled,16
SHR_00020092,NPE_00020092,NPG_00013,NPU_00066,custom,3,settled,2
SHR_00020093,NPE_00020093,NPG_00015,NPU_00054,equal,5,settled,4
SHR_00020094,NPE_00020094,NPG_00016,NPU_00073,equal,4,settled,8
SHR_00020095,NPE_00020095,NPG_00024,NPU_00078,equal,2,settled,10
SHR_00020171,NPE_00020171,NPG_00006,NPU_00054,equal,4,settled,9
SHR_00020172,NPE_00020172,NPG_00007,NPU_00067,equal,10,settled,2
SHR_00020173,NPE_00020173,NPG_00008,NPU_00069,equal,6,settled,2
SHR_00020174,NPE_00020174,NPG_00014,NPU_00019,equal,4,settled,3
SHR_00020175,NPE_00020175,NPG_00019,NPU_00038,percentage,3,settled,18
SHR_00020176,NPE_00020176,NPG_00021,NPU_00068,equal,7,settled,13
SHR_00020177,NPE_00020177,NPG_00028,NPU_00008,equal,4,settled,5
SHR_00020312,NPE_00020312,NPG_00004,NPU_00075,equal,8,settled,3
SHR_00020313,NPE_00020313,NPG_00008,NPU_00028,equal,6,settled,9
SHR_00020314,NPE_00020314,NPG_00016,NPU_00073,equal,4,settled,0
SHR_00020315,NPE_00020315,NPG_00021,NPU_00019,equal,7,settled,10
SHR_00020316,NPE_00020316,NPG_00023,NPU_00040,equal,3,settled,0
SHR_00020317,NPE_00020317,NPG_00029,NPU_00024,equal,4,settled,10
SHR_00020388,NPE_00020388,NPG_00006,NPU_00019,equal,4,settled,4
SHR_00020389,NPE_00020389,NPG_00009,NPU_00012,equal,2,settled,5
SHR_00020390,NPE_00020390,NPG_00010,NPU_00019,equal,2,settled,2
SHR_00020391,NPE_00020391,NPG_00024,NPU_00078,equal,2,settled,12
SHR_00020492,NPE_00020492,NPG_00009,NPU_00028,equal,2,settled,5
SHR_00020493,NPE_00020493,NPG_00011,NPU_00041,equal,6,settled,6
SHR_00020494,NPE_00020494,NPG_00012,NPU_00020,equal,3,settled,6
SHR_00020495,NPE_00020495,NPG_00013,NPU_00003,custom,3,settled,9
SHR_00020496,NPE_00020496,NPG_00020,NPU_00040,percentage,5,settled,15
SHR_00020497,NPE_00020497,NPG_00026,NPU_00051,equal,6,settled,12
SHR_00020572,NPE_00020572,NPG_00002,NPU_00072,equal,8,settled,11
SHR_00020573,NPE_00020573,NPG_00006,NPU_00029,equal,4,settled,6
SHR_00020574,NPE_00020574,NPG_00016,NPU_00035,equal,4,settled,13
SHR_00020575,NPE_00020575,NPG_00019,NPU_00059,percentage,3,settled,6
SHR_00020576,NPE_00020576,NPG_00021,NPU_00068,equal,7,settled,18
SHR_00020577,NPE_00020577,NPG_00023,NPU_00040,equal,3,settled,7
SHR_00020717,NPE_00020717,NPG_00004,NPU_00075,equal,8,settled,17
SHR_00020718,NPE_00020718,NPG_00007,NPU_00020,equal,10,settled,15
SHR_00020719,NPE_00020719,NPG_00008,NPU_00017,equal,6,settled,1
SHR_00020720,NPE_00020720,NPG_00016,NPU_00073,equal,4,settled,5
SHR_00020721,NPE_00020721,NPG_00019,NPU_00038,percentage,3,settled,8
SHR_00020722,NPE_00020722,NPG_00023,NPU_00001,equal,3,settled,6
SHR_00020723,NPE_00020723,NPG_00028,NPU_00027,equal,4,settled,4
SHR_00020830,NPE_00020830,NPG_00004,NPU_00056,equal,8,settled,7
SHR_00020831,NPE_00020831,NPG_00006,NPU_00029,equal,4,settled,1
SHR_00020832,NPE_00020832,NPG_00008,NPU_00051,equal,6,settled,15
SHR_00020833,NPE_00020833,NPG_00009,NPU_00028,equal,2,settled,6
SHR_00020834,NPE_00020834,NPG_00013,NPU_00066,custom,3,settled,9
SHR_00020835,NPE_00020835,NPG_00018,NPU_00002,custom,4,settled,14
SHR_00020836,NPE_00020836,NPG_00023,NPU_00040,equal,3,settled,6
SHR_00020837,NPE_00020837,NPG_00030,NPU_00063,custom,8,settled,16
SHR_00020911,NPE_00020911,NPG_00002,NPU_00060,equal,8,settled,9
SHR_00020912,NPE_00020912,NPG_00006,NPU_00054,equal,4,settled,5
SHR_00020913,NPE_00020913,NPG_00009,NPU_00028,equal,2,settled,4
SHR_00020914,NPE_00020914,NPG_00013,NPU_00003,custom,3,settled,5
SHR_00020915,NPE_00020915,NPG_00028,NPU_00050,equal,4,settled,1
SHR_00020916,NPE_00020916,NPG_00029,NPU_00058,equal,4,settled,15
SHR_00020917,NPE_00020917,NPG_00030,NPU_00060,custom,8,settled,16
SHR_00021023,NPE_00021023,NPG_00002,NPU_00072,equal,8,settled,5
SHR_00021024,NPE_00021024,NPG_00015,NPU_00065,equal,5,settled,6
SHR_00021025,NPE_00021025,NPG_00017,NPU_00054,equal,7,settled,5
SHR_00021026,NPE_00021026,NPG_00019,NPU_00021,percentage,3,settled,6
SHR_00021027,NPE_00021027,NPG_00024,NPU_00078,equal,2,pending,24
SHR_00021028,NPE_00021028,NPG_00028,NPU_00058,equal,4,settled,0
SHR_00021082,NPE_00021082,NPG_00014,NPU_00007,equal,4,settled,0
SHR_00021083,NPE_00021083,NPG_00016,NPU_00075,equal,4,settled,0
SHR_00021084,NPE_00021084,NPG_00024,NPU_00078,equal,2,settled,14
SHR_00021163,NPE_00021163,NPG_00002,NPU_00060,equal,8,settled,6
SHR_00021164,NPE_00021164,NPG_00005,NPU_00013,equal,4,settled,6
SHR_00021165,NPE_00021165,NPG_00019,NPU_00059,percentage,3,settled,16
SHR_00021166,NPE_00021166,NPG_00021,NPU_00021,equal,7,settled,0
SHR_00021167,NPE_00021167,NPG_00024,NPU_00078,equal,2,settled,1
SHR_00021168,NPE_00021168,NPG_00029,NPU_00024,equal,4,settled,8
SHR_00021260,NPE_00021260,NPG_00007,NPU_00047,equal,10,settled,4
SHR_00021261,NPE_00021261,NPG_00009,NPU_00028,equal,2,settled,7
SHR_00021262,NPE_00021262,NPG_00010,NPU_00041,equal,2,settled,0
SHR_00021263,NPE_00021263,NPG_00013,NPU_00066,custom,3,settled,11
SHR_00021264,NPE_00021264,NPG_00014,NPU_00019,equal,4,settled,6
SHR_00021265,NPE_00021265,NPG_00017,NPU_00071,equal,7,settled,8
SHR_00021266,NPE_00021266,NPG_00021,NPU_00080,equal,7,settled,6
SHR_00021267,NPE_00021267,NPG_00028,NPU_00058,equal,4,settled,4
SHR_00021431,NPE_00021431,NPG_00004,NPU_00073,equal,8,settled,10
SHR_00021432,NPE_00021432,NPG_00006,NPU_00054,equal,4,settled,0
SHR_00021433,NPE_00021433,NPG_00014,NPU_00067,equal,4,settled,2
SHR_00021434,NPE_00021434,NPG_00017,NPU_00003,equal,7,settled,10
SHR_00021435,NPE_00021435,NPG_00019,NPU_00059,percentage,3,settled,15
SHR_00021436,NPE_00021436,NPG_00029,NPU_00047,equal,4,settled,10
SHR_00021524,NPE_00021524,NPG_00001,NPU_00079,custom,3,settled,2
SHR_00021525,NPE_00021525,NPG_00002,NPU_00063,equal,8,settled,7
SHR_00021526,NPE_00021526,NPG_00010,NPU_00019,equal,2,settled,8
SHR_00021527,NPE_00021527,NPG_00012,NPU_00070,equal,3,settled,9
SHR_00021528,NPE_00021528,NPG_00015,NPU_00054,equal,5,settled,1
SHR_00021529,NPE_00021529,NPG_00016,NPU_00073,equal,4,settled,10
SHR_00021530,NPE_00021530,NPG_00028,NPU_00027,equal,4,settled,11
SHR_00021597,NPE_00021597,NPG_00004,NPU_00071,equal,8,settled,12
SHR_00021598,NPE_00021598,NPG_00014,NPU_00007,equal,4,settled,6
SHR_00021599,NPE_00021599,NPG_00015,NPU_00071,equal,5,settled,12
SHR_00021600,NPE_00021600,NPG_00024,NPU_00058,equal,2,settled,12
SHR_00021692,NPE_00021692,NPG_00002,NPU_00067,equal,8,settled,10
SHR_00021693,NPE_00021693,NPG_00009,NPU_00012,equal,2,settled,8
SHR_00021694,NPE_00021694,NPG_00010,NPU_00019,equal,2,settled,2
SHR_00021695,NPE_00021695,NPG_00025,NPU_00022,equal,10,settled,12
SHR_00021766,NPE_00021766,NPG_00001,NPU_00079,custom,3,settled,8
SHR_00021767,NPE_00021767,NPG_00008,NPU_00055,equal,6,settled,1
SHR_00021768,NPE_00021768,NPG_00010,NPU_00041,equal,2,settled,6
SHR_00021769,NPE_00021769,NPG_00019,NPU_00059,percentage,3,settled,8
SHR_00021770,NPE_00021770,NPG_00023,NPU_00040,equal,3,settled,0
SHR_00021845,NPE_00021845,NPG_00002,NPU_00063,equal,8,settled,6
SHR_00021846,NPE_00021846,NPG_00015,NPU_00065,equal,5,settled,0
SHR_00021847,NPE_00021847,NPG_00018,NPU_00002,custom,4,settled,3
SHR_00021959,NPE_00021959,NPG_00002,NPU_00032,equal,8,settled,10
SHR_00021960,NPE_00021960,NPG_00008,NPU_00055,equal,6,settled,0
SHR_00021961,NPE_00021961,NPG_00017,NPU_00023,equal,7,settled,7
SHR_00021962,NPE_00021962,NPG_00023,NPU_00001,equal,3,settled,8
SHR_00021963,NPE_00021963,NPG_00024,NPU_00078,equal,2,settled,2
SHR_00021964,NPE_00021964,NPG_00030,NPU_00043,custom,8,settled,6
SHR_00022054,NPE_00022054,NPG_00002,NPU_00046,equal,8,settled,6
SHR_00022055,NPE_00022055,NPG_00005,NPU_00026,equal,4,settled,9
SHR_00022056,NPE_00022056,NPG_00009,NPU_00012,equal,2,settled,5
SHR_00022057,NPE_00022057,NPG_00010,NPU_00019,equal,2,settled,7
SHR_00022058,NPE_00022058,NPG_00014,NPU_00067,equal,4,settled,2
SHR_00022059,NPE_00022059,NPG_00016,NPU_00073,equal,4,settled,12
SHR_00022060,NPE_00022060,NPG_00020,NPU_00020,percentage,5,settled,9
SHR_00022149,NPE_00022149,NPG_00010,NPU_00041,equal,2,settled,6
SHR_00022150,NPE_00022150,NPG_00014,NPU_00028,equal,4,settled,16
SHR_00022151,NPE_00022151,NPG_00016,NPU_00075,equal,4,settled,10
SHR_00022152,NPE_00022152,NPG_00022,NPU_00049,equal,2,settled,0
SHR_00022222,NPE_00022222,NPG_00004,NPU_00001,equal,8,settled,5
SHR_00022223,NPE_00022223,NPG_00009,NPU_00028,equal,2,settled,16
SHR_00022224,NPE_00022224,NPG_00013,NPU_00077,custom,3,settled,11
SHR_00022225,NPE_00022225,NPG_00030,NPU_00028,custom,8,settled,9
SHR_00022305,NPE_00022305,NPG_00006,NPU_00029,equal,4,settled,11
SHR_00022306,NPE_00022306,NPG_00010,NPU_00041,equal,2,settled,0
SHR_00022307,NPE_00022307,NPG_00015,NPU_00065,equal,5,settled,15
SHR_00022308,NPE_00022308,NPG_00016,NPU_00075,equal,4,settled,4
SHR_00022309,NPE_00022309,NPG_00024,NPU_00058,equal,2,settled,7
SHR_00022310,NPE_00022310,NPG_00025,NPU_00018,equal,10,settled,15
SHR_00022311,NPE_00022311,NPG_00028,NPU_00058,equal,4,settled,6
SHR_00022382,NPE_00022382,NPG_00013,NPU_00077,custom,3,settled,8
SHR_00022383,NPE_00022383,NPG_00019,NPU_00059,percentage,3,settled,9
SHR_00022469,NPE_00022469,NPG_00009,NPU_00012,equal,2,settled,5
SHR_00022470,NPE_00022470,NPG_00010,NPU_00041,equal,2,settled,6
SHR_00022471,NPE_00022471,NPG_00019,NPU_00021,percentage,3,settled,6
SHR_00022472,NPE_00022472,NPG_00021,NPU_00007,equal,7,settled,1
SHR_00022473,NPE_00022473,NPG_00023,NPU_00040,equal,3,settled,12
SHR_00022474,NPE_00022474,NPG_00029,NPU_00053,equal,4,settled,8
SHR_00022546,NPE_00022546,NPG_00006,NPU_00054,equal,4,settled,0
SHR_00022547,NPE_00022547,NPG_00021,NPU_00080,equal,7,settled,3
SHR_00022548,NPE_00022548,NPG_00023,NPU_00040,equal,3,settled,21
SHR_00022652,NPE_00022652,NPG_00002,NPU_00054,equal,8,settled,8
SHR_00022653,NPE_00022653,NPG_00004,NPU_00056,equal,8,settled,16
SHR_00022654,NPE_00022654,NPG_00010,NPU_00041,equal,2,settled,10
SHR_00022655,NPE_00022655,NPG_00017,NPU_00042,equal,7,settled,5
SHR_00022656,NPE_00022656,NPG_00021,NPU_00021,equal,7,settled,9
SHR_00022657,NPE_00022657,NPG_00027,NPU_00031,custom,3,settled,5
SHR_00022658,NPE_00022658,NPG_00030,NPU_00074,custom,8,pending,22
SHR_00022747,NPE_00022747,NPG_00016,NPU_00047,equal,4,settled,6
SHR_00022748,NPE_00022748,NPG_00023,NPU_00058,equal,3,settled,3
SHR_00022749,NPE_00022749,NPG_00024,NPU_00078,equal,2,settled,3
SHR_00022750,NPE_00022750,NPG_00025,NPU_00002,equal,10,settled,0
SHR_00022751,NPE_00022751,NPG_00030,NPU_00060,custom,8,settled,16
SHR_00022826,NPE_00022826,NPG_00004,NPU_00001,equal,8,settled,2
SHR_00022827,NPE_00022827,NPG_00011,NPU_00040,equal,6,settled,8
SHR_00022828,NPE_00022828,NPG_00019,NPU_00021,percentage,3,settled,11
SHR_00022829,NPE_00022829,NPG_00020,NPU_00056,percentage,5,settled,11
SHR_00022830,NPE_00022830,NPG_00030,NPU_00043,custom,8,settled,17
SHR_00022899,NPE_00022899,NPG_00002,NPU_00032,equal,8,settled,20
SHR_00022900,NPE_00022900,NPG_00004,NPU_00058,equal,8,settled,14
SHR_00022901,NPE_00022901,NPG_00006,NPU_00029,equal,4,settled,9
SHR_00022902,NPE_00022902,NPG_00007,NPU_00072,equal,10,settled,4
SHR_00022903,NPE_00022903,NPG_00008,NPU_00028,equal,6,settled,17
SHR_00022904,NPE_00022904,NPG_00010,NPU_00041,equal,2,settled,6
SHR_00022905,NPE_00022905,NPG_00030,NPU_00028,custom,8,settled,7
SHR_00022972,NPE_00022972,NPG_00004,NPU_00073,equal,8,settled,9
SHR_00022973,NPE_00022973,NPG_00013,NPU_00003,custom,3,settled,8
SHR_00022974,NPE_00022974,NPG_00027,NPU_00005,custom,3,settled,4
SHR_00023043,NPE_00023043,NPG_00004,NPU_00064,equal,8,settled,16
SHR_00023044,NPE_00023044,NPG_00015,NPU_00065,equal,5,settled,7
SHR_00023045,NPE_00023045,NPG_00016,NPU_00073,equal,4,settled,10
SHR_00023046,NPE_00023046,NPG_00019,NPU_00059,percentage,3,settled,7
SHR_00023047,NPE_00023047,NPG_00023,NPU_00040,equal,3,settled,8
SHR_00023048,NPE_00023048,NPG_00028,NPU_00027,equal,4,settled,12
SHR_00023156,NPE_00023156,NPG_00002,NPU_00060,equal,8,settled,10
SHR_00023157,NPE_00023157,NPG_00004,NPU_00056,equal,8,settled,9
SHR_00023158,NPE_00023158,NPG_00016,NPU_00075,equal,4,settled,9
SHR_00023159,NPE_00023159,NPG_00017,NPU_00054,equal,7,settled,13
SHR_00023160,NPE_00023160,NPG_00030,NPU_00074,custom,8,settled,19
SHR_00023254,NPE_00023254,NPG_00002,NPU_00060,equal,8,settled,12
SHR_00023255,NPE_00023255,NPG_00007,NPU_00054,equal,10,settled,13
SHR_00023256,NPE_00023256,NPG_00009,NPU_00012,equal,2,settled,8
SHR_00023257,NPE_00023257,NPG_00013,NPU_00066,custom,3,settled,9
SHR_00023258,NPE_00023258,NPG_00014,NPU_00007,equal,4,settled,16
SHR_00023259,NPE_00023259,NPG_00020,NPU_00059,percentage,5,settled,13
SHR_00023260,NPE_00023260,NPG_00028,NPU_00050,equal,4,settled,11
SHR_00023261,NPE_00023261,NPG_00029,NPU_00058,equal,4,settled,8
SHR_00023384,NPE_00023384,NPG_00006,NPU_00029,equal,4,settled,11
SHR_00023385,NPE_00023385,NPG_00010,NPU_00041,equal,2,settled,10
SHR_00023386,NPE_00023386,NPG_00013,NPU_00003,custom,3,settled,9
SHR_00023387,NPE_00023387,NPG_00014,NPU_00067,equal,4,settled,10
SHR_00023388,NPE_00023388,NPG_00015,NPU_00065,equal,5,settled,15
SHR_00023389,NPE_00023389,NPG_00019,NPU_00038,percentage,3,settled,12
SHR_00023390,NPE_00023390,NPG_00020,NPU_00059,percentage,5,settled,9
SHR_00023391,NPE_00023391,NPG_00023,NPU_00040,equal,3,settled,8
SHR_00023392,NPE_00023392,NPG_00024,NPU_00078,equal,2,settled,12
SHR_00023393,NPE_00023393,NPG_00025,NPU_00080,equal,10,settled,13
SHR_00023394,NPE_00023394,NPG_00026,NPU_00051,equal,6,settled,6
SHR_00023395,NPE_00023395,NPG_00029,NPU_00047,equal,4,settled,3
SHR_00023473,NPE_00023473,NPG_00009,NPU_00012,equal,2,settled,1
SHR_00023474,NPE_00023474,NPG_00010,NPU_00019,equal,2,settled,12
SHR_00023475,NPE_00023475,NPG_00015,NPU_00047,equal,5,settled,7
SHR_00023476,NPE_00023476,NPG_00016,NPU_00047,equal,4,settled,15
SHR_00023477,NPE_00023477,NPG_00023,NPU_00001,equal,3,settled,18
SHR_00023478,NPE_00023478,NPG_00024,NPU_00058,equal,2,settled,12
SHR_00023479,NPE_00023479,NPG_00028,NPU_00050,equal,4,settled,9
SHR_00023596,NPE_00023596,NPG_00004,NPU_00058,equal,8,settled,11
SHR_00023597,NPE_00023597,NPG_00006,NPU_00047,equal,4,settled,21
SHR_00023598,NPE_00023598,NPG_00009,NPU_00028,equal,2,settled,3
SHR_00023599,NPE_00023599,NPG_00010,NPU_00041,equal,2,settled,18
SHR_00023600,NPE_00023600,NPG_00013,NPU_00066,custom,3,pending,24
SHR_00023601,NPE_00023601,NPG_00015,NPU_00054,equal,5,settled,13
SHR_00023602,NPE_00023602,NPG_00019,NPU_00059,percentage,3,settled,7
SHR_00023603,NPE_00023603,NPG_00021,NPU_00008,equal,7,settled,2
SHR_00023604,NPE_00023604,NPG_00024,NPU_00058,equal,2,settled,14
SHR_00023605,NPE_00023605,NPG_00026,NPU_00049,equal,6,settled,17
SHR_00023692,NPE_00023692,NPG_00001,NPU_00079,custom,3,settled,12
SHR_00023693,NPE_00023693,NPG_00010,NPU_00041,equal,2,settled,15
SHR_00023694,NPE_00023694,NPG_00017,NPU_00023,equal,7,settled,6
SHR_00023695,NPE_00023695,NPG_00019,NPU_00021,percentage,3,settled,6
SHR_00023696,NPE_00023696,NPG_00026,NPU_00051,equal,6,settled,16
SHR_00023697,NPE_00023697,NPG_00028,NPU_00027,equal,4,settled,17
SHR_00023698,NPE_00023698,NPG_00029,NPU_00058,equal,4,settled,14
SHR_00023768,NPE_00023768,NPG_00004,NPU_00001,equal,8,settled,9
SHR_00023769,NPE_00023769,NPG_00008,NPU_00060,equal,6,settled,5
SHR_00023770,NPE_00023770,NPG_00009,NPU_00012,equal,2,settled,8
SHR_00023771,NPE_00023771,NPG_00010,NPU_00041,equal,2,settled,10
SHR_00023772,NPE_00023772,NPG_00012,NPU_00020,equal,3,settled,17
SHR_00023773,NPE_00023773,NPG_00013,NPU_00066,custom,3,settled,14
SHR_00023774,NPE_00023774,NPG_00016,NPU_00035,equal,4,settled,14
SHR_00023775,NPE_00023775,NPG_00018,NPU_00029,custom,4,settled,11
SHR_00023776,NPE_00023776,NPG_00030,NPU_00063,custom,8,settled,18
SHR_00023920,NPE_00023920,NPG_00005,NPU_00066,equal,4,settled,12
SHR_00023921,NPE_00023921,NPG_00009,NPU_00028,equal,2,settled,8
SHR_00023922,NPE_00023922,NPG_00016,NPU_00047,equal,4,settled,0
SHR_00023923,NPE_00023923,NPG_00017,NPU_00052,equal,7,settled,12
SHR_00023924,NPE_00023924,NPG_00020,NPU_00059,percentage,5,settled,13
SHR_00023925,NPE_00023925,NPG_00027,NPU_00062,custom,3,settled,12
SHR_00023926,NPE_00023926,NPG_00028,NPU_00008,equal,4,settled,5
SHR_00024016,NPE_00024016,NPG_00003,NPU_00020,custom,3,settled,9
SHR_00024017,NPE_00024017,NPG_00005,NPU_00066,equal,4,settled,15
SHR_00024018,NPE_00024018,NPG_00008,NPU_00051,equal,6,settled,17
SHR_00024019,NPE_00024019,NPG_00009,NPU_00028,equal,2,settled,14
SHR_00024020,NPE_00024020,NPG_00010,NPU_00041,equal,2,settled,10
SHR_00024021,NPE_00024021,NPG_00014,NPU_00019,equal,4,settled,2
SHR_00024022,NPE_00024022,NPG_00018,NPU_00075,custom,4,settled,10
SHR_00024023,NPE_00024023,NPG_00019,NPU_00021,percentage,3,settled,10
SHR_00024024,NPE_00024024,NPG_00023,NPU_00040,equal,3,settled,12
SHR_00024025,NPE_00024025,NPG_00025,NPU_00022,equal,10,settled,11
SHR_00024026,NPE_00024026,NPG_00026,NPU_00049,equal,6,settled,11
SHR_00024027,NPE_00024027,NPG_00029,NPU_00053,equal,4,settled,11
SHR_00024124,NPE_00024124,NPG_00004,NPU_00056,equal,8,settled,20
SHR_00024125,NPE_00024125,NPG_00008,NPU_00017,equal,6,settled,9
SHR_00024126,NPE_00024126,NPG_00010,NPU_00019,equal,2,settled,0
SHR_00024127,NPE_00024127,NPG_00017,NPU_00023,equal,7,settled,2
SHR_00024128,NPE_00024128,NPG_00021,NPU_00068,equal,7,settled,21
SHR_00024129,NPE_00024129,NPG_00023,NPU_00040,equal,3,settled,9
SHR_00024130,NPE_00024130,NPG_00024,NPU_00078,equal,2,settled,9
SHR_00024131,NPE_00024131,NPG_00026,NPU_00051,equal,6,settled,12
SHR_00024202,NPE_00024202,NPG_00014,NPU_00019,equal,4,settled,12
SHR_00024203,NPE_00024203,NPG_00024,NPU_00078,equal,2,settled,5
SHR_00024204,NPE_00024204,NPG_00028,NPU_00008,equal,4,settled,14
SHR_00024331,NPE_00024331,NPG_00008,NPU_00069,equal,6,settled,7
SHR_00024332,NPE_00024332,NPG_00014,NPU_00028,equal,4,settled,4
SHR_00024333,NPE_00024333,NPG_00015,NPU_00054,equal,5,settled,10
SHR_00024334,NPE_00024334,NPG_00018,NPU_00002,custom,4,settled,12
SHR_00024335,NPE_00024335,NPG_00023,NPU_00001,equal,3,settled,17
SHR_00024410,NPE_00024410,NPG_00013,NPU_00066,custom,3,settled,14
SHR_00024411,NPE_00024411,NPG_00014,NPU_00007,equal,4,settled,3
SHR_00024412,NPE_00024412,NPG_00019,NPU_00038,percentage,3,settled,10
SHR_00024413,NPE_00024413,NPG_00021,NPU_00032,equal,7,settled,2
SHR_00024414,NPE_00024414,NPG_00023,NPU_00040,equal,3,settled,0
SHR_00024415,NPE_00024415,NPG_00026,NPU_00051,equal,6,settled,9
SHR_00024488,NPE_00024488,NPG_00002,NPU_00046,equal,8,settled,19
SHR_00024489,NPE_00024489,NPG_00015,NPU_00012,equal,5,settled,15
SHR_00024490,NPE_00024490,NPG_00016,NPU_00073,equal,4,settled,6
SHR_00024491,NPE_00024491,NPG_00021,NPU_00019,equal,7,settled,7
SHR_00024492,NPE_00024492,NPG_00030,NPU_00063,custom,8,settled,12
SHR_00024600,NPE_00024600,NPG_00001,NPU_00022,custom,3,settled,7
SHR_00024601,NPE_00024601,NPG_00020,NPU_00020,percentage,5,settled,6
SHR_00024602,NPE_00024602,NPG_00022,NPU_00049,equal,2,settled,9
SHR_00024603,NPE_00024603,NPG_00023,NPU_00040,equal,3,settled,6
SHR_00024604,NPE_00024604,NPG_00030,NPU_00063,custom,8,settled,15
SHR_00024692,NPE_00024692,NPG_00001,NPU_00079,custom,3,settled,3
SHR_00024693,NPE_00024693,NPG_00004,NPU_00056,equal,8,settled,5
SHR_00024694,NPE_00024694,NPG_00007,NPU_00067,equal,10,settled,18
SHR_00024695,NPE_00024695,NPG_00014,NPU_00028,equal,4,settled,2
SHR_00024696,NPE_00024696,NPG_00016,NPU_00073,equal,4,settled,8
SHR_00024697,NPE_00024697,NPG_00017,NPU_00023,equal,7,settled,13
SHR_00024698,NPE_00024698,NPG_00019,NPU_00021,percentage,3,settled,9
SHR_00024699,NPE_00024699,NPG_00020,NPU_00040,percentage,5,settled,11
SHR_00024791,NPE_00024791,NPG_00009,NPU_00012,equal,2,settled,3
SHR_00024792,NPE_00024792,NPG_00011,NPU_00059,equal,6,settled,3
SHR_00024793,NPE_00024793,NPG_00015,NPU_00071,equal,5,settled,16
SHR_00024794,NPE_00024794,NPG_00016,NPU_00075,equal,4,settled,9
SHR_00024927,NPE_00024927,NPG_00007,NPU_00004,equal,10,settled,9
SHR_00024928,NPE_00024928,NPG_00012,NPU_00070,equal,3,settled,5
SHR_00024929,NPE_00024929,NPG_00014,NPU_00028,equal,4,settled,6
SHR_00024930,NPE_00024930,NPG_00016,NPU_00047,equal,4,settled,0
SHR_00024931,NPE_00024931,NPG_00017,NPU_00071,equal,7,settled,8
SHR_00024932,NPE_00024932,NPG_00021,NPU_00019,equal,7,settled,6
SHR_00024933,NPE_00024933,NPG_00023,NPU_00058,equal,3,settled,6
SHR_00024934,NPE_00024934,NPG_00024,NPU_00078,equal,2,settled,5
SHR_00024935,NPE_00024935,NPG_00025,NPU_00061,equal,10,settled,10
SHR_00024936,NPE_00024936,NPG_00026,NPU_00047,equal,6,settled,7
SHR_00025001,NPE_00025001,NPG_00006,NPU_00054,equal,4,settled,2
SHR_00025002,NPE_00025002,NPG_00009,NPU_00012,equal,2,settled,3
SHR_00025003,NPE_00025003,NPG_00010,NPU_00019,equal,2,settled,3
SHR_00025004,NPE_00025004,NPG_00013,NPU_00003,custom,3,settled,18
SHR_00025005,NPE_00025005,NPG_00015,NPU_00065,equal,5,settled,5
SHR_00025006,NPE_00025006,NPG_00016,NPU_00035,equal,4,settled,8
SHR_00025007,NPE_00025007,NPG_00025,NPU_00018,equal,10,settled,6
SHR_00025008,NPE_00025008,NPG_00029,NPU_00047,equal,4,settled,16
SHR_00025086,NPE_00025086,NPG_00005,NPU_00066,equal,4,settled,8
SHR_00025087,NPE_00025087,NPG_00010,NPU_00019,equal,2,settled,4
SHR_00025088,NPE_00025088,NPG_00013,NPU_00066,custom,3,settled,9
SHR_00025089,NPE_00025089,NPG_00023,NPU_00001,equal,3,settled,14
SHR_00025090,NPE_00025090,NPG_00030,NPU_00028,custom,8,settled,10
SHR_00025161,NPE_00025161,NPG_00010,NPU_00019,equal,2,settled,0
SHR_00025162,NPE_00025162,NPG_00016,NPU_00075,equal,4,settled,0
SHR_00025163,NPE_00025163,NPG_00026,NPU_00052,equal,6,settled,9
SHR_00025164,NPE_00025164,NPG_00028,NPU_00050,equal,4,settled,6
SHR_00025165,NPE_00025165,NPG_00029,NPU_00053,equal,4,settled,16
SHR_00025239,NPE_00025239,NPG_00005,NPU_00013,equal,4,settled,18
SHR_00025240,NPE_00025240,NPG_00013,NPU_00003,custom,3,settled,10
SHR_00025241,NPE_00025241,NPG_00015,NPU_00065,equal,5,settled,11
SHR_00025242,NPE_00025242,NPG_00016,NPU_00075,equal,4,settled,9
SHR_00025243,NPE_00025243,NPG_00020,NPU_00040,percentage,5,settled,12
SHR_00025244,NPE_00025244,NPG_00022,NPU_00049,equal,2,settled,12
SHR_00025245,NPE_00025245,NPG_00025,NPU_00020,equal,10,settled,11
SHR_00025344,NPE_00025344,NPG_00001,NPU_00079,custom,3,settled,9
SHR_00025345,NPE_00025345,NPG_00006,NPU_00047,equal,4,settled,13
SHR_00025346,NPE_00025346,NPG_00007,NPU_00004,equal,10,settled,6
SHR_00025347,NPE_00025347,NPG_00009,NPU_00028,equal,2,settled,6
SHR_00025348,NPE_00025348,NPG_00010,NPU_00019,equal,2,settled,0
SHR_00025349,NPE_00025349,NPG_00028,NPU_00008,equal,4,settled,7
SHR_00025452,NPE_00025452,NPG_00001,NPU_00056,custom,3,settled,8
SHR_00025453,NPE_00025453,NPG_00021,NPU_00007,equal,7,settled,4
SHR_00025530,NPE_00025530,NPG_00002,NPU_00046,equal,8,settled,13
SHR_00025531,NPE_00025531,NPG_00008,NPU_00069,equal,6,settled,0
SHR_00025532,NPE_00025532,NPG_00013,NPU_00003,custom,3,settled,18
SHR_00025533,NPE_00025533,NPG_00015,NPU_00047,equal,5,settled,9
SHR_00025534,NPE_00025534,NPG_00024,NPU_00078,equal,2,settled,10
SHR_00025607,NPE_00025607,NPG_00010,NPU_00019,equal,2,settled,7
SHR_00025608,NPE_00025608,NPG_00013,NPU_00077,custom,3,settled,8
SHR_00025609,NPE_00025609,NPG_00015,NPU_00065,equal,5,settled,8
SHR_00025610,NPE_00025610,NPG_00021,NPU_00007,equal,7,settled,5
SHR_00025611,NPE_00025611,NPG_00023,NPU_00058,equal,3,settled,9
SHR_00025612,NPE_00025612,NPG_00028,NPU_00027,equal,4,settled,3
SHR_00025694,NPE_00025694,NPG_00004,NPU_00075,equal,8,settled,11
SHR_00025695,NPE_00025695,NPG_00007,NPU_00003,equal,10,settled,9
SHR_00025696,NPE_00025696,NPG_00008,NPU_00069,equal,6,settled,15
SHR_00025697,NPE_00025697,NPG_00010,NPU_00019,equal,2,settled,1
SHR_00025698,NPE_00025698,NPG_00015,NPU_00071,equal,5,settled,3
SHR_00025699,NPE_00025699,NPG_00026,NPU_00051,equal,6,settled,5
SHR_00025778,NPE_00025778,NPG_00001,NPU_00056,custom,3,settled,9
SHR_00025779,NPE_00025779,NPG_00015,NPU_00065,equal,5,settled,0
SHR_00025780,NPE_00025780,NPG_00024,NPU_00078,equal,2,settled,6
SHR_00025781,NPE_00025781,NPG_00028,NPU_00058,equal,4,settled,8
SHR_00025856,NPE_00025856,NPG_00017,NPU_00067,equal,7,settled,8
SHR_00025857,NPE_00025857,NPG_00018,NPU_00029,custom,4,settled,12
SHR_00025858,NPE_00025858,NPG_00019,NPU_00038,percentage,3,settled,11
SHR_00025859,NPE_00025859,NPG_00024,NPU_00058,equal,2,settled,8
SHR_00025860,NPE_00025860,NPG_00025,NPU_00020,equal,10,settled,14
SHR_00025861,NPE_00025861,NPG_00028,NPU_00027,equal,4,settled,15
SHR_00025948,NPE_00025948,NPG_00004,NPU_00075,equal,8,settled,12
SHR_00025949,NPE_00025949,NPG_00006,NPU_00047,equal,4,settled,7
SHR_00025950,NPE_00025950,NPG_00010,NPU_00019,equal,2,settled,6
SHR_00025951,NPE_00025951,NPG_00014,NPU_00028,equal,4,settled,12
SHR_00025952,NPE_00025952,NPG_00015,NPU_00054,equal,5,settled,4
SHR_00025953,NPE_00025953,NPG_00022,NPU_00009,equal,2,settled,21
SHR_00025954,NPE_00025954,NPG_00025,NPU_00002,equal,10,settled,10
SHR_00026096,NPE_00026096,NPG_00004,NPU_00056,equal,8,settled,16
SHR_00026097,NPE_00026097,NPG_00006,NPU_00019,equal,4,settled,11
SHR_00026098,NPE_00026098,NPG_00009,NPU_00012,equal,2,settled,11
SHR_00026099,NPE_00026099,NPG_00010,NPU_00041,equal,2,settled,9
SHR_00026100,NPE_00026100,NPG_00015,NPU_00047,equal,5,settled,7
SHR_00026101,NPE_00026101,NPG_00018,NPU_00029,custom,4,settled,11
SHR_00026102,NPE_00026102,NPG_00019,NPU_00059,percentage,3,settled,14
SHR_00026103,NPE_00026103,NPG_00021,NPU_00080,equal,7,settled,16
SHR_00026104,NPE_00026104,NPG_00023,NPU_00001,equal,3,settled,12
SHR_00026105,NPE_00026105,NPG_00024,NPU_00058,equal,2,settled,5
SHR_00026106,NPE_00026106,NPG_00025,NPU_00002,equal,10,settled,19
SHR_00026107,NPE_00026107,NPG_00028,NPU_00027,equal,4,settled,12
SHR_00026108,NPE_00026108,NPG_00030,NPU_00074,custom,8,settled,19
SHR_00026188,NPE_00026188,NPG_00003,NPU_00034,custom,3,settled,16
SHR_00026189,NPE_00026189,NPG_00010,NPU_00019,equal,2,settled,4
SHR_00026190,NPE_00026190,NPG_00013,NPU_00003,custom,3,settled,6
SHR_00026191,NPE_00026191,NPG_00014,NPU_00028,equal,4,settled,9
SHR_00026192,NPE_00026192,NPG_00016,NPU_00075,equal,4,settled,8
SHR_00026193,NPE_00026193,NPG_00019,NPU_00021,percentage,3,settled,14
SHR_00026194,NPE_00026194,NPG_00021,NPU_00021,equal,7,settled,10
SHR_00026291,NPE_00026291,NPG_00005,NPU_00026,equal,4,settled,13
SHR_00026292,NPE_00026292,NPG_00007,NPU_00071,equal,10,settled,19
SHR_00026293,NPE_00026293,NPG_00008,NPU_00017,equal,6,settled,13
SHR_00026294,NPE_00026294,NPG_00012,NPU_00020,equal,3,settled,9
SHR_00026295,NPE_00026295,NPG_00024,NPU_00078,equal,2,settled,9
SHR_00026296,NPE_00026296,NPG_00025,NPU_00044,equal,10,settled,13
SHR_00026297,NPE_00026297,NPG_00026,NPU_00052,equal,6,settled,16
SHR_00026298,NPE_00026298,NPG_00027,NPU_00031,custom,3,pending,27
SHR_00026299,NPE_00026299,NPG_00028,NPU_00027,equal,4,settled,18
SHR_00026300,NPE_00026300,NPG_00030,NPU_00043,custom,8,settled,6
SHR_00026381,NPE_00026381,NPG_00004,NPU_00058,equal,8,settled,13
SHR_00026382,NPE_00026382,NPG_00005,NPU_00013,equal,4,settled,18
SHR_00026383,NPE_00026383,NPG_00006,NPU_00029,equal,4,settled,11
SHR_00026384,NPE_00026384,NPG_00007,NPU_00072,equal,10,settled,19
SHR_00026385,NPE_00026385,NPG_00008,NPU_00051,equal,6,settled,5
SHR_00026386,NPE_00026386,NPG_00009,NPU_00028,equal,2,settled,9
SHR_00026387,NPE_00026387,NPG_00010,NPU_00019,equal,2,settled,14
SHR_00026388,NPE_00026388,NPG_00014,NPU_00067,equal,4,settled,9
SHR_00026389,NPE_00026389,NPG_00016,NPU_00035,equal,4,settled,7
SHR_00026390,NPE_00026390,NPG_00017,NPU_00042,equal,7,settled,18
SHR_00026391,NPE_00026391,NPG_00019,NPU_00038,percentage,3,pending,23
SHR_00026392,NPE_00026392,NPG_00021,NPU_00007,equal,7,settled,18
SHR_00026393,NPE_00026393,NPG_00028,NPU_00050,equal,4,settled,10
SHR_00026500,NPE_00026500,NPG_00004,NPU_00001,equal,8,settled,12
SHR_00026501,NPE_00026501,NPG_00015,NPU_00071,equal,5,settled,11
SHR_00026502,NPE_00026502,NPG_00019,NPU_00059,percentage,3,settled,7
SHR_00026503,NPE_00026503,NPG_00021,NPU_00068,equal,7,settled,9
SHR_00026504,NPE_00026504,NPG_00025,NPU_00022,equal,10,settled,10
SHR_00026505,NPE_00026505,NPG_00026,NPU_00051,equal,6,settled,16
SHR_00026506,NPE_00026506,NPG_00030,NPU_00043,custom,8,settled,11
SHR_00026577,NPE_00026577,NPG_00002,NPU_00072,equal,8,settled,18
SHR_00026578,NPE_00026578,NPG_00004,NPU_00075,equal,8,settled,11
SHR_00026579,NPE_00026579,NPG_00008,NPU_00055,equal,6,settled,8
SHR_00026580,NPE_00026580,NPG_00010,NPU_00041,equal,2,settled,8
SHR_00026581,NPE_00026581,NPG_00013,NPU_00066,custom,3,settled,12
SHR_00026582,NPE_00026582,NPG_00019,NPU_00021,percentage,3,settled,7
SHR_00026583,NPE_00026583,NPG_00020,NPU_00059,percentage,5,settled,16
SHR_00026584,NPE_00026584,NPG_00023,NPU_00040,equal,3,settled,16
SHR_00026585,NPE_00026585,NPG_00027,NPU_00062,custom,3,settled,17
SHR_00026586,NPE_00026586,NPG_00028,NPU_00050,equal,4,settled,1
SHR_00026587,NPE_00026587,NPG_00030,NPU_00060,custom,8,settled,14
SHR_00026684,NPE_00026684,NPG_00004,NPU_00071,equal,8,settled,14
SHR_00026685,NPE_00026685,NPG_00006,NPU_00019,equal,4,settled,14
SHR_00026686,NPE_00026686,NPG_00009,NPU_00012,equal,2,settled,10
SHR_00026687,NPE_00026687,NPG_00010,NPU_00019,equal,2,settled,9
SHR_00026688,NPE_00026688,NPG_00013,NPU_00003,custom,3,settled,8
SHR_00026689,NPE_00026689,NPG_00014,NPU_00067,equal,4,settled,3
SHR_00026690,NPE_00026690,NPG_00019,NPU_00038,percentage,3,settled,16
SHR_00026691,NPE_00026691,NPG_00020,NPU_00052,percentage,5,settled,15
SHR_00026692,NPE_00026692,NPG_00023,NPU_00001,equal,3,settled,9
SHR_00026693,NPE_00026693,NPG_00024,NPU_00058,equal,2,settled,9
SHR_00026694,NPE_00026694,NPG_00026,NPU_00049,equal,6,settled,12
SHR_00026695,NPE_00026695,NPG_00028,NPU_00050,equal,4,settled,7
SHR_00026696,NPE_00026696,NPG_00030,NPU_00074,custom,8,settled,14
SHR_00026858,NPE_00026858,NPG_00001,NPU_00079,custom,3,settled,7
SHR_00026859,NPE_00026859,NPG_00002,NPU_00005,equal,8,settled,14
SHR_00026860,NPE_00026860,NPG_00011,NPU_00004,equal,6,settled,8
SHR_00026861,NPE_00026861,NPG_00015,NPU_00071,equal,5,settled,17
SHR_00026862,NPE_00026862,NPG_00019,NPU_00021,percentage,3,settled,6
SHR_00026863,NPE_00026863,NPG_00020,NPU_00020,percentage,5,settled,0
SHR_00026864,NPE_00026864,NPG_00021,NPU_00032,equal,7,settled,5
SHR_00026865,NPE_00026865,NPG_00023,NPU_00058,equal,3,settled,9
SHR_00026866,NPE_00026866,NPG_00024,NPU_00078,equal,2,settled,10
SHR_00026867,NPE_00026867,NPG_00027,NPU_00005,custom,3,settled,9
SHR_00026868,NPE_00026868,NPG_00028,NPU_00058,equal,4,settled,17
SHR_00026869,NPE_00026869,NPG_00030,NPU_00074,custom,8,settled,14
SHR_00026928,NPE_00026928,NPG_00002,NPU_00060,equal,8,settled,12
SHR_00026929,NPE_00026929,NPG_00003,NPU_00020,custom,3,settled,13
SHR_00026930,NPE_00026930,NPG_00006,NPU_00047,equal,4,settled,10
SHR_00026931,NPE_00026931,NPG_00009,NPU_00012,equal,2,settled,5
SHR_00026932,NPE_00026932,NPG_00013,NPU_00066,custom,3,settled,14
SHR_00026933,NPE_00026933,NPG_00014,NPU_00067,equal,4,settled,9
SHR_00026934,NPE_00026934,NPG_00021,NPU_00021,equal,7,settled,11
SHR_00026935,NPE_00026935,NPG_00025,NPU_00080,equal,10,settled,9
SHR_00026936,NPE_00026936,NPG_00030,NPU_00021,custom,8,settled,20
SHR_00027019,NPE_00027019,NPG_00010,NPU_00019,equal,2,settled,9
SHR_00027020,NPE_00027020,NPG_00015,NPU_00065,equal,5,settled,10
SHR_00027021,NPE_00027021,NPG_00016,NPU_00075,equal,4,settled,14
SHR_00027022,NPE_00027022,NPG_00024,NPU_00078,equal,2,settled,18
SHR_00027023,NPE_00027023,NPG_00029,NPU_00024,equal,4,settled,17
SHR_00027109,NPE_00027109,NPG_00004,NPU_00075,equal,8,settled,16
SHR_00027110,NPE_00027110,NPG_00005,NPU_00026,equal,4,settled,20
SHR_00027111,NPE_00027111,NPG_00008,NPU_00069,equal,6,settled,8
SHR_00027112,NPE_00027112,NPG_00010,NPU_00019,equal,2,settled,3
SHR_00027113,NPE_00027113,NPG_00019,NPU_00021,percentage,3,settled,11
SHR_00027114,NPE_00027114,NPG_00020,NPU_00020,percentage,5,settled,12
SHR_00027115,NPE_00027115,NPG_00025,NPU_00080,equal,10,settled,10
SHR_00027116,NPE_00027116,NPG_00026,NPU_00052,equal,6,settled,12
SHR_00027117,NPE_00027117,NPG_00028,NPU_00050,equal,4,settled,17
SHR_00027118,NPE_00027118,NPG_00029,NPU_00053,equal,4,settled,12
SHR_00027259,NPE_00027259,NPG_00002,NPU_00054,equal,8,settled,10
SHR_00027260,NPE_00027260,NPG_00005,NPU_00066,equal,4,settled,8
SHR_00027261,NPE_00027261,NPG_00014,NPU_00067,equal,4,settled,13
SHR_00027262,NPE_00027262,NPG_00016,NPU_00047,equal,4,settled,17
SHR_00027263,NPE_00027263,NPG_00019,NPU_00021,percentage,3,pending,23
SHR_00027264,NPE_00027264,NPG_00021,NPU_00068,equal,7,settled,8
SHR_00027265,NPE_00027265,NPG_00029,NPU_00053,equal,4,settled,13
SHR_00027266,NPE_00027266,NPG_00030,NPU_00028,custom,8,settled,14
SHR_00027328,NPE_00027328,NPG_00007,NPU_00067,equal,10,settled,10
SHR_00027329,NPE_00027329,NPG_00009,NPU_00012,equal,2,settled,8
SHR_00027330,NPE_00027330,NPG_00013,NPU_00077,custom,3,settled,8
SHR_00027331,NPE_00027331,NPG_00019,NPU_00038,percentage,3,pending,25
SHR_00027332,NPE_00027332,NPG_00028,NPU_00027,equal,4,settled,7
SHR_00027415,NPE_00027415,NPG_00006,NPU_00054,equal,4,settled,10
SHR_00027416,NPE_00027416,NPG_00008,NPU_00069,equal,6,settled,1
SHR_00027417,NPE_00027417,NPG_00009,NPU_00012,equal,2,settled,12
SHR_00027418,NPE_00027418,NPG_00014,NPU_00067,equal,4,settled,9
SHR_00027419,NPE_00027419,NPG_00015,NPU_00054,equal,5,settled,12
SHR_00027420,NPE_00027420,NPG_00016,NPU_00075,equal,4,settled,16
SHR_00027421,NPE_00027421,NPG_00017,NPU_00067,equal,7,settled,9
SHR_00027422,NPE_00027422,NPG_00022,NPU_00049,equal,2,settled,12
SHR_00027423,NPE_00027423,NPG_00023,NPU_00058,equal,3,settled,12
SHR_00027424,NPE_00027424,NPG_00029,NPU_00058,equal,4,settled,3
SHR_00027543,NPE_00027543,NPG_00009,NPU_00028,equal,2,settled,10
SHR_00027544,NPE_00027544,NPG_00017,NPU_00067,equal,7,settled,2
SHR_00027545,NPE_00027545,NPG_00019,NPU_00038,percentage,3,settled,19
SHR_00027546,NPE_00027546,NPG_00023,NPU_00058,equal,3,settled,10
SHR_00027547,NPE_00027547,NPG_00028,NPU_00058,equal,4,settled,7
SHR_00027618,NPE_00027618,NPG_00003,NPU_00034,custom,3,settled,11
SHR_00027619,NPE_00027619,NPG_00004,NPU_00071,equal,8,settled,15
SHR_00027620,NPE_00027620,NPG_00008,NPU_00055,equal,6,settled,3
SHR_00027621,NPE_00027621,NPG_00009,NPU_00028,equal,2,settled,11
SHR_00027622,NPE_00027622,NPG_00023,NPU_00040,equal,3,settled,6
SHR_00027623,NPE_00027623,NPG_00027,NPU_00031,custom,3,settled,10
SHR_00027696,NPE_00027696,NPG_00005,NPU_00046,equal,4,settled,9
SHR_00027697,NPE_00027697,NPG_00007,NPU_00067,equal,10,settled,15
SHR_00027698,NPE_00027698,NPG_00008,NPU_00060,equal,6,settled,15
SHR_00027699,NPE_00027699,NPG_00009,NPU_00012,equal,2,pending,22
SHR_00027700,NPE_00027700,NPG_00019,NPU_00038,percentage,3,settled,15
SHR_00027701,NPE_00027701,NPG_00023,NPU_00001,equal,3,settled,11
SHR_00027702,NPE_00027702,NPG_00024,NPU_00058,equal,2,settled,1
SHR_00027703,NPE_00027703,NPG_00026,NPU_00052,equal,6,settled,7
SHR_00027833,NPE_00027833,NPG_00008,NPU_00069,equal,6,settled,7
SHR_00027834,NPE_00027834,NPG_00015,NPU_00054,equal,5,settled,8
SHR_00027835,NPE_00027835,NPG_00021,NPU_00021,equal,7,settled,15
SHR_00027836,NPE_00027836,NPG_00023,NPU_00040,equal,3,settled,6
SHR_00027837,NPE_00027837,NPG_00026,NPU_00052,equal,6,settled,11
SHR_00027838,NPE_00027838,NPG_00027,NPU_00062,custom,3,pending,28
SHR_00027839,NPE_00027839,NPG_00028,NPU_00050,equal,4,settled,17
SHR_00027840,NPE_00027840,NPG_00030,NPU_00074,custom,8,settled,10
SHR_00027905,NPE_00027905,NPG_00004,NPU_00056,equal,8,settled,9
SHR_00027906,NPE_00027906,NPG_00005,NPU_00046,equal,4,settled,19
SHR_00027907,NPE_00027907,NPG_00006,NPU_00054,equal,4,settled,11
SHR_00027908,NPE_00027908,NPG_00009,NPU_00012,equal,2,settled,4
SHR_00027909,NPE_00027909,NPG_00010,NPU_00019,equal,2,settled,12
SHR_00027910,NPE_00027910,NPG_00019,NPU_00021,percentage,3,settled,9
SHR_00027911,NPE_00027911,NPG_00022,NPU_00009,equal,2,settled,11
SHR_00027912,NPE_00027912,NPG_00028,NPU_00027,equal,4,settled,15
SHR_00027913,NPE_00027913,NPG_00029,NPU_00024,equal,4,settled,9
SHR_00027997,NPE_00027997,NPG_00012,NPU_00070,equal,3,settled,19
SHR_00027998,NPE_00027998,NPG_00016,NPU_00075,equal,4,settled,3
SHR_00027999,NPE_00027999,NPG_00017,NPU_00003,equal,7,settled,9
SHR_00028000,NPE_00028000,NPG_00024,NPU_00078,equal,2,settled,11
SHR_00028001,NPE_00028001,NPG_00026,NPU_00052,equal,6,settled,14
SHR_00028002,NPE_00028002,NPG_00028,NPU_00050,equal,4,settled,5
SHR_00028101,NPE_00028101,NPG_00016,NPU_00047,equal,4,settled,5
SHR_00028191,NPE_00028191,NPG_00002,NPU_00060,equal,8,settled,5
SHR_00028192,NPE_00028192,NPG_00003,NPU_00020,custom,3,settled,14
SHR_00028193,NPE_00028193,NPG_00006,NPU_00054,equal,4,settled,17
SHR_00028194,NPE_00028194,NPG_00008,NPU_00060,equal,6,settled,0
SHR_00028195,NPE_00028195,NPG_00019,NPU_00021,percentage,3,settled,12
SHR_00028196,NPE_00028196,NPG_00020,NPU_00056,percentage,5,settled,19
SHR_00028197,NPE_00028197,NPG_00024,NPU_00058,equal,2,settled,6
SHR_00028198,NPE_00028198,NPG_00026,NPU_00051,equal,6,settled,3
SHR_00028199,NPE_00028199,NPG_00028,NPU_00027,equal,4,settled,4
SHR_00028200,NPE_00028200,NPG_00029,NPU_00024,equal,4,settled,10
SHR_00028266,NPE_00028266,NPG_00002,NPU_00072,equal,8,settled,9
SHR_00028267,NPE_00028267,NPG_00014,NPU_00028,equal,4,settled,17
SHR_00028268,NPE_00028268,NPG_00016,NPU_00075,equal,4,settled,8
SHR_00028269,NPE_00028269,NPG_00017,NPU_00003,equal,7,settled,1
SHR_00028270,NPE_00028270,NPG_00021,NPU_00019,equal,7,settled,5
SHR_00028271,NPE_00028271,NPG_00023,NPU_00040,equal,3,settled,15
SHR_00028272,NPE_00028272,NPG_00024,NPU_00078,equal,2,settled,4
SHR_00028349,NPE_00028349,NPG_00010,NPU_00019,equal,2,settled,9
SHR_00028350,NPE_00028350,NPG_00016,NPU_00047,equal,4,settled,6
SHR_00028351,NPE_00028351,NPG_00028,NPU_00050,equal,4,settled,6
SHR_00028432,NPE_00028432,NPG_00004,NPU_00001,equal,8,settled,6
SHR_00028433,NPE_00028433,NPG_00005,NPU_00066,equal,4,settled,12
SHR_00028434,NPE_00028434,NPG_00009,NPU_00028,equal,2,settled,12
SHR_00028435,NPE_00028435,NPG_00014,NPU_00028,equal,4,settled,10
SHR_00028436,NPE_00028436,NPG_00023,NPU_00001,equal,3,pending,24
SHR_00028437,NPE_00028437,NPG_00030,NPU_00043,custom,8,settled,1
SHR_00028502,NPE_00028502,NPG_00009,NPU_00012,equal,2,settled,5
SHR_00028503,NPE_00028503,NPG_00010,NPU_00019,equal,2,settled,11
SHR_00028504,NPE_00028504,NPG_00016,NPU_00035,equal,4,settled,6
SHR_00028505,NPE_00028505,NPG_00021,NPU_00019,equal,7,settled,2
SHR_00028506,NPE_00028506,NPG_00023,NPU_00001,equal,3,settled,1
SHR_00028507,NPE_00028507,NPG_00028,NPU_00008,equal,4,settled,18
SHR_00028582,NPE_00028582,NPG_00006,NPU_00054,equal,4,settled,12
SHR_00028583,NPE_00028583,NPG_00009,NPU_00028,equal,2,settled,0
SHR_00028584,NPE_00028584,NPG_00010,NPU_00019,equal,2,settled,5
SHR_00028585,NPE_00028585,NPG_00015,NPU_00047,equal,5,settled,4
SHR_00028586,NPE_00028586,NPG_00019,NPU_00021,percentage,3,settled,14
SHR_00028587,NPE_00028587,NPG_00020,NPU_00059,percentage,5,settled,7
SHR_00028588,NPE_00028588,NPG_00022,NPU_00009,equal,2,settled,0
SHR_00028589,NPE_00028589,NPG_00023,NPU_00040,equal,3,settled,3
SHR_00028590,NPE_00028590,NPG_00028,NPU_00027,equal,4,settled,6
SHR_00028674,NPE_00028674,NPG_00004,NPU_00001,equal,8,settled,4
SHR_00028675,NPE_00028675,NPG_00012,NPU_00015,equal,3,settled,0
SHR_00028676,NPE_00028676,NPG_00014,NPU_00067,equal,4,settled,6
SHR_00028677,NPE_00028677,NPG_00015,NPU_00012,equal,5,settled,14
SHR_00028678,NPE_00028678,NPG_00016,NPU_00047,equal,4,settled,3
SHR_00028679,NPE_00028679,NPG_00027,NPU_00005,custom,3,settled,7
SHR_00028680,NPE_00028680,NPG_00028,NPU_00050,equal,4,settled,10
SHR_00028772,NPE_00028772,NPG_00001,NPU_00079,custom,3,settled,5
SHR_00028773,NPE_00028773,NPG_00010,NPU_00019,equal,2,settled,9
SHR_00028774,NPE_00028774,NPG_00017,NPU_00042,equal,7,settled,4
SHR_00028775,NPE_00028775,NPG_00028,NPU_00027,equal,4,settled,8
SHR_00028776,NPE_00028776,NPG_00029,NPU_00053,equal,4,settled,3
SHR_00028865,NPE_00028865,NPG_00014,NPU_00007,equal,4,settled,10
SHR_00028866,NPE_00028866,NPG_00016,NPU_00047,equal,4,settled,8
SHR_00028867,NPE_00028867,NPG_00023,NPU_00040,equal,3,settled,5
SHR_00028868,NPE_00028868,NPG_00026,NPU_00005,equal,6,settled,8
SHR_00028911,NPE_00028911,NPG_00004,NPU_00073,equal,8,settled,1
SHR_00028912,NPE_00028912,NPG_00006,NPU_00029,equal,4,settled,3
SHR_00028913,NPE_00028913,NPG_00009,NPU_00012,equal,2,settled,2
SHR_00028914,NPE_00028914,NPG_00010,NPU_00041,equal,2,settled,0
SHR_00028915,NPE_00028915,NPG_00017,NPU_00052,equal,7,settled,12
SHR_00028916,NPE_00028916,NPG_00020,NPU_00040,percentage,5,settled,12
SHR_00028917,NPE_00028917,NPG_00026,NPU_00070,equal,6,settled,0
SHR_00028918,NPE_00028918,NPG_00028,NPU_00058,equal,4,settled,21
SHR_00028919,NPE_00028919,NPG_00030,NPU_00043,custom,8,settled,13
SHR_00029022,NPE_00029022,NPG_00002,NPU_00005,equal,8,settled,6
SHR_00029023,NPE_00029023,NPG_00003,NPU_00020,custom,3,settled,12
SHR_00029024,NPE_00029024,NPG_00009,NPU_00012,equal,2,settled,10
SHR_00029025,NPE_00029025,NPG_00010,NPU_00041,equal,2,settled,9
SHR_00029026,NPE_00029026,NPG_00013,NPU_00003,custom,3,settled,17
SHR_00029027,NPE_00029027,NPG_00017,NPU_00054,equal,7,settled,3
SHR_00029028,NPE_00029028,NPG_00025,NPU_00018,equal,10,settled,5
SHR_00029029,NPE_00029029,NPG_00028,NPU_00058,equal,4,settled,14
SHR_00029100,NPE_00029100,NPG_00002,NPU_00054,equal,8,settled,11
SHR_00029101,NPE_00029101,NPG_00004,NPU_00075,equal,8,settled,15
SHR_00029102,NPE_00029102,NPG_00008,NPU_00069,equal,6,settled,18
SHR_00029103,NPE_00029103,NPG_00014,NPU_00019,equal,4,pending,22
SHR_00029104,NPE_00029104,NPG_00016,NPU_00035,equal,4,settled,15
SHR_00029105,NPE_00029105,NPG_00023,NPU_00001,equal,3,settled,7
SHR_00029106,NPE_00029106,NPG_00024,NPU_00058,equal,2,settled,5
SHR_00029107,NPE_00029107,NPG_00028,NPU_00050,equal,4,settled,17
SHR_00029214,NPE_00029214,NPG_00004,NPU_00056,equal,8,settled,10
SHR_00029215,NPE_00029215,NPG_00006,NPU_00019,equal,4,settled,11
SHR_00029216,NPE_00029216,NPG_00009,NPU_00012,equal,2,settled,0
SHR_00029217,NPE_00029217,NPG_00012,NPU_00070,equal,3,settled,18
SHR_00029218,NPE_00029218,NPG_00014,NPU_00028,equal,4,settled,13
SHR_00029219,NPE_00029219,NPG_00016,NPU_00075,equal,4,settled,12
SHR_00029220,NPE_00029220,NPG_00020,NPU_00056,percentage,5,settled,13
SHR_00029221,NPE_00029221,NPG_00021,NPU_00008,equal,7,settled,8
SHR_00029222,NPE_00029222,NPG_00023,NPU_00058,equal,3,settled,14
SHR_00029223,NPE_00029223,NPG_00028,NPU_00027,equal,4,settled,11
SHR_00029326,NPE_00029326,NPG_00002,NPU_00063,equal,8,settled,17
SHR_00029327,NPE_00029327,NPG_00006,NPU_00054,equal,4,settled,10
SHR_00029328,NPE_00029328,NPG_00007,NPU_00072,equal,10,settled,11
SHR_00029329,NPE_00029329,NPG_00010,NPU_00019,equal,2,settled,7
SHR_00029330,NPE_00029330,NPG_00012,NPU_00015,equal,3,settled,13
SHR_00029331,NPE_00029331,NPG_00014,NPU_00028,equal,4,settled,19
SHR_00029332,NPE_00029332,NPG_00017,NPU_00042,equal,7,settled,3
SHR_00029333,NPE_00029333,NPG_00019,NPU_00021,percentage,3,settled,16
SHR_00029334,NPE_00029334,NPG_00021,NPU_00021,equal,7,settled,14
SHR_00029335,NPE_00029335,NPG_00023,NPU_00001,equal,3,settled,6
SHR_00029336,NPE_00029336,NPG_00024,NPU_00058,equal,2,settled,5
SHR_00029467,NPE_00029467,NPG_00001,NPU_00079,custom,3,settled,10
SHR_00029468,NPE_00029468,NPG_00002,NPU_00046,equal,8,settled,12
SHR_00029469,NPE_00029469,NPG_00004,NPU_00071,equal,8,settled,7
SHR_00029470,NPE_00029470,NPG_00008,NPU_00060,equal,6,settled,7
SHR_00029471,NPE_00029471,NPG_00010,NPU_00041,equal,2,settled,11
SHR_00029472,NPE_00029472,NPG_00011,NPU_00053,equal,6,settled,17
SHR_00029473,NPE_00029473,NPG_00014,NPU_00007,equal,4,settled,14
SHR_00029474,NPE_00029474,NPG_00017,NPU_00052,equal,7,settled,10
SHR_00029475,NPE_00029475,NPG_00019,NPU_00021,percentage,3,pending,22
SHR_00029476,NPE_00029476,NPG_00020,NPU_00059,percentage,5,settled,16
SHR_00029477,NPE_00029477,NPG_00022,NPU_00009,equal,2,settled,10
SHR_00029478,NPE_00029478,NPG_00023,NPU_00058,equal,3,settled,7
SHR_00029479,NPE_00029479,NPG_00024,NPU_00058,equal,2,settled,8
SHR_00029480,NPE_00029480,NPG_00025,NPU_00061,equal,10,settled,11
SHR_00029481,NPE_00029481,NPG_00027,NPU_00005,custom,3,settled,11
SHR_00029482,NPE_00029482,NPG_00028,NPU_00008,equal,4,settled,5
SHR_00029557,NPE_00029557,NPG_00001,NPU_00022,custom,3,settled,0
SHR_00029558,NPE_00029558,NPG_00006,NPU_00029,equal,4,settled,12
SHR_00029559,NPE_00029559,NPG_00007,NPU_00055,equal,10,settled,5
SHR_00029560,NPE_00029560,NPG_00009,NPU_00028,equal,2,settled,16
SHR_00029561,NPE_00029561,NPG_00019,NPU_00059,percentage,3,settled,13
SHR_00029562,NPE_00029562,NPG_00021,NPU_00080,equal,7,settled,11
SHR_00029563,NPE_00029563,NPG_00030,NPU_00060,custom,8,settled,12
SHR_00029633,NPE_00029633,NPG_00009,NPU_00012,equal,2,settled,2
SHR_00029634,NPE_00029634,NPG_00018,NPU_00075,custom,4,settled,10
SHR_00029635,NPE_00029635,NPG_00021,NPU_00021,equal,7,settled,14
SHR_00029636,NPE_00029636,NPG_00023,NPU_00040,equal,3,settled,2
SHR_00029637,NPE_00029637,NPG_00024,NPU_00058,equal,2,settled,1
SHR_00029638,NPE_00029638,NPG_00026,NPU_00049,equal,6,settled,6
SHR_00029790,NPE_00029790,NPG_00002,NPU_00046,equal,8,settled,12
SHR_00029791,NPE_00029791,NPG_00004,NPU_00059,equal,8,settled,10
SHR_00029792,NPE_00029792,NPG_00006,NPU_00029,equal,4,settled,15
SHR_00029793,NPE_00029793,NPG_00012,NPU_00015,equal,3,settled,7
SHR_00029794,NPE_00029794,NPG_00019,NPU_00038,percentage,3,settled,20
SHR_00029795,NPE_00029795,NPG_00023,NPU_00040,equal,3,settled,5
SHR_00029796,NPE_00029796,NPG_00025,NPU_00020,equal,10,settled,13
SHR_00029797,NPE_00029797,NPG_00029,NPU_00047,equal,4,settled,15
SHR_00029880,NPE_00029880,NPG_00002,NPU_00067,equal,8,settled,12
SHR_00029881,NPE_00029881,NPG_00006,NPU_00019,equal,4,settled,15
SHR_00029882,NPE_00029882,NPG_00013,NPU_00003,custom,3,settled,20
SHR_00029883,NPE_00029883,NPG_00016,NPU_00035,equal,4,settled,11
SHR_00029884,NPE_00029884,NPG_00018,NPU_00029,custom,4,settled,17
SHR_00029885,NPE_00029885,NPG_00021,NPU_00021,equal,7,settled,10
SHR_00029886,NPE_00029886,NPG_00024,NPU_00078,equal,2,settled,14
SHR_00029887,NPE_00029887,NPG_00026,NPU_00005,equal,6,settled,0
SHR_00029888,NPE_00029888,NPG_00028,NPU_00008,equal,4,settled,16
SHR_00029961,NPE_00029961,NPG_00003,NPU_00020,custom,3,settled,14
SHR_00029962,NPE_00029962,NPG_00004,NPU_00058,equal,8,settled,14
SHR_00029963,NPE_00029963,NPG_00005,NPU_00046,equal,4,settled,10
SHR_00029964,NPE_00029964,NPG_00009,NPU_00028,equal,2,pending,30
SHR_00029965,NPE_00029965,NPG_00013,NPU_00003,custom,3,settled,9
SHR_00029966,NPE_00029966,NPG_00016,NPU_00047,equal,4,settled,14
SHR_00029967,NPE_00029967,NPG_00023,NPU_00001,equal,3,settled,0
SHR_00029968,NPE_00029968,NPG_00024,NPU_00058,equal,2,settled,6
SHR_00029969,NPE_00029969,NPG_00026,NPU_00051,equal,6,settled,18
SHR_00029970,NPE_00029970,NPG_00028,NPU_00050,equal,4,settled,14
SHR_00029971,NPE_00029971,NPG_00029,NPU_00024,equal,4,settled,7
SHR_00030067,NPE_00030067,NPG_00001,NPU_00056,custom,3,settled,11
SHR_00030068,NPE_00030068,NPG_00007,NPU_00055,equal,10,settled,9
SHR_00030069,NPE_00030069,NPG_00008,NPU_00055,equal,6,settled,6
SHR_00030070,NPE_00030070,NPG_00009,NPU_00028,equal,2,settled,10
SHR_00030071,NPE_00030071,NPG_00014,NPU_00067,equal,4,settled,19
SHR_00030072,NPE_00030072,NPG_00016,NPU_00075,equal,4,settled,9
SHR_00030073,NPE_00030073,NPG_00017,NPU_00003,equal,7,settled,6
SHR_00030074,NPE_00030074,NPG_00019,NPU_00021,percentage,3,settled,6
SHR_00030075,NPE_00030075,NPG_00028,NPU_00027,equal,4,settled,4
SHR_00030076,NPE_00030076,NPG_00030,NPU_00021,custom,8,settled,10
SHR_00030252,NPE_00030252,NPG_00001,NPU_00079,custom,3,pending,28
SHR_00030253,NPE_00030253,NPG_00002,NPU_00005,equal,8,settled,14
SHR_00030254,NPE_00030254,NPG_00003,NPU_00039,custom,3,settled,10
SHR_00030255,NPE_00030255,NPG_00008,NPU_00055,equal,6,settled,9
SHR_00030256,NPE_00030256,NPG_00009,NPU_00028,equal,2,settled,4
SHR_00030257,NPE_00030257,NPG_00010,NPU_00041,equal,2,settled,4
SHR_00030258,NPE_00030258,NPG_00013,NPU_00003,custom,3,settled,10
SHR_00030259,NPE_00030259,NPG_00016,NPU_00075,equal,4,settled,1
SHR_00030260,NPE_00030260,NPG_00017,NPU_00071,equal,7,settled,11
SHR_00030261,NPE_00030261,NPG_00019,NPU_00038,percentage,3,settled,5
SHR_00030262,NPE_00030262,NPG_00030,NPU_00045,custom,8,pending,22
SHR_00030341,NPE_00030341,NPG_00004,NPU_00001,equal,8,settled,13
SHR_00030342,NPE_00030342,NPG_00008,NPU_00060,equal,6,settled,6
SHR_00030343,NPE_00030343,NPG_00015,NPU_00065,equal,5,settled,5
SHR_00030344,NPE_00030344,NPG_00017,NPU_00023,equal,7,settled,15
SHR_00030430,NPE_00030430,NPG_00002,NPU_00032,equal,8,settled,3
SHR_00030431,NPE_00030431,NPG_00010,NPU_00019,equal,2,settled,9
SHR_00030432,NPE_00030432,NPG_00013,NPU_00077,custom,3,settled,15
SHR_00030433,NPE_00030433,NPG_00016,NPU_00075,equal,4,settled,4
SHR_00030434,NPE_00030434,NPG_00021,NPU_00080,equal,7,settled,11
SHR_00030435,NPE_00030435,NPG_00023,NPU_00058,equal,3,settled,5
SHR_00030534,NPE_00030534,NPG_00005,NPU_00013,equal,4,settled,12
SHR_00030535,NPE_00030535,NPG_00009,NPU_00028,equal,2,settled,3
SHR_00030536,NPE_00030536,NPG_00014,NPU_00019,equal,4,settled,17
SHR_00030537,NPE_00030537,NPG_00016,NPU_00075,equal,4,settled,5
SHR_00030538,NPE_00030538,NPG_00021,NPU_00007,equal,7,settled,5
SHR_00030539,NPE_00030539,NPG_00023,NPU_00001,equal,3,settled,8
SHR_00030540,NPE_00030540,NPG_00029,NPU_00047,equal,4,settled,12
SHR_00030541,NPE_00030541,NPG_00030,NPU_00028,custom,8,settled,19
SHR_00030620,NPE_00030620,NPG_00010,NPU_00041,equal,2,settled,6
SHR_00030621,NPE_00030621,NPG_00016,NPU_00047,equal,4,settled,0
SHR_00030622,NPE_00030622,NPG_00019,NPU_00021,percentage,3,settled,10
SHR_00030690,NPE_00030690,NPG_00001,NPU_00022,custom,3,settled,12
SHR_00030691,NPE_00030691,NPG_00005,NPU_00046,equal,4,settled,0
SHR_00030692,NPE_00030692,NPG_00021,NPU_00007,equal,7,settled,8
SHR_00030832,NPE_00030832,NPG_00002,NPU_00054,equal,8,settled,8
SHR_00030833,NPE_00030833,NPG_00004,NPU_00058,equal,8,settled,14
SHR_00030834,NPE_00030834,NPG_00013,NPU_00077,custom,3,settled,13
SHR_00030835,NPE_00030835,NPG_00016,NPU_00075,equal,4,settled,11
SHR_00030836,NPE_00030836,NPG_00022,NPU_00049,equal,2,settled,0
SHR_00030837,NPE_00030837,NPG_00023,NPU_00058,equal,3,settled,0
SHR_00030838,NPE_00030838,NPG_00024,NPU_00058,equal,2,settled,0
SHR_00030938,NPE_00030938,NPG_00002,NPU_00072,equal,8,settled,9
SHR_00030939,NPE_00030939,NPG_00010,NPU_00041,equal,2,settled,8
SHR_00030940,NPE_00030940,NPG_00022,NPU_00009,equal,2,settled,3
SHR_00030941,NPE_00030941,NPG_00023,NPU_00058,equal,3,settled,4
SHR_00030942,NPE_00030942,NPG_00025,NPU_00018,equal,10,settled,15
SHR_00030943,NPE_00030943,NPG_00028,NPU_00008,equal,4,settled,9
SHR_00031016,NPE_00031016,NPG_00009,NPU_00028,equal,2,settled,4
SHR_00031017,NPE_00031017,NPG_00020,NPU_00052,percentage,5,settled,8
SHR_00031093,NPE_00031093,NPG_00004,NPU_00058,equal,8,settled,1
SHR_00031094,NPE_00031094,NPG_00006,NPU_00054,equal,4,settled,2
SHR_00031095,NPE_00031095,NPG_00009,NPU_00028,equal,2,settled,11
SHR_00031096,NPE_00031096,NPG_00010,NPU_00041,equal,2,settled,0
SHR_00031097,NPE_00031097,NPG_00013,NPU_00003,custom,3,settled,5
SHR_00031098,NPE_00031098,NPG_00014,NPU_00019,equal,4,settled,5
SHR_00031099,NPE_00031099,NPG_00019,NPU_00038,percentage,3,settled,0
SHR_00031100,NPE_00031100,NPG_00023,NPU_00040,equal,3,settled,12
SHR_00031186,NPE_00031186,NPG_00005,NPU_00026,equal,4,settled,9
SHR_00031187,NPE_00031187,NPG_00016,NPU_00035,equal,4,settled,0
SHR_00031188,NPE_00031188,NPG_00023,NPU_00058,equal,3,settled,0
SHR_00031266,NPE_00031266,NPG_00008,NPU_00055,equal,6,settled,9
SHR_00031267,NPE_00031267,NPG_00010,NPU_00041,equal,2,settled,0
SHR_00031268,NPE_00031268,NPG_00017,NPU_00052,equal,7,settled,14
SHR_00031269,NPE_00031269,NPG_00022,NPU_00009,equal,2,settled,3
SHR_00031270,NPE_00031270,NPG_00024,NPU_00078,equal,2,settled,0
SHR_00031271,NPE_00031271,NPG_00028,NPU_00058,equal,4,settled,6
SHR_00031330,NPE_00031330,NPG_00001,NPU_00056,custom,3,settled,16
SHR_00031331,NPE_00031331,NPG_00002,NPU_00032,equal,8,settled,14
SHR_00031332,NPE_00031332,NPG_00008,NPU_00051,equal,6,settled,10
SHR_00031333,NPE_00031333,NPG_00010,NPU_00019,equal,2,settled,10
SHR_00031334,NPE_00031334,NPG_00012,NPU_00015,equal,3,settled,13
SHR_00031335,NPE_00031335,NPG_00019,NPU_00038,percentage,3,settled,8
SHR_00031429,NPE_00031429,NPG_00002,NPU_00032,equal,8,settled,8
SHR_00031430,NPE_00031430,NPG_00004,NPU_00071,equal,8,settled,11
SHR_00031431,NPE_00031431,NPG_00020,NPU_00020,percentage,5,settled,6
SHR_00031432,NPE_00031432,NPG_00023,NPU_00058,equal,3,settled,4
SHR_00031433,NPE_00031433,NPG_00024,NPU_00078,equal,2,settled,2
SHR_00031434,NPE_00031434,NPG_00030,NPU_00060,custom,8,settled,16
SHR_00031535,NPE_00031535,NPG_00011,NPU_00059,equal,6,settled,7
SHR_00031536,NPE_00031536,NPG_00013,NPU_00077,custom,3,settled,12
SHR_00031537,NPE_00031537,NPG_00014,NPU_00007,equal,4,settled,11
SHR_00031538,NPE_00031538,NPG_00016,NPU_00035,equal,4,settled,0
SHR_00031539,NPE_00031539,NPG_00023,NPU_00040,equal,3,settled,15
SHR_00031540,NPE_00031540,NPG_00030,NPU_00063,custom,8,settled,9
SHR_00031617,NPE_00031617,NPG_00010,NPU_00019,equal,2,settled,1
SHR_00031618,NPE_00031618,NPG_00015,NPU_00047,equal,5,settled,7
SHR_00031619,NPE_00031619,NPG_00018,NPU_00075,custom,4,settled,12
SHR_00031620,NPE_00031620,NPG_00021,NPU_00019,equal,7,settled,12
SHR_00031621,NPE_00031621,NPG_00029,NPU_00058,equal,4,settled,8
SHR_00031699,NPE_00031699,NPG_00013,NPU_00066,custom,3,settled,8
SHR_00031700,NPE_00031700,NPG_00014,NPU_00028,equal,4,settled,0
SHR_00031701,NPE_00031701,NPG_00021,NPU_00068,equal,7,settled,9
SHR_00031702,NPE_00031702,NPG_00030,NPU_00028,custom,8,settled,15
SHR_00031791,NPE_00031791,NPG_00002,NPU_00060,equal,8,settled,8
SHR_00031792,NPE_00031792,NPG_00004,NPU_00071,equal,8,settled,13
SHR_00031793,NPE_00031793,NPG_00006,NPU_00019,equal,4,settled,18
SHR_00031794,NPE_00031794,NPG_00009,NPU_00028,equal,2,settled,1
SHR_00031795,NPE_00031795,NPG_00013,NPU_00066,custom,3,settled,17
SHR_00031796,NPE_00031796,NPG_00028,NPU_00027,equal,4,settled,0
SHR_00031873,NPE_00031873,NPG_00002,NPU_00060,equal,8,settled,7
SHR_00031874,NPE_00031874,NPG_00008,NPU_00055,equal,6,settled,13
SHR_00031875,NPE_00031875,NPG_00016,NPU_00073,equal,4,settled,4
SHR_00031876,NPE_00031876,NPG_00017,NPU_00067,equal,7,settled,4
SHR_00031877,NPE_00031877,NPG_00019,NPU_00038,percentage,3,settled,1
SHR_00031878,NPE_00031878,NPG_00023,NPU_00058,equal,3,settled,5
SHR_00031879,NPE_00031879,NPG_00028,NPU_00058,equal,4,settled,13
SHR_00031880,NPE_00031880,NPG_00030,NPU_00021,custom,8,settled,17
SHR_00032003,NPE_00032003,NPG_00005,NPU_00066,equal,4,settled,10
SHR_00032004,NPE_00032004,NPG_00006,NPU_00054,equal,4,settled,11
SHR_00032005,NPE_00032005,NPG_00008,NPU_00051,equal,6,settled,10
SHR_00032006,NPE_00032006,NPG_00013,NPU_00066,custom,3,settled,7
SHR_00032007,NPE_00032007,NPG_00023,NPU_00040,equal,3,settled,8
SHR_00032008,NPE_00032008,NPG_00026,NPU_00051,equal,6,settled,7
SHR_00032081,NPE_00032081,NPG_00009,NPU_00028,equal,2,settled,12
SHR_00032082,NPE_00032082,NPG_00010,NPU_00041,equal,2,settled,5
SHR_00032083,NPE_00032083,NPG_00013,NPU_00066,custom,3,settled,7
SHR_00032084,NPE_00032084,NPG_00015,NPU_00054,equal,5,settled,17
SHR_00032085,NPE_00032085,NPG_00019,NPU_00059,percentage,3,settled,13
SHR_00032086,NPE_00032086,NPG_00024,NPU_00078,equal,2,settled,16
SHR_00032087,NPE_00032087,NPG_00028,NPU_00027,equal,4,settled,0
SHR_00032197,NPE_00032197,NPG_00010,NPU_00019,equal,2,settled,12
SHR_00032198,NPE_00032198,NPG_00020,NPU_00052,percentage,5,settled,3
SHR_00032199,NPE_00032199,NPG_00021,NPU_00007,equal,7,settled,9
SHR_00032200,NPE_00032200,NPG_00023,NPU_00058,equal,3,pending,25
SHR_00032201,NPE_00032201,NPG_00026,NPU_00005,equal,6,settled,8
SHR_00032262,NPE_00032262,NPG_00002,NPU_00005,equal,8,settled,4
SHR_00032263,NPE_00032263,NPG_00005,NPU_00026,equal,4,settled,8
SHR_00032264,NPE_00032264,NPG_00020,NPU_00052,percentage,5,settled,4
SHR_00032265,NPE_00032265,NPG_00023,NPU_00058,equal,3,settled,12
SHR_00032266,NPE_00032266,NPG_00026,NPU_00051,equal,6,settled,2
SHR_00032390,NPE_00032390,NPG_00030,NPU_00063,custom,8,settled,9
SHR_00032470,NPE_00032470,NPG_00008,NPU_00051,equal,6,settled,13
SHR_00032471,NPE_00032471,NPG_00012,NPU_00015,equal,3,settled,4
SHR_00032472,NPE_00032472,NPG_00017,NPU_00052,equal,7,settled,7
SHR_00032473,NPE_00032473,NPG_00019,NPU_00059,percentage,3,settled,12
SHR_00032474,NPE_00032474,NPG_00021,NPU_00021,equal,7,settled,8
SHR_00032556,NPE_00032556,NPG_00004,NPU_00071,equal,8,settled,11
SHR_00032557,NPE_00032557,NPG_00006,NPU_00029,equal,4,settled,6
SHR_00032558,NPE_00032558,NPG_00008,NPU_00069,equal,6,settled,4
SHR_00032559,NPE_00032559,NPG_00014,NPU_00067,equal,4,settled,7
SHR_00032560,NPE_00032560,NPG_00015,NPU_00054,equal,5,settled,6
SHR_00032561,NPE_00032561,NPG_00019,NPU_00021,percentage,3,settled,6
SHR_00032562,NPE_00032562,NPG_00024,NPU_00078,equal,2,settled,3
SHR_00032563,NPE_00032563,NPG_00026,NPU_00052,equal,6,settled,11
SHR_00032695,NPE_00032695,NPG_00006,NPU_00019,equal,4,settled,4
SHR_00032696,NPE_00032696,NPG_00007,NPU_00003,equal,10,settled,8
SHR_00032697,NPE_00032697,NPG_00013,NPU_00077,custom,3,settled,6
SHR_00032698,NPE_00032698,NPG_00015,NPU_00047,equal,5,settled,8
SHR_00032699,NPE_00032699,NPG_00026,NPU_00051,equal,6,settled,4
SHR_00032791,NPE_00032791,NPG_00013,NPU_00003,custom,3,settled,11
SHR_00032792,NPE_00032792,NPG_00016,NPU_00047,equal,4,settled,14
SHR_00032793,NPE_00032793,NPG_00020,NPU_00040,percentage,5,settled,12
SHR_00032794,NPE_00032794,NPG_00024,NPU_00058,equal,2,settled,1
SHR_00032795,NPE_00032795,NPG_00026,NPU_00005,equal,6,settled,3
SHR_00032796,NPE_00032796,NPG_00029,NPU_00047,equal,4,settled,3
SHR_00032797,NPE_00032797,NPG_00030,NPU_00021,custom,8,settled,7
SHR_00032899,NPE_00032899,NPG_00002,NPU_00005,equal,8,settled,1
SHR_00032900,NPE_00032900,NPG_00005,NPU_00066,equal,4,settled,6
SHR_00032901,NPE_00032901,NPG_00006,NPU_00019,equal,4,settled,13
SHR_00032902,NPE_00032902,NPG_00007,NPU_00004,equal,10,settled,5
SHR_00032903,NPE_00032903,NPG_00009,NPU_00028,equal,2,settled,6
SHR_00032904,NPE_00032904,NPG_00010,NPU_00019,equal,2,settled,0
SHR_00032905,NPE_00032905,NPG_00016,NPU_00035,equal,4,settled,8
SHR_00032906,NPE_00032906,NPG_00024,NPU_00058,equal,2,settled,13
SHR_00032907,NPE_00032907,NPG_00029,NPU_00053,equal,4,settled,0
SHR_00032984,NPE_00032984,NPG_00005,NPU_00026,equal,4,settled,14
SHR_00032985,NPE_00032985,NPG_00008,NPU_00017,equal,6,settled,8
SHR_00032986,NPE_00032986,NPG_00013,NPU_00066,custom,3,settled,9
SHR_00032987,NPE_00032987,NPG_00019,NPU_00059,percentage,3,settled,2
SHR_00032988,NPE_00032988,NPG_00023,NPU_00058,equal,3,settled,7
SHR_00032989,NPE_00032989,NPG_00025,NPU_00026,equal,10,settled,8
SHR_00032990,NPE_00032990,NPG_00029,NPU_00053,equal,4,settled,5
SHR_00033129,NPE_00033129,NPG_00015,NPU_00047,equal,5,settled,0
SHR_00033210,NPE_00033210,NPG_00010,NPU_00041,equal,2,settled,5
SHR_00033211,NPE_00033211,NPG_00017,NPU_00071,equal,7,settled,2
SHR_00033212,NPE_00033212,NPG_00021,NPU_00068,equal,7,settled,2
SHR_00033213,NPE_00033213,NPG_00024,NPU_00078,equal,2,settled,10
SHR_00033297,NPE_00033297,NPG_00004,NPU_00073,equal,8,settled,12
SHR_00033298,NPE_00033298,NPG_00008,NPU_00028,equal,6,settled,6
SHR_00033299,NPE_00033299,NPG_00014,NPU_00019,equal,4,settled,10
SHR_00033300,NPE_00033300,NPG_00016,NPU_00047,equal,4,settled,8
SHR_00033301,NPE_00033301,NPG_00023,NPU_00058,equal,3,settled,0
SHR_00033302,NPE_00033302,NPG_00024,NPU_00078,equal,2,settled,3
SHR_00033303,NPE_00033303,NPG_00028,NPU_00008,equal,4,settled,5
SHR_00033393,NPE_00033393,NPG_00013,NPU_00066,custom,3,settled,9
SHR_00033394,NPE_00033394,NPG_00017,NPU_00067,equal,7,settled,15
SHR_00033395,NPE_00033395,NPG_00023,NPU_00001,equal,3,settled,2
SHR_00033396,NPE_00033396,NPG_00024,NPU_00058,equal,2,settled,7
SHR_00033397,NPE_00033397,NPG_00026,NPU_00005,equal,6,settled,2
SHR_00033398,NPE_00033398,NPG_00028,NPU_00008,equal,4,settled,8
SHR_00033399,NPE_00033399,NPG_00029,NPU_00058,equal,4,settled,16
SHR_00033400,NPE_00033400,NPG_00030,NPU_00060,custom,8,settled,12
SHR_00033502,NPE_00033502,NPG_00002,NPU_00032,equal,8,settled,8
SHR_00033503,NPE_00033503,NPG_00007,NPU_00071,equal,10,settled,4
SHR_00033504,NPE_00033504,NPG_00010,NPU_00019,equal,2,settled,10
SHR_00033505,NPE_00033505,NPG_00014,NPU_00007,equal,4,settled,0
SHR_00033506,NPE_00033506,NPG_00021,NPU_00019,equal,7,settled,3
SHR_00033507,NPE_00033507,NPG_00023,NPU_00058,equal,3,settled,16
SHR_00033508,NPE_00033508,NPG_00028,NPU_00027,equal,4,settled,8
SHR_00033602,NPE_00033602,NPG_00014,NPU_00007,equal,4,settled,4
SHR_00033603,NPE_00033603,NPG_00018,NPU_00029,custom,4,settled,15
SHR_00033604,NPE_00033604,NPG_00024,NPU_00058,equal,2,settled,4
SHR_00033605,NPE_00033605,NPG_00028,NPU_00027,equal,4,settled,3
SHR_00033606,NPE_00033606,NPG_00030,NPU_00028,custom,8,settled,13
SHR_00033725,NPE_00033725,NPG_00016,NPU_00047,equal,4,settled,13
SHR_00033726,NPE_00033726,NPG_00023,NPU_00040,equal,3,settled,1
SHR_00033791,NPE_00033791,NPG_00009,NPU_00028,equal,2,settled,5
SHR_00033792,NPE_00033792,NPG_00013,NPU_00003,custom,3,settled,10
SHR_00033793,NPE_00033793,NPG_00015,NPU_00065,equal,5,settled,10
SHR_00033794,NPE_00033794,NPG_00019,NPU_00021,percentage,3,settled,0
SHR_00033795,NPE_00033795,NPG_00024,NPU_00078,equal,2,settled,1
SHR_00033796,NPE_00033796,NPG_00026,NPU_00051,equal,6,settled,6
SHR_00033870,NPE_00033870,NPG_00013,NPU_00077,custom,3,settled,10
SHR_00033871,NPE_00033871,NPG_00018,NPU_00029,custom,4,settled,11
SHR_00033872,NPE_00033872,NPG_00019,NPU_00059,percentage,3,settled,9
SHR_00033873,NPE_00033873,NPG_00026,NPU_00047,equal,6,settled,11
SHR_00033874,NPE_00033874,NPG_00028,NPU_00050,equal,4,settled,6
SHR_00033875,NPE_00033875,NPG_00030,NPU_00043,custom,8,settled,5
SHR_00033955,NPE_00033955,NPG_00008,NPU_00017,equal,6,settled,11
SHR_00033956,NPE_00033956,NPG_00009,NPU_00012,equal,2,settled,6
SHR_00033957,NPE_00033957,NPG_00022,NPU_00049,equal,2,settled,5
SHR_00033958,NPE_00033958,NPG_00023,NPU_00001,equal,3,settled,8
SHR_00033959,NPE_00033959,NPG_00026,NPU_00052,equal,6,settled,6
SHR_00034037,NPE_00034037,NPG_00009,NPU_00012,equal,2,settled,0
SHR_00034038,NPE_00034038,NPG_00016,NPU_00047,equal,4,settled,7
SHR_00034039,NPE_00034039,NPG_00019,NPU_00059,percentage,3,settled,9
SHR_00034040,NPE_00034040,NPG_00024,NPU_00058,equal,2,settled,13
SHR_00034041,NPE_00034041,NPG_00026,NPU_00049,equal,6,settled,14
SHR_00034131,NPE_00034131,NPG_00005,NPU_00046,equal,4,settled,3
SHR_00034132,NPE_00034132,NPG_00009,NPU_00012,equal,2,settled,15
SHR_00034133,NPE_00034133,NPG_00010,NPU_00041,equal,2,settled,0
SHR_00034134,NPE_00034134,NPG_00014,NPU_00067,equal,4,settled,8
SHR_00034135,NPE_00034135,NPG_00024,NPU_00078,equal,2,settled,0
SHR_00034136,NPE_00034136,NPG_00028,NPU_00008,equal,4,settled,8
SHR_00034137,NPE_00034137,NPG_00029,NPU_00047,equal,4,settled,3
SHR_00034138,NPE_00034138,NPG_00030,NPU_00045,custom,8,settled,16
SHR_00034240,NPE_00034240,NPG_00006,NPU_00047,equal,4,settled,3
SHR_00034241,NPE_00034241,NPG_00010,NPU_00019,equal,2,settled,0
SHR_00034242,NPE_00034242,NPG_00024,NPU_00078,equal,2,settled,0
SHR_00034243,NPE_00034243,NPG_00026,NPU_00049,equal,6,settled,5
SHR_00034244,NPE_00034244,NPG_00028,NPU_00008,equal,4,settled,8
SHR_00034245,NPE_00034245,NPG_00030,NPU_00060,custom,8,settled,6
SHR_00034329,NPE_00034329,NPG_00004,NPU_00001,equal,8,settled,14
SHR_00034330,NPE_00034330,NPG_00005,NPU_00046,equal,4,settled,11
SHR_00034331,NPE_00034331,NPG_00009,NPU_00028,equal,2,settled,18
SHR_00034332,NPE_00034332,NPG_00020,NPU_00040,percentage,5,settled,11
SHR_00034333,NPE_00034333,NPG_00021,NPU_00008,equal,7,settled,0
SHR_00034334,NPE_00034334,NPG_00026,NPU_00051,equal,6,settled,11
SHR_00034335,NPE_00034335,NPG_00028,NPU_00027,equal,4,settled,0
SHR_00034336,NPE_00034336,NPG_00029,NPU_00058,equal,4,settled,9
SHR_00034422,NPE_00034422,NPG_00002,NPU_00067,equal,8,settled,10
SHR_00034423,NPE_00034423,NPG_00004,NPU_00001,equal,8,settled,11
SHR_00034424,NPE_00034424,NPG_00006,NPU_00047,equal,4,settled,14
SHR_00034425,NPE_00034425,NPG_00008,NPU_00055,equal,6,settled,9
SHR_00034426,NPE_00034426,NPG_00016,NPU_00073,equal,4,settled,3
SHR_00034427,NPE_00034427,NPG_00019,NPU_00059,percentage,3,settled,8
SHR_00034428,NPE_00034428,NPG_00023,NPU_00001,equal,3,settled,5
SHR_00034497,NPE_00034497,NPG_00001,NPU_00022,custom,3,settled,6
SHR_00034498,NPE_00034498,NPG_00006,NPU_00047,equal,4,settled,7
SHR_00034499,NPE_00034499,NPG_00009,NPU_00012,equal,2,settled,4
SHR_00034500,NPE_00034500,NPG_00016,NPU_00073,equal,4,settled,8
SHR_00034501,NPE_00034501,NPG_00017,NPU_00054,equal,7,settled,0
SHR_00034502,NPE_00034502,NPG_00021,NPU_00032,equal,7,settled,12
SHR_00034503,NPE_00034503,NPG_00023,NPU_00001,equal,3,settled,6
SHR_00034504,NPE_00034504,NPG_00028,NPU_00058,equal,4,settled,15
SHR_00034505,NPE_00034505,NPG_00029,NPU_00058,equal,4,settled,6
SHR_00034506,NPE_00034506,NPG_00030,NPU_00010,custom,8,settled,6
SHR_00034583,NPE_00034583,NPG_00004,NPU_00056,equal,8,settled,14
SHR_00034584,NPE_00034584,NPG_00008,NPU_00028,equal,6,settled,6
SHR_00034585,NPE_00034585,NPG_00010,NPU_00041,equal,2,settled,12
SHR_00034586,NPE_00034586,NPG_00013,NPU_00003,custom,3,settled,9
SHR_00034587,NPE_00034587,NPG_00014,NPU_00019,equal,4,settled,9
SHR_00034588,NPE_00034588,NPG_00021,NPU_00032,equal,7,settled,10
SHR_00034589,NPE_00034589,NPG_00023,NPU_00058,equal,3,settled,12
SHR_00034590,NPE_00034590,NPG_00025,NPU_00026,equal,10,settled,12
SHR_00034660,NPE_00034660,NPG_00008,NPU_00051,equal,6,settled,6
SHR_00034661,NPE_00034661,NPG_00013,NPU_00003,custom,3,settled,5
SHR_00034662,NPE_00034662,NPG_00015,NPU_00054,equal,5,settled,0
SHR_00034663,NPE_00034663,NPG_00021,NPU_00007,equal,7,settled,0
SHR_00034664,NPE_00034664,NPG_00028,NPU_00058,equal,4,settled,8
SHR_00034665,NPE_00034665,NPG_00030,NPU_00043,custom,8,settled,16
SHR_00034745,NPE_00034745,NPG_00001,NPU_00022,custom,3,settled,5
SHR_00034746,NPE_00034746,NPG_00008,NPU_00017,equal,6,settled,0
SHR_00034747,NPE_00034747,NPG_00009,NPU_00012,equal,2,settled,12
SHR_00034748,NPE_00034748,NPG_00013,NPU_00003,custom,3,settled,12
SHR_00034749,NPE_00034749,NPG_00015,NPU_00012,equal,5,settled,14
SHR_00034750,NPE_00034750,NPG_00023,NPU_00040,equal,3,settled,0
SHR_00034751,NPE_00034751,NPG_00026,NPU_00051,equal,6,settled,12
SHR_00034752,NPE_00034752,NPG_00028,NPU_00050,equal,4,settled,7
SHR_00034753,NPE_00034753,NPG_00030,NPU_00063,custom,8,settled,13
SHR_00034834,NPE_00034834,NPG_00002,NPU_00067,equal,8,settled,13
SHR_00034835,NPE_00034835,NPG_00004,NPU_00064,equal,8,settled,15
SHR_00034836,NPE_00034836,NPG_00009,NPU_00012,equal,2,settled,8
SHR_00034837,NPE_00034837,NPG_00010,NPU_00019,equal,2,settled,10
SHR_00034838,NPE_00034838,NPG_00016,NPU_00035,equal,4,settled,8
SHR_00034839,NPE_00034839,NPG_00023,NPU_00058,equal,3,settled,8
SHR_00034840,NPE_00034840,NPG_00027,NPU_00062,custom,3,settled,14
SHR_00034841,NPE_00034841,NPG_00028,NPU_00058,equal,4,settled,2
SHR_00034950,NPE_00034950,NPG_00017,NPU_00042,equal,7,settled,11
SHR_00035032,NPE_00035032,NPG_00001,NPU_00056,custom,3,settled,11
SHR_00035033,NPE_00035033,NPG_00015,NPU_00054,equal,5,settled,15
SHR_00035034,NPE_00035034,NPG_00019,NPU_00059,percentage,3,settled,3
SHR_00035035,NPE_00035035,NPG_00021,NPU_00068,equal,7,settled,4
SHR_00035036,NPE_00035036,NPG_00025,NPU_00020,equal,10,settled,11
SHR_00035134,NPE_00035134,NPG_00007,NPU_00003,equal,10,settled,3
SHR_00035135,NPE_00035135,NPG_00010,NPU_00019,equal,2,settled,4
SHR_00035136,NPE_00035136,NPG_00014,NPU_00028,equal,4,settled,10
SHR_00035137,NPE_00035137,NPG_00015,NPU_00047,equal,5,settled,4
SHR_00035138,NPE_00035138,NPG_00021,NPU_00068,equal,7,settled,16
SHR_00035139,NPE_00035139,NPG_00023,NPU_00040,equal,3,settled,7
SHR_00035140,NPE_00035140,NPG_00028,NPU_00050,equal,4,settled,8
SHR_00035216,NPE_00035216,NPG_00004,NPU_00058,equal,8,settled,3
SHR_00035217,NPE_00035217,NPG_00006,NPU_00029,equal,4,settled,9
SHR_00035218,NPE_00035218,NPG_00010,NPU_00019,equal,2,settled,8
SHR_00035219,NPE_00035219,NPG_00013,NPU_00077,custom,3,settled,6
SHR_00035220,NPE_00035220,NPG_00016,NPU_00047,equal,4,settled,14
SHR_00035221,NPE_00035221,NPG_00019,NPU_00038,percentage,3,settled,16
SHR_00035222,NPE_00035222,NPG_00022,NPU_00009,equal,2,settled,1
SHR_00035342,NPE_00035342,NPG_00001,NPU_00056,custom,3,settled,16
SHR_00035343,NPE_00035343,NPG_00009,NPU_00012,equal,2,settled,6
SHR_00035344,NPE_00035344,NPG_00013,NPU_00077,custom,3,settled,17
SHR_00035345,NPE_00035345,NPG_00014,NPU_00028,equal,4,settled,10
SHR_00035346,NPE_00035346,NPG_00019,NPU_00059,percentage,3,settled,2
SHR_00035347,NPE_00035347,NPG_00024,NPU_00078,equal,2,settled,5
SHR_00035444,NPE_00035444,NPG_00002,NPU_00067,equal,8,settled,9
SHR_00035445,NPE_00035445,NPG_00005,NPU_00046,equal,4,settled,8
SHR_00035446,NPE_00035446,NPG_00008,NPU_00028,equal,6,settled,15
SHR_00035447,NPE_00035447,NPG_00010,NPU_00041,equal,2,settled,2
SHR_00035448,NPE_00035448,NPG_00021,NPU_00068,equal,7,settled,12
SHR_00035449,NPE_00035449,NPG_00026,NPU_00047,equal,6,settled,11
SHR_00035450,NPE_00035450,NPG_00029,NPU_00047,equal,4,settled,13
SHR_00035451,NPE_00035451,NPG_00030,NPU_00021,custom,8,settled,15
SHR_00035533,NPE_00035533,NPG_00001,NPU_00022,custom,3,settled,14
SHR_00035534,NPE_00035534,NPG_00002,NPU_00060,equal,8,settled,10
SHR_00035535,NPE_00035535,NPG_00005,NPU_00066,equal,4,settled,8
SHR_00035536,NPE_00035536,NPG_00006,NPU_00047,equal,4,settled,7
SHR_00035537,NPE_00035537,NPG_00014,NPU_00007,equal,4,settled,12
SHR_00035538,NPE_00035538,NPG_00016,NPU_00035,equal,4,settled,0
SHR_00035539,NPE_00035539,NPG_00019,NPU_00021,percentage,3,settled,10
SHR_00035540,NPE_00035540,NPG_00023,NPU_00001,equal,3,settled,0
SHR_00035541,NPE_00035541,NPG_00026,NPU_00047,equal,6,settled,0
SHR_00035542,NPE_00035542,NPG_00027,NPU_00062,custom,3,settled,18
SHR_00035680,NPE_00035680,NPG_00002,NPU_00060,equal,8,settled,13
SHR_00035681,NPE_00035681,NPG_00004,NPU_00073,equal,8,settled,13
SHR_00035682,NPE_00035682,NPG_00005,NPU_00026,equal,4,settled,10
SHR_00035683,NPE_00035683,NPG_00014,NPU_00028,equal,4,settled,1
SHR_00035684,NPE_00035684,NPG_00015,NPU_00065,equal,5,settled,16
SHR_00035685,NPE_00035685,NPG_00016,NPU_00035,equal,4,settled,4
SHR_00035686,NPE_00035686,NPG_00019,NPU_00038,percentage,3,settled,10
SHR_00035687,NPE_00035687,NPG_00021,NPU_00019,equal,7,settled,7
SHR_00035688,NPE_00035688,NPG_00028,NPU_00058,equal,4,settled,12
SHR_00035765,NPE_00035765,NPG_00007,NPU_00003,equal,10,settled,6
SHR_00035766,NPE_00035766,NPG_00017,NPU_00052,equal,7,settled,6
SHR_00035767,NPE_00035767,NPG_00021,NPU_00007,equal,7,settled,11
SHR_00035768,NPE_00035768,NPG_00028,NPU_00008,equal,4,settled,8
SHR_00035843,NPE_00035843,NPG_00006,NPU_00019,equal,4,settled,6
SHR_00035844,NPE_00035844,NPG_00013,NPU_00066,custom,3,settled,8
SHR_00035845,NPE_00035845,NPG_00019,NPU_00021,percentage,3,settled,10
SHR_00035846,NPE_00035846,NPG_00021,NPU_00008,equal,7,settled,10
SHR_00035847,NPE_00035847,NPG_00024,NPU_00058,equal,2,settled,7
SHR_00035848,NPE_00035848,NPG_00025,NPU_00002,equal,10,settled,2
SHR_00035849,NPE_00035849,NPG_00028,NPU_00058,equal,4,settled,7
SHR_00035850,NPE_00035850,NPG_00030,NPU_00043,custom,8,settled,15
SHR_00035921,NPE_00035921,NPG_00013,NPU_00077,custom,3,settled,11
SHR_00035922,NPE_00035922,NPG_00026,NPU_00005,equal,6,settled,4
SHR_00035923,NPE_00035923,NPG_00028,NPU_00050,equal,4,settled,5
SHR_00036066,NPE_00036066,NPG_00010,NPU_00019,equal,2,settled,6
SHR_00036067,NPE_00036067,NPG_00021,NPU_00007,equal,7,settled,11
SHR_00036068,NPE_00036068,NPG_00023,NPU_00001,equal,3,settled,11
SHR_00036069,NPE_00036069,NPG_00024,NPU_00058,equal,2,settled,0
SHR_00036070,NPE_00036070,NPG_00030,NPU_00043,custom,8,settled,16
SHR_00036185,NPE_00036185,NPG_00004,NPU_00073,equal,8,settled,10
SHR_00036186,NPE_00036186,NPG_00008,NPU_00069,equal,6,settled,18
SHR_00036187,NPE_00036187,NPG_00012,NPU_00015,equal,3,settled,5
SHR_00036188,NPE_00036188,NPG_00015,NPU_00054,equal,5,settled,16
SHR_00036189,NPE_00036189,NPG_00017,NPU_00054,equal,7,settled,15
SHR_00036190,NPE_00036190,NPG_00019,NPU_00059,percentage,3,settled,2
SHR_00036191,NPE_00036191,NPG_00022,NPU_00009,equal,2,settled,2
SHR_00036192,NPE_00036192,NPG_00023,NPU_00001,equal,3,settled,6
SHR_00036193,NPE_00036193,NPG_00024,NPU_00058,equal,2,settled,8
SHR_00036194,NPE_00036194,NPG_00025,NPU_00026,equal,10,settled,16
SHR_00036295,NPE_00036295,NPG_00008,NPU_00069,equal,6,settled,11
SHR_00036296,NPE_00036296,NPG_00009,NPU_00012,equal,2,settled,10
SHR_00036297,NPE_00036297,NPG_00014,NPU_00019,equal,4,settled,9
SHR_00036298,NPE_00036298,NPG_00015,NPU_00071,equal,5,settled,2
SHR_00036299,NPE_00036299,NPG_00016,NPU_00073,equal,4,settled,11
SHR_00036300,NPE_00036300,NPG_00019,NPU_00059,percentage,3,settled,2
SHR_00036301,NPE_00036301,NPG_00020,NPU_00020,percentage,5,settled,0
SHR_00036302,NPE_00036302,NPG_00024,NPU_00078,equal,2,settled,0
SHR_00036303,NPE_00036303,NPG_00026,NPU_00047,equal,6,settled,15
SHR_00036408,NPE_00036408,NPG_00001,NPU_00056,custom,3,settled,9
SHR_00036409,NPE_00036409,NPG_00004,NPU_00059,equal,8,settled,3
SHR_00036410,NPE_00036410,NPG_00006,NPU_00019,equal,4,settled,6
SHR_00036411,NPE_00036411,NPG_00008,NPU_00028,equal,6,settled,3
SHR_00036412,NPE_00036412,NPG_00013,NPU_00066,custom,3,settled,14
SHR_00036413,NPE_00036413,NPG_00024,NPU_00058,equal,2,settled,0
SHR_00036414,NPE_00036414,NPG_00025,NPU_00018,equal,10,settled,10
SHR_00036415,NPE_00036415,NPG_00028,NPU_00050,equal,4,settled,5
SHR_00036502,NPE_00036502,NPG_00007,NPU_00003,equal,10,settled,6
SHR_00036503,NPE_00036503,NPG_00018,NPU_00002,custom,4,settled,4
SHR_00036575,NPE_00036575,NPG_00003,NPU_00039,custom,3,settled,6
SHR_00036576,NPE_00036576,NPG_00009,NPU_00012,equal,2,settled,1
SHR_00036577,NPE_00036577,NPG_00013,NPU_00003,custom,3,settled,0
SHR_00036578,NPE_00036578,NPG_00021,NPU_00019,equal,7,settled,13
SHR_00036579,NPE_00036579,NPG_00029,NPU_00047,equal,4,settled,15
SHR_00036695,NPE_00036695,NPG_00009,NPU_00012,equal,2,settled,7
SHR_00036696,NPE_00036696,NPG_00015,NPU_00012,equal,5,settled,1
SHR_00036697,NPE_00036697,NPG_00017,NPU_00071,equal,7,settled,7
SHR_00036698,NPE_00036698,NPG_00019,NPU_00021,percentage,3,settled,6
SHR_00036699,NPE_00036699,NPG_00022,NPU_00049,equal,2,settled,11
SHR_00036700,NPE_00036700,NPG_00024,NPU_00078,equal,2,settled,9
SHR_00036701,NPE_00036701,NPG_00030,NPU_00021,custom,8,pending,22
SHR_00036774,NPE_00036774,NPG_00002,NPU_00005,equal,8,settled,3
SHR_00036775,NPE_00036775,NPG_00005,NPU_00026,equal,4,settled,0
SHR_00036776,NPE_00036776,NPG_00013,NPU_00066,custom,3,settled,6
SHR_00036777,NPE_00036777,NPG_00017,NPU_00042,equal,7,settled,7
SHR_00036778,NPE_00036778,NPG_00025,NPU_00061,equal,10,settled,14
SHR_00036779,NPE_00036779,NPG_00027,NPU_00031,custom,3,settled,16
SHR_00036780,NPE_00036780,NPG_00028,NPU_00027,equal,4,settled,4
SHR_00036872,NPE_00036872,NPG_00001,NPU_00079,custom,3,settled,10
SHR_00036873,NPE_00036873,NPG_00013,NPU_00003,custom,3,settled,8
SHR_00036874,NPE_00036874,NPG_00016,NPU_00047,equal,4,settled,14
SHR_00036875,NPE_00036875,NPG_00021,NPU_00008,equal,7,settled,4
SHR_00036876,NPE_00036876,NPG_00024,NPU_00058,equal,2,settled,2
SHR_00036877,NPE_00036877,NPG_00025,NPU_00078,equal,10,settled,8
SHR_00036878,NPE_00036878,NPG_00029,NPU_00053,equal,4,settled,9
SHR_00036961,NPE_00036961,NPG_00009,NPU_00028,equal,2,settled,7
SHR_00036962,NPE_00036962,NPG_00013,NPU_00077,custom,3,settled,7
SHR_00037050,NPE_00037050,NPG_00002,NPU_00005,equal,8,settled,15
SHR_00037051,NPE_00037051,NPG_00005,NPU_00026,equal,4,settled,0
SHR_00037052,NPE_00037052,NPG_00009,NPU_00012,equal,2,settled,6
SHR_00037053,NPE_00037053,NPG_00015,NPU_00047,equal,5,settled,7
SHR_00037054,NPE_00037054,NPG_00016,NPU_00035,equal,4,settled,6
SHR_00037055,NPE_00037055,NPG_00018,NPU_00002,custom,4,settled,13
SHR_00037056,NPE_00037056,NPG_00023,NPU_00058,equal,3,settled,0
SHR_00037057,NPE_00037057,NPG_00028,NPU_00008,equal,4,settled,8
SHR_00037058,NPE_00037058,NPG_00030,NPU_00010,custom,8,settled,7
SHR_00037136,NPE_00037136,NPG_00014,NPU_00007,equal,4,settled,7
SHR_00037137,NPE_00037137,NPG_00016,NPU_00047,equal,4,settled,5
SHR_00037138,NPE_00037138,NPG_00020,NPU_00059,percentage,5,settled,15
SHR_00037139,NPE_00037139,NPG_00024,NPU_00058,equal,2,settled,8
SHR_00037140,NPE_00037140,NPG_00025,NPU_00078,equal,10,settled,7
SHR_00037141,NPE_00037141,NPG_00030,NPU_00043,custom,8,settled,13
SHR_00037224,NPE_00037224,NPG_00015,NPU_00012,equal,5,settled,14
SHR_00037225,NPE_00037225,NPG_00025,NPU_00002,equal,10,settled,2
SHR_00037295,NPE_00037295,NPG_00001,NPU_00079,custom,3,settled,10
SHR_00037296,NPE_00037296,NPG_00004,NPU_00058,equal,8,settled,21
SHR_00037297,NPE_00037297,NPG_00008,NPU_00028,equal,6,settled,7
SHR_00037298,NPE_00037298,NPG_00010,NPU_00041,equal,2,settled,2
SHR_00037299,NPE_00037299,NPG_00023,NPU_00040,equal,3,settled,20
SHR_00037300,NPE_00037300,NPG_00026,NPU_00052,equal,6,settled,0
SHR_00037370,NPE_00037370,NPG_00003,NPU_00034,custom,3,settled,14
SHR_00037371,NPE_00037371,NPG_00006,NPU_00029,equal,4,settled,2
SHR_00037372,NPE_00037372,NPG_00009,NPU_00012,equal,2,settled,3
SHR_00037373,NPE_00037373,NPG_00024,NPU_00058,equal,2,settled,6
SHR_00037374,NPE_00037374,NPG_00030,NPU_00060,custom,8,settled,13
SHR_00037483,NPE_00037483,NPG_00013,NPU_00066,custom,3,settled,0
SHR_00037484,NPE_00037484,NPG_00017,NPU_00071,equal,7,settled,4
SHR_00037485,NPE_00037485,NPG_00018,NPU_00075,custom,4,settled,3
SHR_00037486,NPE_00037486,NPG_00022,NPU_00009,equal,2,settled,8
SHR_00037487,NPE_00037487,NPG_00024,NPU_00058,equal,2,settled,14
SHR_00037488,NPE_00037488,NPG_00030,NPU_00060,custom,8,settled,0
SHR_00037577,NPE_00037577,NPG_00006,NPU_00019,equal,4,settled,5
SHR_00037578,NPE_00037578,NPG_00011,NPU_00040,equal,6,settled,16
SHR_00037579,NPE_00037579,NPG_00013,NPU_00003,custom,3,settled,8
SHR_00037580,NPE_00037580,NPG_00021,NPU_00019,equal,7,settled,4
SHR_00037581,NPE_00037581,NPG_00023,NPU_00040,equal,3,settled,9
SHR_00037582,NPE_00037582,NPG_00030,NPU_00043,custom,8,settled,10
SHR_00037662,NPE_00037662,NPG_00002,NPU_00046,equal,8,settled,10
SHR_00037663,NPE_00037663,NPG_00004,NPU_00001,equal,8,settled,9
SHR_00037664,NPE_00037664,NPG_00006,NPU_00019,equal,4,settled,12
SHR_00037665,NPE_00037665,NPG_00012,NPU_00015,equal,3,settled,3
SHR_00037666,NPE_00037666,NPG_00013,NPU_00066,custom,3,settled,4
SHR_00037667,NPE_00037667,NPG_00021,NPU_00021,equal,7,settled,8
SHR_00037734,NPE_00037734,NPG_00002,NPU_00032,equal,8,settled,13
SHR_00037735,NPE_00037735,NPG_00004,NPU_00075,equal,8,settled,12
SHR_00037736,NPE_00037736,NPG_00007,NPU_00054,equal,10,settled,15
SHR_00037737,NPE_00037737,NPG_00016,NPU_00035,equal,4,settled,11
SHR_00037738,NPE_00037738,NPG_00028,NPU_00058,equal,4,settled,6
SHR_00037814,NPE_00037814,NPG_00020,NPU_00020,percentage,5,settled,9
SHR_00037815,NPE_00037815,NPG_00026,NPU_00070,equal,6,settled,9
SHR_00037816,NPE_00037816,NPG_00029,NPU_00058,equal,4,settled,13
SHR_00037817,NPE_00037817,NPG_00030,NPU_00043,custom,8,settled,3
SHR_00037924,NPE_00037924,NPG_00008,NPU_00060,equal,6,settled,3
SHR_00037925,NPE_00037925,NPG_00015,NPU_00071,equal,5,settled,5
SHR_00037926,NPE_00037926,NPG_00016,NPU_00075,equal,4,settled,11
SHR_00037927,NPE_00037927,NPG_00020,NPU_00020,percentage,5,settled,11
SHR_00038012,NPE_00038012,NPG_00005,NPU_00013,equal,4,settled,2
SHR_00038013,NPE_00038013,NPG_00008,NPU_00055,equal,6,settled,8
SHR_00038014,NPE_00038014,NPG_00009,NPU_00028,equal,2,settled,7
SHR_00038015,NPE_00038015,NPG_00015,NPU_00047,equal,5,settled,6
SHR_00038139,NPE_00038139,NPG_00004,NPU_00071,equal,8,settled,1
SHR_00038140,NPE_00038140,NPG_00007,NPU_00004,equal,10,settled,10
SHR_00038141,NPE_00038141,NPG_00008,NPU_00017,equal,6,settled,5
SHR_00038142,NPE_00038142,NPG_00009,NPU_00012,equal,2,settled,0
SHR_00038143,NPE_00038143,NPG_00011,NPU_00040,equal,6,settled,9
SHR_00038144,NPE_00038144,NPG_00012,NPU_00015,equal,3,settled,13
SHR_00038145,NPE_00038145,NPG_00017,NPU_00067,equal,7,settled,7
SHR_00038146,NPE_00038146,NPG_00020,NPU_00056,percentage,5,settled,13
SHR_00038147,NPE_00038147,NPG_00024,NPU_00058,equal,2,settled,3
SHR_00038148,NPE_00038148,NPG_00027,NPU_00031,custom,3,settled,13
SHR_00038240,NPE_00038240,NPG_00008,NPU_00055,equal,6,settled,10
SHR_00038241,NPE_00038241,NPG_00014,NPU_00028,equal,4,settled,8
SHR_00038242,NPE_00038242,NPG_00016,NPU_00035,equal,4,settled,9
SHR_00038243,NPE_00038243,NPG_00019,NPU_00059,percentage,3,settled,5
SHR_00038244,NPE_00038244,NPG_00024,NPU_00078,equal,2,settled,7
SHR_00038360,NPE_00038360,NPG_00004,NPU_00058,equal,8,settled,2
SHR_00038361,NPE_00038361,NPG_00005,NPU_00026,equal,4,settled,5
SHR_00038362,NPE_00038362,NPG_00009,NPU_00012,equal,2,settled,13
SHR_00038363,NPE_00038363,NPG_00013,NPU_00003,custom,3,settled,9
SHR_00038429,NPE_00038429,NPG_00019,NPU_00038,percentage,3,settled,0
SHR_00038430,NPE_00038430,NPG_00023,NPU_00001,equal,3,settled,2
SHR_00038505,NPE_00038505,NPG_00005,NPU_00026,equal,4,settled,8
SHR_00038506,NPE_00038506,NPG_00016,NPU_00035,equal,4,settled,9
SHR_00038507,NPE_00038507,NPG_00018,NPU_00076,custom,4,settled,6
SHR_00038660,NPE_00038660,NPG_00007,NPU_00003,equal,10,settled,4
SHR_00038661,NPE_00038661,NPG_00008,NPU_00055,equal,6,settled,10
SHR_00038662,NPE_00038662,NPG_00011,NPU_00059,equal,6,settled,11
SHR_00038663,NPE_00038663,NPG_00022,NPU_00009,equal,2,settled,2
SHR_00038736,NPE_00038736,NPG_00009,NPU_00028,equal,2,settled,6
SHR_00038737,NPE_00038737,NPG_00019,NPU_00021,percentage,3,settled,8
SHR_00038738,NPE_00038738,NPG_00020,NPU_00059,percentage,5,settled,5
SHR_00038843,NPE_00038843,NPG_00015,NPU_00065,equal,5,settled,0
SHR_00038844,NPE_00038844,NPG_00016,NPU_00035,equal,4,settled,0
SHR_00038845,NPE_00038845,NPG_00017,NPU_00054,equal,7,settled,9
SHR_00038846,NPE_00038846,NPG_00019,NPU_00059,percentage,3,settled,7
SHR_00038847,NPE_00038847,NPG_00021,NPU_00068,equal,7,settled,6
SHR_00038848,NPE_00038848,NPG_00023,NPU_00058,equal,3,settled,2
SHR_00038849,NPE_00038849,NPG_00026,NPU_00051,equal,6,settled,12
SHR_00038941,NPE_00038941,NPG_00002,NPU_00072,equal,8,settled,3
SHR_00038942,NPE_00038942,NPG_00005,NPU_00046,equal,4,settled,0
SHR_00038943,NPE_00038943,NPG_00010,NPU_00019,equal,2,settled,4
SHR_00039077,NPE_00039077,NPG_00008,NPU_00017,equal,6,settled,2
SHR_00039078,NPE_00039078,NPG_00009,NPU_00012,equal,2,settled,10
SHR_00039079,NPE_00039079,NPG_00010,NPU_00041,equal,2,settled,12
SHR_00039080,NPE_00039080,NPG_00011,NPU_00041,equal,6,settled,0
SHR_00039081,NPE_00039081,NPG_00015,NPU_00065,equal,5,settled,3
SHR_00039082,NPE_00039082,NPG_00028,NPU_00008,equal,4,settled,3
SHR_00039083,NPE_00039083,NPG_00029,NPU_00058,equal,4,settled,8
SHR_00039147,NPE_00039147,NPG_00015,NPU_00065,equal,5,settled,2
SHR_00039148,NPE_00039148,NPG_00016,NPU_00073,equal,4,settled,20
SHR_00039149,NPE_00039149,NPG_00019,NPU_00059,percentage,3,settled,8
SHR_00039150,NPE_00039150,NPG_00021,NPU_00080,equal,7,settled,2
SHR_00039151,NPE_00039151,NPG_00025,NPU_00018,equal,10,settled,10
SHR_00039217,NPE_00039217,NPG_00001,NPU_00079,custom,3,settled,16
SHR_00039218,NPE_00039218,NPG_00008,NPU_00051,equal,6,settled,6
SHR_00039219,NPE_00039219,NPG_00010,NPU_00019,equal,2,settled,11
SHR_00039220,NPE_00039220,NPG_00015,NPU_00054,equal,5,settled,8
SHR_00039221,NPE_00039221,NPG_00019,NPU_00038,percentage,3,settled,9
SHR_00039222,NPE_00039222,NPG_00021,NPU_00080,equal,7,settled,5
SHR_00039223,NPE_00039223,NPG_00024,NPU_00058,equal,2,settled,0
SHR_00039224,NPE_00039224,NPG_00028,NPU_00050,equal,4,settled,8
SHR_00039324,NPE_00039324,NPG_00007,NPU_00072,equal,10,settled,11
SHR_00039325,NPE_00039325,NPG_00015,NPU_00054,equal,5,settled,10
SHR_00039326,NPE_00039326,NPG_00022,NPU_00049,equal,2,settled,1
SHR_00039327,NPE_00039327,NPG_00026,NPU_00047,equal,6,settled,7
SHR_00039328,NPE_00039328,NPG_00028,NPU_00008,equal,4,settled,5
SHR_00039401,NPE_00039401,NPG_00004,NPU_00071,equal,8,settled,8
SHR_00039402,NPE_00039402,NPG_00010,NPU_00019,equal,2,settled,0
SHR_00039403,NPE_00039403,NPG_00024,NPU_00078,equal,2,settled,0
SHR_00039500,NPE_00039500,NPG_00002,NPU_00063,equal,8,settled,10
SHR_00039501,NPE_00039501,NPG_00007,NPU_00071,equal,10,settled,8
SHR_00039502,NPE_00039502,NPG_00015,NPU_00071,equal,5,settled,9
SHR_00039503,NPE_00039503,NPG_00016,NPU_00047,equal,4,settled,10
SHR_00039504,NPE_00039504,NPG_00019,NPU_00021,percentage,3,settled,11
SHR_00039505,NPE_00039505,NPG_00026,NPU_00049,equal,6,settled,19
SHR_00039650,NPE_00039650,NPG_00003,NPU_00020,custom,3,settled,10
SHR_00039651,NPE_00039651,NPG_00004,NPU_00071,equal,8,settled,9
SHR_00039652,NPE_00039652,NPG_00009,NPU_00012,equal,2,settled,9
SHR_00039653,NPE_00039653,NPG_00010,NPU_00041,equal,2,settled,0
SHR_00039654,NPE_00039654,NPG_00016,NPU_00047,equal,4,settled,9
SHR_00039655,NPE_00039655,NPG_00017,NPU_00042,equal,7,settled,9
SHR_00039656,NPE_00039656,NPG_00019,NPU_00038,percentage,3,settled,6
SHR_00039657,NPE_00039657,NPG_00021,NPU_00008,equal,7,settled,3
SHR_00039658,NPE_00039658,NPG_00023,NPU_00001,equal,3,settled,7
SHR_00039659,NPE_00039659,NPG_00025,NPU_00022,equal,10,settled,15
SHR_00039660,NPE_00039660,NPG_00030,NPU_00043,custom,8,settled,10
SHR_00039736,NPE_00039736,NPG_00009,NPU_00028,equal,2,settled,13
SHR_00039737,NPE_00039737,NPG_00010,NPU_00019,equal,2,settled,6
SHR_00039738,NPE_00039738,NPG_00012,NPU_00020,equal,3,pending,22
SHR_00039739,NPE_00039739,NPG_00014,NPU_00028,equal,4,settled,13
SHR_00039740,NPE_00039740,NPG_00015,NPU_00012,equal,5,settled,0
SHR_00039741,NPE_00039741,NPG_00021,NPU_00068,equal,7,settled,12
SHR_00039742,NPE_00039742,NPG_00024,NPU_00078,equal,2,settled,2
SHR_00039804,NPE_00039804,NPG_00002,NPU_00067,equal,8,settled,3
SHR_00039805,NPE_00039805,NPG_00021,NPU_00007,equal,7,settled,9
SHR_00039872,NPE_00039872,NPG_00002,NPU_00067,equal,8,settled,6
SHR_00039873,NPE_00039873,NPG_00008,NPU_00028,equal,6,settled,7
SHR_00039874,NPE_00039874,NPG_00013,NPU_00066,custom,3,settled,3
SHR_00039875,NPE_00039875,NPG_00017,NPU_00052,equal,7,settled,8
SHR_00039876,NPE_00039876,NPG_00026,NPU_00005,equal,6,settled,8
SHR_00039942,NPE_00039942,NPG_00009,NPU_00028,equal,2,settled,0
SHR_00039943,NPE_00039943,NPG_00021,NPU_00007,equal,7,settled,7
SHR_00040023,NPE_00040023,NPG_00006,NPU_00019,equal,4,settled,12
SHR_00040024,NPE_00040024,NPG_00013,NPU_00003,custom,3,settled,7
SHR_00040025,NPE_00040025,NPG_00017,NPU_00042,equal,7,settled,15
SHR_00040026,NPE_00040026,NPG_00023,NPU_00040,equal,3,settled,3
SHR_00040027,NPE_00040027,NPG_00024,NPU_00078,equal,2,settled,12
SHR_00040028,NPE_00040028,NPG_00026,NPU_00005,equal,6,settled,6
SHR_00040110,NPE_00040110,NPG_00001,NPU_00056,custom,3,settled,7
SHR_00040111,NPE_00040111,NPG_00006,NPU_00047,equal,4,settled,8
SHR_00040112,NPE_00040112,NPG_00013,NPU_00077,custom,3,settled,6
SHR_00040113,NPE_00040113,NPG_00015,NPU_00054,equal,5,settled,7
SHR_00040114,NPE_00040114,NPG_00016,NPU_00075,equal,4,settled,0
SHR_00040115,NPE_00040115,NPG_00017,NPU_00071,equal,7,settled,3
SHR_00040116,NPE_00040116,NPG_00021,NPU_00021,equal,7,pending,23
SHR_00040117,NPE_00040117,NPG_00029,NPU_00058,equal,4,settled,0
SHR_00040193,NPE_00040193,NPG_00013,NPU_00066,custom,3,settled,14
SHR_00040194,NPE_00040194,NPG_00016,NPU_00073,equal,4,settled,5
SHR_00040195,NPE_00040195,NPG_00019,NPU_00038,percentage,3,settled,11
SHR_00040196,NPE_00040196,NPG_00020,NPU_00040,percentage,5,settled,1
SHR_00040268,NPE_00040268,NPG_00002,NPU_00067,equal,8,settled,7
SHR_00040269,NPE_00040269,NPG_00005,NPU_00046,equal,4,settled,17
SHR_00040270,NPE_00040270,NPG_00008,NPU_00017,equal,6,settled,4
SHR_00040271,NPE_00040271,NPG_00015,NPU_00012,equal,5,settled,2
SHR_00040272,NPE_00040272,NPG_00019,NPU_00021,percentage,3,settled,1
SHR_00040273,NPE_00040273,NPG_00021,NPU_00007,equal,7,settled,10
SHR_00040274,NPE_00040274,NPG_00023,NPU_00058,equal,3,settled,12
SHR_00040341,NPE_00040341,NPG_00009,NPU_00012,equal,2,settled,15
SHR_00040342,NPE_00040342,NPG_00010,NPU_00041,equal,2,settled,7
SHR_00040343,NPE_00040343,NPG_00013,NPU_00066,custom,3,settled,0
SHR_00040344,NPE_00040344,NPG_00020,NPU_00040,percentage,5,settled,4
SHR_00040345,NPE_00040345,NPG_00028,NPU_00008,equal,4,settled,9
SHR_00040423,NPE_00040423,NPG_00002,NPU_00054,equal,8,settled,3
SHR_00040424,NPE_00040424,NPG_00004,NPU_00056,equal,8,settled,10
SHR_00040425,NPE_00040425,NPG_00006,NPU_00029,equal,4,settled,3
SHR_00040426,NPE_00040426,NPG_00010,NPU_00041,equal,2,settled,0
SHR_00040427,NPE_00040427,NPG_00013,NPU_00077,custom,3,settled,11
SHR_00040428,NPE_00040428,NPG_00014,NPU_00067,equal,4,settled,1
SHR_00040429,NPE_00040429,NPG_00021,NPU_00068,equal,7,settled,8
SHR_00040510,NPE_00040510,NPG_00006,NPU_00029,equal,4,settled,5
SHR_00040511,NPE_00040511,NPG_00009,NPU_00028,equal,2,settled,0
SHR_00040512,NPE_00040512,NPG_00015,NPU_00047,equal,5,settled,14
SHR_00040513,NPE_00040513,NPG_00021,NPU_00021,equal,7,settled,13
SHR_00040514,NPE_00040514,NPG_00022,NPU_00009,equal,2,settled,6
SHR_00040515,NPE_00040515,NPG_00024,NPU_00058,equal,2,settled,2
SHR_00040516,NPE_00040516,NPG_00026,NPU_00005,equal,6,settled,7
SHR_00040517,NPE_00040517,NPG_00027,NPU_00031,custom,3,settled,10
SHR_00040609,NPE_00040609,NPG_00006,NPU_00019,equal,4,settled,0
SHR_00040610,NPE_00040610,NPG_00016,NPU_00047,equal,4,settled,12
SHR_00040611,NPE_00040611,NPG_00019,NPU_00021,percentage,3,settled,7
SHR_00040612,NPE_00040612,NPG_00030,NPU_00060,custom,8,settled,12
SHR_00040712,NPE_00040712,NPG_00010,NPU_00041,equal,2,settled,4
SHR_00040713,NPE_00040713,NPG_00017,NPU_00003,equal,7,settled,15
SHR_00040714,NPE_00040714,NPG_00020,NPU_00052,percentage,5,settled,3
SHR_00040715,NPE_00040715,NPG_00029,NPU_00053,equal,4,settled,6
SHR_00040716,NPE_00040716,NPG_00030,NPU_00028,custom,8,settled,12
SHR_00040845,NPE_00040845,NPG_00004,NPU_00075,equal,8,settled,7
SHR_00040846,NPE_00040846,NPG_00008,NPU_00060,equal,6,settled,9
SHR_00040847,NPE_00040847,NPG_00016,NPU_00075,equal,4,settled,14
SHR_00040848,NPE_00040848,NPG_00021,NPU_00007,equal,7,settled,14
SHR_00040849,NPE_00040849,NPG_00023,NPU_00001,equal,3,settled,10
SHR_00040850,NPE_00040850,NPG_00024,NPU_00078,equal,2,settled,10
SHR_00040851,NPE_00040851,NPG_00027,NPU_00031,custom,3,settled,8
SHR_00040852,NPE_00040852,NPG_00029,NPU_00047,equal,4,settled,3
SHR_00040933,NPE_00040933,NPG_00006,NPU_00029,equal,4,settled,0
SHR_00040934,NPE_00040934,NPG_00010,NPU_00019,equal,2,settled,1
SHR_00040935,NPE_00040935,NPG_00013,NPU_00066,custom,3,settled,17
SHR_00040936,NPE_00040936,NPG_00014,NPU_00019,equal,4,settled,1
SHR_00040937,NPE_00040937,NPG_00015,NPU_00071,equal,5,settled,12
SHR_00040938,NPE_00040938,NPG_00017,NPU_00071,equal,7,settled,6
SHR_00040939,NPE_00040939,NPG_00020,NPU_00020,percentage,5,settled,4
SHR_00040940,NPE_00040940,NPG_00021,NPU_00032,equal,7,settled,0
SHR_00040941,NPE_00040941,NPG_00023,NPU_00040,equal,3,settled,4
SHR_00041059,NPE_00041059,NPG_00007,NPU_00004,equal,10,settled,6
SHR_00041060,NPE_00041060,NPG_00008,NPU_00017,equal,6,settled,6
SHR_00041061,NPE_00041061,NPG_00017,NPU_00071,equal,7,settled,3
SHR_00041062,NPE_00041062,NPG_00021,NPU_00019,equal,7,settled,15
SHR_00041063,NPE_00041063,NPG_00023,NPU_00040,equal,3,settled,11
SHR_00041064,NPE_00041064,NPG_00029,NPU_00024,equal,4,settled,8
SHR_00041142,NPE_00041142,NPG_00013,NPU_00066,custom,3,settled,8
SHR_00041143,NPE_00041143,NPG_00020,NPU_00052,percentage,5,settled,13
SHR_00041144,NPE_00041144,NPG_00030,NPU_00021,custom,8,settled,10
SHR_00041204,NPE_00041204,NPG_00006,NPU_00047,equal,4,settled,11
SHR_00041205,NPE_00041205,NPG_00008,NPU_00028,equal,6,settled,6
SHR_00041206,NPE_00041206,NPG_00009,NPU_00012,equal,2,settled,7
SHR_00041207,NPE_00041207,NPG_00024,NPU_00058,equal,2,settled,7
SHR_00041208,NPE_00041208,NPG_00027,NPU_00005,custom,3,settled,0
SHR_00041339,NPE_00041339,NPG_00005,NPU_00066,equal,4,settled,4
SHR_00041340,NPE_00041340,NPG_00017,NPU_00023,equal,7,settled,11
SHR_00041341,NPE_00041341,NPG_00019,NPU_00038,percentage,3,settled,12
SHR_00041342,NPE_00041342,NPG_00021,NPU_00007,equal,7,settled,0
SHR_00041343,NPE_00041343,NPG_00027,NPU_00062,custom,3,settled,7
SHR_00041441,NPE_00041441,NPG_00004,NPU_00071,equal,8,settled,12
SHR_00041442,NPE_00041442,NPG_00015,NPU_00054,equal,5,settled,5
SHR_00041443,NPE_00041443,NPG_00016,NPU_00075,equal,4,settled,9
SHR_00041444,NPE_00041444,NPG_00017,NPU_00067,equal,7,settled,0
SHR_00041445,NPE_00041445,NPG_00026,NPU_00047,equal,6,settled,6
SHR_00041543,NPE_00041543,NPG_00001,NPU_00079,custom,3,settled,9
SHR_00041544,NPE_00041544,NPG_00003,NPU_00034,custom,3,settled,12
SHR_00041545,NPE_00041545,NPG_00004,NPU_00073,equal,8,settled,7
SHR_00041546,NPE_00041546,NPG_00013,NPU_00003,custom,3,settled,10
SHR_00041547,NPE_00041547,NPG_00018,NPU_00075,custom,4,settled,14
SHR_00041548,NPE_00041548,NPG_00019,NPU_00038,percentage,3,settled,1
SHR_00041549,NPE_00041549,NPG_00026,NPU_00052,equal,6,settled,14
SHR_00041550,NPE_00041550,NPG_00028,NPU_00050,equal,4,settled,4
SHR_00041616,NPE_00041616,NPG_00009,NPU_00028,equal,2,settled,5
SHR_00041617,NPE_00041617,NPG_00010,NPU_00041,equal,2,settled,1
SHR_00041618,NPE_00041618,NPG_00012,NPU_00070,equal,3,settled,7
SHR_00041619,NPE_00041619,NPG_00013,NPU_00077,custom,3,settled,4
SHR_00041620,NPE_00041620,NPG_00014,NPU_00028,equal,4,settled,5
SHR_00041621,NPE_00041621,NPG_00016,NPU_00073,equal,4,settled,0
SHR_00041622,NPE_00041622,NPG_00026,NPU_00052,equal,6,settled,7
SHR_00041760,NPE_00041760,NPG_00008,NPU_00060,equal,6,settled,8
SHR_00041761,NPE_00041761,NPG_00009,NPU_00012,equal,2,settled,5
SHR_00041762,NPE_00041762,NPG_00020,NPU_00056,percentage,5,settled,16
SHR_00041763,NPE_00041763,NPG_00028,NPU_00058,equal,4,settled,4
SHR_00041764,NPE_00041764,NPG_00030,NPU_00028,custom,8,settled,11
SHR_00041849,NPE_00041849,NPG_00002,NPU_00032,equal,8,settled,11
SHR_00041850,NPE_00041850,NPG_00010,NPU_00019,equal,2,settled,11
SHR_00041851,NPE_00041851,NPG_00014,NPU_00028,equal,4,settled,6
SHR_00041852,NPE_00041852,NPG_00016,NPU_00073,equal,4,settled,0
SHR_00041853,NPE_00041853,NPG_00019,NPU_00038,percentage,3,settled,0
SHR_00041854,NPE_00041854,NPG_00021,NPU_00021,equal,7,settled,15
SHR_00041855,NPE_00041855,NPG_00022,NPU_00049,equal,2,settled,0
SHR_00041856,NPE_00041856,NPG_00023,NPU_00058,equal,3,settled,11
SHR_00041941,NPE_00041941,NPG_00009,NPU_00012,equal,2,settled,4
SHR_00042046,NPE_00042046,NPG_00005,NPU_00046,equal,4,settled,0
SHR_00042047,NPE_00042047,NPG_00006,NPU_00029,equal,4,settled,1
SHR_00042048,NPE_00042048,NPG_00009,NPU_00028,equal,2,settled,8
SHR_00042049,NPE_00042049,NPG_00017,NPU_00042,equal,7,settled,12
SHR_00042050,NPE_00042050,NPG_00019,NPU_00038,percentage,3,settled,1
SHR_00042051,NPE_00042051,NPG_00022,NPU_00049,equal,2,settled,6
SHR_00042052,NPE_00042052,NPG_00028,NPU_00050,equal,4,settled,0
SHR_00042053,NPE_00042053,NPG_00030,NPU_00060,custom,8,pending,24
SHR_00042155,NPE_00042155,NPG_00004,NPU_00064,equal,8,settled,16
SHR_00042156,NPE_00042156,NPG_00019,NPU_00059,percentage,3,settled,11
SHR_00042275,NPE_00042275,NPG_00002,NPU_00046,equal,8,settled,12
SHR_00042276,NPE_00042276,NPG_00004,NPU_00073,equal,8,settled,10
SHR_00042277,NPE_00042277,NPG_00005,NPU_00046,equal,4,settled,11
SHR_00042278,NPE_00042278,NPG_00007,NPU_00015,equal,10,settled,18
SHR_00042279,NPE_00042279,NPG_00008,NPU_00028,equal,6,settled,11
SHR_00042280,NPE_00042280,NPG_00010,NPU_00041,equal,2,settled,5
SHR_00042281,NPE_00042281,NPG_00021,NPU_00080,equal,7,settled,11
SHR_00042412,NPE_00042412,NPG_00007,NPU_00003,equal,10,settled,14
SHR_00042413,NPE_00042413,NPG_00009,NPU_00012,equal,2,settled,0
SHR_00042414,NPE_00042414,NPG_00010,NPU_00019,equal,2,settled,4
SHR_00042415,NPE_00042415,NPG_00011,NPU_00059,equal,6,settled,4
SHR_00042416,NPE_00042416,NPG_00019,NPU_00021,percentage,3,settled,8
SHR_00042417,NPE_00042417,NPG_00024,NPU_00058,equal,2,settled,12
SHR_00042418,NPE_00042418,NPG_00028,NPU_00008,equal,4,settled,9
SHR_00042493,NPE_00042493,NPG_00005,NPU_00026,equal,4,settled,5
SHR_00042494,NPE_00042494,NPG_00018,NPU_00029,custom,4,settled,12
SHR_00042495,NPE_00042495,NPG_00019,NPU_00038,percentage,3,settled,20
SHR_00042496,NPE_00042496,NPG_00020,NPU_00052,percentage,5,settled,13
SHR_00042497,NPE_00042497,NPG_00022,NPU_00049,equal,2,settled,4
SHR_00042498,NPE_00042498,NPG_00023,NPU_00058,equal,3,settled,13
SHR_00042499,NPE_00042499,NPG_00030,NPU_00060,custom,8,settled,12
SHR_00042566,NPE_00042566,NPG_00021,NPU_00008,equal,7,settled,9
SHR_00042567,NPE_00042567,NPG_00023,NPU_00001,equal,3,settled,9
SHR_00042568,NPE_00042568,NPG_00027,NPU_00031,custom,3,settled,2
SHR_00042641,NPE_00042641,NPG_00009,NPU_00028,equal,2,settled,2
SHR_00042642,NPE_00042642,NPG_00010,NPU_00041,equal,2,settled,2
SHR_00042643,NPE_00042643,NPG_00012,NPU_00015,equal,3,settled,13
SHR_00042644,NPE_00042644,NPG_00020,NPU_00040,percentage,5,settled,5
SHR_00042645,NPE_00042645,NPG_00021,NPU_00008,equal,7,settled,7
SHR_00042646,NPE_00042646,NPG_00024,NPU_00058,equal,2,settled,4
SHR_00042647,NPE_00042647,NPG_00026,NPU_00052,equal,6,settled,1
SHR_00042719,NPE_00042719,NPG_00002,NPU_00067,equal,8,settled,5
SHR_00042720,NPE_00042720,NPG_00004,NPU_00058,equal,8,settled,9
SHR_00042721,NPE_00042721,NPG_00006,NPU_00019,equal,4,settled,4
SHR_00042722,NPE_00042722,NPG_00019,NPU_00059,percentage,3,settled,12
SHR_00042800,NPE_00042800,NPG_00010,NPU_00041,equal,2,settled,0
SHR_00042801,NPE_00042801,NPG_00014,NPU_00028,equal,4,settled,18
SHR_00042802,NPE_00042802,NPG_00019,NPU_00059,percentage,3,settled,3
SHR_00042803,NPE_00042803,NPG_00022,NPU_00049,equal,2,settled,2
SHR_00042910,NPE_00042910,NPG_00008,NPU_00055,equal,6,settled,4
SHR_00042911,NPE_00042911,NPG_00010,NPU_00019,equal,2,settled,10
SHR_00042912,NPE_00042912,NPG_00014,NPU_00019,equal,4,settled,4
SHR_00042913,NPE_00042913,NPG_00026,NPU_00070,equal,6,settled,8
SHR_00043003,NPE_00043003,NPG_00025,NPU_00061,equal,10,settled,8
SHR_00043081,NPE_00043081,NPG_00004,NPU_00064,equal,8,settled,4
SHR_00043082,NPE_00043082,NPG_00005,NPU_00046,equal,4,settled,8
SHR_00043083,NPE_00043083,NPG_00006,NPU_00054,equal,4,settled,6
SHR_00043084,NPE_00043084,NPG_00019,NPU_00038,percentage,3,settled,9
SHR_00043085,NPE_00043085,NPG_00024,NPU_00078,equal,2,settled,6
SHR_00043086,NPE_00043086,NPG_00026,NPU_00049,equal,6,settled,12
SHR_00043157,NPE_00043157,NPG_00001,NPU_00022,custom,3,settled,11
SHR_00043158,NPE_00043158,NPG_00003,NPU_00039,custom,3,settled,0
SHR_00043159,NPE_00043159,NPG_00008,NPU_00017,equal,6,settled,1
SHR_00043160,NPE_00043160,NPG_00009,NPU_00028,equal,2,settled,0
SHR_00043161,NPE_00043161,NPG_00029,NPU_00053,equal,4,settled,2
SHR_00043231,NPE_00043231,NPG_00004,NPU_00064,equal,8,settled,4
SHR_00043232,NPE_00043232,NPG_00005,NPU_00026,equal,4,settled,5
SHR_00043233,NPE_00043233,NPG_00006,NPU_00047,equal,4,settled,9
SHR_00043234,NPE_00043234,NPG_00019,NPU_00021,percentage,3,settled,12
SHR_00043235,NPE_00043235,NPG_00024,NPU_00078,equal,2,settled,5
SHR_00043295,NPE_00043295,NPG_00007,NPU_00015,equal,10,settled,6
SHR_00043296,NPE_00043296,NPG_00013,NPU_00066,custom,3,settled,11
SHR_00043297,NPE_00043297,NPG_00020,NPU_00020,percentage,5,settled,10
SHR_00043298,NPE_00043298,NPG_00028,NPU_00027,equal,4,settled,12
SHR_00043395,NPE_00043395,NPG_00001,NPU_00022,custom,3,settled,12
SHR_00043396,NPE_00043396,NPG_00005,NPU_00026,equal,4,settled,5
SHR_00043397,NPE_00043397,NPG_00008,NPU_00028,equal,6,settled,12
SHR_00043398,NPE_00043398,NPG_00009,NPU_00012,equal,2,settled,3
SHR_00043399,NPE_00043399,NPG_00010,NPU_00019,equal,2,settled,9
SHR_00043400,NPE_00043400,NPG_00015,NPU_00065,equal,5,settled,0
SHR_00043401,NPE_00043401,NPG_00018,NPU_00029,custom,4,settled,12
SHR_00043402,NPE_00043402,NPG_00026,NPU_00070,equal,6,settled,0
SHR_00043403,NPE_00043403,NPG_00028,NPU_00027,equal,4,settled,9
SHR_00043494,NPE_00043494,NPG_00002,NPU_00046,equal,8,settled,5
SHR_00043495,NPE_00043495,NPG_00006,NPU_00029,equal,4,settled,12
SHR_00043496,NPE_00043496,NPG_00009,NPU_00012,equal,2,settled,3
SHR_00043497,NPE_00043497,NPG_00010,NPU_00041,equal,2,settled,5
SHR_00043498,NPE_00043498,NPG_00016,NPU_00035,equal,4,settled,6
SHR_00043499,NPE_00043499,NPG_00022,NPU_00009,equal,2,settled,9
SHR_00043500,NPE_00043500,NPG_00023,NPU_00040,equal,3,settled,4
SHR_00043501,NPE_00043501,NPG_00024,NPU_00058,equal,2,settled,2
SHR_00043502,NPE_00043502,NPG_00028,NPU_00058,equal,4,settled,1
SHR_00043503,NPE_00043503,NPG_00029,NPU_00047,equal,4,settled,5
SHR_00043622,NPE_00043622,NPG_00016,NPU_00073,equal,4,settled,8
SHR_00043623,NPE_00043623,NPG_00017,NPU_00067,equal,7,settled,7
SHR_00043624,NPE_00043624,NPG_00030,NPU_00074,custom,8,settled,8
SHR_00043714,NPE_00043714,NPG_00002,NPU_00032,equal,8,settled,1
SHR_00043715,NPE_00043715,NPG_00004,NPU_00059,equal,8,settled,11
SHR_00043716,NPE_00043716,NPG_00015,NPU_00012,equal,5,settled,8
SHR_00043717,NPE_00043717,NPG_00016,NPU_00047,equal,4,settled,6
SHR_00043718,NPE_00043718,NPG_00021,NPU_00068,equal,7,settled,3
SHR_00043719,NPE_00043719,NPG_00027,NPU_00062,custom,3,settled,9
SHR_00043801,NPE_00043801,NPG_00002,NPU_00063,equal,8,settled,20
SHR_00043802,NPE_00043802,NPG_00006,NPU_00047,equal,4,settled,8
SHR_00043803,NPE_00043803,NPG_00008,NPU_00028,equal,6,settled,9
SHR_00043804,NPE_00043804,NPG_00016,NPU_00035,equal,4,settled,4
SHR_00043805,NPE_00043805,NPG_00022,NPU_00049,equal,2,settled,3
SHR_00043806,NPE_00043806,NPG_00023,NPU_00001,equal,3,settled,14
SHR_00043807,NPE_00043807,NPG_00026,NPU_00052,equal,6,settled,6
SHR_00043883,NPE_00043883,NPG_00002,NPU_00054,equal,8,settled,9
SHR_00043884,NPE_00043884,NPG_00008,NPU_00069,equal,6,settled,7
SHR_00043885,NPE_00043885,NPG_00009,NPU_00012,equal,2,settled,6
SHR_00043886,NPE_00043886,NPG_00023,NPU_00058,equal,3,settled,0
SHR_00043887,NPE_00043887,NPG_00029,NPU_00053,equal,4,settled,5
SHR_00043999,NPE_00043999,NPG_00009,NPU_00012,equal,2,settled,19
SHR_00044000,NPE_00044000,NPG_00013,NPU_00003,custom,3,settled,13
SHR_00044001,NPE_00044001,NPG_00021,NPU_00008,equal,7,settled,7
SHR_00044002,NPE_00044002,NPG_00024,NPU_00078,equal,2,settled,6
SHR_00044105,NPE_00044105,NPG_00009,NPU_00028,equal,2,settled,11
SHR_00044106,NPE_00044106,NPG_00010,NPU_00019,equal,2,settled,12
SHR_00044107,NPE_00044107,NPG_00016,NPU_00073,equal,4,settled,5
SHR_00044108,NPE_00044108,NPG_00017,NPU_00071,equal,7,settled,20
SHR_00044109,NPE_00044109,NPG_00019,NPU_00059,percentage,3,settled,16
SHR_00044110,NPE_00044110,NPG_00024,NPU_00078,equal,2,settled,0
SHR_00044111,NPE_00044111,NPG_00026,NPU_00051,equal,6,pending,24
SHR_00044202,NPE_00044202,NPG_00012,NPU_00020,equal,3,settled,1
SHR_00044203,NPE_00044203,NPG_00021,NPU_00080,equal,7,settled,13
SHR_00044204,NPE_00044204,NPG_00023,NPU_00001,equal,3,settled,3
SHR_00044205,NPE_00044205,NPG_00025,NPU_00061,equal,10,settled,12
SHR_00044206,NPE_00044206,NPG_00028,NPU_00008,equal,4,settled,5
SHR_00044207,NPE_00044207,NPG_00030,NPU_00074,custom,8,settled,10
SHR_00044332,NPE_00044332,NPG_00008,NPU_00017,equal,6,settled,4
SHR_00044333,NPE_00044333,NPG_00019,NPU_00038,percentage,3,settled,2
SHR_00044334,NPE_00044334,NPG_00021,NPU_00032,equal,7,settled,9
SHR_00044335,NPE_00044335,NPG_00023,NPU_00058,equal,3,settled,2
SHR_00044336,NPE_00044336,NPG_00024,NPU_00078,equal,2,settled,2
SHR_00044431,NPE_00044431,NPG_00009,NPU_00028,equal,2,settled,4
SHR_00044432,NPE_00044432,NPG_00014,NPU_00019,equal,4,settled,7
SHR_00044433,NPE_00044433,NPG_00015,NPU_00012,equal,5,settled,0
SHR_00044434,NPE_00044434,NPG_00024,NPU_00058,equal,2,settled,13
SHR_00044518,NPE_00044518,NPG_00005,NPU_00026,equal,4,settled,13
SHR_00044519,NPE_00044519,NPG_00021,NPU_00008,equal,7,settled,14
SHR_00044520,NPE_00044520,NPG_00024,NPU_00058,equal,2,settled,1
SHR_00044521,NPE_00044521,NPG_00026,NPU_00005,equal,6,settled,16
SHR_00044522,NPE_00044522,NPG_00027,NPU_00031,custom,3,settled,11
SHR_00044523,NPE_00044523,NPG_00028,NPU_00058,equal,4,settled,7
SHR_00044524,NPE_00044524,NPG_00030,NPU_00060,custom,8,settled,4
SHR_00044605,NPE_00044605,NPG_00005,NPU_00046,equal,4,settled,9
SHR_00044606,NPE_00044606,NPG_00009,NPU_00012,equal,2,settled,7
SHR_00044607,NPE_00044607,NPG_00010,NPU_00019,equal,2,settled,16
SHR_00044608,NPE_00044608,NPG_00013,NPU_00077,custom,3,settled,11
SHR_00044609,NPE_00044609,NPG_00016,NPU_00073,equal,4,settled,15
SHR_00044610,NPE_00044610,NPG_00017,NPU_00067,equal,7,settled,16
SHR_00044611,NPE_00044611,NPG_00019,NPU_00038,percentage,3,settled,12
SHR_00044612,NPE_00044612,NPG_00020,NPU_00059,percentage,5,settled,11
SHR_00044613,NPE_00044613,NPG_00024,NPU_00058,equal,2,settled,16
SHR_00044614,NPE_00044614,NPG_00028,NPU_00008,equal,4,settled,20
SHR_00044615,NPE_00044615,NPG_00029,NPU_00058,equal,4,settled,15
SHR_00044742,NPE_00044742,NPG_00007,NPU_00047,equal,10,settled,9
SHR_00044743,NPE_00044743,NPG_00008,NPU_00060,equal,6,settled,5
SHR_00044744,NPE_00044744,NPG_00009,NPU_00028,equal,2,settled,6
SHR_00044745,NPE_00044745,NPG_00015,NPU_00071,equal,5,settled,12
SHR_00044746,NPE_00044746,NPG_00016,NPU_00035,equal,4,settled,13
SHR_00044747,NPE_00044747,NPG_00017,NPU_00067,equal,7,settled,11
SHR_00044748,NPE_00044748,NPG_00021,NPU_00068,equal,7,settled,9
SHR_00044749,NPE_00044749,NPG_00023,NPU_00058,equal,3,settled,11
SHR_00044750,NPE_00044750,NPG_00024,NPU_00058,equal,2,settled,5
SHR_00044751,NPE_00044751,NPG_00026,NPU_00052,equal,6,settled,6
SHR_00044835,NPE_00044835,NPG_00002,NPU_00072,equal,8,settled,18
SHR_00044836,NPE_00044836,NPG_00009,NPU_00028,equal,2,settled,6
SHR_00044837,NPE_00044837,NPG_00012,NPU_00015,equal,3,settled,10
SHR_00044838,NPE_00044838,NPG_00015,NPU_00071,equal,5,settled,7
SHR_00044839,NPE_00044839,NPG_00019,NPU_00038,percentage,3,settled,11
SHR_00044840,NPE_00044840,NPG_00020,NPU_00020,percentage,5,settled,17
SHR_00044841,NPE_00044841,NPG_00022,NPU_00009,equal,2,settled,13
SHR_00044842,NPE_00044842,NPG_00024,NPU_00058,equal,2,settled,6
SHR_00044843,NPE_00044843,NPG_00030,NPU_00010,custom,8,settled,11
SHR_00044942,NPE_00044942,NPG_00001,NPU_00022,custom,3,settled,14
SHR_00044943,NPE_00044943,NPG_00002,NPU_00072,equal,8,settled,11
SHR_00044944,NPE_00044944,NPG_00004,NPU_00064,equal,8,settled,10
SHR_00044945,NPE_00044945,NPG_00008,NPU_00017,equal,6,settled,8
SHR_00044946,NPE_00044946,NPG_00009,NPU_00028,equal,2,settled,9
SHR_00044947,NPE_00044947,NPG_00010,NPU_00019,equal,2,settled,10
SHR_00044948,NPE_00044948,NPG_00014,NPU_00007,equal,4,settled,10
SHR_00044949,NPE_00044949,NPG_00018,NPU_00076,custom,4,settled,18
SHR_00044950,NPE_00044950,NPG_00021,NPU_00007,equal,7,settled,13
SHR_00044951,NPE_00044951,NPG_00026,NPU_00070,equal,6,settled,5
SHR_00044952,NPE_00044952,NPG_00028,NPU_00008,equal,4,pending,22
SHR_00045056,NPE_00045056,NPG_00002,NPU_00063,equal,8,settled,15
SHR_00045057,NPE_00045057,NPG_00006,NPU_00029,equal,4,settled,13
SHR_00045058,NPE_00045058,NPG_00008,NPU_00060,equal,6,settled,0
SHR_00045059,NPE_00045059,NPG_00011,NPU_00004,equal,6,settled,20
SHR_00045060,NPE_00045060,NPG_00018,NPU_00075,custom,4,settled,19
SHR_00045061,NPE_00045061,NPG_00021,NPU_00080,equal,7,settled,9
SHR_00045062,NPE_00045062,NPG_00023,NPU_00001,equal,3,settled,20
SHR_00045063,NPE_00045063,NPG_00024,NPU_00058,equal,2,settled,5
SHR_00045064,NPE_00045064,NPG_00025,NPU_00061,equal,10,settled,15
SHR_00045065,NPE_00045065,NPG_00029,NPU_00024,equal,4,settled,7
SHR_00045145,NPE_00045145,NPG_00005,NPU_00013,equal,4,settled,13
SHR_00045146,NPE_00045146,NPG_00007,NPU_00020,equal,10,settled,6
SHR_00045147,NPE_00045147,NPG_00009,NPU_00012,equal,2,settled,5
SHR_00045148,NPE_00045148,NPG_00015,NPU_00071,equal,5,settled,9
SHR_00045149,NPE_00045149,NPG_00016,NPU_00075,equal,4,settled,16
SHR_00045150,NPE_00045150,NPG_00021,NPU_00080,equal,7,settled,14
SHR_00045151,NPE_00045151,NPG_00024,NPU_00078,equal,2,settled,13
SHR_00045152,NPE_00045152,NPG_00028,NPU_00050,equal,4,settled,18
SHR_00045225,NPE_00045225,NPG_00002,NPU_00072,equal,8,settled,13
SHR_00045226,NPE_00045226,NPG_00012,NPU_00070,equal,3,settled,3
SHR_00045227,NPE_00045227,NPG_00014,NPU_00067,equal,4,settled,19
SHR_00045228,NPE_00045228,NPG_00016,NPU_00073,equal,4,settled,5
SHR_00045229,NPE_00045229,NPG_00019,NPU_00038,percentage,3,settled,13
SHR_00045230,NPE_00045230,NPG_00020,NPU_00052,percentage,5,settled,10
SHR_00045231,NPE_00045231,NPG_00028,NPU_00008,equal,4,settled,7
SHR_00045232,NPE_00045232,NPG_00029,NPU_00024,equal,4,settled,7
SHR_00045341,NPE_00045341,NPG_00002,NPU_00005,equal,8,settled,16
SHR_00045342,NPE_00045342,NPG_00006,NPU_00047,equal,4,settled,5
SHR_00045343,NPE_00045343,NPG_00009,NPU_00028,equal,2,settled,4
SHR_00045344,NPE_00045344,NPG_00010,NPU_00019,equal,2,settled,8
SHR_00045345,NPE_00045345,NPG_00015,NPU_00047,equal,5,settled,8
SHR_00045346,NPE_00045346,NPG_00016,NPU_00075,equal,4,settled,8
SHR_00045347,NPE_00045347,NPG_00021,NPU_00080,equal,7,settled,10
SHR_00045348,NPE_00045348,NPG_00024,NPU_00058,equal,2,settled,4
SHR_00045349,NPE_00045349,NPG_00030,NPU_00063,custom,8,settled,9
SHR_00045411,NPE_00045411,NPG_00014,NPU_00019,equal,4,settled,7
SHR_00045412,NPE_00045412,NPG_00021,NPU_00068,equal,7,settled,7
SHR_00045413,NPE_00045413,NPG_00024,NPU_00058,equal,2,settled,2
SHR_00045414,NPE_00045414,NPG_00026,NPU_00070,equal,6,settled,13
SHR_00045524,NPE_00045524,NPG_00002,NPU_00054,equal,8,settled,9
SHR_00045525,NPE_00045525,NPG_00004,NPU_00059,equal,8,pending,23
SHR_00045526,NPE_00045526,NPG_00006,NPU_00047,equal,4,settled,7
SHR_00045527,NPE_00045527,NPG_00015,NPU_00054,equal,5,settled,2
SHR_00045528,NPE_00045528,NPG_00019,NPU_00059,percentage,3,settled,19
SHR_00045529,NPE_00045529,NPG_00021,NPU_00019,equal,7,settled,4
SHR_00045626,NPE_00045626,NPG_00004,NPU_00056,equal,8,settled,10
SHR_00045627,NPE_00045627,NPG_00016,NPU_00035,equal,4,settled,9
SHR_00045628,NPE_00045628,NPG_00021,NPU_00008,equal,7,settled,11
SHR_00045629,NPE_00045629,NPG_00029,NPU_00047,equal,4,settled,13
SHR_00045708,NPE_00045708,NPG_00004,NPU_00064,equal,8,settled,4
SHR_00045709,NPE_00045709,NPG_00006,NPU_00029,equal,4,settled,2
SHR_00045710,NPE_00045710,NPG_00016,NPU_00047,equal,4,settled,9
SHR_00045711,NPE_00045711,NPG_00017,NPU_00071,equal,7,settled,10
SHR_00045712,NPE_00045712,NPG_00019,NPU_00038,percentage,3,settled,12
SHR_00045713,NPE_00045713,NPG_00021,NPU_00080,equal,7,settled,6
SHR_00045714,NPE_00045714,NPG_00028,NPU_00050,equal,4,settled,11
SHR_00045715,NPE_00045715,NPG_00030,NPU_00060,custom,8,settled,12
SHR_00045787,NPE_00045787,NPG_00004,NPU_00071,equal,8,settled,6
SHR_00045788,NPE_00045788,NPG_00008,NPU_00051,equal,6,settled,3
SHR_00045789,NPE_00045789,NPG_00009,NPU_00028,equal,2,settled,1
SHR_00045790,NPE_00045790,NPG_00013,NPU_00003,custom,3,settled,9
SHR_00045791,NPE_00045791,NPG_00017,NPU_00067,equal,7,settled,5
SHR_00045792,NPE_00045792,NPG_00021,NPU_00019,equal,7,settled,0
SHR_00045793,NPE_00045793,NPG_00030,NPU_00063,custom,8,settled,10
SHR_00045867,NPE_00045867,NPG_00002,NPU_00060,equal,8,settled,12
SHR_00045868,NPE_00045868,NPG_00004,NPU_00058,equal,8,settled,6
SHR_00045869,NPE_00045869,NPG_00014,NPU_00067,equal,4,settled,3
SHR_00045870,NPE_00045870,NPG_00019,NPU_00038,percentage,3,settled,10
SHR_00045871,NPE_00045871,NPG_00023,NPU_00058,equal,3,settled,12
SHR_00045872,NPE_00045872,NPG_00028,NPU_00050,equal,4,settled,9
SHR_00045950,NPE_00045950,NPG_00013,NPU_00066,custom,3,settled,17
SHR_00045951,NPE_00045951,NPG_00014,NPU_00067,equal,4,settled,2
SHR_00045952,NPE_00045952,NPG_00015,NPU_00047,equal,5,settled,5
SHR_00045953,NPE_00045953,NPG_00016,NPU_00047,equal,4,settled,5
SHR_00045954,NPE_00045954,NPG_00018,NPU_00029,custom,4,settled,6
SHR_00045955,NPE_00045955,NPG_00019,NPU_00021,percentage,3,settled,3
SHR_00045956,NPE_00045956,NPG_00024,NPU_00078,equal,2,settled,0
SHR_00046042,NPE_00046042,NPG_00010,NPU_00019,equal,2,settled,2
SHR_00046043,NPE_00046043,NPG_00017,NPU_00042,equal,7,settled,14
SHR_00046160,NPE_00046160,NPG_00002,NPU_00005,equal,8,settled,4
SHR_00046161,NPE_00046161,NPG_00008,NPU_00028,equal,6,settled,0
SHR_00046162,NPE_00046162,NPG_00011,NPU_00059,equal,6,settled,1
SHR_00046163,NPE_00046163,NPG_00016,NPU_00075,equal,4,settled,13
SHR_00046164,NPE_00046164,NPG_00025,NPU_00020,equal,10,settled,4
SHR_00046257,NPE_00046257,NPG_00009,NPU_00028,equal,2,settled,2
SHR_00046258,NPE_00046258,NPG_00021,NPU_00080,equal,7,settled,13
SHR_00046259,NPE_00046259,NPG_00025,NPU_00002,equal,10,settled,11
SHR_00046324,NPE_00046324,NPG_00002,NPU_00067,equal,8,settled,5
SHR_00046325,NPE_00046325,NPG_00006,NPU_00029,equal,4,settled,1
SHR_00046326,NPE_00046326,NPG_00013,NPU_00066,custom,3,settled,8
SHR_00046327,NPE_00046327,NPG_00019,NPU_00038,percentage,3,settled,15
SHR_00046328,NPE_00046328,NPG_00028,NPU_00050,equal,4,settled,5
SHR_00046401,NPE_00046401,NPG_00010,NPU_00019,equal,2,settled,6
SHR_00046402,NPE_00046402,NPG_00021,NPU_00080,equal,7,settled,1
SHR_00046403,NPE_00046403,NPG_00023,NPU_00040,equal,3,settled,1
SHR_00046404,NPE_00046404,NPG_00026,NPU_00049,equal,6,settled,5
SHR_00046513,NPE_00046513,NPG_00012,NPU_00070,equal,3,settled,13
SHR_00046514,NPE_00046514,NPG_00013,NPU_00003,custom,3,settled,9
SHR_00046515,NPE_00046515,NPG_00020,NPU_00040,percentage,5,settled,11
SHR_00046516,NPE_00046516,NPG_00024,NPU_00058,equal,2,settled,5
SHR_00046602,NPE_00046602,NPG_00015,NPU_00071,equal,5,settled,12
SHR_00046603,NPE_00046603,NPG_00016,NPU_00035,equal,4,settled,1
SHR_00046604,NPE_00046604,NPG_00023,NPU_00058,equal,3,settled,7
SHR_00046605,NPE_00046605,NPG_00024,NPU_00078,equal,2,settled,3
SHR_00046706,NPE_00046706,NPG_00004,NPU_00001,equal,8,settled,5
SHR_00046707,NPE_00046707,NPG_00008,NPU_00051,equal,6,settled,8
SHR_00046708,NPE_00046708,NPG_00010,NPU_00019,equal,2,settled,6
SHR_00046709,NPE_00046709,NPG_00016,NPU_00035,equal,4,settled,11
SHR_00046710,NPE_00046710,NPG_00024,NPU_00058,equal,2,settled,9
SHR_00046711,NPE_00046711,NPG_00028,NPU_00058,equal,4,settled,7
SHR_00046825,NPE_00046825,NPG_00002,NPU_00032,equal,8,settled,11
SHR_00046826,NPE_00046826,NPG_00010,NPU_00019,equal,2,settled,0
SHR_00046827,NPE_00046827,NPG_00015,NPU_00047,equal,5,settled,17
SHR_00046828,NPE_00046828,NPG_00017,NPU_00003,equal,7,settled,10
SHR_00046829,NPE_00046829,NPG_00028,NPU_00058,equal,4,settled,0
SHR_00046830,NPE_00046830,NPG_00030,NPU_00021,custom,8,settled,18
SHR_00046959,NPE_00046959,NPG_00002,NPU_00063,equal,8,settled,4
SHR_00046960,NPE_00046960,NPG_00003,NPU_00034,custom,3,settled,14
SHR_00046961,NPE_00046961,NPG_00004,NPU_00075,equal,8,settled,5
SHR_00046962,NPE_00046962,NPG_00005,NPU_00066,equal,4,settled,11
SHR_00046963,NPE_00046963,NPG_00008,NPU_00051,equal,6,settled,5
SHR_00046964,NPE_00046964,NPG_00009,NPU_00028,equal,2,settled,6
SHR_00046965,NPE_00046965,NPG_00013,NPU_00003,custom,3,settled,9
SHR_00046966,NPE_00046966,NPG_00015,NPU_00047,equal,5,settled,3
SHR_00046967,NPE_00046967,NPG_00016,NPU_00047,equal,4,settled,4
SHR_00046968,NPE_00046968,NPG_00019,NPU_00059,percentage,3,settled,0
SHR_00046969,NPE_00046969,NPG_00028,NPU_00027,equal,4,settled,15
SHR_00047046,NPE_00047046,NPG_00006,NPU_00047,equal,4,settled,9
SHR_00047047,NPE_00047047,NPG_00009,NPU_00028,equal,2,settled,5
SHR_00047048,NPE_00047048,NPG_00014,NPU_00028,equal,4,settled,6
SHR_00047049,NPE_00047049,NPG_00015,NPU_00054,equal,5,settled,11
SHR_00047050,NPE_00047050,NPG_00023,NPU_00040,equal,3,settled,0
SHR_00047119,NPE_00047119,NPG_00002,NPU_00060,equal,8,settled,9
SHR_00047120,NPE_00047120,NPG_00005,NPU_00046,equal,4,settled,0
SHR_00047121,NPE_00047121,NPG_00007,NPU_00072,equal,10,settled,7
SHR_00047122,NPE_00047122,NPG_00008,NPU_00055,equal,6,settled,13
SHR_00047123,NPE_00047123,NPG_00010,NPU_00041,equal,2,settled,5
SHR_00047124,NPE_00047124,NPG_00018,NPU_00029,custom,4,settled,5
SHR_00047125,NPE_00047125,NPG_00024,NPU_00078,equal,2,settled,7
SHR_00047126,NPE_00047126,NPG_00028,NPU_00008,equal,4,settled,9
SHR_00047264,NPE_00047264,NPG_00001,NPU_00022,custom,3,settled,3
SHR_00047265,NPE_00047265,NPG_00004,NPU_00073,equal,8,settled,11
SHR_00047266,NPE_00047266,NPG_00019,NPU_00059,percentage,3,settled,13
SHR_00047267,NPE_00047267,NPG_00021,NPU_00007,equal,7,settled,5
SHR_00047268,NPE_00047268,NPG_00028,NPU_00050,equal,4,settled,1
SHR_00047359,NPE_00047359,NPG_00006,NPU_00019,equal,4,settled,10
SHR_00047360,NPE_00047360,NPG_00009,NPU_00028,equal,2,settled,5
SHR_00047361,NPE_00047361,NPG_00014,NPU_00007,equal,4,settled,2
SHR_00047362,NPE_00047362,NPG_00019,NPU_00038,percentage,3,settled,14
SHR_00047363,NPE_00047363,NPG_00020,NPU_00059,percentage,5,settled,5
SHR_00047364,NPE_00047364,NPG_00023,NPU_00001,equal,3,settled,12
SHR_00047365,NPE_00047365,NPG_00028,NPU_00058,equal,4,settled,13
SHR_00047449,NPE_00047449,NPG_00019,NPU_00038,percentage,3,settled,14
SHR_00047450,NPE_00047450,NPG_00021,NPU_00080,equal,7,settled,4
SHR_00047451,NPE_00047451,NPG_00030,NPU_00063,custom,8,settled,13
SHR_00047551,NPE_00047551,NPG_00006,NPU_00019,equal,4,settled,0
SHR_00047552,NPE_00047552,NPG_00008,NPU_00055,equal,6,settled,5
SHR_00047553,NPE_00047553,NPG_00009,NPU_00012,equal,2,settled,7
SHR_00047554,NPE_00047554,NPG_00010,NPU_00019,equal,2,settled,12
SHR_00047555,NPE_00047555,NPG_00011,NPU_00040,equal,6,settled,18
SHR_00047556,NPE_00047556,NPG_00016,NPU_00047,equal,4,settled,18
SHR_00047557,NPE_00047557,NPG_00017,NPU_00071,equal,7,settled,16
SHR_00047558,NPE_00047558,NPG_00020,NPU_00056,percentage,5,settled,10
SHR_00047559,NPE_00047559,NPG_00024,NPU_00058,equal,2,settled,0
SHR_00047560,NPE_00047560,NPG_00026,NPU_00005,equal,6,settled,13
SHR_00047721,NPE_00047721,NPG_00006,NPU_00019,equal,4,settled,6
SHR_00047722,NPE_00047722,NPG_00007,NPU_00003,equal,10,settled,8
SHR_00047723,NPE_00047723,NPG_00013,NPU_00003,custom,3,settled,8
SHR_00047724,NPE_00047724,NPG_00016,NPU_00073,equal,4,settled,1
SHR_00047725,NPE_00047725,NPG_00024,NPU_00078,equal,2,settled,8
SHR_00047818,NPE_00047818,NPG_00002,NPU_00046,equal,8,settled,3
SHR_00047819,NPE_00047819,NPG_00004,NPU_00058,equal,8,pending,22
SHR_00047820,NPE_00047820,NPG_00008,NPU_00017,equal,6,settled,8
SHR_00047821,NPE_00047821,NPG_00009,NPU_00028,equal,2,settled,12
SHR_00047822,NPE_00047822,NPG_00014,NPU_00007,equal,4,settled,4
SHR_00047823,NPE_00047823,NPG_00026,NPU_00049,equal,6,settled,11
SHR_00047909,NPE_00047909,NPG_00005,NPU_00013,equal,4,settled,8
SHR_00047910,NPE_00047910,NPG_00006,NPU_00029,equal,4,settled,0
SHR_00047911,NPE_00047911,NPG_00013,NPU_00003,custom,3,settled,7
SHR_00047912,NPE_00047912,NPG_00021,NPU_00008,equal,7,settled,7
SHR_00047982,NPE_00047982,NPG_00008,NPU_00060,equal,6,settled,4
SHR_00047983,NPE_00047983,NPG_00013,NPU_00003,custom,3,settled,16
SHR_00047984,NPE_00047984,NPG_00024,NPU_00058,equal,2,settled,8
SHR_00048066,NPE_00048066,NPG_00006,NPU_00054,equal,4,settled,3
SHR_00048067,NPE_00048067,NPG_00010,NPU_00041,equal,2,settled,9
SHR_00048068,NPE_00048068,NPG_00017,NPU_00023,equal,7,settled,9
SHR_00048069,NPE_00048069,NPG_00019,NPU_00038,percentage,3,settled,15
SHR_00048070,NPE_00048070,NPG_00024,NPU_00058,equal,2,settled,13
SHR_00048146,NPE_00048146,NPG_00004,NPU_00071,equal,8,settled,12
SHR_00048147,NPE_00048147,NPG_00011,NPU_00004,equal,6,settled,9
SHR_00048148,NPE_00048148,NPG_00018,NPU_00029,custom,4,settled,13
SHR_00048149,NPE_00048149,NPG_00021,NPU_00032,equal,7,settled,0
SHR_00048150,NPE_00048150,NPG_00029,NPU_00047,equal,4,settled,0
SHR_00048151,NPE_00048151,NPG_00030,NPU_00074,custom,8,settled,12
SHR_00048281,NPE_00048281,NPG_00006,NPU_00029,equal,4,settled,9
SHR_00048282,NPE_00048282,NPG_00007,NPU_00055,equal,10,settled,12
SHR_00048283,NPE_00048283,NPG_00008,NPU_00051,equal,6,settled,13
SHR_00048284,NPE_00048284,NPG_00016,NPU_00073,equal,4,settled,0
SHR_00048285,NPE_00048285,NPG_00020,NPU_00052,percentage,5,settled,12
SHR_00048286,NPE_00048286,NPG_00023,NPU_00040,equal,3,settled,0
SHR_00048287,NPE_00048287,NPG_00027,NPU_00005,custom,3,settled,15
SHR_00048388,NPE_00048388,NPG_00002,NPU_00005,equal,8,settled,16
SHR_00048389,NPE_00048389,NPG_00004,NPU_00058,equal,8,settled,12
SHR_00048390,NPE_00048390,NPG_00005,NPU_00026,equal,4,settled,2
SHR_00048391,NPE_00048391,NPG_00021,NPU_00021,equal,7,settled,6
SHR_00048476,NPE_00048476,NPG_00002,NPU_00063,equal,8,settled,0
SHR_00048477,NPE_00048477,NPG_00012,NPU_00020,equal,3,settled,5
SHR_00048478,NPE_00048478,NPG_00016,NPU_00075,equal,4,settled,9
SHR_00048479,NPE_00048479,NPG_00028,NPU_00008,equal,4,settled,0
SHR_00048558,NPE_00048558,NPG_00004,NPU_00075,equal,8,settled,3
SHR_00048559,NPE_00048559,NPG_00006,NPU_00047,equal,4,settled,10
SHR_00048560,NPE_00048560,NPG_00013,NPU_00077,custom,3,settled,12
SHR_00048561,NPE_00048561,NPG_00014,NPU_00067,equal,4,settled,10
SHR_00048562,NPE_00048562,NPG_00016,NPU_00075,equal,4,settled,4
SHR_00048563,NPE_00048563,NPG_00019,NPU_00021,percentage,3,settled,19
SHR_00048564,NPE_00048564,NPG_00024,NPU_00078,equal,2,settled,4
SHR_00048565,NPE_00048565,NPG_00026,NPU_00005,equal,6,settled,6
SHR_00048566,NPE_00048566,NPG_00028,NPU_00008,equal,4,settled,4
SHR_00048638,NPE_00048638,NPG_00019,NPU_00059,percentage,3,settled,1
SHR_00048639,NPE_00048639,NPG_00028,NPU_00058,equal,4,settled,3
SHR_00048640,NPE_00048640,NPG_00029,NPU_00053,equal,4,settled,12
SHR_00048725,NPE_00048725,NPG_00010,NPU_00019,equal,2,settled,0
SHR_00048726,NPE_00048726,NPG_00023,NPU_00040,equal,3,settled,7
SHR_00048727,NPE_00048727,NPG_00024,NPU_00078,equal,2,settled,0
SHR_00048728,NPE_00048728,NPG_00027,NPU_00031,custom,3,settled,11
SHR_00048813,NPE_00048813,NPG_00004,NPU_00001,equal,8,settled,8
SHR_00048814,NPE_00048814,NPG_00028,NPU_00027,equal,4,settled,2
SHR_00048916,NPE_00048916,NPG_00002,NPU_00060,equal,8,settled,8
SHR_00048917,NPE_00048917,NPG_00005,NPU_00013,equal,4,settled,6
SHR_00048918,NPE_00048918,NPG_00007,NPU_00020,equal,10,settled,16
SHR_00048919,NPE_00048919,NPG_00009,NPU_00012,equal,2,settled,20
SHR_00048920,NPE_00048920,NPG_00014,NPU_00028,equal,4,settled,10
SHR_00048921,NPE_00048921,NPG_00016,NPU_00035,equal,4,settled,15
SHR_00048922,NPE_00048922,NPG_00022,NPU_00009,equal,2,settled,2
SHR_00048923,NPE_00048923,NPG_00024,NPU_00078,equal,2,settled,10
SHR_00048924,NPE_00048924,NPG_00029,NPU_00024,equal,4,settled,9
SHR_00049031,NPE_00049031,NPG_00009,NPU_00012,equal,2,settled,1
SHR_00049032,NPE_00049032,NPG_00010,NPU_00019,equal,2,settled,10
SHR_00049033,NPE_00049033,NPG_00014,NPU_00067,equal,4,settled,19
SHR_00049034,NPE_00049034,NPG_00023,NPU_00058,equal,3,settled,4
SHR_00049035,NPE_00049035,NPG_00024,NPU_00078,equal,2,settled,9
SHR_00049036,NPE_00049036,NPG_00026,NPU_00047,equal,6,settled,0
SHR_00049037,NPE_00049037,NPG_00028,NPU_00027,equal,4,settled,10
SHR_00049038,NPE_00049038,NPG_00030,NPU_00021,custom,8,settled,8
SHR_00049102,NPE_00049102,NPG_00014,NPU_00019,equal,4,settled,12
SHR_00049103,NPE_00049103,NPG_00017,NPU_00052,equal,7,settled,6
SHR_00049104,NPE_00049104,NPG_00029,NPU_00047,equal,4,settled,10
SHR_00049192,NPE_00049192,NPG_00004,NPU_00071,equal,8,settled,10
SHR_00049193,NPE_00049193,NPG_00005,NPU_00013,equal,4,settled,2
SHR_00049194,NPE_00049194,NPG_00007,NPU_00071,equal,10,settled,5
SHR_00049195,NPE_00049195,NPG_00030,NPU_00043,custom,8,settled,11
SHR_00049288,NPE_00049288,NPG_00002,NPU_00063,equal,8,settled,5
SHR_00049289,NPE_00049289,NPG_00006,NPU_00019,equal,4,settled,6
SHR_00049290,NPE_00049290,NPG_00020,NPU_00040,percentage,5,settled,8
SHR_00049291,NPE_00049291,NPG_00024,NPU_00058,equal,2,settled,17
SHR_00049358,NPE_00049358,NPG_00023,NPU_00001,equal,3,settled,0
SHR_00049359,NPE_00049359,NPG_00028,NPU_00008,equal,4,settled,3
SHR_00049442,NPE_00049442,NPG_00002,NPU_00060,equal,8,settled,14
SHR_00049443,NPE_00049443,NPG_00004,NPU_00058,equal,8,settled,12
SHR_00049444,NPE_00049444,NPG_00014,NPU_00067,equal,4,settled,18
SHR_00049445,NPE_00049445,NPG_00016,NPU_00047,equal,4,settled,2
SHR_00049446,NPE_00049446,NPG_00019,NPU_00021,percentage,3,settled,4
SHR_00049447,NPE_00049447,NPG_00023,NPU_00058,equal,3,settled,8
SHR_00049609,NPE_00049609,NPG_00005,NPU_00066,equal,4,settled,5
SHR_00049610,NPE_00049610,NPG_00008,NPU_00060,equal,6,settled,11
SHR_00049611,NPE_00049611,NPG_00015,NPU_00071,equal,5,settled,8
SHR_00049612,NPE_00049612,NPG_00023,NPU_00040,equal,3,settled,1
SHR_00049705,NPE_00049705,NPG_00002,NPU_00032,equal,8,settled,5
SHR_00049706,NPE_00049706,NPG_00003,NPU_00039,custom,3,settled,5
SHR_00049707,NPE_00049707,NPG_00004,NPU_00058,equal,8,settled,11
SHR_00049708,NPE_00049708,NPG_00007,NPU_00003,equal,10,settled,12
SHR_00049709,NPE_00049709,NPG_00016,NPU_00047,equal,4,settled,12
SHR_00049710,NPE_00049710,NPG_00017,NPU_00067,equal,7,settled,9
SHR_00049711,NPE_00049711,NPG_00020,NPU_00056,percentage,5,settled,17
SHR_00049712,NPE_00049712,NPG_00022,NPU_00049,equal,2,settled,7
SHR_00049713,NPE_00049713,NPG_00023,NPU_00040,equal,3,settled,3
SHR_00049795,NPE_00049795,NPG_00001,NPU_00022,custom,3,settled,7
SHR_00049796,NPE_00049796,NPG_00003,NPU_00039,custom,3,settled,4
SHR_00049797,NPE_00049797,NPG_00005,NPU_00066,equal,4,settled,10
SHR_00049798,NPE_00049798,NPG_00008,NPU_00055,equal,6,settled,6
SHR_00049799,NPE_00049799,NPG_00012,NPU_00020,equal,3,settled,12
SHR_00049800,NPE_00049800,NPG_00014,NPU_00067,equal,4,settled,4
SHR_00049801,NPE_00049801,NPG_00016,NPU_00075,equal,4,settled,3
SHR_00049802,NPE_00049802,NPG_00019,NPU_00021,percentage,3,settled,0
SHR_00049886,NPE_00049886,NPG_00002,NPU_00072,equal,8,pending,23
SHR_00049887,NPE_00049887,NPG_00021,NPU_00021,equal,7,settled,16
SHR_00049888,NPE_00049888,NPG_00024,NPU_00058,equal,2,settled,4
SHR_00049889,NPE_00049889,NPG_00028,NPU_00050,equal,4,settled,6
SHR_00049890,NPE_00049890,NPG_00029,NPU_00053,equal,4,settled,8
SHR_00050007,NPE_00050007,NPG_00002,NPU_00063,equal,8,settled,8
SHR_00050008,NPE_00050008,NPG_00004,NPU_00058,equal,8,settled,3
SHR_00050009,NPE_00050009,NPG_00023,NPU_00040,equal,3,settled,1
SHR_00050010,NPE_00050010,NPG_00030,NPU_00074,custom,8,settled,13
SHR_00050094,NPE_00050094,NPG_00005,NPU_00046,equal,4,settled,11
SHR_00050095,NPE_00050095,NPG_00009,NPU_00028,equal,2,settled,0
SHR_00050096,NPE_00050096,NPG_00010,NPU_00041,equal,2,settled,6
SHR_00050097,NPE_00050097,NPG_00014,NPU_00028,equal,4,settled,10
SHR_00050098,NPE_00050098,NPG_00017,NPU_00052,equal,7,settled,6
SHR_00050099,NPE_00050099,NPG_00020,NPU_00052,percentage,5,settled,17
SHR_00050100,NPE_00050100,NPG_00024,NPU_00078,equal,2,settled,9
SHR_00050170,NPE_00050170,NPG_00002,NPU_00032,equal,8,settled,8
SHR_00050171,NPE_00050171,NPG_00008,NPU_00069,equal,6,settled,6
SHR_00050172,NPE_00050172,NPG_00009,NPU_00012,equal,2,settled,2
SHR_00050173,NPE_00050173,NPG_00019,NPU_00059,percentage,3,settled,0
SHR_00050174,NPE_00050174,NPG_00021,NPU_00019,equal,7,settled,8
SHR_00050175,NPE_00050175,NPG_00025,NPU_00026,equal,10,settled,12
SHR_00050313,NPE_00050313,NPG_00003,NPU_00034,custom,3,settled,8
SHR_00050314,NPE_00050314,NPG_00019,NPU_00021,percentage,3,settled,5
SHR_00050315,NPE_00050315,NPG_00028,NPU_00050,equal,4,settled,10
SHR_00050316,NPE_00050316,NPG_00030,NPU_00021,custom,8,settled,4
SHR_00050394,NPE_00050394,NPG_00005,NPU_00046,equal,4,settled,17
SHR_00050395,NPE_00050395,NPG_00010,NPU_00019,equal,2,settled,7
SHR_00050396,NPE_00050396,NPG_00015,NPU_00054,equal,5,settled,6
SHR_00050397,NPE_00050397,NPG_00023,NPU_00001,equal,3,settled,10
SHR_00050398,NPE_00050398,NPG_00024,NPU_00058,equal,2,settled,0
SHR_00050399,NPE_00050399,NPG_00030,NPU_00045,custom,8,settled,11
SHR_00050476,NPE_00050476,NPG_00002,NPU_00005,equal,8,settled,6
SHR_00050477,NPE_00050477,NPG_00007,NPU_00067,equal,10,settled,18
SHR_00050478,NPE_00050478,NPG_00010,NPU_00019,equal,2,settled,10
SHR_00050479,NPE_00050479,NPG_00014,NPU_00067,equal,4,settled,7
SHR_00050480,NPE_00050480,NPG_00015,NPU_00047,equal,5,settled,3
SHR_00050481,NPE_00050481,NPG_00025,NPU_00022,equal,10,settled,10
SHR_00050482,NPE_00050482,NPG_00029,NPU_00058,equal,4,settled,16
SHR_00050483,NPE_00050483,NPG_00030,NPU_00028,custom,8,settled,9
SHR_00050563,NPE_00050563,NPG_00005,NPU_00066,equal,4,settled,8
SHR_00050564,NPE_00050564,NPG_00007,NPU_00067,equal,10,settled,10
SHR_00050565,NPE_00050565,NPG_00012,NPU_00020,equal,3,settled,0
SHR_00050566,NPE_00050566,NPG_00023,NPU_00058,equal,3,settled,15
SHR_00050567,NPE_00050567,NPG_00024,NPU_00078,equal,2,settled,4
SHR_00050568,NPE_00050568,NPG_00026,NPU_00005,equal,6,settled,17
SHR_00050713,NPE_00050713,NPG_00002,NPU_00072,equal,8,settled,10
SHR_00050714,NPE_00050714,NPG_00013,NPU_00066,custom,3,settled,12
SHR_00050715,NPE_00050715,NPG_00016,NPU_00035,equal,4,settled,6
SHR_00050716,NPE_00050716,NPG_00021,NPU_00008,equal,7,settled,2
SHR_00050798,NPE_00050798,NPG_00005,NPU_00013,equal,4,settled,3
SHR_00050799,NPE_00050799,NPG_00008,NPU_00028,equal,6,settled,6
SHR_00050800,NPE_00050800,NPG_00010,NPU_00041,equal,2,settled,3
SHR_00050801,NPE_00050801,NPG_00021,NPU_00008,equal,7,settled,10
SHR_00050802,NPE_00050802,NPG_00029,NPU_00024,equal,4,settled,12
SHR_00050867,NPE_00050867,NPG_00004,NPU_00058,equal,8,settled,14
SHR_00050868,NPE_00050868,NPG_00008,NPU_00051,equal,6,settled,7
SHR_00050869,NPE_00050869,NPG_00015,NPU_00047,equal,5,settled,6
SHR_00050991,NPE_00050991,NPG_00002,NPU_00060,equal,8,settled,5
SHR_00050992,NPE_00050992,NPG_00003,NPU_00034,custom,3,settled,5
SHR_00050993,NPE_00050993,NPG_00006,NPU_00029,equal,4,settled,10
SHR_00050994,NPE_00050994,NPG_00008,NPU_00060,equal,6,settled,6
SHR_00050995,NPE_00050995,NPG_00010,NPU_00041,equal,2,settled,15
SHR_00050996,NPE_00050996,NPG_00014,NPU_00067,equal,4,settled,2
SHR_00050997,NPE_00050997,NPG_00016,NPU_00075,equal,4,settled,0
SHR_00050998,NPE_00050998,NPG_00021,NPU_00080,equal,7,settled,8
SHR_00050999,NPE_00050999,NPG_00023,NPU_00001,equal,3,settled,2
SHR_00051000,NPE_00051000,NPG_00024,NPU_00078,equal,2,settled,5
SHR_00051001,NPE_00051001,NPG_00030,NPU_00063,custom,8,settled,10
SHR_00051102,NPE_00051102,NPG_00007,NPU_00003,equal,10,settled,3
SHR_00051103,NPE_00051103,NPG_00009,NPU_00012,equal,2,settled,7
SHR_00051104,NPE_00051104,NPG_00010,NPU_00019,equal,2,settled,6
SHR_00051105,NPE_00051105,NPG_00016,NPU_00075,equal,4,settled,0
SHR_00051106,NPE_00051106,NPG_00018,NPU_00002,custom,4,settled,14
SHR_00051107,NPE_00051107,NPG_00019,NPU_00059,percentage,3,settled,14
SHR_00051108,NPE_00051108,NPG_00026,NPU_00051,equal,6,settled,3
SHR_00051109,NPE_00051109,NPG_00028,NPU_00027,equal,4,settled,16
SHR_00051181,NPE_00051181,NPG_00008,NPU_00051,equal,6,settled,1
SHR_00051182,NPE_00051182,NPG_00013,NPU_00066,custom,3,settled,16
SHR_00051183,NPE_00051183,NPG_00015,NPU_00071,equal,5,settled,8
SHR_00051184,NPE_00051184,NPG_00020,NPU_00052,percentage,5,settled,15
SHR_00051185,NPE_00051185,NPG_00026,NPU_00051,equal,6,settled,8
SHR_00051310,NPE_00051310,NPG_00002,NPU_00054,equal,8,settled,4
SHR_00051311,NPE_00051311,NPG_00004,NPU_00075,equal,8,settled,4
SHR_00051312,NPE_00051312,NPG_00015,NPU_00012,equal,5,settled,5
SHR_00051313,NPE_00051313,NPG_00017,NPU_00054,equal,7,settled,4
SHR_00051314,NPE_00051314,NPG_00024,NPU_00078,equal,2,settled,4
SHR_00051381,NPE_00051381,NPG_00009,NPU_00012,equal,2,settled,7
SHR_00051382,NPE_00051382,NPG_00012,NPU_00070,equal,3,settled,9
SHR_00051383,NPE_00051383,NPG_00013,NPU_00003,custom,3,settled,10
SHR_00051384,NPE_00051384,NPG_00015,NPU_00054,equal,5,settled,1
SHR_00051385,NPE_00051385,NPG_00016,NPU_00035,equal,4,settled,3
SHR_00051386,NPE_00051386,NPG_00019,NPU_00021,percentage,3,settled,4
SHR_00051387,NPE_00051387,NPG_00021,NPU_00007,equal,7,settled,11
SHR_00051471,NPE_00051471,NPG_00006,NPU_00047,equal,4,settled,5
SHR_00051472,NPE_00051472,NPG_00008,NPU_00060,equal,6,settled,7
SHR_00051473,NPE_00051473,NPG_00019,NPU_00059,percentage,3,settled,4
SHR_00051474,NPE_00051474,NPG_00021,NPU_00080,equal,7,settled,10
SHR_00051475,NPE_00051475,NPG_00024,NPU_00058,equal,2,settled,5
SHR_00051476,NPE_00051476,NPG_00025,NPU_00044,equal,10,settled,15
SHR_00051557,NPE_00051557,NPG_00008,NPU_00028,equal,6,settled,12
SHR_00051558,NPE_00051558,NPG_00028,NPU_00027,equal,4,settled,3
SHR_00051559,NPE_00051559,NPG_00029,NPU_00058,equal,4,settled,9
SHR_00051643,NPE_00051643,NPG_00005,NPU_00066,equal,4,settled,13
SHR_00051644,NPE_00051644,NPG_00021,NPU_00032,equal,7,settled,13
SHR_00051645,NPE_00051645,NPG_00024,NPU_00078,equal,2,settled,6
SHR_00051646,NPE_00051646,NPG_00026,NPU_00070,equal,6,settled,11
SHR_00051647,NPE_00051647,NPG_00030,NPU_00028,custom,8,settled,20
SHR_00051745,NPE_00051745,NPG_00004,NPU_00075,equal,8,settled,5
SHR_00051746,NPE_00051746,NPG_00015,NPU_00054,equal,5,settled,12
SHR_00051747,NPE_00051747,NPG_00016,NPU_00075,equal,4,settled,12
SHR_00051748,NPE_00051748,NPG_00021,NPU_00068,equal,7,settled,8
SHR_00051749,NPE_00051749,NPG_00023,NPU_00058,equal,3,settled,6
SHR_00051750,NPE_00051750,NPG_00024,NPU_00078,equal,2,settled,9
SHR_00051751,NPE_00051751,NPG_00025,NPU_00044,equal,10,settled,13
SHR_00051752,NPE_00051752,NPG_00026,NPU_00052,equal,6,settled,6
SHR_00051753,NPE_00051753,NPG_00029,NPU_00047,equal,4,settled,4
SHR_00051754,NPE_00051754,NPG_00030,NPU_00063,custom,8,settled,5
SHR_00051829,NPE_00051829,NPG_00004,NPU_00075,equal,8,settled,12
SHR_00051830,NPE_00051830,NPG_00024,NPU_00058,equal,2,settled,15
SHR_00051831,NPE_00051831,NPG_00028,NPU_00050,equal,4,settled,12
SHR_00051900,NPE_00051900,NPG_00002,NPU_00032,equal,8,settled,17
SHR_00051901,NPE_00051901,NPG_00010,NPU_00041,equal,2,settled,5
SHR_00051902,NPE_00051902,NPG_00015,NPU_00071,equal,5,settled,12
SHR_00051903,NPE_00051903,NPG_00016,NPU_00073,equal,4,settled,12
SHR_00051904,NPE_00051904,NPG_00029,NPU_00047,equal,4,settled,7
SHR_00051979,NPE_00051979,NPG_00019,NPU_00059,percentage,3,settled,11
SHR_00051980,NPE_00051980,NPG_00021,NPU_00068,equal,7,settled,11
SHR_00052057,NPE_00052057,NPG_00002,NPU_00046,equal,8,settled,6
SHR_00052058,NPE_00052058,NPG_00004,NPU_00058,equal,8,settled,12
SHR_00052059,NPE_00052059,NPG_00009,NPU_00028,equal,2,settled,3
SHR_00052060,NPE_00052060,NPG_00010,NPU_00019,equal,2,settled,10
SHR_00052061,NPE_00052061,NPG_00014,NPU_00019,equal,4,settled,11
SHR_00052062,NPE_00052062,NPG_00017,NPU_00071,equal,7,settled,11
SHR_00052063,NPE_00052063,NPG_00019,NPU_00021,percentage,3,settled,3
SHR_00052064,NPE_00052064,NPG_00023,NPU_00040,equal,3,settled,8
SHR_00052065,NPE_00052065,NPG_00026,NPU_00005,equal,6,settled,10
SHR_00052131,NPE_00052131,NPG_00010,NPU_00041,equal,2,settled,4
SHR_00052132,NPE_00052132,NPG_00013,NPU_00066,custom,3,settled,4
SHR_00052133,NPE_00052133,NPG_00026,NPU_00051,equal,6,settled,10
SHR_00052233,NPE_00052233,NPG_00012,NPU_00070,equal,3,settled,6
SHR_00052234,NPE_00052234,NPG_00021,NPU_00019,equal,7,settled,4
SHR_00052235,NPE_00052235,NPG_00023,NPU_00040,equal,3,settled,6
SHR_00052236,NPE_00052236,NPG_00029,NPU_00047,equal,4,settled,2
SHR_00052237,NPE_00052237,NPG_00030,NPU_00060,custom,8,settled,7
SHR_00052353,NPE_00052353,NPG_00005,NPU_00013,equal,4,settled,6
SHR_00052354,NPE_00052354,NPG_00010,NPU_00041,equal,2,settled,16
SHR_00052355,NPE_00052355,NPG_00017,NPU_00054,equal,7,settled,9
SHR_00052356,NPE_00052356,NPG_00020,NPU_00056,percentage,5,settled,16
SHR_00052357,NPE_00052357,NPG_00021,NPU_00080,equal,7,settled,7
SHR_00052358,NPE_00052358,NPG_00024,NPU_00078,equal,2,settled,11
SHR_00052359,NPE_00052359,NPG_00025,NPU_00018,equal,10,settled,10
SHR_00052360,NPE_00052360,NPG_00029,NPU_00024,equal,4,settled,10
SHR_00052465,NPE_00052465,NPG_00021,NPU_00021,equal,7,settled,13
SHR_00052466,NPE_00052466,NPG_00027,NPU_00005,custom,3,settled,17
SHR_00052467,NPE_00052467,NPG_00029,NPU_00058,equal,4,settled,1
SHR_00052538,NPE_00052538,NPG_00003,NPU_00020,custom,3,settled,8
SHR_00052539,NPE_00052539,NPG_00025,NPU_00001,equal,10,settled,8
SHR_00052540,NPE_00052540,NPG_00030,NPU_00074,custom,8,settled,13
SHR_00052647,NPE_00052647,NPG_00006,NPU_00054,equal,4,settled,6
SHR_00052648,NPE_00052648,NPG_00008,NPU_00028,equal,6,settled,6
SHR_00052649,NPE_00052649,NPG_00010,NPU_00041,equal,2,settled,0
SHR_00052650,NPE_00052650,NPG_00016,NPU_00075,equal,4,settled,7
SHR_00052651,NPE_00052651,NPG_00021,NPU_00007,equal,7,settled,3
SHR_00052727,NPE_00052727,NPG_00009,NPU_00012,equal,2,settled,9
SHR_00052728,NPE_00052728,NPG_00010,NPU_00041,equal,2,settled,9
SHR_00052729,NPE_00052729,NPG_00013,NPU_00077,custom,3,settled,1
SHR_00052730,NPE_00052730,NPG_00016,NPU_00047,equal,4,settled,9
SHR_00052731,NPE_00052731,NPG_00021,NPU_00007,equal,7,settled,8
SHR_00052732,NPE_00052732,NPG_00022,NPU_00049,equal,2,settled,8
SHR_00052733,NPE_00052733,NPG_00025,NPU_00080,equal,10,settled,18
SHR_00052841,NPE_00052841,NPG_00006,NPU_00054,equal,4,settled,13
SHR_00052842,NPE_00052842,NPG_00010,NPU_00019,equal,2,settled,6
SHR_00052843,NPE_00052843,NPG_00015,NPU_00071,equal,5,settled,8
SHR_00052844,NPE_00052844,NPG_00016,NPU_00075,equal,4,settled,7
SHR_00052845,NPE_00052845,NPG_00019,NPU_00021,percentage,3,settled,11
SHR_00052846,NPE_00052846,NPG_00023,NPU_00040,equal,3,settled,5
SHR_00052847,NPE_00052847,NPG_00028,NPU_00050,equal,4,settled,7
SHR_00052950,NPE_00052950,NPG_00004,NPU_00056,equal,8,settled,10
SHR_00052951,NPE_00052951,NPG_00021,NPU_00068,equal,7,settled,13
SHR_00052952,NPE_00052952,NPG_00023,NPU_00040,equal,3,settled,0
SHR_00052953,NPE_00052953,NPG_00025,NPU_00080,equal,10,settled,19
SHR_00053034,NPE_00053034,NPG_00002,NPU_00067,equal,8,settled,13
SHR_00053035,NPE_00053035,NPG_00007,NPU_00054,equal,10,settled,9
SHR_00053036,NPE_00053036,NPG_00014,NPU_00019,equal,4,settled,5
SHR_00053037,NPE_00053037,NPG_00017,NPU_00042,equal,7,settled,4
SHR_00053038,NPE_00053038,NPG_00021,NPU_00021,equal,7,settled,3
SHR_00053178,NPE_00053178,NPG_00008,NPU_00055,equal,6,settled,4
SHR_00053179,NPE_00053179,NPG_00026,NPU_00070,equal,6,settled,9
SHR_00053264,NPE_00053264,NPG_00007,NPU_00004,equal,10,settled,12
SHR_00053265,NPE_00053265,NPG_00015,NPU_00012,equal,5,settled,5
SHR_00053352,NPE_00053352,NPG_00007,NPU_00055,equal,10,settled,10
SHR_00053353,NPE_00053353,NPG_00009,NPU_00012,equal,2,settled,16
SHR_00053354,NPE_00053354,NPG_00010,NPU_00019,equal,2,settled,14
SHR_00053355,NPE_00053355,NPG_00026,NPU_00005,equal,6,settled,13
SHR_00053421,NPE_00053421,NPG_00004,NPU_00071,equal,8,settled,14
SHR_00053422,NPE_00053422,NPG_00006,NPU_00047,equal,4,settled,4
SHR_00053423,NPE_00053423,NPG_00014,NPU_00028,equal,4,settled,0
SHR_00053424,NPE_00053424,NPG_00023,NPU_00058,equal,3,settled,2
SHR_00053425,NPE_00053425,NPG_00029,NPU_00047,equal,4,settled,2
SHR_00053426,NPE_00053426,NPG_00030,NPU_00043,custom,8,settled,14
SHR_00053560,NPE_00053560,NPG_00001,NPU_00079,custom,3,settled,8
SHR_00053561,NPE_00053561,NPG_00002,NPU_00067,equal,8,settled,10
SHR_00053562,NPE_00053562,NPG_00009,NPU_00028,equal,2,settled,6
SHR_00053563,NPE_00053563,NPG_00010,NPU_00019,equal,2,settled,2
SHR_00053564,NPE_00053564,NPG_00013,NPU_00003,custom,3,settled,6
SHR_00053565,NPE_00053565,NPG_00014,NPU_00067,equal,4,settled,9
SHR_00053566,NPE_00053566,NPG_00017,NPU_00042,equal,7,settled,9
SHR_00053567,NPE_00053567,NPG_00019,NPU_00059,percentage,3,settled,8
SHR_00053673,NPE_00053673,NPG_00007,NPU_00004,equal,10,settled,12
SHR_00053674,NPE_00053674,NPG_00012,NPU_00020,equal,3,settled,14
SHR_00053675,NPE_00053675,NPG_00014,NPU_00019,equal,4,settled,11
SHR_00053676,NPE_00053676,NPG_00015,NPU_00054,equal,5,settled,15
SHR_00053677,NPE_00053677,NPG_00023,NPU_00040,equal,3,settled,11
SHR_00053678,NPE_00053678,NPG_00028,NPU_00008,equal,4,settled,8
SHR_00053782,NPE_00053782,NPG_00005,NPU_00066,equal,4,settled,4
SHR_00053783,NPE_00053783,NPG_00022,NPU_00049,equal,2,settled,14
SHR_00053784,NPE_00053784,NPG_00028,NPU_00027,equal,4,settled,7
SHR_00053892,NPE_00053892,NPG_00009,NPU_00012,equal,2,settled,10
SHR_00053893,NPE_00053893,NPG_00010,NPU_00041,equal,2,settled,1
SHR_00053894,NPE_00053894,NPG_00026,NPU_00047,equal,6,settled,15
SHR_00053895,NPE_00053895,NPG_00028,NPU_00008,equal,4,settled,8
SHR_00053974,NPE_00053974,NPG_00009,NPU_00028,equal,2,settled,0
SHR_00053975,NPE_00053975,NPG_00019,NPU_00059,percentage,3,settled,6
SHR_00053976,NPE_00053976,NPG_00021,NPU_00032,equal,7,settled,18
SHR_00053977,NPE_00053977,NPG_00026,NPU_00070,equal,6,settled,3
SHR_00053978,NPE_00053978,NPG_00028,NPU_00027,equal,4,settled,5
SHR_00054051,NPE_00054051,NPG_00007,NPU_00004,equal,10,settled,4
SHR_00054052,NPE_00054052,NPG_00017,NPU_00003,equal,7,settled,2
SHR_00054053,NPE_00054053,NPG_00019,NPU_00021,percentage,3,settled,11
SHR_00054054,NPE_00054054,NPG_00021,NPU_00019,equal,7,settled,2
SHR_00054055,NPE_00054055,NPG_00025,NPU_00001,equal,10,settled,7
SHR_00054056,NPE_00054056,NPG_00029,NPU_00058,equal,4,settled,8
SHR_00054178,NPE_00054178,NPG_00002,NPU_00060,equal,8,settled,7
SHR_00054179,NPE_00054179,NPG_00006,NPU_00047,equal,4,settled,9
SHR_00054180,NPE_00054180,NPG_00008,NPU_00051,equal,6,settled,10
SHR_00054181,NPE_00054181,NPG_00024,NPU_00078,equal,2,settled,10
SHR_00054182,NPE_00054182,NPG_00029,NPU_00024,equal,4,settled,11
SHR_00054262,NPE_00054262,NPG_00004,NPU_00064,equal,8,settled,2
SHR_00054263,NPE_00054263,NPG_00013,NPU_00077,custom,3,settled,5
SHR_00054264,NPE_00054264,NPG_00014,NPU_00028,equal,4,settled,9
SHR_00054265,NPE_00054265,NPG_00016,NPU_00035,equal,4,settled,1
SHR_00054266,NPE_00054266,NPG_00017,NPU_00067,equal,7,settled,9
SHR_00054267,NPE_00054267,NPG_00019,NPU_00038,percentage,3,settled,16
SHR_00054268,NPE_00054268,NPG_00020,NPU_00056,percentage,5,settled,12
SHR_00054269,NPE_00054269,NPG_00028,NPU_00027,equal,4,settled,3
SHR_00054358,NPE_00054358,NPG_00002,NPU_00072,equal,8,settled,0
SHR_00054359,NPE_00054359,NPG_00006,NPU_00054,equal,4,settled,0
SHR_00054360,NPE_00054360,NPG_00009,NPU_00028,equal,2,settled,4
SHR_00054361,NPE_00054361,NPG_00014,NPU_00019,equal,4,settled,8
SHR_00054362,NPE_00054362,NPG_00015,NPU_00047,equal,5,settled,7
SHR_00054363,NPE_00054363,NPG_00016,NPU_00035,equal,4,settled,8
SHR_00054364,NPE_00054364,NPG_00020,NPU_00056,percentage,5,settled,5
SHR_00054365,NPE_00054365,NPG_00021,NPU_00019,equal,7,settled,0
SHR_00054366,NPE_00054366,NPG_00023,NPU_00040,equal,3,settled,4
SHR_00054367,NPE_00054367,NPG_00029,NPU_00053,equal,4,settled,4
SHR_00054465,NPE_00054465,NPG_00008,NPU_00060,equal,6,settled,6
SHR_00054466,NPE_00054466,NPG_00013,NPU_00003,custom,3,settled,2
SHR_00054467,NPE_00054467,NPG_00023,NPU_00058,equal,3,settled,3
SHR_00054544,NPE_00054544,NPG_00013,NPU_00003,custom,3,settled,6
SHR_00054545,NPE_00054545,NPG_00016,NPU_00075,equal,4,settled,7
SHR_00054546,NPE_00054546,NPG_00018,NPU_00002,custom,4,settled,10
SHR_00054547,NPE_00054547,NPG_00019,NPU_00021,percentage,3,settled,14
SHR_00054548,NPE_00054548,NPG_00021,NPU_00068,equal,7,settled,3
SHR_00054549,NPE_00054549,NPG_00022,NPU_00049,equal,2,settled,8
SHR_00054550,NPE_00054550,NPG_00028,NPU_00050,equal,4,settled,9
SHR_00054551,NPE_00054551,NPG_00029,NPU_00047,equal,4,settled,5
SHR_00054609,NPE_00054609,NPG_00006,NPU_00019,equal,4,settled,10
SHR_00054610,NPE_00054610,NPG_00013,NPU_00066,custom,3,settled,10
SHR_00054611,NPE_00054611,NPG_00019,NPU_00038,percentage,3,settled,3
SHR_00054612,NPE_00054612,NPG_00021,NPU_00021,equal,7,settled,12
SHR_00054613,NPE_00054613,NPG_00029,NPU_00058,equal,4,settled,8
SHR_00054688,NPE_00054688,NPG_00010,NPU_00019,equal,2,settled,9
SHR_00054689,NPE_00054689,NPG_00016,NPU_00075,equal,4,settled,11
SHR_00054690,NPE_00054690,NPG_00017,NPU_00054,equal,7,settled,5
SHR_00054755,NPE_00054755,NPG_00002,NPU_00054,equal,8,settled,11
SHR_00054756,NPE_00054756,NPG_00004,NPU_00073,equal,8,settled,9
SHR_00054757,NPE_00054757,NPG_00005,NPU_00013,equal,4,settled,8
SHR_00054758,NPE_00054758,NPG_00009,NPU_00012,equal,2,settled,8
SHR_00054759,NPE_00054759,NPG_00015,NPU_00047,equal,5,settled,13
SHR_00054760,NPE_00054760,NPG_00019,NPU_00038,percentage,3,settled,1
SHR_00054761,NPE_00054761,NPG_00020,NPU_00040,percentage,5,settled,9
SHR_00054762,NPE_00054762,NPG_00028,NPU_00058,equal,4,settled,15
SHR_00054822,NPE_00054822,NPG_00002,NPU_00054,equal,8,settled,3
SHR_00054823,NPE_00054823,NPG_00004,NPU_00056,equal,8,settled,0
SHR_00054824,NPE_00054824,NPG_00007,NPU_00072,equal,10,settled,12
SHR_00054825,NPE_00054825,NPG_00015,NPU_00065,equal,5,settled,4
SHR_00054826,NPE_00054826,NPG_00017,NPU_00071,equal,7,settled,10
SHR_00054827,NPE_00054827,NPG_00025,NPU_00002,equal,10,settled,6
SHR_00054828,NPE_00054828,NPG_00028,NPU_00058,equal,4,settled,8
SHR_00054829,NPE_00054829,NPG_00030,NPU_00063,custom,8,settled,0
SHR_00054920,NPE_00054920,NPG_00004,NPU_00001,equal,8,settled,0
SHR_00054921,NPE_00054921,NPG_00010,NPU_00019,equal,2,settled,14
SHR_00054922,NPE_00054922,NPG_00013,NPU_00077,custom,3,settled,2
SHR_00054923,NPE_00054923,NPG_00019,NPU_00038,percentage,3,settled,1
SHR_00054924,NPE_00054924,NPG_00023,NPU_00040,equal,3,settled,10
SHR_00054925,NPE_00054925,NPG_00024,NPU_00078,equal,2,settled,6
SHR_00054926,NPE_00054926,NPG_00025,NPU_00022,equal,10,settled,9
SHR_00055028,NPE_00055028,NPG_00003,NPU_00034,custom,3,settled,9
SHR_00055029,NPE_00055029,NPG_00005,NPU_00066,equal,4,settled,6
SHR_00055030,NPE_00055030,NPG_00008,NPU_00051,equal,6,settled,10
SHR_00055031,NPE_00055031,NPG_00027,NPU_00005,custom,3,settled,3
SHR_00055103,NPE_00055103,NPG_00013,NPU_00077,custom,3,settled,11
SHR_00055104,NPE_00055104,NPG_00014,NPU_00007,equal,4,settled,0
SHR_00055105,NPE_00055105,NPG_00015,NPU_00047,equal,5,settled,20
SHR_00055106,NPE_00055106,NPG_00016,NPU_00047,equal,4,settled,10
SHR_00055183,NPE_00055183,NPG_00002,NPU_00072,equal,8,settled,5
SHR_00055184,NPE_00055184,NPG_00007,NPU_00003,equal,10,settled,10
SHR_00055185,NPE_00055185,NPG_00012,NPU_00020,equal,3,settled,9
SHR_00055186,NPE_00055186,NPG_00013,NPU_00066,custom,3,settled,11
SHR_00055187,NPE_00055187,NPG_00017,NPU_00067,equal,7,settled,14
SHR_00055188,NPE_00055188,NPG_00020,NPU_00052,percentage,5,settled,10
SHR_00055279,NPE_00055279,NPG_00002,NPU_00060,equal,8,settled,14
SHR_00055280,NPE_00055280,NPG_00006,NPU_00029,equal,4,settled,3
SHR_00055281,NPE_00055281,NPG_00007,NPU_00071,equal,10,settled,10
SHR_00055282,NPE_00055282,NPG_00009,NPU_00012,equal,2,settled,6
SHR_00055283,NPE_00055283,NPG_00010,NPU_00019,equal,2,settled,0
SHR_00055284,NPE_00055284,NPG_00016,NPU_00035,equal,4,settled,0
SHR_00055285,NPE_00055285,NPG_00026,NPU_00047,equal,6,settled,7
SHR_00055388,NPE_00055388,NPG_00026,NPU_00051,equal,6,settled,0
SHR_00055472,NPE_00055472,NPG_00003,NPU_00034,custom,3,settled,6
SHR_00055473,NPE_00055473,NPG_00007,NPU_00020,equal,10,settled,0
SHR_00055474,NPE_00055474,NPG_00020,NPU_00056,percentage,5,settled,9
SHR_00055475,NPE_00055475,NPG_00023,NPU_00040,equal,3,settled,10
SHR_00055582,NPE_00055582,NPG_00003,NPU_00034,custom,3,settled,8
SHR_00055583,NPE_00055583,NPG_00005,NPU_00066,equal,4,settled,0
SHR_00055584,NPE_00055584,NPG_00007,NPU_00003,equal,10,settled,10
SHR_00055585,NPE_00055585,NPG_00015,NPU_00012,equal,5,settled,13
SHR_00055586,NPE_00055586,NPG_00021,NPU_00068,equal,7,settled,0
SHR_00055587,NPE_00055587,NPG_00029,NPU_00024,equal,4,settled,7
SHR_00055675,NPE_00055675,NPG_00004,NPU_00073,equal,8,settled,11
SHR_00055676,NPE_00055676,NPG_00010,NPU_00041,equal,2,settled,4
SHR_00055677,NPE_00055677,NPG_00016,NPU_00075,equal,4,settled,9
SHR_00055678,NPE_00055678,NPG_00023,NPU_00040,equal,3,settled,4
SHR_00055679,NPE_00055679,NPG_00024,NPU_00058,equal,2,settled,8
SHR_00055680,NPE_00055680,NPG_00028,NPU_00050,equal,4,settled,7
SHR_00055794,NPE_00055794,NPG_00002,NPU_00063,equal,8,settled,13
SHR_00055795,NPE_00055795,NPG_00004,NPU_00059,equal,8,settled,11
SHR_00055796,NPE_00055796,NPG_00009,NPU_00012,equal,2,settled,14
SHR_00055797,NPE_00055797,NPG_00013,NPU_00066,custom,3,settled,13
SHR_00055798,NPE_00055798,NPG_00014,NPU_00028,equal,4,settled,9
SHR_00055799,NPE_00055799,NPG_00017,NPU_00042,equal,7,settled,16
SHR_00055800,NPE_00055800,NPG_00020,NPU_00040,percentage,5,settled,12
SHR_00055801,NPE_00055801,NPG_00021,NPU_00068,equal,7,settled,6
SHR_00055877,NPE_00055877,NPG_00004,NPU_00059,equal,8,settled,8
SHR_00055878,NPE_00055878,NPG_00008,NPU_00060,equal,6,settled,13
SHR_00055879,NPE_00055879,NPG_00010,NPU_00041,equal,2,settled,16
SHR_00055880,NPE_00055880,NPG_00013,NPU_00077,custom,3,settled,10
SHR_00055881,NPE_00055881,NPG_00015,NPU_00065,equal,5,settled,1
SHR_00055882,NPE_00055882,NPG_00019,NPU_00021,percentage,3,settled,9
SHR_00055883,NPE_00055883,NPG_00023,NPU_00058,equal,3,settled,2
SHR_00055884,NPE_00055884,NPG_00024,NPU_00078,equal,2,settled,0
SHR_00055885,NPE_00055885,NPG_00028,NPU_00008,equal,4,settled,2
SHR_00055886,NPE_00055886,NPG_00030,NPU_00074,custom,8,settled,7
SHR_00055953,NPE_00055953,NPG_00007,NPU_00020,equal,10,settled,7
SHR_00055954,NPE_00055954,NPG_00010,NPU_00019,equal,2,settled,8
SHR_00055955,NPE_00055955,NPG_00013,NPU_00077,custom,3,settled,11
SHR_00055956,NPE_00055956,NPG_00015,NPU_00047,equal,5,settled,4
SHR_00055957,NPE_00055957,NPG_00030,NPU_00074,custom,8,settled,10
SHR_00056103,NPE_00056103,NPG_00002,NPU_00054,equal,8,settled,9
SHR_00056104,NPE_00056104,NPG_00006,NPU_00029,equal,4,settled,7
SHR_00056105,NPE_00056105,NPG_00008,NPU_00069,equal,6,settled,5
SHR_00056106,NPE_00056106,NPG_00015,NPU_00047,equal,5,settled,9
SHR_00056107,NPE_00056107,NPG_00016,NPU_00075,equal,4,settled,0
SHR_00056108,NPE_00056108,NPG_00025,NPU_00044,equal,10,settled,10
SHR_00056187,NPE_00056187,NPG_00006,NPU_00029,equal,4,settled,5
SHR_00056188,NPE_00056188,NPG_00009,NPU_00028,equal,2,settled,16
SHR_00056189,NPE_00056189,NPG_00010,NPU_00019,equal,2,settled,5
SHR_00056190,NPE_00056190,NPG_00013,NPU_00077,custom,3,settled,6
SHR_00056191,NPE_00056191,NPG_00024,NPU_00078,equal,2,settled,8
SHR_00056192,NPE_00056192,NPG_00030,NPU_00060,custom,8,settled,0
SHR_00056275,NPE_00056275,NPG_00005,NPU_00046,equal,4,settled,9
SHR_00056276,NPE_00056276,NPG_00006,NPU_00029,equal,4,settled,7
SHR_00056277,NPE_00056277,NPG_00009,NPU_00028,equal,2,settled,8
SHR_00056278,NPE_00056278,NPG_00010,NPU_00041,equal,2,settled,0
SHR_00056279,NPE_00056279,NPG_00015,NPU_00065,equal,5,settled,0
SHR_00056280,NPE_00056280,NPG_00025,NPU_00022,equal,10,settled,6
SHR_00056281,NPE_00056281,NPG_00026,NPU_00049,equal,6,settled,13
SHR_00056282,NPE_00056282,NPG_00028,NPU_00058,equal,4,settled,6
SHR_00056379,NPE_00056379,NPG_00006,NPU_00047,equal,4,settled,2
SHR_00056380,NPE_00056380,NPG_00019,NPU_00059,percentage,3,settled,12
SHR_00056381,NPE_00056381,NPG_00026,NPU_00051,equal,6,settled,1
SHR_00056382,NPE_00056382,NPG_00028,NPU_00027,equal,4,settled,10
SHR_00056383,NPE_00056383,NPG_00030,NPU_00045,custom,8,settled,13
SHR_00056545,NPE_00056545,NPG_00002,NPU_00046,equal,8,settled,8
SHR_00056546,NPE_00056546,NPG_00003,NPU_00039,custom,3,settled,0
SHR_00056547,NPE_00056547,NPG_00014,NPU_00067,equal,4,settled,5
SHR_00056548,NPE_00056548,NPG_00016,NPU_00073,equal,4,settled,9
SHR_00056549,NPE_00056549,NPG_00023,NPU_00058,equal,3,settled,0
SHR_00056550,NPE_00056550,NPG_00026,NPU_00047,equal,6,settled,8
SHR_00056621,NPE_00056621,NPG_00005,NPU_00066,equal,4,settled,5
SHR_00056622,NPE_00056622,NPG_00006,NPU_00019,equal,4,settled,8
SHR_00056623,NPE_00056623,NPG_00010,NPU_00019,equal,2,settled,6
SHR_00056624,NPE_00056624,NPG_00014,NPU_00028,equal,4,settled,0
SHR_00056625,NPE_00056625,NPG_00020,NPU_00040,percentage,5,settled,11
SHR_00056626,NPE_00056626,NPG_00021,NPU_00019,equal,7,settled,16
SHR_00056627,NPE_00056627,NPG_00025,NPU_00002,equal,10,settled,11
SHR_00056628,NPE_00056628,NPG_00030,NPU_00010,custom,8,settled,17
SHR_00056707,NPE_00056707,NPG_00007,NPU_00004,equal,10,settled,7
SHR_00056708,NPE_00056708,NPG_00015,NPU_00065,equal,5,settled,10
SHR_00056709,NPE_00056709,NPG_00017,NPU_00071,equal,7,settled,11
SHR_00056821,NPE_00056821,NPG_00003,NPU_00020,custom,3,settled,15
SHR_00056822,NPE_00056822,NPG_00016,NPU_00073,equal,4,settled,5
SHR_00056823,NPE_00056823,NPG_00017,NPU_00071,equal,7,settled,7
SHR_00056824,NPE_00056824,NPG_00024,NPU_00078,equal,2,settled,4
SHR_00056889,NPE_00056889,NPG_00005,NPU_00013,equal,4,settled,4
SHR_00056890,NPE_00056890,NPG_00006,NPU_00019,equal,4,settled,7
SHR_00056891,NPE_00056891,NPG_00008,NPU_00017,equal,6,settled,3
SHR_00056892,NPE_00056892,NPG_00009,NPU_00028,equal,2,settled,0
SHR_00056893,NPE_00056893,NPG_00013,NPU_00066,custom,3,settled,14
SHR_00056894,NPE_00056894,NPG_00017,NPU_00023,equal,7,settled,13
SHR_00056895,NPE_00056895,NPG_00018,NPU_00076,custom,4,settled,12
SHR_00056896,NPE_00056896,NPG_00019,NPU_00059,percentage,3,settled,5
SHR_00056897,NPE_00056897,NPG_00028,NPU_00050,equal,4,settled,1
SHR_00056995,NPE_00056995,NPG_00004,NPU_00064,equal,8,settled,11
SHR_00056996,NPE_00056996,NPG_00008,NPU_00028,equal,6,settled,2
SHR_00056997,NPE_00056997,NPG_00010,NPU_00041,equal,2,settled,4
SHR_00056998,NPE_00056998,NPG_00013,NPU_00003,custom,3,settled,11
SHR_00057136,NPE_00057136,NPG_00004,NPU_00064,equal,8,settled,14
SHR_00057137,NPE_00057137,NPG_00013,NPU_00077,custom,3,settled,6
SHR_00057138,NPE_00057138,NPG_00019,NPU_00021,percentage,3,settled,12
SHR_00057139,NPE_00057139,NPG_00021,NPU_00019,equal,7,settled,10
SHR_00057140,NPE_00057140,NPG_00027,NPU_00062,custom,3,settled,10
SHR_00057141,NPE_00057141,NPG_00028,NPU_00008,equal,4,settled,15
SHR_00057203,NPE_00057203,NPG_00006,NPU_00019,equal,4,settled,2
SHR_00057204,NPE_00057204,NPG_00010,NPU_00019,equal,2,settled,6
SHR_00057205,NPE_00057205,NPG_00011,NPU_00053,equal,6,settled,8
SHR_00057206,NPE_00057206,NPG_00019,NPU_00038,percentage,3,settled,1
SHR_00057207,NPE_00057207,NPG_00021,NPU_00007,equal,7,settled,3
SHR_00057208,NPE_00057208,NPG_00023,NPU_00058,equal,3,settled,5
SHR_00057209,NPE_00057209,NPG_00028,NPU_00058,equal,4,settled,6
SHR_00057281,NPE_00057281,NPG_00004,NPU_00056,equal,8,settled,5
SHR_00057282,NPE_00057282,NPG_00009,NPU_00028,equal,2,settled,11
SHR_00057283,NPE_00057283,NPG_00010,NPU_00019,equal,2,settled,5
SHR_00057284,NPE_00057284,NPG_00012,NPU_00020,equal,3,settled,3
SHR_00057285,NPE_00057285,NPG_00014,NPU_00019,equal,4,settled,3
SHR_00057286,NPE_00057286,NPG_00015,NPU_00012,equal,5,settled,3
SHR_00057287,NPE_00057287,NPG_00019,NPU_00059,percentage,3,settled,9
SHR_00057288,NPE_00057288,NPG_00029,NPU_00024,equal,4,settled,8
SHR_00057384,NPE_00057384,NPG_00008,NPU_00060,equal,6,settled,9
SHR_00057385,NPE_00057385,NPG_00013,NPU_00077,custom,3,settled,15
SHR_00057386,NPE_00057386,NPG_00020,NPU_00052,percentage,5,settled,3
SHR_00057387,NPE_00057387,NPG_00023,NPU_00040,equal,3,settled,2
SHR_00057388,NPE_00057388,NPG_00029,NPU_00047,equal,4,settled,5
SHR_00057457,NPE_00057457,NPG_00016,NPU_00047,equal,4,settled,12
SHR_00057458,NPE_00057458,NPG_00018,NPU_00029,custom,4,settled,10
SHR_00057459,NPE_00057459,NPG_00021,NPU_00008,equal,7,settled,10
SHR_00057460,NPE_00057460,NPG_00030,NPU_00028,custom,8,settled,12
SHR_00057534,NPE_00057534,NPG_00002,NPU_00054,equal,8,settled,13
SHR_00057535,NPE_00057535,NPG_00006,NPU_00054,equal,4,settled,5
SHR_00057536,NPE_00057536,NPG_00013,NPU_00077,custom,3,settled,7
SHR_00057537,NPE_00057537,NPG_00015,NPU_00071,equal,5,settled,14
SHR_00057538,NPE_00057538,NPG_00019,NPU_00059,percentage,3,settled,6
SHR_00057539,NPE_00057539,NPG_00021,NPU_00032,equal,7,settled,7
SHR_00057540,NPE_00057540,NPG_00022,NPU_00009,equal,2,settled,0
SHR_00057541,NPE_00057541,NPG_00026,NPU_00047,equal,6,settled,2
SHR_00057542,NPE_00057542,NPG_00028,NPU_00050,equal,4,settled,7
SHR_00057543,NPE_00057543,NPG_00030,NPU_00028,custom,8,settled,8
SHR_00057637,NPE_00057637,NPG_00009,NPU_00028,equal,2,settled,12
SHR_00057638,NPE_00057638,NPG_00012,NPU_00070,equal,3,settled,8
SHR_00057639,NPE_00057639,NPG_00014,NPU_00028,equal,4,settled,7
SHR_00057640,NPE_00057640,NPG_00016,NPU_00075,equal,4,settled,8
SHR_00057728,NPE_00057728,NPG_00001,NPU_00022,custom,3,settled,12
SHR_00057729,NPE_00057729,NPG_00004,NPU_00064,equal,8,settled,5
SHR_00057730,NPE_00057730,NPG_00009,NPU_00028,equal,2,settled,0
SHR_00057731,NPE_00057731,NPG_00010,NPU_00041,equal,2,settled,1
SHR_00057732,NPE_00057732,NPG_00015,NPU_00065,equal,5,settled,6
SHR_00057733,NPE_00057733,NPG_00016,NPU_00073,equal,4,settled,8
SHR_00057734,NPE_00057734,NPG_00017,NPU_00052,equal,7,settled,11
SHR_00057735,NPE_00057735,NPG_00019,NPU_00021,percentage,3,settled,11
SHR_00057736,NPE_00057736,NPG_00024,NPU_00078,equal,2,settled,10
SHR_00057737,NPE_00057737,NPG_00030,NPU_00063,custom,8,settled,9
SHR_00057813,NPE_00057813,NPG_00003,NPU_00039,custom,3,settled,13
SHR_00057814,NPE_00057814,NPG_00006,NPU_00019,equal,4,settled,4
SHR_00057815,NPE_00057815,NPG_00009,NPU_00012,equal,2,settled,15
SHR_00057816,NPE_00057816,NPG_00013,NPU_00077,custom,3,settled,7
SHR_00057817,NPE_00057817,NPG_00014,NPU_00019,equal,4,settled,4
SHR_00057818,NPE_00057818,NPG_00019,NPU_00059,percentage,3,settled,5
SHR_00057819,NPE_00057819,NPG_00023,NPU_00040,equal,3,settled,3
SHR_00057820,NPE_00057820,NPG_00030,NPU_00074,custom,8,settled,18
SHR_00057896,NPE_00057896,NPG_00004,NPU_00075,equal,8,settled,1
SHR_00057897,NPE_00057897,NPG_00016,NPU_00075,equal,4,settled,6
SHR_00057898,NPE_00057898,NPG_00019,NPU_00038,percentage,3,settled,1
SHR_00057899,NPE_00057899,NPG_00023,NPU_00001,equal,3,settled,2
SHR_00057900,NPE_00057900,NPG_00025,NPU_00026,equal,10,settled,8
SHR_00057901,NPE_00057901,NPG_00029,NPU_00047,equal,4,settled,5
SHR_00057970,NPE_00057970,NPG_00002,NPU_00067,equal,8,settled,11
SHR_00057971,NPE_00057971,NPG_00005,NPU_00066,equal,4,settled,17
SHR_00057972,NPE_00057972,NPG_00021,NPU_00019,equal,7,settled,14
SHR_00057973,NPE_00057973,NPG_00023,NPU_00001,equal,3,settled,9
SHR_00058047,NPE_00058047,NPG_00007,NPU_00067,equal,10,settled,10
SHR_00058048,NPE_00058048,NPG_00010,NPU_00041,equal,2,settled,11
SHR_00058049,NPE_00058049,NPG_00013,NPU_00077,custom,3,settled,1
SHR_00058050,NPE_00058050,NPG_00015,NPU_00054,equal,5,settled,7
SHR_00058051,NPE_00058051,NPG_00025,NPU_00020,equal,10,settled,13
SHR_00058126,NPE_00058126,NPG_00004,NPU_00071,equal,8,settled,5
SHR_00058127,NPE_00058127,NPG_00009,NPU_00012,equal,2,settled,6
SHR_00058128,NPE_00058128,NPG_00026,NPU_00051,equal,6,settled,1
SHR_00058129,NPE_00058129,NPG_00028,NPU_00058,equal,4,settled,12
SHR_00058226,NPE_00058226,NPG_00003,NPU_00034,custom,3,settled,12
SHR_00058227,NPE_00058227,NPG_00005,NPU_00026,equal,4,settled,7
SHR_00058228,NPE_00058228,NPG_00006,NPU_00047,equal,4,settled,0
SHR_00058229,NPE_00058229,NPG_00010,NPU_00041,equal,2,settled,4
SHR_00058230,NPE_00058230,NPG_00022,NPU_00009,equal,2,settled,5
SHR_00058231,NPE_00058231,NPG_00024,NPU_00078,equal,2,settled,9
SHR_00058387,NPE_00058387,NPG_00002,NPU_00054,equal,8,settled,8
SHR_00058388,NPE_00058388,NPG_00004,NPU_00059,equal,8,settled,14
SHR_00058389,NPE_00058389,NPG_00009,NPU_00012,equal,2,settled,0
SHR_00058390,NPE_00058390,NPG_00013,NPU_00003,custom,3,settled,17
SHR_00058391,NPE_00058391,NPG_00015,NPU_00071,equal,5,settled,7
SHR_00058392,NPE_00058392,NPG_00019,NPU_00059,percentage,3,settled,18
SHR_00058393,NPE_00058393,NPG_00023,NPU_00058,equal,3,settled,11
SHR_00058394,NPE_00058394,NPG_00024,NPU_00058,equal,2,settled,6
SHR_00058395,NPE_00058395,NPG_00025,NPU_00078,equal,10,settled,21
SHR_00058469,NPE_00058469,NPG_00006,NPU_00029,equal,4,settled,17
SHR_00058470,NPE_00058470,NPG_00010,NPU_00041,equal,2,settled,4
SHR_00058471,NPE_00058471,NPG_00012,NPU_00020,equal,3,settled,7
SHR_00058472,NPE_00058472,NPG_00015,NPU_00012,equal,5,settled,6
SHR_00058473,NPE_00058473,NPG_00017,NPU_00003,equal,7,settled,12
SHR_00058474,NPE_00058474,NPG_00019,NPU_00059,percentage,3,settled,14
SHR_00058475,NPE_00058475,NPG_00024,NPU_00078,equal,2,settled,19
SHR_00058476,NPE_00058476,NPG_00028,NPU_00058,equal,4,settled,13
SHR_00058577,NPE_00058577,NPG_00005,NPU_00066,equal,4,settled,11
SHR_00058578,NPE_00058578,NPG_00008,NPU_00069,equal,6,settled,12
SHR_00058579,NPE_00058579,NPG_00009,NPU_00028,equal,2,settled,18
SHR_00058580,NPE_00058580,NPG_00011,NPU_00053,equal,6,settled,9
SHR_00058581,NPE_00058581,NPG_00013,NPU_00066,custom,3,pending,22
SHR_00058582,NPE_00058582,NPG_00023,NPU_00001,equal,3,settled,10
SHR_00058583,NPE_00058583,NPG_00026,NPU_00070,equal,6,settled,7
SHR_00058584,NPE_00058584,NPG_00028,NPU_00008,equal,4,settled,3
SHR_00058585,NPE_00058585,NPG_00030,NPU_00074,custom,8,settled,18
SHR_00058661,NPE_00058661,NPG_00002,NPU_00054,equal,8,settled,14
SHR_00058662,NPE_00058662,NPG_00009,NPU_00012,equal,2,settled,14
SHR_00058663,NPE_00058663,NPG_00010,NPU_00019,equal,2,settled,12
SHR_00058664,NPE_00058664,NPG_00013,NPU_00066,custom,3,settled,8
SHR_00058665,NPE_00058665,NPG_00014,NPU_00028,equal,4,settled,12
SHR_00058666,NPE_00058666,NPG_00017,NPU_00042,equal,7,settled,18
SHR_00058667,NPE_00058667,NPG_00019,NPU_00021,percentage,3,settled,8
SHR_00058668,NPE_00058668,NPG_00024,NPU_00078,equal,2,settled,8
SHR_00058669,NPE_00058669,NPG_00026,NPU_00051,equal,6,settled,10
SHR_00058670,NPE_00058670,NPG_00029,NPU_00024,equal,4,settled,2
SHR_00058806,NPE_00058806,NPG_00005,NPU_00066,equal,4,settled,10
SHR_00058807,NPE_00058807,NPG_00008,NPU_00055,equal,6,settled,14
SHR_00058808,NPE_00058808,NPG_00010,NPU_00019,equal,2,settled,9
SHR_00058809,NPE_00058809,NPG_00015,NPU_00065,equal,5,settled,14
SHR_00058810,NPE_00058810,NPG_00019,NPU_00038,percentage,3,settled,10
SHR_00058811,NPE_00058811,NPG_00024,NPU_00058,equal,2,settled,3
SHR_00058812,NPE_00058812,NPG_00028,NPU_00027,equal,4,settled,8
SHR_00058880,NPE_00058880,NPG_00001,NPU_00056,custom,3,settled,17
SHR_00058881,NPE_00058881,NPG_00002,NPU_00060,equal,8,settled,11
SHR_00058882,NPE_00058882,NPG_00004,NPU_00064,equal,8,settled,11
SHR_00058883,NPE_00058883,NPG_00006,NPU_00019,equal,4,settled,15
SHR_00058884,NPE_00058884,NPG_00009,NPU_00012,equal,2,settled,15
SHR_00058885,NPE_00058885,NPG_00010,NPU_00041,equal,2,settled,7
SHR_00058886,NPE_00058886,NPG_00019,NPU_00021,percentage,3,settled,18
SHR_00058887,NPE_00058887,NPG_00024,NPU_00058,equal,2,settled,18
SHR_00058976,NPE_00058976,NPG_00008,NPU_00051,equal,6,settled,10
SHR_00058977,NPE_00058977,NPG_00009,NPU_00012,equal,2,settled,9
SHR_00058978,NPE_00058978,NPG_00010,NPU_00041,equal,2,settled,6
SHR_00058979,NPE_00058979,NPG_00015,NPU_00047,equal,5,settled,8
SHR_00058980,NPE_00058980,NPG_00017,NPU_00052,equal,7,settled,11
SHR_00058981,NPE_00058981,NPG_00019,NPU_00021,percentage,3,settled,7
SHR_00058982,NPE_00058982,NPG_00020,NPU_00056,percentage,5,settled,10
SHR_00058983,NPE_00058983,NPG_00023,NPU_00040,equal,3,settled,9
SHR_00058984,NPE_00058984,NPG_00025,NPU_00002,equal,10,settled,15
SHR_00058985,NPE_00058985,NPG_00027,NPU_00062,custom,3,settled,13
SHR_00059136,NPE_00059136,NPG_00004,NPU_00071,equal,8,settled,12
SHR_00059137,NPE_00059137,NPG_00013,NPU_00066,custom,3,settled,15
SHR_00059138,NPE_00059138,NPG_00015,NPU_00012,equal,5,settled,6
SHR_00059139,NPE_00059139,NPG_00016,NPU_00073,equal,4,settled,15
SHR_00059140,NPE_00059140,NPG_00019,NPU_00059,percentage,3,settled,10
SHR_00059141,NPE_00059141,NPG_00020,NPU_00020,percentage,5,settled,12
SHR_00059142,NPE_00059142,NPG_00021,NPU_00007,equal,7,settled,19
SHR_00059214,NPE_00059214,NPG_00004,NPU_00064,equal,8,settled,10
SHR_00059215,NPE_00059215,NPG_00006,NPU_00029,equal,4,settled,17
SHR_00059216,NPE_00059216,NPG_00009,NPU_00028,equal,2,settled,13
SHR_00059217,NPE_00059217,NPG_00010,NPU_00041,equal,2,settled,14
SHR_00059218,NPE_00059218,NPG_00019,NPU_00021,percentage,3,settled,4
SHR_00059219,NPE_00059219,NPG_00024,NPU_00078,equal,2,settled,8
SHR_00059220,NPE_00059220,NPG_00028,NPU_00050,equal,4,settled,5
SHR_00059290,NPE_00059290,NPG_00003,NPU_00020,custom,3,settled,17
SHR_00059291,NPE_00059291,NPG_00006,NPU_00047,equal,4,settled,13
SHR_00059292,NPE_00059292,NPG_00009,NPU_00028,equal,2,settled,10
SHR_00059293,NPE_00059293,NPG_00014,NPU_00067,equal,4,settled,8
SHR_00059294,NPE_00059294,NPG_00016,NPU_00047,equal,4,settled,8
SHR_00059295,NPE_00059295,NPG_00019,NPU_00038,percentage,3,settled,16
SHR_00059296,NPE_00059296,NPG_00026,NPU_00005,equal,6,settled,7
SHR_00059371,NPE_00059371,NPG_00007,NPU_00054,equal,10,settled,6
SHR_00059372,NPE_00059372,NPG_00008,NPU_00055,equal,6,settled,4
SHR_00059373,NPE_00059373,NPG_00009,NPU_00012,equal,2,settled,1
SHR_00059374,NPE_00059374,NPG_00014,NPU_00019,equal,4,settled,8
SHR_00059375,NPE_00059375,NPG_00020,NPU_00020,percentage,5,settled,14
SHR_00059376,NPE_00059376,NPG_00025,NPU_00078,equal,10,settled,14
SHR_00059377,NPE_00059377,NPG_00026,NPU_00047,equal,6,settled,9
SHR_00059378,NPE_00059378,NPG_00028,NPU_00050,equal,4,settled,6
SHR_00059379,NPE_00059379,NPG_00030,NPU_00021,custom,8,settled,14
SHR_00059522,NPE_00059522,NPG_00002,NPU_00046,equal,8,settled,11
SHR_00059523,NPE_00059523,NPG_00007,NPU_00054,equal,10,settled,13
SHR_00059524,NPE_00059524,NPG_00009,NPU_00028,equal,2,settled,0
SHR_00059525,NPE_00059525,NPG_00016,NPU_00047,equal,4,settled,5
SHR_00059526,NPE_00059526,NPG_00022,NPU_00049,equal,2,settled,4
SHR_00059527,NPE_00059527,NPG_00024,NPU_00058,equal,2,settled,2
SHR_00059528,NPE_00059528,NPG_00026,NPU_00049,equal,6,settled,8
SHR_00059529,NPE_00059529,NPG_00027,NPU_00031,custom,3,settled,6
SHR_00059589,NPE_00059589,NPG_00002,NPU_00063,equal,8,settled,8
SHR_00059590,NPE_00059590,NPG_00015,NPU_00071,equal,5,settled,0
SHR_00059685,NPE_00059685,NPG_00002,NPU_00032,equal,8,settled,16
SHR_00059686,NPE_00059686,NPG_00004,NPU_00064,equal,8,settled,14
SHR_00059687,NPE_00059687,NPG_00005,NPU_00026,equal,4,settled,4
SHR_00059688,NPE_00059688,NPG_00015,NPU_00012,equal,5,settled,7
SHR_00059689,NPE_00059689,NPG_00016,NPU_00075,equal,4,settled,7
SHR_00059690,NPE_00059690,NPG_00019,NPU_00021,percentage,3,settled,4
SHR_00059691,NPE_00059691,NPG_00022,NPU_00009,equal,2,settled,7
SHR_00059692,NPE_00059692,NPG_00028,NPU_00058,equal,4,settled,12
SHR_00059811,NPE_00059811,NPG_00002,NPU_00060,equal,8,settled,16
SHR_00059812,NPE_00059812,NPG_00006,NPU_00054,equal,4,settled,4
SHR_00059813,NPE_00059813,NPG_00008,NPU_00060,equal,6,settled,7
SHR_00059814,NPE_00059814,NPG_00009,NPU_00012,equal,2,settled,5
SHR_00059815,NPE_00059815,NPG_00013,NPU_00003,custom,3,settled,6
SHR_00059816,NPE_00059816,NPG_00016,NPU_00035,equal,4,settled,0
SHR_00059817,NPE_00059817,NPG_00021,NPU_00080,equal,7,settled,13
SHR_00059818,NPE_00059818,NPG_00023,NPU_00058,equal,3,settled,6
SHR_00059819,NPE_00059819,NPG_00024,NPU_00058,equal,2,settled,8
SHR_00059820,NPE_00059820,NPG_00026,NPU_00005,equal,6,settled,2
SHR_00059897,NPE_00059897,NPG_00003,NPU_00020,custom,3,settled,4
SHR_00059898,NPE_00059898,NPG_00004,NPU_00073,equal,8,settled,13
SHR_00059899,NPE_00059899,NPG_00005,NPU_00066,equal,4,settled,0
SHR_00059900,NPE_00059900,NPG_00008,NPU_00051,equal,6,settled,7
SHR_00059901,NPE_00059901,NPG_00013,NPU_00003,custom,3,settled,15
SHR_00059902,NPE_00059902,NPG_00021,NPU_00032,equal,7,settled,15
SHR_00059968,NPE_00059968,NPG_00004,NPU_00001,equal,8,settled,17
SHR_00059969,NPE_00059969,NPG_00005,NPU_00013,equal,4,settled,2
SHR_00059970,NPE_00059970,NPG_00006,NPU_00029,equal,4,settled,12
SHR_00059971,NPE_00059971,NPG_00009,NPU_00012,equal,2,settled,6
SHR_00059972,NPE_00059972,NPG_00014,NPU_00007,equal,4,settled,5
SHR_00059973,NPE_00059973,NPG_00019,NPU_00038,percentage,3,settled,6
SHR_00059974,NPE_00059974,NPG_00020,NPU_00040,percentage,5,settled,15
SHR_00059975,NPE_00059975,NPG_00024,NPU_00078,equal,2,settled,11
SHR_00059976,NPE_00059976,NPG_00028,NPU_00050,equal,4,settled,3
SHR_00059977,NPE_00059977,NPG_00029,NPU_00058,equal,4,settled,0
SHR_00060097,NPE_00060097,NPG_00020,NPU_00040,percentage,5,settled,13
SHR_00060098,NPE_00060098,NPG_00023,NPU_00040,equal,3,settled,12
SHR_00060099,NPE_00060099,NPG_00027,NPU_00031,custom,3,settled,3
SHR_00060185,NPE_00060185,NPG_00006,NPU_00047,equal,4,settled,8
SHR_00060186,NPE_00060186,NPG_00008,NPU_00051,equal,6,settled,5
SHR_00060187,NPE_00060187,NPG_00009,NPU_00012,equal,2,settled,8
SHR_00060188,NPE_00060188,NPG_00013,NPU_00003,custom,3,settled,6
SHR_00060189,NPE_00060189,NPG_00017,NPU_00042,equal,7,settled,7
SHR_00060190,NPE_00060190,NPG_00019,NPU_00059,percentage,3,settled,20
SHR_00060270,NPE_00060270,NPG_00002,NPU_00032,equal,8,settled,14
SHR_00060271,NPE_00060271,NPG_00016,NPU_00073,equal,4,settled,7
SHR_00060272,NPE_00060272,NPG_00018,NPU_00002,custom,4,settled,19
SHR_00060273,NPE_00060273,NPG_00019,NPU_00038,percentage,3,settled,9
SHR_00060274,NPE_00060274,NPG_00021,NPU_00019,equal,7,settled,1
SHR_00060360,NPE_00060360,NPG_00002,NPU_00072,equal,8,settled,4
SHR_00060361,NPE_00060361,NPG_00011,NPU_00041,equal,6,settled,3
SHR_00060362,NPE_00060362,NPG_00024,NPU_00058,equal,2,settled,4
SHR_00060363,NPE_00060363,NPG_00026,NPU_00049,equal,6,settled,5
SHR_00060458,NPE_00060458,NPG_00004,NPU_00059,equal,8,settled,5
SHR_00060459,NPE_00060459,NPG_00005,NPU_00046,equal,4,settled,6
SHR_00060460,NPE_00060460,NPG_00006,NPU_00029,equal,4,settled,3
SHR_00060461,NPE_00060461,NPG_00007,NPU_00004,equal,10,settled,14
SHR_00060462,NPE_00060462,NPG_00010,NPU_00041,equal,2,settled,7
SHR_00060463,NPE_00060463,NPG_00015,NPU_00047,equal,5,settled,12
SHR_00060464,NPE_00060464,NPG_00019,NPU_00021,percentage,3,settled,5
SHR_00060465,NPE_00060465,NPG_00026,NPU_00070,equal,6,settled,13
SHR_00060466,NPE_00060466,NPG_00030,NPU_00063,custom,8,settled,16
SHR_00060534,NPE_00060534,NPG_00002,NPU_00060,equal,8,settled,3
SHR_00060535,NPE_00060535,NPG_00006,NPU_00019,equal,4,settled,0
SHR_00060536,NPE_00060536,NPG_00015,NPU_00065,equal,5,settled,7
SHR_00060537,NPE_00060537,NPG_00029,NPU_00047,equal,4,settled,4
SHR_00060538,NPE_00060538,NPG_00030,NPU_00063,custom,8,settled,11
SHR_00060606,NPE_00060606,NPG_00009,NPU_00012,equal,2,settled,10
SHR_00060607,NPE_00060607,NPG_00010,NPU_00041,equal,2,settled,0
SHR_00060608,NPE_00060608,NPG_00013,NPU_00077,custom,3,settled,17
SHR_00060609,NPE_00060609,NPG_00014,NPU_00019,equal,4,settled,7
SHR_00060610,NPE_00060610,NPG_00016,NPU_00035,equal,4,settled,1
SHR_00060611,NPE_00060611,NPG_00022,NPU_00009,equal,2,settled,1
SHR_00060703,NPE_00060703,NPG_00005,NPU_00026,equal,4,settled,10
SHR_00060704,NPE_00060704,NPG_00013,NPU_00077,custom,3,settled,6
SHR_00060705,NPE_00060705,NPG_00019,NPU_00038,percentage,3,settled,7
SHR_00060706,NPE_00060706,NPG_00025,NPU_00001,equal,10,settled,0
SHR_00060707,NPE_00060707,NPG_00028,NPU_00050,equal,4,settled,17
SHR_00060773,NPE_00060773,NPG_00004,NPU_00073,equal,8,settled,9
SHR_00060774,NPE_00060774,NPG_00009,NPU_00012,equal,2,settled,5
SHR_00060775,NPE_00060775,NPG_00017,NPU_00067,equal,7,settled,3
SHR_00060852,NPE_00060852,NPG_00002,NPU_00072,equal,8,settled,10
SHR_00060853,NPE_00060853,NPG_00009,NPU_00012,equal,2,settled,0
SHR_00060854,NPE_00060854,NPG_00015,NPU_00054,equal,5,settled,7
SHR_00060855,NPE_00060855,NPG_00017,NPU_00067,equal,7,settled,5
SHR_00060856,NPE_00060856,NPG_00019,NPU_00021,percentage,3,settled,8
SHR_00060857,NPE_00060857,NPG_00024,NPU_00058,equal,2,settled,0
SHR_00060951,NPE_00060951,NPG_00004,NPU_00001,equal,8,pending,26
SHR_00060952,NPE_00060952,NPG_00006,NPU_00054,equal,4,settled,8
SHR_00060953,NPE_00060953,NPG_00008,NPU_00060,equal,6,settled,5
SHR_00060954,NPE_00060954,NPG_00017,NPU_00067,equal,7,settled,5
SHR_00060955,NPE_00060955,NPG_00022,NPU_00009,equal,2,settled,5
SHR_00060956,NPE_00060956,NPG_00028,NPU_00008,equal,4,settled,1
SHR_00061062,NPE_00061062,NPG_00004,NPU_00071,equal,8,settled,9
SHR_00061063,NPE_00061063,NPG_00009,NPU_00028,equal,2,settled,2
SHR_00061064,NPE_00061064,NPG_00015,NPU_00047,equal,5,settled,9
SHR_00061065,NPE_00061065,NPG_00016,NPU_00035,equal,4,settled,6
SHR_00061066,NPE_00061066,NPG_00019,NPU_00059,percentage,3,settled,16
SHR_00061067,NPE_00061067,NPG_00021,NPU_00068,equal,7,settled,10
SHR_00061068,NPE_00061068,NPG_00024,NPU_00078,equal,2,settled,10
SHR_00061069,NPE_00061069,NPG_00028,NPU_00050,equal,4,settled,1
SHR_00061153,NPE_00061153,NPG_00009,NPU_00028,equal,2,settled,7
SHR_00061154,NPE_00061154,NPG_00010,NPU_00041,equal,2,settled,5
SHR_00061155,NPE_00061155,NPG_00016,NPU_00047,equal,4,settled,9
SHR_00061156,NPE_00061156,NPG_00024,NPU_00078,equal,2,settled,6
SHR_00061157,NPE_00061157,NPG_00026,NPU_00005,equal,6,settled,13
SHR_00061158,NPE_00061158,NPG_00030,NPU_00060,custom,8,settled,16
SHR_00061263,NPE_00061263,NPG_00005,NPU_00066,equal,4,settled,7
SHR_00061264,NPE_00061264,NPG_00008,NPU_00017,equal,6,settled,12
SHR_00061265,NPE_00061265,NPG_00010,NPU_00041,equal,2,settled,13
SHR_00061266,NPE_00061266,NPG_00013,NPU_00066,custom,3,settled,18
SHR_00061267,NPE_00061267,NPG_00015,NPU_00047,equal,5,settled,8
SHR_00061268,NPE_00061268,NPG_00020,NPU_00059,percentage,5,settled,10
SHR_00061269,NPE_00061269,NPG_00023,NPU_00040,equal,3,settled,7
SHR_00061270,NPE_00061270,NPG_00024,NPU_00058,equal,2,settled,9
SHR_00061271,NPE_00061271,NPG_00028,NPU_00050,equal,4,settled,13
SHR_00061272,NPE_00061272,NPG_00030,NPU_00063,custom,8,settled,12
SHR_00061341,NPE_00061341,NPG_00004,NPU_00073,equal,8,settled,16
SHR_00061342,NPE_00061342,NPG_00006,NPU_00029,equal,4,settled,7
SHR_00061343,NPE_00061343,NPG_00008,NPU_00017,equal,6,settled,9
SHR_00061344,NPE_00061344,NPG_00010,NPU_00041,equal,2,settled,16
SHR_00061345,NPE_00061345,NPG_00011,NPU_00040,equal,6,settled,18
SHR_00061346,NPE_00061346,NPG_00015,NPU_00054,equal,5,settled,4
SHR_00061347,NPE_00061347,NPG_00016,NPU_00047,equal,4,settled,13
SHR_00061348,NPE_00061348,NPG_00019,NPU_00021,percentage,3,settled,17
SHR_00061349,NPE_00061349,NPG_00021,NPU_00032,equal,7,settled,6
SHR_00061350,NPE_00061350,NPG_00023,NPU_00058,equal,3,settled,0
SHR_00061454,NPE_00061454,NPG_00007,NPU_00004,equal,10,settled,11
SHR_00061455,NPE_00061455,NPG_00021,NPU_00068,equal,7,settled,2
SHR_00061456,NPE_00061456,NPG_00024,NPU_00078,equal,2,pending,24
SHR_00061457,NPE_00061457,NPG_00025,NPU_00078,equal,10,settled,14
SHR_00061458,NPE_00061458,NPG_00030,NPU_00021,custom,8,pending,37
SHR_00061519,NPE_00061519,NPG_00004,NPU_00071,equal,8,settled,12
SHR_00061520,NPE_00061520,NPG_00008,NPU_00028,equal,6,settled,9
SHR_00061521,NPE_00061521,NPG_00014,NPU_00028,equal,4,settled,11
SHR_00061522,NPE_00061522,NPG_00015,NPU_00071,equal,5,settled,4
SHR_00061523,NPE_00061523,NPG_00016,NPU_00047,equal,4,settled,14
SHR_00061524,NPE_00061524,NPG_00020,NPU_00056,percentage,5,settled,21
SHR_00061525,NPE_00061525,NPG_00023,NPU_00040,equal,3,settled,7
SHR_00061526,NPE_00061526,NPG_00028,NPU_00027,equal,4,settled,9
SHR_00061527,NPE_00061527,NPG_00029,NPU_00047,equal,4,settled,11
SHR_00061682,NPE_00061682,NPG_00002,NPU_00063,equal,8,settled,18
SHR_00061683,NPE_00061683,NPG_00006,NPU_00047,equal,4,settled,7
SHR_00061684,NPE_00061684,NPG_00008,NPU_00055,equal,6,settled,6
SHR_00061685,NPE_00061685,NPG_00010,NPU_00019,equal,2,settled,11
SHR_00061686,NPE_00061686,NPG_00013,NPU_00066,custom,3,settled,19
SHR_00061687,NPE_00061687,NPG_00015,NPU_00012,equal,5,settled,19
SHR_00061688,NPE_00061688,NPG_00016,NPU_00075,equal,4,settled,12
SHR_00061689,NPE_00061689,NPG_00023,NPU_00001,equal,3,pending,23
SHR_00061690,NPE_00061690,NPG_00025,NPU_00061,equal,10,settled,11
SHR_00061691,NPE_00061691,NPG_00026,NPU_00051,equal,6,settled,13
SHR_00061692,NPE_00061692,NPG_00028,NPU_00058,equal,4,settled,12
SHR_00061801,NPE_00061801,NPG_00002,NPU_00067,equal,8,pending,23
SHR_00061802,NPE_00061802,NPG_00004,NPU_00064,equal,8,settled,14
SHR_00061803,NPE_00061803,NPG_00006,NPU_00054,equal,4,settled,5
SHR_00061804,NPE_00061804,NPG_00008,NPU_00051,equal,6,settled,14
SHR_00061805,NPE_00061805,NPG_00010,NPU_00019,equal,2,settled,8
SHR_00061806,NPE_00061806,NPG_00013,NPU_00066,custom,3,settled,19
SHR_00061807,NPE_00061807,NPG_00014,NPU_00019,equal,4,settled,8
SHR_00061808,NPE_00061808,NPG_00028,NPU_00058,equal,4,settled,13
SHR_00061892,NPE_00061892,NPG_00002,NPU_00005,equal,8,settled,12
SHR_00061893,NPE_00061893,NPG_00005,NPU_00066,equal,4,settled,6
SHR_00061894,NPE_00061894,NPG_00008,NPU_00069,equal,6,settled,15
SHR_00061895,NPE_00061895,NPG_00009,NPU_00028,equal,2,settled,9
SHR_00061896,NPE_00061896,NPG_00010,NPU_00019,equal,2,settled,12
SHR_00061897,NPE_00061897,NPG_00016,NPU_00073,equal,4,settled,14
SHR_00061898,NPE_00061898,NPG_00017,NPU_00054,equal,7,settled,1
SHR_00061899,NPE_00061899,NPG_00019,NPU_00021,percentage,3,settled,11
SHR_00061900,NPE_00061900,NPG_00023,NPU_00040,equal,3,settled,13
SHR_00062025,NPE_00062025,NPG_00001,NPU_00022,custom,3,settled,15
SHR_00062026,NPE_00062026,NPG_00004,NPU_00071,equal,8,settled,12
SHR_00062027,NPE_00062027,NPG_00008,NPU_00051,equal,6,settled,3
SHR_00062028,NPE_00062028,NPG_00009,NPU_00012,equal,2,pending,22
SHR_00062029,NPE_00062029,NPG_00012,NPU_00020,equal,3,settled,12
SHR_00062030,NPE_00062030,NPG_00014,NPU_00007,equal,4,settled,13
SHR_00062031,NPE_00062031,NPG_00017,NPU_00023,equal,7,settled,5
SHR_00062032,NPE_00062032,NPG_00018,NPU_00076,custom,4,settled,14
SHR_00062033,NPE_00062033,NPG_00020,NPU_00020,percentage,5,settled,8
SHR_00062034,NPE_00062034,NPG_00023,NPU_00001,equal,3,settled,2
SHR_00062035,NPE_00062035,NPG_00024,NPU_00058,equal,2,settled,2
SHR_00062036,NPE_00062036,NPG_00027,NPU_00005,custom,3,settled,15
SHR_00062037,NPE_00062037,NPG_00028,NPU_00050,equal,4,settled,11
SHR_00062121,NPE_00062121,NPG_00008,NPU_00028,equal,6,settled,12
SHR_00062122,NPE_00062122,NPG_00013,NPU_00003,custom,3,settled,9
SHR_00062123,NPE_00062123,NPG_00014,NPU_00028,equal,4,settled,8
SHR_00062124,NPE_00062124,NPG_00016,NPU_00073,equal,4,settled,18
SHR_00062125,NPE_00062125,NPG_00017,NPU_00054,equal,7,settled,8
SHR_00062126,NPE_00062126,NPG_00023,NPU_00058,equal,3,settled,3
SHR_00062127,NPE_00062127,NPG_00025,NPU_00020,equal,10,pending,23
SHR_00062128,NPE_00062128,NPG_00029,NPU_00024,equal,4,settled,10
SHR_00062197,NPE_00062197,NPG_00002,NPU_00005,equal,8,pending,24
SHR_00062198,NPE_00062198,NPG_00004,NPU_00075,equal,8,settled,9
SHR_00062199,NPE_00062199,NPG_00007,NPU_00071,equal,10,settled,5
SHR_00062200,NPE_00062200,NPG_00010,NPU_00041,equal,2,settled,4
SHR_00062201,NPE_00062201,NPG_00013,NPU_00066,custom,3,settled,14
SHR_00062202,NPE_00062202,NPG_00015,NPU_00047,equal,5,settled,19
SHR_00062203,NPE_00062203,NPG_00016,NPU_00075,equal,4,settled,14
SHR_00062204,NPE_00062204,NPG_00019,NPU_00059,percentage,3,settled,12
SHR_00062205,NPE_00062205,NPG_00024,NPU_00058,equal,2,settled,16
SHR_00062206,NPE_00062206,NPG_00028,NPU_00027,equal,4,settled,11
SHR_00062207,NPE_00062207,NPG_00029,NPU_00058,equal,4,settled,6
SHR_00062284,NPE_00062284,NPG_00004,NPU_00071,equal,8,pending,26
SHR_00062285,NPE_00062285,NPG_00007,NPU_00055,equal,10,settled,16
SHR_00062286,NPE_00062286,NPG_00014,NPU_00007,equal,4,settled,6
SHR_00062287,NPE_00062287,NPG_00018,NPU_00075,custom,4,pending,23
SHR_00062288,NPE_00062288,NPG_00019,NPU_00059,percentage,3,pending,22
SHR_00062289,NPE_00062289,NPG_00022,NPU_00009,equal,2,settled,17
SHR_00062290,NPE_00062290,NPG_00023,NPU_00058,equal,3,settled,7
SHR_00062291,NPE_00062291,NPG_00025,NPU_00044,equal,10,settled,9
SHR_00062292,NPE_00062292,NPG_00028,NPU_00050,equal,4,settled,5
SHR_00062471,NPE_00062471,NPG_00006,NPU_00047,equal,4,settled,11
SHR_00062472,NPE_00062472,NPG_00010,NPU_00041,equal,2,settled,12
SHR_00062473,NPE_00062473,NPG_00016,NPU_00035,equal,4,settled,8
SHR_00062474,NPE_00062474,NPG_00019,NPU_00021,percentage,3,settled,9
SHR_00062475,NPE_00062475,NPG_00020,NPU_00056,percentage,5,settled,3
SHR_00062476,NPE_00062476,NPG_00021,NPU_00007,equal,7,settled,9
SHR_00062477,NPE_00062477,NPG_00023,NPU_00040,equal,3,settled,2
SHR_00062478,NPE_00062478,NPG_00024,NPU_00078,equal,2,settled,15
SHR_00062479,NPE_00062479,NPG_00026,NPU_00049,equal,6,settled,5
SHR_00062480,NPE_00062480,NPG_00028,NPU_00008,equal,4,settled,2
SHR_00062481,NPE_00062481,NPG_00030,NPU_00010,custom,8,settled,17
SHR_00062574,NPE_00062574,NPG_00001,NPU_00079,custom,3,settled,11
SHR_00062575,NPE_00062575,NPG_00004,NPU_00056,equal,8,settled,7
SHR_00062576,NPE_00062576,NPG_00009,NPU_00012,equal,2,settled,7
SHR_00062577,NPE_00062577,NPG_00010,NPU_00041,equal,2,settled,9
SHR_00062578,NPE_00062578,NPG_00013,NPU_00003,custom,3,settled,13
SHR_00062579,NPE_00062579,NPG_00014,NPU_00028,equal,4,settled,10
SHR_00062580,NPE_00062580,NPG_00015,NPU_00054,equal,5,settled,6
SHR_00062581,NPE_00062581,NPG_00016,NPU_00073,equal,4,settled,9
SHR_00062582,NPE_00062582,NPG_00019,NPU_00021,percentage,3,settled,9
SHR_00062583,NPE_00062583,NPG_00023,NPU_00040,equal,3,settled,15
SHR_00062584,NPE_00062584,NPG_00024,NPU_00058,equal,2,settled,3
SHR_00062585,NPE_00062585,NPG_00028,NPU_00058,equal,4,settled,8
SHR_00062657,NPE_00062657,NPG_00004,NPU_00056,equal,8,settled,5
SHR_00062658,NPE_00062658,NPG_00005,NPU_00046,equal,4,settled,4
SHR_00062659,NPE_00062659,NPG_00006,NPU_00019,equal,4,settled,2
SHR_00062660,NPE_00062660,NPG_00011,NPU_00053,equal,6,settled,10
SHR_00062661,NPE_00062661,NPG_00013,NPU_00077,custom,3,settled,9
SHR_00062662,NPE_00062662,NPG_00014,NPU_00067,equal,4,settled,12
SHR_00062663,NPE_00062663,NPG_00015,NPU_00054,equal,5,settled,8
SHR_00062664,NPE_00062664,NPG_00019,NPU_00038,percentage,3,settled,10
SHR_00062665,NPE_00062665,NPG_00023,NPU_00058,equal,3,settled,11
SHR_00062666,NPE_00062666,NPG_00024,NPU_00078,equal,2,settled,14
SHR_00062667,NPE_00062667,NPG_00025,NPU_00044,equal,10,settled,14
SHR_00062668,NPE_00062668,NPG_00028,NPU_00050,equal,4,settled,16
SHR_00062773,NPE_00062773,NPG_00004,NPU_00001,equal,8,settled,15
SHR_00062774,NPE_00062774,NPG_00005,NPU_00013,equal,4,settled,11
SHR_00062775,NPE_00062775,NPG_00009,NPU_00028,equal,2,settled,13
SHR_00062776,NPE_00062776,NPG_00011,NPU_00041,equal,6,settled,8
SHR_00062777,NPE_00062777,NPG_00014,NPU_00028,equal,4,settled,18
SHR_00062778,NPE_00062778,NPG_00028,NPU_00027,equal,4,settled,5
SHR_00062855,NPE_00062855,NPG_00002,NPU_00032,equal,8,settled,11
SHR_00062856,NPE_00062856,NPG_00007,NPU_00047,equal,10,settled,9
SHR_00062857,NPE_00062857,NPG_00013,NPU_00003,custom,3,pending,25
SHR_00062858,NPE_00062858,NPG_00014,NPU_00019,equal,4,settled,11
SHR_00062859,NPE_00062859,NPG_00015,NPU_00054,equal,5,settled,10
SHR_00062860,NPE_00062860,NPG_00020,NPU_00040,percentage,5,settled,12
SHR_00062861,NPE_00062861,NPG_00026,NPU_00005,equal,6,settled,2
SHR_00062862,NPE_00062862,NPG_00028,NPU_00050,equal,4,settled,10
SHR_00062931,NPE_00062931,NPG_00008,NPU_00017,equal,6,settled,8
SHR_00062932,NPE_00062932,NPG_00010,NPU_00041,equal,2,settled,7
SHR_00062933,NPE_00062933,NPG_00019,NPU_00021,percentage,3,settled,16
SHR_00062934,NPE_00062934,NPG_00023,NPU_00058,equal,3,settled,16
SHR_00062935,NPE_00062935,NPG_00030,NPU_00043,custom,8,settled,20
SHR_00063046,NPE_00063046,NPG_00002,NPU_00060,equal,8,settled,18
SHR_00063047,NPE_00063047,NPG_00004,NPU_00056,equal,8,settled,19
SHR_00063048,NPE_00063048,NPG_00005,NPU_00066,equal,4,settled,14
SHR_00063049,NPE_00063049,NPG_00009,NPU_00028,equal,2,pending,23
SHR_00063050,NPE_00063050,NPG_00010,NPU_00041,equal,2,settled,15
SHR_00063051,NPE_00063051,NPG_00012,NPU_00070,equal,3,settled,18
SHR_00063052,NPE_00063052,NPG_00016,NPU_00073,equal,4,settled,6
SHR_00063053,NPE_00063053,NPG_00023,NPU_00040,equal,3,settled,10
SHR_00063054,NPE_00063054,NPG_00026,NPU_00049,equal,6,settled,12
SHR_00063055,NPE_00063055,NPG_00028,NPU_00050,equal,4,settled,8
SHR_00063056,NPE_00063056,NPG_00029,NPU_00058,equal,4,settled,9
SHR_00063057,NPE_00063057,NPG_00030,NPU_00043,custom,8,pending,27
SHR_00063159,NPE_00063159,NPG_00002,NPU_00060,equal,8,settled,5
SHR_00063160,NPE_00063160,NPG_00004,NPU_00075,equal,8,settled,17
SHR_00063161,NPE_00063161,NPG_00005,NPU_00013,equal,4,pending,23
SHR_00063162,NPE_00063162,NPG_00006,NPU_00047,equal,4,settled,10
SHR_00063163,NPE_00063163,NPG_00008,NPU_00017,equal,6,settled,15
SHR_00063164,NPE_00063164,NPG_00009,NPU_00012,equal,2,settled,10
SHR_00063165,NPE_00063165,NPG_00013,NPU_00003,custom,3,settled,12
SHR_00063166,NPE_00063166,NPG_00014,NPU_00067,equal,4,settled,7
SHR_00063167,NPE_00063167,NPG_00015,NPU_00065,equal,5,settled,8
SHR_00063168,NPE_00063168,NPG_00016,NPU_00073,equal,4,settled,10
SHR_00063169,NPE_00063169,NPG_00023,NPU_00040,equal,3,settled,10
SHR_00063170,NPE_00063170,NPG_00024,NPU_00058,equal,2,settled,4
SHR_00063264,NPE_00063264,NPG_00001,NPU_00079,custom,3,settled,11
SHR_00063265,NPE_00063265,NPG_00002,NPU_00067,equal,8,settled,13
SHR_00063266,NPE_00063266,NPG_00005,NPU_00046,equal,4,settled,8
SHR_00063267,NPE_00063267,NPG_00007,NPU_00072,equal,10,settled,12
SHR_00063268,NPE_00063268,NPG_00013,NPU_00066,custom,3,settled,7
SHR_00063269,NPE_00063269,NPG_00016,NPU_00075,equal,4,settled,17
SHR_00063270,NPE_00063270,NPG_00017,NPU_00042,equal,7,settled,12
SHR_00063271,NPE_00063271,NPG_00018,NPU_00076,custom,4,settled,11
SHR_00063272,NPE_00063272,NPG_00020,NPU_00059,percentage,5,settled,18
SHR_00063273,NPE_00063273,NPG_00021,NPU_00032,equal,7,settled,14
SHR_00063274,NPE_00063274,NPG_00024,NPU_00078,equal,2,settled,17
SHR_00063355,NPE_00063355,NPG_00006,NPU_00047,equal,4,settled,0
SHR_00063356,NPE_00063356,NPG_00013,NPU_00066,custom,3,settled,8
SHR_00063357,NPE_00063357,NPG_00019,NPU_00038,percentage,3,settled,5
SHR_00063358,NPE_00063358,NPG_00026,NPU_00005,equal,6,settled,7
SHR_00063436,NPE_00063436,NPG_00001,NPU_00056,custom,3,settled,11
SHR_00063437,NPE_00063437,NPG_00008,NPU_00060,equal,6,settled,7
SHR_00063438,NPE_00063438,NPG_00009,NPU_00012,equal,2,settled,5
SHR_00063439,NPE_00063439,NPG_00020,NPU_00059,percentage,5,settled,9
SHR_00063440,NPE_00063440,NPG_00023,NPU_00058,equal,3,settled,1
SHR_00063441,NPE_00063441,NPG_00025,NPU_00080,equal,10,settled,12
SHR_00063526,NPE_00063526,NPG_00016,NPU_00075,equal,4,settled,5
SHR_00063527,NPE_00063527,NPG_00019,NPU_00059,percentage,3,settled,0
SHR_00063528,NPE_00063528,NPG_00024,NPU_00058,equal,2,settled,4
SHR_00063529,NPE_00063529,NPG_00027,NPU_00005,custom,3,settled,10
SHR_00063530,NPE_00063530,NPG_00028,NPU_00027,equal,4,settled,4
SHR_00063596,NPE_00063596,NPG_00002,NPU_00005,equal,8,settled,7
SHR_00063597,NPE_00063597,NPG_00008,NPU_00055,equal,6,settled,9
SHR_00063598,NPE_00063598,NPG_00013,NPU_00066,custom,3,settled,14
SHR_00063599,NPE_00063599,NPG_00015,NPU_00071,equal,5,settled,2
SHR_00063600,NPE_00063600,NPG_00019,NPU_00059,percentage,3,settled,2
SHR_00063601,NPE_00063601,NPG_00028,NPU_00008,equal,4,settled,4
SHR_00063602,NPE_00063602,NPG_00029,NPU_00047,equal,4,settled,8
SHR_00063663,NPE_00063663,NPG_00009,NPU_00012,equal,2,pending,22
SHR_00063664,NPE_00063664,NPG_00013,NPU_00003,custom,3,settled,12
SHR_00063665,NPE_00063665,NPG_00029,NPU_00058,equal,4,settled,0
SHR_00063761,NPE_00063761,NPG_00002,NPU_00072,equal,8,settled,8
SHR_00063762,NPE_00063762,NPG_00004,NPU_00056,equal,8,settled,8
SHR_00063763,NPE_00063763,NPG_00005,NPU_00046,equal,4,settled,9
SHR_00063764,NPE_00063764,NPG_00006,NPU_00054,equal,4,settled,9
SHR_00063765,NPE_00063765,NPG_00009,NPU_00028,equal,2,settled,9
SHR_00063766,NPE_00063766,NPG_00014,NPU_00067,equal,4,settled,11
SHR_00063767,NPE_00063767,NPG_00020,NPU_00059,percentage,5,settled,11
SHR_00063768,NPE_00063768,NPG_00024,NPU_00078,equal,2,settled,0
SHR_00063769,NPE_00063769,NPG_00030,NPU_00028,custom,8,settled,13
SHR_00063866,NPE_00063866,NPG_00008,NPU_00017,equal,6,settled,7
SHR_00063867,NPE_00063867,NPG_00011,NPU_00040,equal,6,settled,6
SHR_00063868,NPE_00063868,NPG_00013,NPU_00077,custom,3,settled,7
SHR_00063869,NPE_00063869,NPG_00016,NPU_00075,equal,4,settled,4
SHR_00063870,NPE_00063870,NPG_00019,NPU_00021,percentage,3,settled,14
SHR_00063941,NPE_00063941,NPG_00004,NPU_00059,equal,8,settled,8
SHR_00063942,NPE_00063942,NPG_00005,NPU_00013,equal,4,pending,24
SHR_00063943,NPE_00063943,NPG_00007,NPU_00071,equal,10,settled,11
SHR_00063944,NPE_00063944,NPG_00009,NPU_00012,equal,2,settled,14
SHR_00063945,NPE_00063945,NPG_00010,NPU_00041,equal,2,settled,1
SHR_00063946,NPE_00063946,NPG_00013,NPU_00077,custom,3,settled,3
SHR_00063947,NPE_00063947,NPG_00016,NPU_00073,equal,4,settled,9
SHR_00063948,NPE_00063948,NPG_00017,NPU_00023,equal,7,settled,10
SHR_00063949,NPE_00063949,NPG_00019,NPU_00021,percentage,3,settled,7
SHR_00063950,NPE_00063950,NPG_00020,NPU_00040,percentage,5,settled,12
SHR_00063951,NPE_00063951,NPG_00023,NPU_00040,equal,3,settled,12
SHR_00063952,NPE_00063952,NPG_00024,NPU_00078,equal,2,settled,11
SHR_00064038,NPE_00064038,NPG_00005,NPU_00013,equal,4,settled,17
SHR_00064039,NPE_00064039,NPG_00009,NPU_00028,equal,2,settled,0
SHR_00064040,NPE_00064040,NPG_00010,NPU_00041,equal,2,settled,2
SHR_00064041,NPE_00064041,NPG_00013,NPU_00003,custom,3,settled,12
SHR_00064042,NPE_00064042,NPG_00019,NPU_00021,percentage,3,settled,11
SHR_00064043,NPE_00064043,NPG_00021,NPU_00007,equal,7,settled,8
SHR_00064044,NPE_00064044,NPG_00024,NPU_00078,equal,2,settled,9
SHR_00064121,NPE_00064121,NPG_00010,NPU_00019,equal,2,settled,3
SHR_00064122,NPE_00064122,NPG_00014,NPU_00028,equal,4,settled,2
SHR_00064123,NPE_00064123,NPG_00015,NPU_00047,equal,5,settled,8
SHR_00064124,NPE_00064124,NPG_00023,NPU_00001,equal,3,settled,0
SHR_00064125,NPE_00064125,NPG_00029,NPU_00047,equal,4,settled,4
SHR_00064199,NPE_00064199,NPG_00002,NPU_00005,equal,8,settled,15
SHR_00064200,NPE_00064200,NPG_00006,NPU_00047,equal,4,settled,1
SHR_00064201,NPE_00064201,NPG_00016,NPU_00035,equal,4,settled,10
SHR_00064202,NPE_00064202,NPG_00017,NPU_00054,equal,7,settled,16
SHR_00064203,NPE_00064203,NPG_00019,NPU_00059,percentage,3,settled,12
SHR_00064204,NPE_00064204,NPG_00025,NPU_00080,equal,10,settled,6
SHR_00064205,NPE_00064205,NPG_00030,NPU_00028,custom,8,settled,9
SHR_00064308,NPE_00064308,NPG_00005,NPU_00066,equal,4,settled,5
SHR_00064309,NPE_00064309,NPG_00006,NPU_00047,equal,4,settled,7
SHR_00064310,NPE_00064310,NPG_00008,NPU_00060,equal,6,settled,11
SHR_00064311,NPE_00064311,NPG_00009,NPU_00028,equal,2,settled,0
SHR_00064312,NPE_00064312,NPG_00020,NPU_00059,percentage,5,settled,11
SHR_00064397,NPE_00064397,NPG_00002,NPU_00054,equal,8,pending,22
SHR_00064398,NPE_00064398,NPG_00003,NPU_00039,custom,3,settled,11
SHR_00064399,NPE_00064399,NPG_00004,NPU_00001,equal,8,settled,7
SHR_00064400,NPE_00064400,NPG_00009,NPU_00012,equal,2,settled,4
SHR_00064401,NPE_00064401,NPG_00014,NPU_00019,equal,4,settled,12
SHR_00064402,NPE_00064402,NPG_00016,NPU_00073,equal,4,settled,17
SHR_00064403,NPE_00064403,NPG_00021,NPU_00032,equal,7,settled,15
SHR_00064404,NPE_00064404,NPG_00028,NPU_00050,equal,4,settled,16
SHR_00064525,NPE_00064525,NPG_00008,NPU_00051,equal,6,settled,6
SHR_00064526,NPE_00064526,NPG_00014,NPU_00028,equal,4,settled,20
SHR_00064527,NPE_00064527,NPG_00015,NPU_00071,equal,5,settled,20
SHR_00064528,NPE_00064528,NPG_00019,NPU_00021,percentage,3,settled,12
SHR_00064529,NPE_00064529,NPG_00022,NPU_00049,equal,2,settled,5
SHR_00064530,NPE_00064530,NPG_00024,NPU_00078,equal,2,settled,6
SHR_00064531,NPE_00064531,NPG_00025,NPU_00044,equal,10,settled,15
SHR_00064532,NPE_00064532,NPG_00028,NPU_00050,equal,4,settled,14
SHR_00064604,NPE_00064604,NPG_00001,NPU_00079,custom,3,settled,4
SHR_00064605,NPE_00064605,NPG_00005,NPU_00013,equal,4,settled,9
SHR_00064606,NPE_00064606,NPG_00008,NPU_00051,equal,6,settled,12
SHR_00064607,NPE_00064607,NPG_00010,NPU_00041,equal,2,settled,12
SHR_00064608,NPE_00064608,NPG_00015,NPU_00012,equal,5,settled,11
SHR_00064609,NPE_00064609,NPG_00016,NPU_00075,equal,4,settled,15
SHR_00064610,NPE_00064610,NPG_00017,NPU_00054,equal,7,settled,8
SHR_00064611,NPE_00064611,NPG_00021,NPU_00032,equal,7,settled,15
SHR_00064612,NPE_00064612,NPG_00023,NPU_00001,equal,3,settled,6
SHR_00064613,NPE_00064613,NPG_00028,NPU_00008,equal,4,settled,14
SHR_00064739,NPE_00064739,NPG_00013,NPU_00003,custom,3,settled,14
SHR_00064740,NPE_00064740,NPG_00014,NPU_00067,equal,4,settled,8
SHR_00064741,NPE_00064741,NPG_00021,NPU_00007,equal,7,settled,21
SHR_00064742,NPE_00064742,NPG_00025,NPU_00061,equal,10,settled,13
SHR_00064743,NPE_00064743,NPG_00026,NPU_00070,equal,6,settled,17
SHR_00064816,NPE_00064816,NPG_00004,NPU_00059,equal,8,settled,19
SHR_00064817,NPE_00064817,NPG_00008,NPU_00060,equal,6,settled,7
SHR_00064818,NPE_00064818,NPG_00011,NPU_00004,equal,6,settled,13
SHR_00064819,NPE_00064819,NPG_00015,NPU_00065,equal,5,settled,4
SHR_00064820,NPE_00064820,NPG_00016,NPU_00075,equal,4,settled,6
SHR_00064821,NPE_00064821,NPG_00026,NPU_00070,equal,6,settled,17
SHR_00064822,NPE_00064822,NPG_00028,NPU_00008,equal,4,settled,14
SHR_00064823,NPE_00064823,NPG_00030,NPU_00028,custom,8,settled,11
SHR_00064917,NPE_00064917,NPG_00001,NPU_00056,custom,3,settled,10
SHR_00064918,NPE_00064918,NPG_00006,NPU_00054,equal,4,settled,8
SHR_00064919,NPE_00064919,NPG_00007,NPU_00055,equal,10,settled,5
SHR_00064920,NPE_00064920,NPG_00008,NPU_00069,equal,6,settled,19
SHR_00064921,NPE_00064921,NPG_00010,NPU_00019,equal,2,settled,8
SHR_00064922,NPE_00064922,NPG_00014,NPU_00019,equal,4,settled,11
SHR_00064923,NPE_00064923,NPG_00015,NPU_00065,equal,5,settled,9
SHR_00064924,NPE_00064924,NPG_00016,NPU_00035,equal,4,settled,12
SHR_00064925,NPE_00064925,NPG_00017,NPU_00052,equal,7,settled,11
SHR_00065054,NPE_00065054,NPG_00002,NPU_00067,equal,8,settled,16
SHR_00065055,NPE_00065055,NPG_00004,NPU_00001,equal,8,settled,14
SHR_00065056,NPE_00065056,NPG_00007,NPU_00055,equal,10,settled,7
SHR_00065057,NPE_00065057,NPG_00010,NPU_00041,equal,2,settled,1
SHR_00065058,NPE_00065058,NPG_00019,NPU_00021,percentage,3,settled,18
SHR_00065059,NPE_00065059,NPG_00022,NPU_00009,equal,2,settled,1
SHR_00065060,NPE_00065060,NPG_00026,NPU_00070,equal,6,settled,16
SHR_00065156,NPE_00065156,NPG_00002,NPU_00067,equal,8,settled,13
SHR_00065157,NPE_00065157,NPG_00006,NPU_00029,equal,4,settled,16
SHR_00065158,NPE_00065158,NPG_00009,NPU_00012,equal,2,settled,5
SHR_00065159,NPE_00065159,NPG_00010,NPU_00019,equal,2,settled,9
SHR_00065160,NPE_00065160,NPG_00014,NPU_00019,equal,4,settled,14
SHR_00065161,NPE_00065161,NPG_00017,NPU_00071,equal,7,settled,19
SHR_00065162,NPE_00065162,NPG_00019,NPU_00059,percentage,3,settled,16
SHR_00065163,NPE_00065163,NPG_00028,NPU_00027,equal,4,settled,11
SHR_00065265,NPE_00065265,NPG_00005,NPU_00026,equal,4,settled,12
SHR_00065266,NPE_00065266,NPG_00009,NPU_00028,equal,2,settled,4
SHR_00065267,NPE_00065267,NPG_00010,NPU_00041,equal,2,settled,7
SHR_00065268,NPE_00065268,NPG_00012,NPU_00020,equal,3,settled,7
SHR_00065269,NPE_00065269,NPG_00013,NPU_00066,custom,3,settled,13
SHR_00065270,NPE_00065270,NPG_00014,NPU_00007,equal,4,settled,19
SHR_00065271,NPE_00065271,NPG_00016,NPU_00047,equal,4,settled,19
SHR_00065272,NPE_00065272,NPG_00017,NPU_00052,equal,7,pending,23
SHR_00065273,NPE_00065273,NPG_00021,NPU_00008,equal,7,settled,7
SHR_00065274,NPE_00065274,NPG_00023,NPU_00001,equal,3,settled,10
SHR_00065275,NPE_00065275,NPG_00027,NPU_00062,custom,3,settled,11
SHR_00065350,NPE_00065350,NPG_00006,NPU_00029,equal,4,settled,6
SHR_00065351,NPE_00065351,NPG_00010,NPU_00019,equal,2,settled,10
SHR_00065352,NPE_00065352,NPG_00013,NPU_00066,custom,3,settled,19
SHR_00065353,NPE_00065353,NPG_00014,NPU_00067,equal,4,settled,18
SHR_00065354,NPE_00065354,NPG_00018,NPU_00029,custom,4,settled,12
SHR_00065355,NPE_00065355,NPG_00019,NPU_00059,percentage,3,settled,19
SHR_00065356,NPE_00065356,NPG_00021,NPU_00008,equal,7,settled,13
SHR_00065357,NPE_00065357,NPG_00022,NPU_00049,equal,2,settled,7
SHR_00065358,NPE_00065358,NPG_00023,NPU_00058,equal,3,settled,15
SHR_00065359,NPE_00065359,NPG_00026,NPU_00005,equal,6,settled,21
SHR_00065360,NPE_00065360,NPG_00028,NPU_00008,equal,4,settled,12
SHR_00065505,NPE_00065505,NPG_00002,NPU_00046,equal,8,settled,19
SHR_00065506,NPE_00065506,NPG_00007,NPU_00003,equal,10,settled,4
SHR_00065507,NPE_00065507,NPG_00012,NPU_00020,equal,3,settled,6
SHR_00065508,NPE_00065508,NPG_00015,NPU_00047,equal,5,settled,16
SHR_00065509,NPE_00065509,NPG_00016,NPU_00073,equal,4,settled,15
SHR_00065510,NPE_00065510,NPG_00024,NPU_00078,equal,2,settled,5
SHR_00065511,NPE_00065511,NPG_00026,NPU_00070,equal,6,settled,10
SHR_00065512,NPE_00065512,NPG_00028,NPU_00008,equal,4,settled,6
SHR_00065598,NPE_00065598,NPG_00004,NPU_00073,equal,8,settled,13
SHR_00065599,NPE_00065599,NPG_00016,NPU_00073,equal,4,settled,4
SHR_00065600,NPE_00065600,NPG_00017,NPU_00071,equal,7,settled,17
SHR_00065601,NPE_00065601,NPG_00020,NPU_00052,percentage,5,settled,9
SHR_00065602,NPE_00065602,NPG_00023,NPU_00001,equal,3,settled,4
SHR_00065603,NPE_00065603,NPG_00028,NPU_00058,equal,4,settled,5
SHR_00065690,NPE_00065690,NPG_00005,NPU_00066,equal,4,settled,6
SHR_00065691,NPE_00065691,NPG_00010,NPU_00041,equal,2,settled,11
SHR_00065692,NPE_00065692,NPG_00015,NPU_00071,equal,5,settled,0
SHR_00065693,NPE_00065693,NPG_00016,NPU_00075,equal,4,settled,7
SHR_00065694,NPE_00065694,NPG_00017,NPU_00003,equal,7,settled,16
SHR_00065695,NPE_00065695,NPG_00019,NPU_00038,percentage,3,settled,16
SHR_00065696,NPE_00065696,NPG_00023,NPU_00001,equal,3,settled,11
SHR_00065697,NPE_00065697,NPG_00025,NPU_00018,equal,10,settled,7
SHR_00065698,NPE_00065698,NPG_00030,NPU_00021,custom,8,settled,9
SHR_00065785,NPE_00065785,NPG_00004,NPU_00058,equal,8,settled,4
SHR_00065786,NPE_00065786,NPG_00005,NPU_00046,equal,4,settled,11
SHR_00065787,NPE_00065787,NPG_00010,NPU_00019,equal,2,settled,0
SHR_00065788,NPE_00065788,NPG_00016,NPU_00075,equal,4,settled,5
SHR_00065789,NPE_00065789,NPG_00023,NPU_00040,equal,3,settled,0
SHR_00065790,NPE_00065790,NPG_00024,NPU_00058,equal,2,settled,3
SHR_00065791,NPE_00065791,NPG_00025,NPU_00026,equal,10,settled,5
SHR_00065890,NPE_00065890,NPG_00004,NPU_00075,equal,8,settled,7
SHR_00065891,NPE_00065891,NPG_00009,NPU_00012,equal,2,settled,5
SHR_00065892,NPE_00065892,NPG_00010,NPU_00041,equal,2,settled,0
SHR_00065893,NPE_00065893,NPG_00013,NPU_00066,custom,3,settled,11
SHR_00065894,NPE_00065894,NPG_00021,NPU_00080,equal,7,settled,6
SHR_00065995,NPE_00065995,NPG_00002,NPU_00060,equal,8,settled,21
SHR_00065996,NPE_00065996,NPG_00009,NPU_00012,equal,2,settled,10
SHR_00065997,NPE_00065997,NPG_00015,NPU_00065,equal,5,settled,11
SHR_00065998,NPE_00065998,NPG_00023,NPU_00058,equal,3,settled,4
SHR_00065999,NPE_00065999,NPG_00025,NPU_00061,equal,10,settled,4
SHR_00066125,NPE_00066125,NPG_00002,NPU_00005,equal,8,settled,17
SHR_00066126,NPE_00066126,NPG_00009,NPU_00028,equal,2,settled,0
SHR_00066127,NPE_00066127,NPG_00015,NPU_00054,equal,5,settled,0
SHR_00066128,NPE_00066128,NPG_00019,NPU_00021,percentage,3,settled,13
SHR_00066129,NPE_00066129,NPG_00024,NPU_00078,equal,2,settled,4
SHR_00066130,NPE_00066130,NPG_00027,NPU_00031,custom,3,settled,16
SHR_00066216,NPE_00066216,NPG_00008,NPU_00055,equal,6,settled,11
SHR_00066217,NPE_00066217,NPG_00010,NPU_00041,equal,2,settled,0
SHR_00066218,NPE_00066218,NPG_00017,NPU_00052,equal,7,settled,5
SHR_00066284,NPE_00066284,NPG_00004,NPU_00071,equal,8,settled,3
SHR_00066285,NPE_00066285,NPG_00016,NPU_00047,equal,4,settled,16
SHR_00066286,NPE_00066286,NPG_00017,NPU_00071,equal,7,settled,14
SHR_00066287,NPE_00066287,NPG_00023,NPU_00001,equal,3,settled,3
SHR_00066288,NPE_00066288,NPG_00024,NPU_00078,equal,2,settled,0
SHR_00066289,NPE_00066289,NPG_00025,NPU_00001,equal,10,settled,12
SHR_00066374,NPE_00066374,NPG_00008,NPU_00028,equal,6,settled,1
SHR_00066375,NPE_00066375,NPG_00016,NPU_00073,equal,4,settled,4
SHR_00066376,NPE_00066376,NPG_00021,NPU_00008,equal,7,settled,4
SHR_00066377,NPE_00066377,NPG_00023,NPU_00058,equal,3,settled,8
SHR_00066378,NPE_00066378,NPG_00024,NPU_00078,equal,2,settled,2
SHR_00066379,NPE_00066379,NPG_00027,NPU_00005,custom,3,settled,13
SHR_00066380,NPE_00066380,NPG_00029,NPU_00024,equal,4,settled,16
SHR_00066458,NPE_00066458,NPG_00007,NPU_00015,equal,10,settled,5
SHR_00066459,NPE_00066459,NPG_00009,NPU_00012,equal,2,settled,12
SHR_00066460,NPE_00066460,NPG_00013,NPU_00077,custom,3,settled,0
SHR_00066461,NPE_00066461,NPG_00019,NPU_00059,percentage,3,settled,9
SHR_00066462,NPE_00066462,NPG_00024,NPU_00078,equal,2,settled,4
SHR_00066463,NPE_00066463,NPG_00027,NPU_00031,custom,3,settled,14
SHR_00066464,NPE_00066464,NPG_00028,NPU_00008,equal,4,settled,12
SHR_00066465,NPE_00066465,NPG_00030,NPU_00063,custom,8,settled,13
SHR_00066562,NPE_00066562,NPG_00001,NPU_00056,custom,3,settled,5
SHR_00066563,NPE_00066563,NPG_00015,NPU_00012,equal,5,settled,5
SHR_00066564,NPE_00066564,NPG_00016,NPU_00047,equal,4,settled,6
SHR_00066565,NPE_00066565,NPG_00022,NPU_00049,equal,2,settled,8
SHR_00066566,NPE_00066566,NPG_00023,NPU_00040,equal,3,settled,9
SHR_00066567,NPE_00066567,NPG_00024,NPU_00078,equal,2,settled,13
SHR_00066669,NPE_00066669,NPG_00005,NPU_00066,equal,4,settled,14
SHR_00066670,NPE_00066670,NPG_00007,NPU_00055,equal,10,settled,10
SHR_00066671,NPE_00066671,NPG_00023,NPU_00058,equal,3,settled,15
SHR_00066672,NPE_00066672,NPG_00026,NPU_00049,equal,6,settled,6
SHR_00066673,NPE_00066673,NPG_00028,NPU_00058,equal,4,settled,1
SHR_00066674,NPE_00066674,NPG_00030,NPU_00074,custom,8,settled,17
SHR_00066746,NPE_00066746,NPG_00010,NPU_00041,equal,2,settled,10
SHR_00066747,NPE_00066747,NPG_00014,NPU_00028,equal,4,settled,12
SHR_00066748,NPE_00066748,NPG_00016,NPU_00073,equal,4,settled,13
SHR_00066749,NPE_00066749,NPG_00019,NPU_00021,percentage,3,settled,11
SHR_00066750,NPE_00066750,NPG_00021,NPU_00007,equal,7,settled,7
SHR_00066751,NPE_00066751,NPG_00024,NPU_00058,equal,2,settled,0
SHR_00066752,NPE_00066752,NPG_00028,NPU_00027,equal,4,settled,4
SHR_00066825,NPE_00066825,NPG_00009,NPU_00028,equal,2,settled,1
SHR_00066826,NPE_00066826,NPG_00019,NPU_00021,percentage,3,settled,9
SHR_00066827,NPE_00066827,NPG_00023,NPU_00001,equal,3,settled,9
SHR_00066828,NPE_00066828,NPG_00024,NPU_00058,equal,2,settled,16
SHR_00066829,NPE_00066829,NPG_00026,NPU_00051,equal,6,settled,19
SHR_00066906,NPE_00066906,NPG_00002,NPU_00046,equal,8,settled,5
SHR_00066907,NPE_00066907,NPG_00004,NPU_00056,equal,8,settled,7
SHR_00066908,NPE_00066908,NPG_00005,NPU_00066,equal,4,settled,3
SHR_00066909,NPE_00066909,NPG_00010,NPU_00041,equal,2,settled,7
SHR_00066910,NPE_00066910,NPG_00015,NPU_00071,equal,5,settled,9
SHR_00066911,NPE_00066911,NPG_00017,NPU_00023,equal,7,settled,4
SHR_00066912,NPE_00066912,NPG_00020,NPU_00052,percentage,5,settled,0
SHR_00066994,NPE_00066994,NPG_00007,NPU_00067,equal,10,settled,16
SHR_00066995,NPE_00066995,NPG_00010,NPU_00041,equal,2,settled,5
SHR_00066996,NPE_00066996,NPG_00014,NPU_00019,equal,4,settled,12
SHR_00066997,NPE_00066997,NPG_00017,NPU_00067,equal,7,settled,6
SHR_00066998,NPE_00066998,NPG_00024,NPU_00058,equal,2,settled,7
SHR_00067073,NPE_00067073,NPG_00006,NPU_00047,equal,4,settled,7
SHR_00067074,NPE_00067074,NPG_00017,NPU_00067,equal,7,settled,10
SHR_00067075,NPE_00067075,NPG_00028,NPU_00050,equal,4,settled,12
SHR_00067160,NPE_00067160,NPG_00005,NPU_00013,equal,4,settled,3
SHR_00067161,NPE_00067161,NPG_00007,NPU_00072,equal,10,settled,0
SHR_00067162,NPE_00067162,NPG_00010,NPU_00019,equal,2,settled,10
SHR_00067163,NPE_00067163,NPG_00012,NPU_00070,equal,3,settled,4
SHR_00067164,NPE_00067164,NPG_00014,NPU_00007,equal,4,settled,2
SHR_00067165,NPE_00067165,NPG_00018,NPU_00002,custom,4,settled,5
SHR_00067166,NPE_00067166,NPG_00023,NPU_00058,equal,3,settled,10
SHR_00067167,NPE_00067167,NPG_00026,NPU_00070,equal,6,settled,6
SHR_00067296,NPE_00067296,NPG_00006,NPU_00019,equal,4,settled,4
SHR_00067297,NPE_00067297,NPG_00014,NPU_00067,equal,4,settled,0
SHR_00067298,NPE_00067298,NPG_00021,NPU_00068,equal,7,settled,2
SHR_00067299,NPE_00067299,NPG_00022,NPU_00049,equal,2,settled,0
SHR_00067300,NPE_00067300,NPG_00023,NPU_00001,equal,3,settled,2
SHR_00067301,NPE_00067301,NPG_00028,NPU_00058,equal,4,settled,11
SHR_00067302,NPE_00067302,NPG_00030,NPU_00043,custom,8,pending,22
SHR_00067374,NPE_00067374,NPG_00002,NPU_00063,equal,8,settled,10
SHR_00067375,NPE_00067375,NPG_00013,NPU_00077,custom,3,settled,4
SHR_00067376,NPE_00067376,NPG_00016,NPU_00047,equal,4,settled,5
SHR_00067377,NPE_00067377,NPG_00021,NPU_00008,equal,7,settled,12
SHR_00067378,NPE_00067378,NPG_00024,NPU_00058,equal,2,settled,4
SHR_00067379,NPE_00067379,NPG_00028,NPU_00050,equal,4,settled,3
SHR_00067380,NPE_00067380,NPG_00030,NPU_00028,custom,8,settled,17
SHR_00067472,NPE_00067472,NPG_00008,NPU_00017,equal,6,settled,8
SHR_00067473,NPE_00067473,NPG_00012,NPU_00020,equal,3,settled,4
SHR_00067474,NPE_00067474,NPG_00014,NPU_00028,equal,4,settled,6
SHR_00067475,NPE_00067475,NPG_00016,NPU_00047,equal,4,settled,0
SHR_00067476,NPE_00067476,NPG_00024,NPU_00058,equal,2,settled,6
SHR_00067543,NPE_00067543,NPG_00001,NPU_00056,custom,3,settled,8
SHR_00067544,NPE_00067544,NPG_00004,NPU_00075,equal,8,settled,14
SHR_00067545,NPE_00067545,NPG_00007,NPU_00015,equal,10,settled,11
SHR_00067546,NPE_00067546,NPG_00021,NPU_00032,equal,7,settled,6
SHR_00067547,NPE_00067547,NPG_00024,NPU_00058,equal,2,settled,9
SHR_00067548,NPE_00067548,NPG_00026,NPU_00070,equal,6,settled,2
SHR_00067549,NPE_00067549,NPG_00028,NPU_00008,equal,4,settled,12
SHR_00067671,NPE_00067671,NPG_00006,NPU_00054,equal,4,settled,12
SHR_00067672,NPE_00067672,NPG_00016,NPU_00073,equal,4,settled,1
SHR_00067673,NPE_00067673,NPG_00023,NPU_00001,equal,3,settled,11
SHR_00067674,NPE_00067674,NPG_00024,NPU_00078,equal,2,settled,8
SHR_00067757,NPE_00067757,NPG_00002,NPU_00005,equal,8,settled,1
SHR_00067758,NPE_00067758,NPG_00005,NPU_00046,equal,4,settled,14
SHR_00067759,NPE_00067759,NPG_00014,NPU_00067,equal,4,settled,3
SHR_00067760,NPE_00067760,NPG_00015,NPU_00071,equal,5,settled,2
SHR_00067761,NPE_00067761,NPG_00021,NPU_00021,equal,7,settled,8
SHR_00067762,NPE_00067762,NPG_00028,NPU_00058,equal,4,settled,10
SHR_00067763,NPE_00067763,NPG_00029,NPU_00058,equal,4,settled,3
SHR_00067866,NPE_00067866,NPG_00002,NPU_00063,equal,8,settled,9
SHR_00067867,NPE_00067867,NPG_00008,NPU_00055,equal,6,settled,3
SHR_00067868,NPE_00067868,NPG_00009,NPU_00012,equal,2,pending,26
SHR_00067869,NPE_00067869,NPG_00014,NPU_00007,equal,4,settled,12
SHR_00067870,NPE_00067870,NPG_00023,NPU_00040,equal,3,settled,4
SHR_00067871,NPE_00067871,NPG_00024,NPU_00078,equal,2,settled,4
SHR_00067872,NPE_00067872,NPG_00027,NPU_00031,custom,3,settled,15
SHR_00067873,NPE_00067873,NPG_00029,NPU_00053,equal,4,settled,10
SHR_00067874,NPE_00067874,NPG_00030,NPU_00021,custom,8,settled,12
SHR_00068035,NPE_00068035,NPG_00008,NPU_00060,equal,6,settled,5
SHR_00068036,NPE_00068036,NPG_00019,NPU_00021,percentage,3,settled,5
SHR_00068037,NPE_00068037,NPG_00021,NPU_00008,equal,7,settled,8
SHR_00068038,NPE_00068038,NPG_00026,NPU_00047,equal,6,settled,6
SHR_00068039,NPE_00068039,NPG_00028,NPU_00050,equal,4,settled,2
SHR_00068040,NPE_00068040,NPG_00030,NPU_00063,custom,8,settled,10
SHR_00068121,NPE_00068121,NPG_00003,NPU_00039,custom,3,settled,6
SHR_00068122,NPE_00068122,NPG_00004,NPU_00059,equal,8,settled,17
SHR_00068123,NPE_00068123,NPG_00015,NPU_00054,equal,5,settled,7
SHR_00068124,NPE_00068124,NPG_00020,NPU_00059,percentage,5,settled,7
SHR_00068125,NPE_00068125,NPG_00021,NPU_00080,equal,7,settled,5
SHR_00068126,NPE_00068126,NPG_00023,NPU_00058,equal,3,settled,6
SHR_00068127,NPE_00068127,NPG_00026,NPU_00047,equal,6,settled,10
SHR_00068128,NPE_00068128,NPG_00028,NPU_00008,equal,4,settled,4
SHR_00068129,NPE_00068129,NPG_00029,NPU_00024,equal,4,settled,1
SHR_00068211,NPE_00068211,NPG_00028,NPU_00027,equal,4,settled,14
SHR_00068281,NPE_00068281,NPG_00002,NPU_00054,equal,8,settled,19
SHR_00068282,NPE_00068282,NPG_00009,NPU_00028,equal,2,settled,5
SHR_00068283,NPE_00068283,NPG_00010,NPU_00041,equal,2,settled,12
SHR_00068284,NPE_00068284,NPG_00013,NPU_00066,custom,3,settled,4
SHR_00068285,NPE_00068285,NPG_00016,NPU_00035,equal,4,settled,1
SHR_00068286,NPE_00068286,NPG_00024,NPU_00058,equal,2,settled,6
SHR_00068287,NPE_00068287,NPG_00026,NPU_00047,equal,6,settled,4
SHR_00068421,NPE_00068421,NPG_00013,NPU_00066,custom,3,settled,11
SHR_00068422,NPE_00068422,NPG_00017,NPU_00054,equal,7,settled,11
SHR_00068423,NPE_00068423,NPG_00020,NPU_00040,percentage,5,settled,4
SHR_00068424,NPE_00068424,NPG_00024,NPU_00058,equal,2,settled,1
SHR_00068493,NPE_00068493,NPG_00008,NPU_00069,equal,6,settled,12
SHR_00068494,NPE_00068494,NPG_00014,NPU_00028,equal,4,settled,15
SHR_00068495,NPE_00068495,NPG_00023,NPU_00040,equal,3,settled,9
SHR_00068496,NPE_00068496,NPG_00026,NPU_00005,equal,6,settled,12
SHR_00068590,NPE_00068590,NPG_00008,NPU_00051,equal,6,settled,9
SHR_00068591,NPE_00068591,NPG_00009,NPU_00028,equal,2,settled,6
SHR_00068592,NPE_00068592,NPG_00010,NPU_00019,equal,2,settled,5
SHR_00068593,NPE_00068593,NPG_00015,NPU_00047,equal,5,settled,9
SHR_00068594,NPE_00068594,NPG_00021,NPU_00080,equal,7,settled,14
SHR_00068725,NPE_00068725,NPG_00001,NPU_00022,custom,3,settled,11
SHR_00068726,NPE_00068726,NPG_00002,NPU_00067,equal,8,settled,10
SHR_00068727,NPE_00068727,NPG_00015,NPU_00071,equal,5,settled,9
SHR_00068728,NPE_00068728,NPG_00016,NPU_00073,equal,4,settled,4
SHR_00068729,NPE_00068729,NPG_00022,NPU_00049,equal,2,settled,15
SHR_00068730,NPE_00068730,NPG_00024,NPU_00078,equal,2,settled,5
SHR_00068731,NPE_00068731,NPG_00028,NPU_00008,equal,4,settled,1
SHR_00068795,NPE_00068795,NPG_00013,NPU_00077,custom,3,settled,13
SHR_00068796,NPE_00068796,NPG_00017,NPU_00054,equal,7,settled,12
SHR_00068797,NPE_00068797,NPG_00019,NPU_00021,percentage,3,settled,3
SHR_00068798,NPE_00068798,NPG_00021,NPU_00068,equal,7,settled,10
SHR_00068799,NPE_00068799,NPG_00024,NPU_00058,equal,2,settled,4
SHR_00068870,NPE_00068870,NPG_00016,NPU_00073,equal,4,settled,9
SHR_00068871,NPE_00068871,NPG_00023,NPU_00058,equal,3,settled,9
SHR_00068988,NPE_00068988,NPG_00006,NPU_00029,equal,4,settled,11
SHR_00068989,NPE_00068989,NPG_00010,NPU_00041,equal,2,settled,7
SHR_00068990,NPE_00068990,NPG_00012,NPU_00015,equal,3,settled,4
SHR_00068991,NPE_00068991,NPG_00013,NPU_00003,custom,3,settled,10
SHR_00068992,NPE_00068992,NPG_00014,NPU_00007,equal,4,settled,5
SHR_00068993,NPE_00068993,NPG_00021,NPU_00032,equal,7,settled,4
SHR_00069071,NPE_00069071,NPG_00018,NPU_00075,custom,4,settled,7
SHR_00069072,NPE_00069072,NPG_00024,NPU_00058,equal,2,settled,10
SHR_00069073,NPE_00069073,NPG_00028,NPU_00008,equal,4,settled,6
SHR_00069172,NPE_00069172,NPG_00009,NPU_00028,equal,2,settled,2
SHR_00069173,NPE_00069173,NPG_00011,NPU_00040,equal,6,settled,11
SHR_00069174,NPE_00069174,NPG_00012,NPU_00020,equal,3,settled,10
SHR_00069175,NPE_00069175,NPG_00013,NPU_00077,custom,3,settled,10
SHR_00069176,NPE_00069176,NPG_00015,NPU_00047,equal,5,settled,1
SHR_00069177,NPE_00069177,NPG_00017,NPU_00052,equal,7,settled,6
SHR_00069178,NPE_00069178,NPG_00019,NPU_00059,percentage,3,settled,8
SHR_00069179,NPE_00069179,NPG_00028,NPU_00058,equal,4,settled,13
SHR_00069264,NPE_00069264,NPG_00002,NPU_00060,equal,8,settled,5
SHR_00069265,NPE_00069265,NPG_00005,NPU_00066,equal,4,settled,2
SHR_00069266,NPE_00069266,NPG_00008,NPU_00051,equal,6,settled,1
SHR_00069267,NPE_00069267,NPG_00009,NPU_00012,equal,2,settled,5
SHR_00069268,NPE_00069268,NPG_00017,NPU_00067,equal,7,settled,8
SHR_00069269,NPE_00069269,NPG_00019,NPU_00038,percentage,3,settled,12
SHR_00069270,NPE_00069270,NPG_00022,NPU_00009,equal,2,settled,7
SHR_00069271,NPE_00069271,NPG_00023,NPU_00058,equal,3,settled,11
SHR_00069272,NPE_00069272,NPG_00026,NPU_00070,equal,6,settled,16
SHR_00069273,NPE_00069273,NPG_00028,NPU_00058,equal,4,settled,2
SHR_00069274,NPE_00069274,NPG_00029,NPU_00047,equal,4,settled,0
SHR_00069275,NPE_00069275,NPG_00030,NPU_00010,custom,8,settled,12
SHR_00069366,NPE_00069366,NPG_00001,NPU_00056,custom,3,settled,3
SHR_00069367,NPE_00069367,NPG_00010,NPU_00041,equal,2,settled,6
SHR_00069368,NPE_00069368,NPG_00011,NPU_00041,equal,6,settled,10
SHR_00069369,NPE_00069369,NPG_00013,NPU_00003,custom,3,settled,17
SHR_00069370,NPE_00069370,NPG_00019,NPU_00059,percentage,3,settled,8
SHR_00069371,NPE_00069371,NPG_00030,NPU_00045,custom,8,settled,10
SHR_00069435,NPE_00069435,NPG_00002,NPU_00063,equal,8,settled,10
SHR_00069436,NPE_00069436,NPG_00008,NPU_00069,equal,6,settled,0
SHR_00069437,NPE_00069437,NPG_00010,NPU_00041,equal,2,settled,0
SHR_00069438,NPE_00069438,NPG_00012,NPU_00020,equal,3,settled,9
SHR_00069439,NPE_00069439,NPG_00013,NPU_00077,custom,3,settled,5
SHR_00069440,NPE_00069440,NPG_00014,NPU_00067,equal,4,settled,0
SHR_00069441,NPE_00069441,NPG_00015,NPU_00065,equal,5,settled,13
SHR_00069442,NPE_00069442,NPG_00025,NPU_00018,equal,10,settled,6
SHR_00069531,NPE_00069531,NPG_00004,NPU_00075,equal,8,settled,2
SHR_00069532,NPE_00069532,NPG_00010,NPU_00041,equal,2,settled,0
SHR_00069533,NPE_00069533,NPG_00019,NPU_00021,percentage,3,settled,10
SHR_00069534,NPE_00069534,NPG_00021,NPU_00019,equal,7,settled,10
SHR_00069535,NPE_00069535,NPG_00023,NPU_00040,equal,3,settled,7
SHR_00069598,NPE_00069598,NPG_00004,NPU_00073,equal,8,settled,7
SHR_00069599,NPE_00069599,NPG_00007,NPU_00072,equal,10,settled,5
SHR_00069600,NPE_00069600,NPG_00008,NPU_00017,equal,6,settled,2
SHR_00069601,NPE_00069601,NPG_00009,NPU_00012,equal,2,settled,10
SHR_00069602,NPE_00069602,NPG_00010,NPU_00041,equal,2,settled,8
SHR_00069603,NPE_00069603,NPG_00019,NPU_00021,percentage,3,settled,7
SHR_00069604,NPE_00069604,NPG_00024,NPU_00058,equal,2,settled,6
SHR_00069605,NPE_00069605,NPG_00025,NPU_00018,equal,10,settled,15
SHR_00069606,NPE_00069606,NPG_00026,NPU_00052,equal,6,settled,5
SHR_00069691,NPE_00069691,NPG_00010,NPU_00019,equal,2,settled,0
SHR_00069692,NPE_00069692,NPG_00022,NPU_00009,equal,2,settled,6
SHR_00069693,NPE_00069693,NPG_00023,NPU_00058,equal,3,settled,5
SHR_00069694,NPE_00069694,NPG_00028,NPU_00027,equal,4,settled,7
SHR_00069777,NPE_00069777,NPG_00005,NPU_00013,equal,4,settled,9
SHR_00069778,NPE_00069778,NPG_00014,NPU_00019,equal,4,settled,14
SHR_00069779,NPE_00069779,NPG_00017,NPU_00067,equal,7,settled,0
SHR_00069780,NPE_00069780,NPG_00020,NPU_00020,percentage,5,settled,14
SHR_00069781,NPE_00069781,NPG_00024,NPU_00078,equal,2,settled,7
SHR_00069866,NPE_00069866,NPG_00001,NPU_00056,custom,3,settled,14
SHR_00069867,NPE_00069867,NPG_00009,NPU_00012,equal,2,settled,5
SHR_00069868,NPE_00069868,NPG_00010,NPU_00041,equal,2,settled,9
SHR_00069869,NPE_00069869,NPG_00016,NPU_00035,equal,4,settled,4
SHR_00069962,NPE_00069962,NPG_00002,NPU_00067,equal,8,settled,6
SHR_00069963,NPE_00069963,NPG_00014,NPU_00007,equal,4,settled,5
SHR_00069964,NPE_00069964,NPG_00015,NPU_00012,equal,5,settled,14
SHR_00069965,NPE_00069965,NPG_00019,NPU_00038,percentage,3,settled,9
SHR_00069966,NPE_00069966,NPG_00021,NPU_00032,equal,7,settled,11
SHR_00069967,NPE_00069967,NPG_00025,NPU_00044,equal,10,settled,12
SHR_00070016,NPE_00070016,NPG_00004,NPU_00058,equal,8,settled,3
SHR_00070017,NPE_00070017,NPG_00019,NPU_00021,percentage,3,settled,5
SHR_00070018,NPE_00070018,NPG_00023,NPU_00001,equal,3,settled,1
SHR_00070019,NPE_00070019,NPG_00027,NPU_00031,custom,3,settled,4
SHR_00070091,NPE_00070091,NPG_00006,NPU_00029,equal,4,settled,11
SHR_00070092,NPE_00070092,NPG_00007,NPU_00015,equal,10,settled,15
SHR_00070093,NPE_00070093,NPG_00009,NPU_00012,equal,2,settled,0
SHR_00070094,NPE_00070094,NPG_00018,NPU_00002,custom,4,settled,16
SHR_00070095,NPE_00070095,NPG_00024,NPU_00058,equal,2,settled,10
SHR_00070096,NPE_00070096,NPG_00025,NPU_00080,equal,10,settled,11
SHR_00070097,NPE_00070097,NPG_00028,NPU_00050,equal,4,settled,14
SHR_00070098,NPE_00070098,NPG_00030,NPU_00074,custom,8,settled,14
SHR_00070220,NPE_00070220,NPG_00001,NPU_00022,custom,3,settled,14
SHR_00070221,NPE_00070221,NPG_00012,NPU_00020,equal,3,settled,17
SHR_00070222,NPE_00070222,NPG_00013,NPU_00077,custom,3,settled,10
SHR_00070223,NPE_00070223,NPG_00023,NPU_00058,equal,3,settled,20
SHR_00070294,NPE_00070294,NPG_00005,NPU_00013,equal,4,settled,14
SHR_00070295,NPE_00070295,NPG_00006,NPU_00029,equal,4,settled,0
SHR_00070296,NPE_00070296,NPG_00020,NPU_00056,percentage,5,settled,0
SHR_00070297,NPE_00070297,NPG_00028,NPU_00050,equal,4,settled,15
SHR_00070391,NPE_00070391,NPG_00004,NPU_00056,equal,8,settled,10
SHR_00070392,NPE_00070392,NPG_00013,NPU_00003,custom,3,settled,11
SHR_00070393,NPE_00070393,NPG_00016,NPU_00075,equal,4,settled,9
SHR_00070394,NPE_00070394,NPG_00019,NPU_00021,percentage,3,settled,14
SHR_00070395,NPE_00070395,NPG_00020,NPU_00056,percentage,5,settled,12
SHR_00070396,NPE_00070396,NPG_00021,NPU_00068,equal,7,settled,15
SHR_00070397,NPE_00070397,NPG_00023,NPU_00058,equal,3,settled,15
SHR_00070398,NPE_00070398,NPG_00025,NPU_00020,equal,10,settled,15
SHR_00070480,NPE_00070480,NPG_00007,NPU_00003,equal,10,settled,0
SHR_00070481,NPE_00070481,NPG_00010,NPU_00041,equal,2,settled,0
SHR_00070482,NPE_00070482,NPG_00015,NPU_00065,equal,5,settled,10
SHR_00070483,NPE_00070483,NPG_00019,NPU_00021,percentage,3,settled,3
SHR_00070484,NPE_00070484,NPG_00020,NPU_00056,percentage,5,settled,9
SHR_00070485,NPE_00070485,NPG_00023,NPU_00001,equal,3,settled,10
SHR_00070486,NPE_00070486,NPG_00025,NPU_00002,equal,10,settled,9
SHR_00070622,NPE_00070622,NPG_00004,NPU_00058,equal,8,settled,14
SHR_00070623,NPE_00070623,NPG_00008,NPU_00017,equal,6,settled,8
SHR_00070624,NPE_00070624,NPG_00010,NPU_00019,equal,2,settled,6
SHR_00070625,NPE_00070625,NPG_00015,NPU_00047,equal,5,settled,8
SHR_00070626,NPE_00070626,NPG_00016,NPU_00073,equal,4,settled,5
SHR_00070627,NPE_00070627,NPG_00019,NPU_00059,percentage,3,settled,4
SHR_00070628,NPE_00070628,NPG_00025,NPU_00044,equal,10,settled,13
SHR_00070629,NPE_00070629,NPG_00030,NPU_00045,custom,8,settled,5
SHR_00070736,NPE_00070736,NPG_00008,NPU_00069,equal,6,settled,10
SHR_00070737,NPE_00070737,NPG_00016,NPU_00075,equal,4,settled,0
SHR_00070738,NPE_00070738,NPG_00023,NPU_00058,equal,3,settled,5
SHR_00070811,NPE_00070811,NPG_00016,NPU_00035,equal,4,settled,2
SHR_00070812,NPE_00070812,NPG_00020,NPU_00040,percentage,5,settled,4
SHR_00070813,NPE_00070813,NPG_00029,NPU_00053,equal,4,settled,14
SHR_00070814,NPE_00070814,NPG_00030,NPU_00010,custom,8,settled,11
SHR_00070952,NPE_00070952,NPG_00004,NPU_00073,equal,8,settled,14
SHR_00070953,NPE_00070953,NPG_00009,NPU_00028,equal,2,settled,4
SHR_00070954,NPE_00070954,NPG_00014,NPU_00007,equal,4,settled,5
SHR_00070955,NPE_00070955,NPG_00016,NPU_00073,equal,4,settled,3
SHR_00070956,NPE_00070956,NPG_00019,NPU_00059,percentage,3,settled,7
SHR_00070957,NPE_00070957,NPG_00023,NPU_00040,equal,3,settled,10
SHR_00070958,NPE_00070958,NPG_00025,NPU_00001,equal,10,settled,11
SHR_00071048,NPE_00071048,NPG_00001,NPU_00022,custom,3,settled,1
SHR_00071049,NPE_00071049,NPG_00002,NPU_00054,equal,8,settled,9
SHR_00071050,NPE_00071050,NPG_00010,NPU_00019,equal,2,settled,3
SHR_00071051,NPE_00071051,NPG_00012,NPU_00020,equal,3,settled,10
SHR_00071052,NPE_00071052,NPG_00016,NPU_00047,equal,4,settled,0
SHR_00071053,NPE_00071053,NPG_00017,NPU_00071,equal,7,settled,6
SHR_00071054,NPE_00071054,NPG_00026,NPU_00005,equal,6,settled,6
SHR_00071127,NPE_00071127,NPG_00002,NPU_00054,equal,8,settled,10
SHR_00071128,NPE_00071128,NPG_00006,NPU_00029,equal,4,settled,2
SHR_00071129,NPE_00071129,NPG_00023,NPU_00040,equal,3,settled,9
SHR_00071221,NPE_00071221,NPG_00002,NPU_00046,equal,8,settled,9
SHR_00071222,NPE_00071222,NPG_00004,NPU_00064,equal,8,settled,8
SHR_00071223,NPE_00071223,NPG_00009,NPU_00012,equal,2,settled,4
SHR_00071224,NPE_00071224,NPG_00010,NPU_00041,equal,2,settled,10
SHR_00071225,NPE_00071225,NPG_00013,NPU_00066,custom,3,settled,17
SHR_00071226,NPE_00071226,NPG_00017,NPU_00052,equal,7,settled,6
SHR_00071227,NPE_00071227,NPG_00018,NPU_00029,custom,4,settled,10
SHR_00071228,NPE_00071228,NPG_00019,NPU_00059,percentage,3,settled,6
SHR_00071229,NPE_00071229,NPG_00021,NPU_00008,equal,7,settled,13
SHR_00071230,NPE_00071230,NPG_00024,NPU_00058,equal,2,settled,8
SHR_00071385,NPE_00071385,NPG_00004,NPU_00071,equal,8,settled,12
SHR_00071386,NPE_00071386,NPG_00010,NPU_00019,equal,2,settled,7
SHR_00071387,NPE_00071387,NPG_00019,NPU_00021,percentage,3,settled,0
SHR_00071388,NPE_00071388,NPG_00021,NPU_00032,equal,7,settled,9
SHR_00071389,NPE_00071389,NPG_00029,NPU_00058,equal,4,settled,3
SHR_00071469,NPE_00071469,NPG_00003,NPU_00034,custom,3,settled,3
SHR_00071470,NPE_00071470,NPG_00014,NPU_00028,equal,4,settled,6
SHR_00071471,NPE_00071471,NPG_00017,NPU_00052,equal,7,settled,9
SHR_00071472,NPE_00071472,NPG_00019,NPU_00059,percentage,3,settled,4
SHR_00071473,NPE_00071473,NPG_00021,NPU_00008,equal,7,settled,1
SHR_00071474,NPE_00071474,NPG_00023,NPU_00058,equal,3,settled,5
SHR_00071475,NPE_00071475,NPG_00028,NPU_00008,equal,4,settled,8
SHR_00071542,NPE_00071542,NPG_00006,NPU_00054,equal,4,settled,9
SHR_00071543,NPE_00071543,NPG_00008,NPU_00028,equal,6,settled,12
SHR_00071544,NPE_00071544,NPG_00013,NPU_00003,custom,3,settled,7
SHR_00071545,NPE_00071545,NPG_00014,NPU_00067,equal,4,settled,7
SHR_00071546,NPE_00071546,NPG_00016,NPU_00035,equal,4,settled,7
SHR_00071547,NPE_00071547,NPG_00023,NPU_00001,equal,3,settled,0
SHR_00071548,NPE_00071548,NPG_00024,NPU_00078,equal,2,settled,7
SHR_00071549,NPE_00071549,NPG_00025,NPU_00002,equal,10,settled,9
SHR_00071636,NPE_00071636,NPG_00002,NPU_00032,equal,8,settled,13
SHR_00071637,NPE_00071637,NPG_00006,NPU_00019,equal,4,settled,4
SHR_00071638,NPE_00071638,NPG_00008,NPU_00051,equal,6,settled,10
SHR_00071639,NPE_00071639,NPG_00009,NPU_00012,equal,2,settled,0
SHR_00071640,NPE_00071640,NPG_00010,NPU_00019,equal,2,settled,0
SHR_00071641,NPE_00071641,NPG_00012,NPU_00070,equal,3,settled,19
SHR_00071642,NPE_00071642,NPG_00019,NPU_00059,percentage,3,settled,8
SHR_00071643,NPE_00071643,NPG_00026,NPU_00052,equal,6,settled,1
SHR_00071644,NPE_00071644,NPG_00030,NPU_00074,custom,8,settled,13
SHR_00071723,NPE_00071723,NPG_00002,NPU_00060,equal,8,settled,7
SHR_00071724,NPE_00071724,NPG_00015,NPU_00071,equal,5,settled,6
SHR_00071725,NPE_00071725,NPG_00016,NPU_00075,equal,4,settled,5
SHR_00071726,NPE_00071726,NPG_00019,NPU_00021,percentage,3,settled,15
SHR_00071727,NPE_00071727,NPG_00024,NPU_00058,equal,2,settled,2
SHR_00071728,NPE_00071728,NPG_00028,NPU_00058,equal,4,settled,9
SHR_00071818,NPE_00071818,NPG_00006,NPU_00047,equal,4,settled,6
SHR_00071819,NPE_00071819,NPG_00010,NPU_00019,equal,2,settled,7
SHR_00071820,NPE_00071820,NPG_00012,NPU_00020,equal,3,settled,13
SHR_00071821,NPE_00071821,NPG_00016,NPU_00073,equal,4,settled,3
SHR_00071822,NPE_00071822,NPG_00019,NPU_00021,percentage,3,settled,10
SHR_00071823,NPE_00071823,NPG_00021,NPU_00021,equal,7,settled,9
SHR_00071824,NPE_00071824,NPG_00024,NPU_00078,equal,2,settled,8
SHR_00071825,NPE_00071825,NPG_00028,NPU_00027,equal,4,settled,6
SHR_00071957,NPE_00071957,NPG_00002,NPU_00060,equal,8,settled,11
SHR_00071958,NPE_00071958,NPG_00004,NPU_00073,equal,8,settled,11
SHR_00071959,NPE_00071959,NPG_00009,NPU_00028,equal,2,settled,0
SHR_00071960,NPE_00071960,NPG_00015,NPU_00054,equal,5,settled,20
SHR_00071961,NPE_00071961,NPG_00019,NPU_00059,percentage,3,settled,11
SHR_00071962,NPE_00071962,NPG_00021,NPU_00008,equal,7,settled,3
SHR_00071963,NPE_00071963,NPG_00023,NPU_00058,equal,3,settled,7
SHR_00071964,NPE_00071964,NPG_00024,NPU_00058,equal,2,settled,11
SHR_00072059,NPE_00072059,NPG_00002,NPU_00060,equal,8,settled,9
SHR_00072060,NPE_00072060,NPG_00009,NPU_00028,equal,2,settled,1
SHR_00072061,NPE_00072061,NPG_00010,NPU_00041,equal,2,settled,3
SHR_00072062,NPE_00072062,NPG_00012,NPU_00070,equal,3,settled,10
SHR_00072063,NPE_00072063,NPG_00017,NPU_00067,equal,7,settled,5
SHR_00072064,NPE_00072064,NPG_00024,NPU_00078,equal,2,settled,7
SHR_00072065,NPE_00072065,NPG_00030,NPU_00028,custom,8,settled,16
SHR_00072134,NPE_00072134,NPG_00010,NPU_00041,equal,2,settled,3
SHR_00072135,NPE_00072135,NPG_00013,NPU_00077,custom,3,settled,11
SHR_00072136,NPE_00072136,NPG_00016,NPU_00047,equal,4,settled,5
SHR_00072137,NPE_00072137,NPG_00025,NPU_00044,equal,10,settled,15
SHR_00072138,NPE_00072138,NPG_00028,NPU_00027,equal,4,settled,8
SHR_00072206,NPE_00072206,NPG_00009,NPU_00012,equal,2,settled,12
SHR_00072207,NPE_00072207,NPG_00010,NPU_00019,equal,2,settled,11
SHR_00072208,NPE_00072208,NPG_00023,NPU_00001,equal,3,settled,7
SHR_00072303,NPE_00072303,NPG_00013,NPU_00003,custom,3,settled,1
SHR_00072304,NPE_00072304,NPG_00023,NPU_00001,equal,3,settled,0
SHR_00072305,NPE_00072305,NPG_00024,NPU_00078,equal,2,settled,7
SHR_00072362,NPE_00072362,NPG_00023,NPU_00001,equal,3,settled,6
SHR_00072363,NPE_00072363,NPG_00024,NPU_00058,equal,2,settled,5
SHR_00072442,NPE_00072442,NPG_00002,NPU_00032,equal,8,settled,7
SHR_00072443,NPE_00072443,NPG_00003,NPU_00034,custom,3,settled,10
SHR_00072444,NPE_00072444,NPG_00008,NPU_00028,equal,6,settled,12
SHR_00072445,NPE_00072445,NPG_00010,NPU_00019,equal,2,settled,5
SHR_00072446,NPE_00072446,NPG_00014,NPU_00007,equal,4,settled,4
SHR_00072447,NPE_00072447,NPG_00023,NPU_00040,equal,3,settled,13
SHR_00072448,NPE_00072448,NPG_00025,NPU_00020,equal,10,settled,11
SHR_00072449,NPE_00072449,NPG_00028,NPU_00008,equal,4,settled,0
SHR_00072538,NPE_00072538,NPG_00011,NPU_00004,equal,6,settled,1
SHR_00072539,NPE_00072539,NPG_00013,NPU_00077,custom,3,settled,15
SHR_00072540,NPE_00072540,NPG_00022,NPU_00049,equal,2,settled,4
SHR_00072541,NPE_00072541,NPG_00028,NPU_00027,equal,4,settled,12
SHR_00072630,NPE_00072630,NPG_00002,NPU_00005,equal,8,settled,4
SHR_00072631,NPE_00072631,NPG_00006,NPU_00029,equal,4,settled,3
SHR_00072632,NPE_00072632,NPG_00007,NPU_00003,equal,10,settled,12
SHR_00072633,NPE_00072633,NPG_00009,NPU_00012,equal,2,settled,0
SHR_00072634,NPE_00072634,NPG_00014,NPU_00028,equal,4,settled,9
SHR_00072635,NPE_00072635,NPG_00018,NPU_00075,custom,4,settled,9
SHR_00072636,NPE_00072636,NPG_00019,NPU_00038,percentage,3,settled,7
SHR_00072637,NPE_00072637,NPG_00023,NPU_00040,equal,3,settled,7
SHR_00072638,NPE_00072638,NPG_00028,NPU_00008,equal,4,settled,17
SHR_00072707,NPE_00072707,NPG_00008,NPU_00051,equal,6,settled,6
SHR_00072708,NPE_00072708,NPG_00009,NPU_00028,equal,2,settled,1
SHR_00072709,NPE_00072709,NPG_00013,NPU_00003,custom,3,settled,9
SHR_00072710,NPE_00072710,NPG_00016,NPU_00073,equal,4,settled,0
SHR_00072711,NPE_00072711,NPG_00019,NPU_00021,percentage,3,settled,10
SHR_00072712,NPE_00072712,NPG_00028,NPU_00058,equal,4,settled,7
SHR_00072783,NPE_00072783,NPG_00002,NPU_00067,equal,8,settled,12
SHR_00072784,NPE_00072784,NPG_00006,NPU_00047,equal,4,pending,22
SHR_00072785,NPE_00072785,NPG_00026,NPU_00070,equal,6,settled,10
SHR_00072786,NPE_00072786,NPG_00028,NPU_00027,equal,4,settled,10
SHR_00072877,NPE_00072877,NPG_00003,NPU_00039,custom,3,settled,19
SHR_00072878,NPE_00072878,NPG_00013,NPU_00003,custom,3,settled,14
SHR_00072879,NPE_00072879,NPG_00014,NPU_00028,equal,4,settled,3
SHR_00072880,NPE_00072880,NPG_00025,NPU_00080,equal,10,settled,7
SHR_00072881,NPE_00072881,NPG_00028,NPU_00027,equal,4,settled,11
SHR_00072954,NPE_00072954,NPG_00001,NPU_00056,custom,3,settled,12
SHR_00072955,NPE_00072955,NPG_00009,NPU_00012,equal,2,settled,6
SHR_00072956,NPE_00072956,NPG_00013,NPU_00077,custom,3,settled,0
SHR_00072957,NPE_00072957,NPG_00017,NPU_00067,equal,7,settled,9
SHR_00072958,NPE_00072958,NPG_00026,NPU_00005,equal,6,settled,14
SHR_00072959,NPE_00072959,NPG_00028,NPU_00027,equal,4,settled,9
SHR_00073052,NPE_00073052,NPG_00008,NPU_00060,equal,6,settled,3
SHR_00073053,NPE_00073053,NPG_00009,NPU_00028,equal,2,settled,10
SHR_00073054,NPE_00073054,NPG_00011,NPU_00040,equal,6,settled,0
SHR_00073055,NPE_00073055,NPG_00026,NPU_00070,equal,6,settled,7
SHR_00073174,NPE_00073174,NPG_00001,NPU_00079,custom,3,settled,6
SHR_00073175,NPE_00073175,NPG_00008,NPU_00028,equal,6,settled,4
SHR_00073176,NPE_00073176,NPG_00009,NPU_00012,equal,2,settled,6
SHR_00073177,NPE_00073177,NPG_00010,NPU_00041,equal,2,settled,3
SHR_00073178,NPE_00073178,NPG_00013,NPU_00077,custom,3,settled,6
SHR_00073179,NPE_00073179,NPG_00015,NPU_00065,equal,5,settled,9
SHR_00073180,NPE_00073180,NPG_00021,NPU_00007,equal,7,settled,18
SHR_00073292,NPE_00073292,NPG_00004,NPU_00001,equal,8,settled,0
SHR_00073293,NPE_00073293,NPG_00019,NPU_00038,percentage,3,settled,10
SHR_00073294,NPE_00073294,NPG_00021,NPU_00008,equal,7,settled,16
SHR_00073295,NPE_00073295,NPG_00023,NPU_00001,equal,3,settled,4
SHR_00073296,NPE_00073296,NPG_00025,NPU_00002,equal,10,settled,15
SHR_00073297,NPE_00073297,NPG_00026,NPU_00051,equal,6,settled,8
SHR_00073298,NPE_00073298,NPG_00028,NPU_00058,equal,4,settled,4
SHR_00073299,NPE_00073299,NPG_00029,NPU_00053,equal,4,settled,7
SHR_00073395,NPE_00073395,NPG_00015,NPU_00054,equal,5,settled,5
SHR_00073396,NPE_00073396,NPG_00019,NPU_00059,percentage,3,settled,7
SHR_00073397,NPE_00073397,NPG_00020,NPU_00040,percentage,5,settled,8
SHR_00073398,NPE_00073398,NPG_00021,NPU_00008,equal,7,settled,4
SHR_00073399,NPE_00073399,NPG_00028,NPU_00050,equal,4,settled,4
SHR_00073471,NPE_00073471,NPG_00002,NPU_00054,equal,8,settled,12
SHR_00073472,NPE_00073472,NPG_00006,NPU_00054,equal,4,settled,5
SHR_00073473,NPE_00073473,NPG_00009,NPU_00012,equal,2,settled,0
SHR_00073474,NPE_00073474,NPG_00015,NPU_00012,equal,5,settled,6
SHR_00073475,NPE_00073475,NPG_00019,NPU_00021,percentage,3,settled,17
SHR_00073476,NPE_00073476,NPG_00024,NPU_00078,equal,2,settled,7
SHR_00073477,NPE_00073477,NPG_00028,NPU_00008,equal,4,settled,1
SHR_00073478,NPE_00073478,NPG_00030,NPU_00010,custom,8,settled,19
SHR_00073609,NPE_00073609,NPG_00002,NPU_00067,equal,8,settled,15
SHR_00073610,NPE_00073610,NPG_00013,NPU_00077,custom,3,settled,4
SHR_00073611,NPE_00073611,NPG_00014,NPU_00007,equal,4,settled,13
SHR_00073612,NPE_00073612,NPG_00017,NPU_00054,equal,7,settled,11
SHR_00073613,NPE_00073613,NPG_00019,NPU_00038,percentage,3,settled,3
SHR_00073673,NPE_00073673,NPG_00006,NPU_00054,equal,4,settled,0
SHR_00073674,NPE_00073674,NPG_00009,NPU_00012,equal,2,settled,0
SHR_00073675,NPE_00073675,NPG_00014,NPU_00019,equal,4,settled,10
SHR_00073676,NPE_00073676,NPG_00015,NPU_00012,equal,5,settled,3
SHR_00073677,NPE_00073677,NPG_00021,NPU_00032,equal,7,settled,10
SHR_00073678,NPE_00073678,NPG_00025,NPU_00061,equal,10,settled,13
SHR_00073751,NPE_00073751,NPG_00008,NPU_00028,equal,6,settled,0
SHR_00073752,NPE_00073752,NPG_00013,NPU_00003,custom,3,settled,2
SHR_00073753,NPE_00073753,NPG_00014,NPU_00007,equal,4,settled,10
SHR_00073754,NPE_00073754,NPG_00016,NPU_00075,equal,4,settled,7
SHR_00073755,NPE_00073755,NPG_00019,NPU_00059,percentage,3,settled,7
SHR_00073756,NPE_00073756,NPG_00023,NPU_00058,equal,3,settled,6
SHR_00073910,NPE_00073910,NPG_00010,NPU_00019,equal,2,settled,7
SHR_00073911,NPE_00073911,NPG_00014,NPU_00007,equal,4,settled,2
SHR_00073912,NPE_00073912,NPG_00019,NPU_00059,percentage,3,settled,9
SHR_00073913,NPE_00073913,NPG_00023,NPU_00001,equal,3,settled,8
SHR_00074009,NPE_00074009,NPG_00016,NPU_00075,equal,4,settled,19
SHR_00074010,NPE_00074010,NPG_00019,NPU_00038,percentage,3,settled,8
SHR_00074011,NPE_00074011,NPG_00023,NPU_00001,equal,3,settled,7
SHR_00074012,NPE_00074012,NPG_00024,NPU_00078,equal,2,settled,2
SHR_00074013,NPE_00074013,NPG_00028,NPU_00058,equal,4,settled,9
SHR_00074014,NPE_00074014,NPG_00029,NPU_00047,equal,4,settled,6
SHR_00074086,NPE_00074086,NPG_00006,NPU_00047,equal,4,settled,3
SHR_00074087,NPE_00074087,NPG_00009,NPU_00028,equal,2,settled,6
SHR_00074088,NPE_00074088,NPG_00010,NPU_00041,equal,2,settled,5
SHR_00074089,NPE_00074089,NPG_00014,NPU_00028,equal,4,settled,5
SHR_00074090,NPE_00074090,NPG_00016,NPU_00047,equal,4,settled,3
SHR_00074091,NPE_00074091,NPG_00017,NPU_00071,equal,7,settled,6
SHR_00074175,NPE_00074175,NPG_00002,NPU_00032,equal,8,settled,4
SHR_00074176,NPE_00074176,NPG_00004,NPU_00001,equal,8,settled,5
SHR_00074177,NPE_00074177,NPG_00013,NPU_00066,custom,3,settled,12
SHR_00074178,NPE_00074178,NPG_00021,NPU_00007,equal,7,settled,3
SHR_00074179,NPE_00074179,NPG_00022,NPU_00009,equal,2,settled,11
SHR_00074180,NPE_00074180,NPG_00026,NPU_00049,equal,6,settled,12
SHR_00074181,NPE_00074181,NPG_00028,NPU_00058,equal,4,settled,8
SHR_00074326,NPE_00074326,NPG_00013,NPU_00077,custom,3,settled,7
SHR_00074327,NPE_00074327,NPG_00014,NPU_00067,equal,4,settled,6
SHR_00074328,NPE_00074328,NPG_00021,NPU_00019,equal,7,settled,18
SHR_00074329,NPE_00074329,NPG_00026,NPU_00005,equal,6,settled,2
SHR_00074330,NPE_00074330,NPG_00027,NPU_00031,custom,3,settled,14
SHR_00074400,NPE_00074400,NPG_00009,NPU_00012,equal,2,settled,2
SHR_00074401,NPE_00074401,NPG_00016,NPU_00035,equal,4,settled,12
SHR_00074402,NPE_00074402,NPG_00021,NPU_00068,equal,7,settled,9
SHR_00074403,NPE_00074403,NPG_00023,NPU_00040,equal,3,settled,3
SHR_00074404,NPE_00074404,NPG_00026,NPU_00070,equal,6,settled,6
SHR_00074478,NPE_00074478,NPG_00003,NPU_00020,custom,3,settled,13
SHR_00074479,NPE_00074479,NPG_00006,NPU_00054,equal,4,settled,17
SHR_00074480,NPE_00074480,NPG_00016,NPU_00073,equal,4,settled,3
SHR_00074481,NPE_00074481,NPG_00023,NPU_00040,equal,3,settled,10
SHR_00074482,NPE_00074482,NPG_00024,NPU_00058,equal,2,settled,16
SHR_00074483,NPE_00074483,NPG_00029,NPU_00047,equal,4,settled,13
SHR_00074598,NPE_00074598,NPG_00001,NPU_00079,custom,3,settled,11
SHR_00074599,NPE_00074599,NPG_00002,NPU_00072,equal,8,settled,10
SHR_00074600,NPE_00074600,NPG_00006,NPU_00019,equal,4,settled,7
SHR_00074601,NPE_00074601,NPG_00013,NPU_00003,custom,3,settled,11
SHR_00074602,NPE_00074602,NPG_00014,NPU_00067,equal,4,settled,16
SHR_00074603,NPE_00074603,NPG_00016,NPU_00035,equal,4,settled,5
SHR_00074604,NPE_00074604,NPG_00024,NPU_00058,equal,2,settled,0
SHR_00074706,NPE_00074706,NPG_00003,NPU_00020,custom,3,settled,9
SHR_00074707,NPE_00074707,NPG_00009,NPU_00028,equal,2,settled,12
SHR_00074708,NPE_00074708,NPG_00010,NPU_00041,equal,2,settled,0
SHR_00074709,NPE_00074709,NPG_00013,NPU_00066,custom,3,settled,3
SHR_00074710,NPE_00074710,NPG_00019,NPU_00038,percentage,3,settled,5
SHR_00074711,NPE_00074711,NPG_00020,NPU_00040,percentage,5,settled,12
SHR_00074712,NPE_00074712,NPG_00021,NPU_00019,equal,7,settled,4
SHR_00074713,NPE_00074713,NPG_00023,NPU_00058,equal,3,settled,21
SHR_00074714,NPE_00074714,NPG_00024,NPU_00058,equal,2,settled,3
SHR_00074797,NPE_00074797,NPG_00001,NPU_00056,custom,3,settled,9
SHR_00074798,NPE_00074798,NPG_00002,NPU_00072,equal,8,settled,1
SHR_00074799,NPE_00074799,NPG_00006,NPU_00047,equal,4,settled,9
SHR_00074800,NPE_00074800,NPG_00009,NPU_00012,equal,2,settled,16
SHR_00074801,NPE_00074801,NPG_00014,NPU_00067,equal,4,settled,7
SHR_00074802,NPE_00074802,NPG_00023,NPU_00001,equal,3,settled,5
SHR_00074906,NPE_00074906,NPG_00005,NPU_00013,equal,4,settled,7
SHR_00074907,NPE_00074907,NPG_00006,NPU_00047,equal,4,settled,7
SHR_00074908,NPE_00074908,NPG_00008,NPU_00017,equal,6,settled,8
SHR_00074909,NPE_00074909,NPG_00009,NPU_00012,equal,2,settled,0
SHR_00074910,NPE_00074910,NPG_00010,NPU_00041,equal,2,settled,0
SHR_00074911,NPE_00074911,NPG_00013,NPU_00003,custom,3,settled,2
SHR_00074912,NPE_00074912,NPG_00014,NPU_00007,equal,4,settled,10
SHR_00074913,NPE_00074913,NPG_00016,NPU_00047,equal,4,settled,6
SHR_00074914,NPE_00074914,NPG_00019,NPU_00059,percentage,3,settled,6
SHR_00074915,NPE_00074915,NPG_00024,NPU_00078,equal,2,settled,16
SHR_00074989,NPE_00074989,NPG_00001,NPU_00022,custom,3,settled,5
SHR_00074990,NPE_00074990,NPG_00008,NPU_00017,equal,6,settled,11
SHR_00074991,NPE_00074991,NPG_00013,NPU_00003,custom,3,settled,19
SHR_00074992,NPE_00074992,NPG_00023,NPU_00040,equal,3,settled,2
SHR_00074993,NPE_00074993,NPG_00028,NPU_00027,equal,4,settled,4
SHR_00075076,NPE_00075076,NPG_00006,NPU_00029,equal,4,settled,10
SHR_00075077,NPE_00075077,NPG_00010,NPU_00041,equal,2,settled,4
SHR_00075078,NPE_00075078,NPG_00015,NPU_00065,equal,5,settled,7
SHR_00075079,NPE_00075079,NPG_00028,NPU_00027,equal,4,settled,7
SHR_00075167,NPE_00075167,NPG_00006,NPU_00019,equal,4,settled,5
SHR_00075168,NPE_00075168,NPG_00009,NPU_00028,equal,2,settled,11
SHR_00075169,NPE_00075169,NPG_00010,NPU_00019,equal,2,settled,0
SHR_00075170,NPE_00075170,NPG_00015,NPU_00047,equal,5,settled,11
SHR_00075171,NPE_00075171,NPG_00016,NPU_00035,equal,4,settled,2
SHR_00075172,NPE_00075172,NPG_00029,NPU_00024,equal,4,settled,0
SHR_00075273,NPE_00075273,NPG_00006,NPU_00029,equal,4,settled,10
SHR_00075274,NPE_00075274,NPG_00008,NPU_00028,equal,6,settled,3
SHR_00075275,NPE_00075275,NPG_00010,NPU_00041,equal,2,settled,13
SHR_00075276,NPE_00075276,NPG_00013,NPU_00003,custom,3,settled,5
SHR_00075277,NPE_00075277,NPG_00015,NPU_00054,equal,5,settled,0
SHR_00075278,NPE_00075278,NPG_00017,NPU_00003,equal,7,settled,0
SHR_00075279,NPE_00075279,NPG_00023,NPU_00040,equal,3,settled,5
SHR_00075383,NPE_00075383,NPG_00002,NPU_00005,equal,8,settled,10
SHR_00075384,NPE_00075384,NPG_00005,NPU_00026,equal,4,settled,6
SHR_00075385,NPE_00075385,NPG_00010,NPU_00041,equal,2,settled,2
SHR_00075386,NPE_00075386,NPG_00014,NPU_00007,equal,4,settled,3
SHR_00075387,NPE_00075387,NPG_00016,NPU_00073,equal,4,settled,6
SHR_00075388,NPE_00075388,NPG_00019,NPU_00021,percentage,3,settled,12
SHR_00075389,NPE_00075389,NPG_00023,NPU_00058,equal,3,settled,8
SHR_00075390,NPE_00075390,NPG_00024,NPU_00058,equal,2,settled,0
SHR_00075391,NPE_00075391,NPG_00028,NPU_00027,equal,4,settled,0
SHR_00075457,NPE_00075457,NPG_00004,NPU_00073,equal,8,settled,12
SHR_00075458,NPE_00075458,NPG_00009,NPU_00028,equal,2,settled,2
SHR_00075459,NPE_00075459,NPG_00017,NPU_00042,equal,7,settled,7
SHR_00075460,NPE_00075460,NPG_00021,NPU_00021,equal,7,settled,13
SHR_00075543,NPE_00075543,NPG_00002,NPU_00046,equal,8,settled,3
SHR_00075544,NPE_00075544,NPG_00003,NPU_00034,custom,3,settled,2
SHR_00075545,NPE_00075545,NPG_00012,NPU_00070,equal,3,settled,5
SHR_00075546,NPE_00075546,NPG_00014,NPU_00028,equal,4,settled,7
SHR_00075547,NPE_00075547,NPG_00021,NPU_00068,equal,7,settled,5
SHR_00075615,NPE_00075615,NPG_00001,NPU_00022,custom,3,settled,5
SHR_00075616,NPE_00075616,NPG_00007,NPU_00071,equal,10,settled,11
SHR_00075617,NPE_00075617,NPG_00016,NPU_00073,equal,4,settled,2
SHR_00075618,NPE_00075618,NPG_00021,NPU_00008,equal,7,settled,0
SHR_00075695,NPE_00075695,NPG_00006,NPU_00047,equal,4,settled,5
SHR_00075696,NPE_00075696,NPG_00007,NPU_00047,equal,10,settled,15
SHR_00075697,NPE_00075697,NPG_00009,NPU_00012,equal,2,settled,5
SHR_00075698,NPE_00075698,NPG_00013,NPU_00066,custom,3,settled,2
SHR_00075699,NPE_00075699,NPG_00025,NPU_00022,equal,10,settled,13
SHR_00075700,NPE_00075700,NPG_00028,NPU_00058,equal,4,settled,3
SHR_00075778,NPE_00075778,NPG_00010,NPU_00019,equal,2,settled,5
SHR_00075779,NPE_00075779,NPG_00015,NPU_00065,equal,5,settled,13
SHR_00075780,NPE_00075780,NPG_00019,NPU_00038,percentage,3,settled,12
SHR_00075781,NPE_00075781,NPG_00028,NPU_00058,equal,4,settled,9
SHR_00075910,NPE_00075910,NPG_00006,NPU_00019,equal,4,settled,12
SHR_00075911,NPE_00075911,NPG_00007,NPU_00047,equal,10,settled,15
SHR_00075912,NPE_00075912,NPG_00013,NPU_00077,custom,3,settled,6
SHR_00075913,NPE_00075913,NPG_00014,NPU_00019,equal,4,settled,17
SHR_00075914,NPE_00075914,NPG_00016,NPU_00047,equal,4,settled,6
SHR_00075915,NPE_00075915,NPG_00017,NPU_00067,equal,7,settled,5
SHR_00075916,NPE_00075916,NPG_00020,NPU_00056,percentage,5,settled,6
SHR_00075917,NPE_00075917,NPG_00026,NPU_00047,equal,6,settled,0
SHR_00076018,NPE_00076018,NPG_00002,NPU_00067,equal,8,settled,9
SHR_00076019,NPE_00076019,NPG_00004,NPU_00075,equal,8,settled,6
SHR_00076020,NPE_00076020,NPG_00009,NPU_00012,equal,2,settled,12
SHR_00076021,NPE_00076021,NPG_00010,NPU_00019,equal,2,settled,9
SHR_00076022,NPE_00076022,NPG_00013,NPU_00066,custom,3,settled,14
SHR_00076023,NPE_00076023,NPG_00014,NPU_00067,equal,4,settled,4
SHR_00076024,NPE_00076024,NPG_00015,NPU_00012,equal,5,settled,9
SHR_00076025,NPE_00076025,NPG_00019,NPU_00021,percentage,3,settled,9
SHR_00076026,NPE_00076026,NPG_00021,NPU_00068,equal,7,settled,8
SHR_00076027,NPE_00076027,NPG_00024,NPU_00058,equal,2,settled,11
SHR_00076135,NPE_00076135,NPG_00001,NPU_00022,custom,3,settled,14
SHR_00076136,NPE_00076136,NPG_00014,NPU_00007,equal,4,settled,5
SHR_00076137,NPE_00076137,NPG_00016,NPU_00047,equal,4,settled,3
SHR_00076138,NPE_00076138,NPG_00019,NPU_00038,percentage,3,settled,9
SHR_00076197,NPE_00076197,NPG_00004,NPU_00075,equal,8,settled,12
SHR_00076198,NPE_00076198,NPG_00006,NPU_00029,equal,4,settled,5
SHR_00076199,NPE_00076199,NPG_00009,NPU_00028,equal,2,settled,6
SHR_00076200,NPE_00076200,NPG_00015,NPU_00071,equal,5,settled,9
SHR_00076201,NPE_00076201,NPG_00020,NPU_00056,percentage,5,settled,5
SHR_00076202,NPE_00076202,NPG_00029,NPU_00024,equal,4,settled,2
SHR_00076321,NPE_00076321,NPG_00010,NPU_00019,equal,2,settled,12
SHR_00076322,NPE_00076322,NPG_00013,NPU_00066,custom,3,settled,12
SHR_00076323,NPE_00076323,NPG_00014,NPU_00028,equal,4,settled,12
SHR_00076324,NPE_00076324,NPG_00028,NPU_00050,equal,4,settled,3
SHR_00076416,NPE_00076416,NPG_00006,NPU_00047,equal,4,settled,6
SHR_00076417,NPE_00076417,NPG_00009,NPU_00012,equal,2,settled,4
SHR_00076418,NPE_00076418,NPG_00010,NPU_00041,equal,2,settled,10
SHR_00076419,NPE_00076419,NPG_00020,NPU_00020,percentage,5,settled,11
SHR_00076483,NPE_00076483,NPG_00004,NPU_00056,equal,8,settled,0
SHR_00076484,NPE_00076484,NPG_00008,NPU_00055,equal,6,settled,10
SHR_00076485,NPE_00076485,NPG_00015,NPU_00047,equal,5,settled,6
SHR_00076486,NPE_00076486,NPG_00024,NPU_00078,equal,2,settled,0
SHR_00076654,NPE_00076654,NPG_00002,NPU_00005,equal,8,settled,4
SHR_00076655,NPE_00076655,NPG_00010,NPU_00041,equal,2,settled,2
SHR_00076656,NPE_00076656,NPG_00014,NPU_00019,equal,4,settled,7
SHR_00076657,NPE_00076657,NPG_00026,NPU_00052,equal,6,settled,13
SHR_00076743,NPE_00076743,NPG_00004,NPU_00059,equal,8,settled,6
SHR_00076744,NPE_00076744,NPG_00006,NPU_00047,equal,4,settled,2
SHR_00076745,NPE_00076745,NPG_00008,NPU_00017,equal,6,settled,13
SHR_00076746,NPE_00076746,NPG_00010,NPU_00019,equal,2,settled,3
SHR_00076747,NPE_00076747,NPG_00014,NPU_00067,equal,4,settled,9
SHR_00076748,NPE_00076748,NPG_00021,NPU_00068,equal,7,settled,5
SHR_00076749,NPE_00076749,NPG_00023,NPU_00040,equal,3,settled,4
SHR_00076750,NPE_00076750,NPG_00028,NPU_00027,equal,4,settled,4
SHR_00076823,NPE_00076823,NPG_00002,NPU_00060,equal,8,settled,13
SHR_00076824,NPE_00076824,NPG_00006,NPU_00019,equal,4,settled,11
SHR_00076825,NPE_00076825,NPG_00008,NPU_00051,equal,6,settled,0
SHR_00076826,NPE_00076826,NPG_00014,NPU_00067,equal,4,settled,11
SHR_00076827,NPE_00076827,NPG_00019,NPU_00038,percentage,3,settled,10
SHR_00076828,NPE_00076828,NPG_00023,NPU_00058,equal,3,settled,5
SHR_00076829,NPE_00076829,NPG_00027,NPU_00031,custom,3,settled,17
SHR_00076893,NPE_00076893,NPG_00001,NPU_00056,custom,3,settled,6
SHR_00076894,NPE_00076894,NPG_00017,NPU_00054,equal,7,settled,11
SHR_00076895,NPE_00076895,NPG_00020,NPU_00020,percentage,5,settled,13
SHR_00077020,NPE_00077020,NPG_00009,NPU_00028,equal,2,settled,6
SHR_00077021,NPE_00077021,NPG_00015,NPU_00071,equal,5,settled,5
SHR_00077022,NPE_00077022,NPG_00017,NPU_00042,equal,7,settled,17
SHR_00077023,NPE_00077023,NPG_00023,NPU_00001,equal,3,settled,6
SHR_00077024,NPE_00077024,NPG_00028,NPU_00008,equal,4,settled,8
SHR_00077092,NPE_00077092,NPG_00005,NPU_00066,equal,4,settled,5
SHR_00077093,NPE_00077093,NPG_00019,NPU_00059,percentage,3,settled,0
SHR_00077094,NPE_00077094,NPG_00024,NPU_00078,equal,2,settled,10
SHR_00077095,NPE_00077095,NPG_00028,NPU_00050,equal,4,settled,6
SHR_00077169,NPE_00077169,NPG_00002,NPU_00032,equal,8,settled,1
SHR_00077170,NPE_00077170,NPG_00018,NPU_00076,custom,4,settled,3
SHR_00077171,NPE_00077171,NPG_00019,NPU_00021,percentage,3,settled,18
SHR_00077172,NPE_00077172,NPG_00021,NPU_00080,equal,7,settled,10
SHR_00077295,NPE_00077295,NPG_00004,NPU_00071,equal,8,settled,5
SHR_00077296,NPE_00077296,NPG_00005,NPU_00046,equal,4,settled,17
SHR_00077297,NPE_00077297,NPG_00008,NPU_00069,equal,6,settled,17
SHR_00077298,NPE_00077298,NPG_00009,NPU_00012,equal,2,settled,7
SHR_00077299,NPE_00077299,NPG_00013,NPU_00003,custom,3,settled,8
SHR_00077300,NPE_00077300,NPG_00015,NPU_00012,equal,5,settled,4
SHR_00077301,NPE_00077301,NPG_00016,NPU_00073,equal,4,settled,4
SHR_00077302,NPE_00077302,NPG_00019,NPU_00021,percentage,3,settled,9
SHR_00077303,NPE_00077303,NPG_00020,NPU_00056,percentage,5,settled,14
SHR_00077304,NPE_00077304,NPG_00023,NPU_00058,equal,3,settled,9
SHR_00077305,NPE_00077305,NPG_00025,NPU_00002,equal,10,settled,14
SHR_00077419,NPE_00077419,NPG_00007,NPU_00067,equal,10,settled,11
SHR_00077420,NPE_00077420,NPG_00008,NPU_00028,equal,6,settled,5
SHR_00077421,NPE_00077421,NPG_00009,NPU_00028,equal,2,settled,12
SHR_00077422,NPE_00077422,NPG_00013,NPU_00077,custom,3,settled,2
SHR_00077423,NPE_00077423,NPG_00019,NPU_00059,percentage,3,settled,10
SHR_00077486,NPE_00077486,NPG_00001,NPU_00022,custom,3,settled,5
SHR_00077487,NPE_00077487,NPG_00007,NPU_00071,equal,10,settled,10
SHR_00077488,NPE_00077488,NPG_00009,NPU_00028,equal,2,settled,5
SHR_00077489,NPE_00077489,NPG_00013,NPU_00003,custom,3,settled,17
SHR_00077490,NPE_00077490,NPG_00015,NPU_00012,equal,5,settled,5
SHR_00077491,NPE_00077491,NPG_00016,NPU_00073,equal,4,settled,12
SHR_00077614,NPE_00077614,NPG_00008,NPU_00017,equal,6,settled,13
SHR_00077615,NPE_00077615,NPG_00016,NPU_00047,equal,4,settled,4
SHR_00077616,NPE_00077616,NPG_00019,NPU_00059,percentage,3,settled,19
SHR_00077617,NPE_00077617,NPG_00021,NPU_00007,equal,7,settled,1
SHR_00077618,NPE_00077618,NPG_00023,NPU_00058,equal,3,settled,9
SHR_00077619,NPE_00077619,NPG_00024,NPU_00078,equal,2,settled,2
SHR_00077620,NPE_00077620,NPG_00025,NPU_00044,equal,10,settled,12
SHR_00077691,NPE_00077691,NPG_00008,NPU_00051,equal,6,settled,0
SHR_00077692,NPE_00077692,NPG_00018,NPU_00002,custom,4,settled,6
SHR_00077693,NPE_00077693,NPG_00019,NPU_00059,percentage,3,settled,2
SHR_00077775,NPE_00077775,NPG_00024,NPU_00058,equal,2,settled,10
SHR_00077776,NPE_00077776,NPG_00028,NPU_00027,equal,4,settled,16
SHR_00077843,NPE_00077843,NPG_00002,NPU_00060,equal,8,settled,12
SHR_00077844,NPE_00077844,NPG_00006,NPU_00054,equal,4,settled,4
SHR_00077845,NPE_00077845,NPG_00010,NPU_00019,equal,2,settled,9
SHR_00077846,NPE_00077846,NPG_00015,NPU_00071,equal,5,settled,7
SHR_00077847,NPE_00077847,NPG_00019,NPU_00021,percentage,3,settled,10
SHR_00077848,NPE_00077848,NPG_00023,NPU_00058,equal,3,settled,9
SHR_00077849,NPE_00077849,NPG_00024,NPU_00058,equal,2,settled,9
SHR_00077850,NPE_00077850,NPG_00025,NPU_00044,equal,10,settled,6
SHR_00077951,NPE_00077951,NPG_00010,NPU_00019,equal,2,settled,7
SHR_00077952,NPE_00077952,NPG_00014,NPU_00019,equal,4,settled,6
SHR_00077953,NPE_00077953,NPG_00015,NPU_00054,equal,5,settled,0
SHR_00077954,NPE_00077954,NPG_00017,NPU_00052,equal,7,settled,18
SHR_00077955,NPE_00077955,NPG_00019,NPU_00021,percentage,3,settled,7
SHR_00077956,NPE_00077956,NPG_00023,NPU_00001,equal,3,settled,4
SHR_00077957,NPE_00077957,NPG_00026,NPU_00051,equal,6,settled,13
SHR_00077958,NPE_00077958,NPG_00028,NPU_00050,equal,4,settled,9
SHR_00078056,NPE_00078056,NPG_00001,NPU_00022,custom,3,settled,4
SHR_00078057,NPE_00078057,NPG_00002,NPU_00072,equal,8,settled,5
SHR_00078058,NPE_00078058,NPG_00005,NPU_00013,equal,4,settled,0
SHR_00078059,NPE_00078059,NPG_00009,NPU_00012,equal,2,settled,6
SHR_00078060,NPE_00078060,NPG_00010,NPU_00019,equal,2,settled,11
SHR_00078061,NPE_00078061,NPG_00014,NPU_00067,equal,4,settled,10
SHR_00078062,NPE_00078062,NPG_00015,NPU_00065,equal,5,settled,12
SHR_00078063,NPE_00078063,NPG_00019,NPU_00038,percentage,3,settled,14
SHR_00078064,NPE_00078064,NPG_00022,NPU_00009,equal,2,settled,12
SHR_00078142,NPE_00078142,NPG_00004,NPU_00073,equal,8,settled,10
SHR_00078143,NPE_00078143,NPG_00009,NPU_00028,equal,2,settled,2
SHR_00078144,NPE_00078144,NPG_00019,NPU_00021,percentage,3,settled,20
SHR_00078145,NPE_00078145,NPG_00021,NPU_00008,equal,7,settled,13
SHR_00078146,NPE_00078146,NPG_00023,NPU_00001,equal,3,settled,4
SHR_00078147,NPE_00078147,NPG_00028,NPU_00008,equal,4,settled,8
SHR_00078226,NPE_00078226,NPG_00010,NPU_00041,equal,2,settled,0
SHR_00078227,NPE_00078227,NPG_00013,NPU_00077,custom,3,settled,8
SHR_00078228,NPE_00078228,NPG_00017,NPU_00023,equal,7,settled,9
SHR_00078229,NPE_00078229,NPG_00020,NPU_00056,percentage,5,settled,8
SHR_00078230,NPE_00078230,NPG_00021,NPU_00008,equal,7,settled,1
SHR_00078231,NPE_00078231,NPG_00028,NPU_00050,equal,4,settled,5
SHR_00078303,NPE_00078303,NPG_00014,NPU_00007,equal,4,settled,9
SHR_00078304,NPE_00078304,NPG_00015,NPU_00065,equal,5,settled,0
SHR_00078375,NPE_00078375,NPG_00008,NPU_00069,equal,6,settled,4
SHR_00078439,NPE_00078439,NPG_00010,NPU_00019,equal,2,settled,7
SHR_00078440,NPE_00078440,NPG_00016,NPU_00073,equal,4,settled,16
SHR_00078441,NPE_00078441,NPG_00019,NPU_00038,percentage,3,settled,12
SHR_00078442,NPE_00078442,NPG_00021,NPU_00007,equal,7,settled,7
SHR_00078443,NPE_00078443,NPG_00023,NPU_00058,equal,3,settled,3
SHR_00078530,NPE_00078530,NPG_00004,NPU_00056,equal,8,settled,0
SHR_00078531,NPE_00078531,NPG_00005,NPU_00046,equal,4,settled,16
SHR_00078532,NPE_00078532,NPG_00006,NPU_00047,equal,4,settled,7
SHR_00078533,NPE_00078533,NPG_00008,NPU_00069,equal,6,settled,11
SHR_00078534,NPE_00078534,NPG_00017,NPU_00042,equal,7,settled,9
SHR_00078535,NPE_00078535,NPG_00019,NPU_00059,percentage,3,settled,7
SHR_00078536,NPE_00078536,NPG_00020,NPU_00059,percentage,5,settled,0
SHR_00078537,NPE_00078537,NPG_00023,NPU_00040,equal,3,settled,9
SHR_00078538,NPE_00078538,NPG_00029,NPU_00053,equal,4,settled,0
SHR_00078629,NPE_00078629,NPG_00008,NPU_00055,equal,6,settled,6
SHR_00078630,NPE_00078630,NPG_00012,NPU_00070,equal,3,settled,7
SHR_00078631,NPE_00078631,NPG_00023,NPU_00001,equal,3,settled,14
SHR_00078632,NPE_00078632,NPG_00024,NPU_00078,equal,2,settled,1
SHR_00078633,NPE_00078633,NPG_00028,NPU_00058,equal,4,settled,8
SHR_00078732,NPE_00078732,NPG_00006,NPU_00054,equal,4,settled,8
SHR_00078733,NPE_00078733,NPG_00008,NPU_00069,equal,6,settled,13
SHR_00078734,NPE_00078734,NPG_00009,NPU_00012,equal,2,settled,6
SHR_00078735,NPE_00078735,NPG_00010,NPU_00019,equal,2,settled,0
SHR_00078736,NPE_00078736,NPG_00013,NPU_00066,custom,3,settled,3
SHR_00078844,NPE_00078844,NPG_00001,NPU_00022,custom,3,settled,13
SHR_00078845,NPE_00078845,NPG_00013,NPU_00077,custom,3,settled,2
SHR_00078846,NPE_00078846,NPG_00023,NPU_00001,equal,3,settled,10
SHR_00078847,NPE_00078847,NPG_00024,NPU_00078,equal,2,settled,3
SHR_00078848,NPE_00078848,NPG_00030,NPU_00021,custom,8,settled,12
SHR_00078927,NPE_00078927,NPG_00004,NPU_00059,equal,8,settled,3
SHR_00078928,NPE_00078928,NPG_00028,NPU_00058,equal,4,settled,12
SHR_00079034,NPE_00079034,NPG_00006,NPU_00054,equal,4,settled,5
SHR_00079035,NPE_00079035,NPG_00009,NPU_00012,equal,2,settled,5
SHR_00079036,NPE_00079036,NPG_00021,NPU_00080,equal,7,settled,1
SHR_00079037,NPE_00079037,NPG_00026,NPU_00070,equal,6,settled,5
SHR_00079038,NPE_00079038,NPG_00028,NPU_00058,equal,4,settled,6
SHR_00079039,NPE_00079039,NPG_00030,NPU_00074,custom,8,settled,9
SHR_00079111,NPE_00079111,NPG_00001,NPU_00056,custom,3,settled,13
SHR_00079112,NPE_00079112,NPG_00009,NPU_00028,equal,2,settled,10
SHR_00079113,NPE_00079113,NPG_00017,NPU_00067,equal,7,settled,17
SHR_00079114,NPE_00079114,NPG_00020,NPU_00056,percentage,5,settled,5
SHR_00079115,NPE_00079115,NPG_00030,NPU_00010,custom,8,settled,15
SHR_00079254,NPE_00079254,NPG_00002,NPU_00005,equal,8,settled,7
SHR_00079255,NPE_00079255,NPG_00005,NPU_00046,equal,4,settled,3
SHR_00079256,NPE_00079256,NPG_00008,NPU_00069,equal,6,settled,7
SHR_00079257,NPE_00079257,NPG_00010,NPU_00041,equal,2,settled,3
SHR_00079258,NPE_00079258,NPG_00017,NPU_00054,equal,7,settled,15
SHR_00079259,NPE_00079259,NPG_00021,NPU_00007,equal,7,settled,9
SHR_00079260,NPE_00079260,NPG_00024,NPU_00058,equal,2,settled,8
SHR_00079352,NPE_00079352,NPG_00002,NPU_00072,equal,8,settled,8
SHR_00079353,NPE_00079353,NPG_00013,NPU_00066,custom,3,settled,4
SHR_00079354,NPE_00079354,NPG_00015,NPU_00065,equal,5,settled,13
SHR_00079355,NPE_00079355,NPG_00017,NPU_00023,equal,7,settled,15
SHR_00079425,NPE_00079425,NPG_00002,NPU_00060,equal,8,settled,11
SHR_00079426,NPE_00079426,NPG_00004,NPU_00071,equal,8,settled,7
SHR_00079427,NPE_00079427,NPG_00016,NPU_00047,equal,4,settled,4
SHR_00079428,NPE_00079428,NPG_00017,NPU_00054,equal,7,settled,0
SHR_00079429,NPE_00079429,NPG_00019,NPU_00038,percentage,3,settled,5
SHR_00079430,NPE_00079430,NPG_00024,NPU_00078,equal,2,settled,0
SHR_00079431,NPE_00079431,NPG_00030,NPU_00045,custom,8,settled,15
SHR_00079569,NPE_00079569,NPG_00001,NPU_00022,custom,3,settled,2
SHR_00079570,NPE_00079570,NPG_00009,NPU_00012,equal,2,settled,4
SHR_00079571,NPE_00079571,NPG_00016,NPU_00035,equal,4,settled,1
SHR_00079652,NPE_00079652,NPG_00004,NPU_00075,equal,8,settled,7
SHR_00079653,NPE_00079653,NPG_00005,NPU_00046,equal,4,settled,6
SHR_00079654,NPE_00079654,NPG_00015,NPU_00047,equal,5,settled,3
SHR_00079655,NPE_00079655,NPG_00020,NPU_00059,percentage,5,settled,3
SHR_00079656,NPE_00079656,NPG_00021,NPU_00019,equal,7,settled,5
SHR_00079743,NPE_00079743,NPG_00001,NPU_00022,custom,3,pending,25
SHR_00079744,NPE_00079744,NPG_00002,NPU_00005,equal,8,settled,10
SHR_00079745,NPE_00079745,NPG_00004,NPU_00056,equal,8,pending,23
SHR_00079746,NPE_00079746,NPG_00008,NPU_00060,equal,6,settled,15
SHR_00079747,NPE_00079747,NPG_00009,NPU_00028,equal,2,settled,13
SHR_00079748,NPE_00079748,NPG_00024,NPU_00078,equal,2,settled,8
SHR_00079749,NPE_00079749,NPG_00026,NPU_00052,equal,6,settled,13
SHR_00079750,NPE_00079750,NPG_00029,NPU_00058,equal,4,settled,7
SHR_00079832,NPE_00079832,NPG_00004,NPU_00064,equal,8,settled,5
SHR_00079833,NPE_00079833,NPG_00013,NPU_00066,custom,3,pending,25
SHR_00079834,NPE_00079834,NPG_00014,NPU_00028,equal,4,settled,4
SHR_00079835,NPE_00079835,NPG_00016,NPU_00035,equal,4,settled,3
SHR_00079836,NPE_00079836,NPG_00019,NPU_00059,percentage,3,settled,9
SHR_00079837,NPE_00079837,NPG_00023,NPU_00040,equal,3,settled,9
SHR_00079838,NPE_00079838,NPG_00024,NPU_00078,equal,2,settled,10
SHR_00079839,NPE_00079839,NPG_00025,NPU_00002,equal,10,settled,6
SHR_00079840,NPE_00079840,NPG_00028,NPU_00050,equal,4,settled,14
SHR_00079841,NPE_00079841,NPG_00029,NPU_00024,equal,4,settled,8
SHR_00079983,NPE_00079983,NPG_00001,NPU_00079,custom,3,settled,16
SHR_00079984,NPE_00079984,NPG_00003,NPU_00020,custom,3,settled,16
SHR_00079985,NPE_00079985,NPG_00006,NPU_00029,equal,4,settled,12
SHR_00079986,NPE_00079986,NPG_00008,NPU_00069,equal,6,settled,15
SHR_00079987,NPE_00079987,NPG_00010,NPU_00019,equal,2,settled,21
SHR_00079988,NPE_00079988,NPG_00016,NPU_00075,equal,4,settled,6
SHR_00079989,NPE_00079989,NPG_00017,NPU_00067,equal,7,settled,7
SHR_00079990,NPE_00079990,NPG_00026,NPU_00049,equal,6,settled,11
SHR_00079991,NPE_00079991,NPG_00028,NPU_00050,equal,4,pending,23
SHR_00079992,NPE_00079992,NPG_00029,NPU_00047,equal,4,settled,7
SHR_00079993,NPE_00079993,NPG_00030,NPU_00021,custom,8,settled,13
SHR_00080097,NPE_00080097,NPG_00002,NPU_00046,equal,8,settled,13
SHR_00080098,NPE_00080098,NPG_00007,NPU_00020,equal,10,settled,4
SHR_00080099,NPE_00080099,NPG_00009,NPU_00028,equal,2,settled,6
SHR_00080100,NPE_00080100,NPG_00010,NPU_00041,equal,2,settled,17
SHR_00080101,NPE_00080101,NPG_00012,NPU_00020,equal,3,settled,16
SHR_00080102,NPE_00080102,NPG_00013,NPU_00066,custom,3,settled,1
SHR_00080103,NPE_00080103,NPG_00015,NPU_00012,equal,5,settled,14
SHR_00080104,NPE_00080104,NPG_00016,NPU_00047,equal,4,settled,9
SHR_00080105,NPE_00080105,NPG_00017,NPU_00052,equal,7,settled,12
SHR_00080106,NPE_00080106,NPG_00019,NPU_00038,percentage,3,settled,18
SHR_00080107,NPE_00080107,NPG_00024,NPU_00078,equal,2,settled,17
SHR_00080183,NPE_00080183,NPG_00001,NPU_00079,custom,3,settled,17
SHR_00080184,NPE_00080184,NPG_00004,NPU_00075,equal,8,settled,2
SHR_00080185,NPE_00080185,NPG_00006,NPU_00047,equal,4,settled,21
SHR_00080186,NPE_00080186,NPG_00010,NPU_00019,equal,2,settled,3
SHR_00080187,NPE_00080187,NPG_00014,NPU_00028,equal,4,settled,6
SHR_00080188,NPE_00080188,NPG_00016,NPU_00075,equal,4,settled,10
SHR_00080189,NPE_00080189,NPG_00019,NPU_00038,percentage,3,settled,10
SHR_00080190,NPE_00080190,NPG_00021,NPU_00019,equal,7,settled,14
SHR_00080191,NPE_00080191,NPG_00023,NPU_00040,equal,3,pending,22
SHR_00080192,NPE_00080192,NPG_00026,NPU_00049,equal,6,settled,11
SHR_00080193,NPE_00080193,NPG_00028,NPU_00008,equal,4,settled,11
SHR_00080295,NPE_00080295,NPG_00004,NPU_00058,equal,8,settled,0
SHR_00080296,NPE_00080296,NPG_00007,NPU_00072,equal,10,settled,14
SHR_00080297,NPE_00080297,NPG_00009,NPU_00012,equal,2,settled,7
SHR_00080298,NPE_00080298,NPG_00010,NPU_00041,equal,2,settled,14
SHR_00080299,NPE_00080299,NPG_00013,NPU_00077,custom,3,settled,14
SHR_00080300,NPE_00080300,NPG_00014,NPU_00019,equal,4,settled,11
SHR_00080301,NPE_00080301,NPG_00026,NPU_00005,equal,6,settled,14
SHR_00080302,NPE_00080302,NPG_00028,NPU_00058,equal,4,settled,14
SHR_00080364,NPE_00080364,NPG_00002,NPU_00063,equal,8,settled,10
SHR_00080365,NPE_00080365,NPG_00008,NPU_00055,equal,6,settled,0
SHR_00080366,NPE_00080366,NPG_00009,NPU_00012,equal,2,settled,12
SHR_00080367,NPE_00080367,NPG_00013,NPU_00003,custom,3,settled,11
SHR_00080368,NPE_00080368,NPG_00015,NPU_00054,equal,5,settled,6
SHR_00080369,NPE_00080369,NPG_00018,NPU_00029,custom,4,settled,16
SHR_00080370,NPE_00080370,NPG_00021,NPU_00068,equal,7,pending,23
SHR_00080371,NPE_00080371,NPG_00026,NPU_00047,equal,6,settled,14
SHR_00080372,NPE_00080372,NPG_00030,NPU_00045,custom,8,pending,27
SHR_00080454,NPE_00080454,NPG_00002,NPU_00046,equal,8,settled,7
SHR_00080455,NPE_00080455,NPG_00004,NPU_00071,equal,8,settled,17
SHR_00080456,NPE_00080456,NPG_00005,NPU_00013,equal,4,settled,11
SHR_00080457,NPE_00080457,NPG_00009,NPU_00012,equal,2,settled,13
SHR_00080458,NPE_00080458,NPG_00013,NPU_00066,custom,3,settled,16
SHR_00080459,NPE_00080459,NPG_00019,NPU_00038,percentage,3,settled,11
SHR_00080460,NPE_00080460,NPG_00021,NPU_00019,equal,7,settled,11
SHR_00080461,NPE_00080461,NPG_00023,NPU_00040,equal,3,settled,13
SHR_00080462,NPE_00080462,NPG_00024,NPU_00058,equal,2,settled,14
SHR_00080463,NPE_00080463,NPG_00025,NPU_00044,equal,10,pending,23
SHR_00080578,NPE_00080578,NPG_00005,NPU_00013,equal,4,settled,8
SHR_00080579,NPE_00080579,NPG_00012,NPU_00020,equal,3,settled,16
SHR_00080580,NPE_00080580,NPG_00016,NPU_00035,equal,4,settled,5
SHR_00080581,NPE_00080581,NPG_00019,NPU_00059,percentage,3,settled,12
SHR_00080582,NPE_00080582,NPG_00021,NPU_00019,equal,7,settled,16
SHR_00080583,NPE_00080583,NPG_00029,NPU_00053,equal,4,settled,10
SHR_00080664,NPE_00080664,NPG_00002,NPU_00032,equal,8,settled,2
SHR_00080665,NPE_00080665,NPG_00008,NPU_00017,equal,6,settled,4
SHR_00080666,NPE_00080666,NPG_00013,NPU_00077,custom,3,settled,6
SHR_00080667,NPE_00080667,NPG_00015,NPU_00012,equal,5,settled,16
SHR_00080668,NPE_00080668,NPG_00017,NPU_00052,equal,7,settled,12
SHR_00080669,NPE_00080669,NPG_00019,NPU_00059,percentage,3,settled,7
SHR_00080670,NPE_00080670,NPG_00023,NPU_00058,equal,3,settled,6
SHR_00080671,NPE_00080671,NPG_00028,NPU_00008,equal,4,settled,4
SHR_00080759,NPE_00080759,NPG_00002,NPU_00067,equal,8,settled,8
SHR_00080760,NPE_00080760,NPG_00007,NPU_00020,equal,10,settled,10
SHR_00080761,NPE_00080761,NPG_00013,NPU_00077,custom,3,settled,12
SHR_00080762,NPE_00080762,NPG_00015,NPU_00065,equal,5,settled,2
SHR_00080763,NPE_00080763,NPG_00016,NPU_00073,equal,4,settled,10
SHR_00080764,NPE_00080764,NPG_00019,NPU_00021,percentage,3,settled,10
SHR_00080765,NPE_00080765,NPG_00028,NPU_00058,equal,4,settled,14
SHR_00080839,NPE_00080839,NPG_00009,NPU_00012,equal,2,settled,0
SHR_00080840,NPE_00080840,NPG_00019,NPU_00059,percentage,3,settled,2
SHR_00080841,NPE_00080841,NPG_00021,NPU_00008,equal,7,settled,1
SHR_00080842,NPE_00080842,NPG_00030,NPU_00074,custom,8,settled,21
SHR_00080910,NPE_00080910,NPG_00002,NPU_00060,equal,8,settled,8
SHR_00080911,NPE_00080911,NPG_00008,NPU_00051,equal,6,settled,15
SHR_00080912,NPE_00080912,NPG_00015,NPU_00047,equal,5,settled,5
SHR_00080913,NPE_00080913,NPG_00016,NPU_00073,equal,4,settled,6
SHR_00080914,NPE_00080914,NPG_00021,NPU_00032,equal,7,settled,5
SHR_00080915,NPE_00080915,NPG_00028,NPU_00058,equal,4,settled,7
SHR_00080916,NPE_00080916,NPG_00030,NPU_00060,custom,8,settled,8
SHR_00080998,NPE_00080998,NPG_00002,NPU_00054,equal,8,settled,18
SHR_00080999,NPE_00080999,NPG_00007,NPU_00067,equal,10,settled,16
SHR_00081000,NPE_00081000,NPG_00009,NPU_00012,equal,2,settled,11
SHR_00081001,NPE_00081001,NPG_00010,NPU_00041,equal,2,settled,2
SHR_00081002,NPE_00081002,NPG_00012,NPU_00070,equal,3,settled,2
SHR_00081003,NPE_00081003,NPG_00013,NPU_00077,custom,3,settled,2
SHR_00081004,NPE_00081004,NPG_00015,NPU_00012,equal,5,settled,10
SHR_00081005,NPE_00081005,NPG_00017,NPU_00054,equal,7,settled,7
SHR_00081006,NPE_00081006,NPG_00025,NPU_00018,equal,10,settled,11
SHR_00081007,NPE_00081007,NPG_00028,NPU_00027,equal,4,settled,6
SHR_00081073,NPE_00081073,NPG_00002,NPU_00054,equal,8,settled,7
SHR_00081074,NPE_00081074,NPG_00009,NPU_00028,equal,2,settled,0
SHR_00081075,NPE_00081075,NPG_00010,NPU_00041,equal,2,settled,4
SHR_00081076,NPE_00081076,NPG_00016,NPU_00075,equal,4,settled,1
SHR_00081077,NPE_00081077,NPG_00017,NPU_00023,equal,7,settled,10
SHR_00081138,NPE_00081138,NPG_00007,NPU_00072,equal,10,settled,14
SHR_00081139,NPE_00081139,NPG_00021,NPU_00008,equal,7,settled,8
SHR_00081140,NPE_00081140,NPG_00023,NPU_00001,equal,3,settled,10
SHR_00081141,NPE_00081141,NPG_00024,NPU_00058,equal,2,settled,0
SHR_00081142,NPE_00081142,NPG_00028,NPU_00027,equal,4,settled,6
SHR_00081241,NPE_00081241,NPG_00002,NPU_00072,equal,8,settled,5
SHR_00081242,NPE_00081242,NPG_00004,NPU_00071,equal,8,settled,8
SHR_00081243,NPE_00081243,NPG_00008,NPU_00017,equal,6,settled,1
SHR_00081244,NPE_00081244,NPG_00009,NPU_00028,equal,2,settled,7
SHR_00081245,NPE_00081245,NPG_00017,NPU_00003,equal,7,settled,3
SHR_00081246,NPE_00081246,NPG_00020,NPU_00040,percentage,5,settled,14
SHR_00081247,NPE_00081247,NPG_00023,NPU_00058,equal,3,settled,6
SHR_00081248,NPE_00081248,NPG_00026,NPU_00005,equal,6,settled,4
SHR_00081249,NPE_00081249,NPG_00030,NPU_00060,custom,8,settled,10
SHR_00081349,NPE_00081349,NPG_00013,NPU_00066,custom,3,settled,7
SHR_00081350,NPE_00081350,NPG_00014,NPU_00019,equal,4,settled,7
SHR_00081351,NPE_00081351,NPG_00019,NPU_00038,percentage,3,settled,1
SHR_00081352,NPE_00081352,NPG_00025,NPU_00002,equal,10,settled,8
SHR_00081415,NPE_00081415,NPG_00002,NPU_00063,equal,8,settled,7
SHR_00081416,NPE_00081416,NPG_00007,NPU_00055,equal,10,settled,0
SHR_00081417,NPE_00081417,NPG_00008,NPU_00060,equal,6,settled,8
SHR_00081418,NPE_00081418,NPG_00013,NPU_00077,custom,3,settled,16
SHR_00081419,NPE_00081419,NPG_00016,NPU_00073,equal,4,settled,0
SHR_00081420,NPE_00081420,NPG_00018,NPU_00029,custom,4,settled,12
SHR_00081421,NPE_00081421,NPG_00026,NPU_00049,equal,6,settled,4
SHR_00081422,NPE_00081422,NPG_00028,NPU_00058,equal,4,settled,4
SHR_00081519,NPE_00081519,NPG_00004,NPU_00059,equal,8,settled,11
SHR_00081520,NPE_00081520,NPG_00005,NPU_00066,equal,4,settled,8
SHR_00081521,NPE_00081521,NPG_00006,NPU_00047,equal,4,settled,8
SHR_00081522,NPE_00081522,NPG_00009,NPU_00012,equal,2,settled,5
SHR_00081523,NPE_00081523,NPG_00013,NPU_00077,custom,3,settled,14
SHR_00081524,NPE_00081524,NPG_00026,NPU_00049,equal,6,settled,6
SHR_00081612,NPE_00081612,NPG_00008,NPU_00017,equal,6,settled,13
SHR_00081613,NPE_00081613,NPG_00013,NPU_00077,custom,3,settled,5
SHR_00081614,NPE_00081614,NPG_00015,NPU_00071,equal,5,settled,0
SHR_00081711,NPE_00081711,NPG_00009,NPU_00028,equal,2,settled,8
SHR_00081712,NPE_00081712,NPG_00014,NPU_00028,equal,4,settled,3
SHR_00081713,NPE_00081713,NPG_00017,NPU_00054,equal,7,settled,17
SHR_00081714,NPE_00081714,NPG_00019,NPU_00038,percentage,3,settled,10
SHR_00081793,NPE_00081793,NPG_00006,NPU_00047,equal,4,settled,15
SHR_00081794,NPE_00081794,NPG_00010,NPU_00019,equal,2,settled,5
SHR_00081795,NPE_00081795,NPG_00016,NPU_00047,equal,4,settled,11
SHR_00081796,NPE_00081796,NPG_00025,NPU_00044,equal,10,settled,12
SHR_00081896,NPE_00081896,NPG_00005,NPU_00013,equal,4,settled,7
SHR_00081897,NPE_00081897,NPG_00008,NPU_00051,equal,6,settled,13
SHR_00081898,NPE_00081898,NPG_00010,NPU_00019,equal,2,settled,6
SHR_00081899,NPE_00081899,NPG_00019,NPU_00059,percentage,3,settled,13
SHR_00081900,NPE_00081900,NPG_00028,NPU_00058,equal,4,settled,14
SHR_00081901,NPE_00081901,NPG_00029,NPU_00058,equal,4,settled,3
SHR_00081997,NPE_00081997,NPG_00005,NPU_00026,equal,4,settled,8
SHR_00081998,NPE_00081998,NPG_00007,NPU_00072,equal,10,settled,0
SHR_00081999,NPE_00081999,NPG_00008,NPU_00051,equal,6,settled,8
SHR_00082000,NPE_00082000,NPG_00016,NPU_00047,equal,4,settled,5
SHR_00082001,NPE_00082001,NPG_00021,NPU_00021,equal,7,settled,7
SHR_00082002,NPE_00082002,NPG_00028,NPU_00008,equal,4,settled,12
SHR_00082135,NPE_00082135,NPG_00008,NPU_00055,equal,6,settled,0
SHR_00082136,NPE_00082136,NPG_00010,NPU_00019,equal,2,settled,9
SHR_00082137,NPE_00082137,NPG_00017,NPU_00003,equal,7,settled,7
SHR_00082138,NPE_00082138,NPG_00029,NPU_00024,equal,4,settled,3
SHR_00082205,NPE_00082205,NPG_00008,NPU_00028,equal,6,settled,2
SHR_00082206,NPE_00082206,NPG_00009,NPU_00012,equal,2,settled,15
SHR_00082207,NPE_00082207,NPG_00013,NPU_00077,custom,3,settled,4
SHR_00082208,NPE_00082208,NPG_00016,NPU_00075,equal,4,settled,8
SHR_00082209,NPE_00082209,NPG_00019,NPU_00038,percentage,3,settled,4
SHR_00082210,NPE_00082210,NPG_00021,NPU_00080,equal,7,settled,2
SHR_00082211,NPE_00082211,NPG_00023,NPU_00040,equal,3,settled,14
SHR_00082212,NPE_00082212,NPG_00024,NPU_00058,equal,2,settled,17
SHR_00082213,NPE_00082213,NPG_00030,NPU_00010,custom,8,settled,17
SHR_00082283,NPE_00082283,NPG_00006,NPU_00019,equal,4,settled,8
SHR_00082284,NPE_00082284,NPG_00008,NPU_00069,equal,6,settled,13
SHR_00082285,NPE_00082285,NPG_00014,NPU_00028,equal,4,settled,4
SHR_00082286,NPE_00082286,NPG_00017,NPU_00067,equal,7,settled,1
SHR_00082287,NPE_00082287,NPG_00024,NPU_00078,equal,2,settled,7
SHR_00082288,NPE_00082288,NPG_00028,NPU_00027,equal,4,settled,7
SHR_00082289,NPE_00082289,NPG_00030,NPU_00021,custom,8,settled,12
SHR_00082430,NPE_00082430,NPG_00006,NPU_00047,equal,4,settled,7
SHR_00082431,NPE_00082431,NPG_00010,NPU_00019,equal,2,settled,7
SHR_00082432,NPE_00082432,NPG_00016,NPU_00073,equal,4,settled,4
SHR_00082433,NPE_00082433,NPG_00019,NPU_00059,percentage,3,settled,6
SHR_00082434,NPE_00082434,NPG_00026,NPU_00049,equal,6,settled,4
SHR_00082508,NPE_00082508,NPG_00003,NPU_00020,custom,3,settled,9
SHR_00082509,NPE_00082509,NPG_00005,NPU_00066,equal,4,settled,4
SHR_00082510,NPE_00082510,NPG_00008,NPU_00060,equal,6,settled,12
SHR_00082511,NPE_00082511,NPG_00026,NPU_00005,equal,6,settled,5
SHR_00082512,NPE_00082512,NPG_00030,NPU_00028,custom,8,settled,2
SHR_00082597,NPE_00082597,NPG_00004,NPU_00075,equal,8,settled,0
SHR_00082598,NPE_00082598,NPG_00010,NPU_00019,equal,2,settled,6
SHR_00082599,NPE_00082599,NPG_00018,NPU_00002,custom,4,settled,11
SHR_00082600,NPE_00082600,NPG_00024,NPU_00078,equal,2,settled,0
SHR_00082601,NPE_00082601,NPG_00025,NPU_00001,equal,10,settled,11
SHR_00082602,NPE_00082602,NPG_00028,NPU_00058,equal,4,settled,6
SHR_00082603,NPE_00082603,NPG_00029,NPU_00053,equal,4,settled,14
SHR_00082696,NPE_00082696,NPG_00002,NPU_00005,equal,8,settled,11
SHR_00082697,NPE_00082697,NPG_00009,NPU_00028,equal,2,settled,7
SHR_00082698,NPE_00082698,NPG_00011,NPU_00053,equal,6,settled,0
SHR_00082699,NPE_00082699,NPG_00012,NPU_00070,equal,3,settled,0
SHR_00082700,NPE_00082700,NPG_00013,NPU_00077,custom,3,settled,12
SHR_00082701,NPE_00082701,NPG_00014,NPU_00067,equal,4,settled,2
SHR_00082702,NPE_00082702,NPG_00026,NPU_00070,equal,6,settled,0
SHR_00082703,NPE_00082703,NPG_00029,NPU_00053,equal,4,settled,4
SHR_00082833,NPE_00082833,NPG_00007,NPU_00015,equal,10,settled,10
SHR_00082834,NPE_00082834,NPG_00019,NPU_00021,percentage,3,settled,9
SHR_00082835,NPE_00082835,NPG_00021,NPU_00007,equal,7,settled,9
SHR_00082836,NPE_00082836,NPG_00025,NPU_00044,equal,10,pending,23
SHR_00082915,NPE_00082915,NPG_00013,NPU_00077,custom,3,settled,14
SHR_00082916,NPE_00082916,NPG_00014,NPU_00007,equal,4,settled,11
SHR_00082917,NPE_00082917,NPG_00017,NPU_00003,equal,7,settled,13
SHR_00082918,NPE_00082918,NPG_00020,NPU_00052,percentage,5,settled,14
SHR_00082997,NPE_00082997,NPG_00014,NPU_00019,equal,4,settled,6
SHR_00082998,NPE_00082998,NPG_00016,NPU_00047,equal,4,settled,8
SHR_00082999,NPE_00082999,NPG_00021,NPU_00021,equal,7,settled,4
SHR_00083000,NPE_00083000,NPG_00024,NPU_00078,equal,2,settled,6
SHR_00083092,NPE_00083092,NPG_00002,NPU_00046,equal,8,settled,14
SHR_00083093,NPE_00083093,NPG_00006,NPU_00029,equal,4,settled,5
SHR_00083094,NPE_00083094,NPG_00018,NPU_00029,custom,4,settled,5
SHR_00083095,NPE_00083095,NPG_00019,NPU_00038,percentage,3,pending,28
SHR_00083096,NPE_00083096,NPG_00030,NPU_00043,custom,8,settled,6
SHR_00083176,NPE_00083176,NPG_00004,NPU_00059,equal,8,settled,6
SHR_00083177,NPE_00083177,NPG_00006,NPU_00054,equal,4,settled,11
SHR_00083178,NPE_00083178,NPG_00013,NPU_00003,custom,3,settled,5
SHR_00083179,NPE_00083179,NPG_00024,NPU_00078,equal,2,settled,0
SHR_00083180,NPE_00083180,NPG_00029,NPU_00047,equal,4,settled,6
SHR_00083268,NPE_00083268,NPG_00005,NPU_00066,equal,4,settled,15
SHR_00083269,NPE_00083269,NPG_00006,NPU_00047,equal,4,settled,3
SHR_00083270,NPE_00083270,NPG_00010,NPU_00019,equal,2,settled,7
SHR_00083271,NPE_00083271,NPG_00015,NPU_00047,equal,5,settled,10
SHR_00083272,NPE_00083272,NPG_00022,NPU_00049,equal,2,settled,7
SHR_00083273,NPE_00083273,NPG_00024,NPU_00058,equal,2,settled,3
SHR_00083409,NPE_00083409,NPG_00002,NPU_00072,equal,8,settled,4
SHR_00083410,NPE_00083410,NPG_00004,NPU_00073,equal,8,settled,16
SHR_00083411,NPE_00083411,NPG_00008,NPU_00055,equal,6,settled,6
SHR_00083412,NPE_00083412,NPG_00026,NPU_00070,equal,6,settled,2
SHR_00083413,NPE_00083413,NPG_00028,NPU_00027,equal,4,settled,8
SHR_00083414,NPE_00083414,NPG_00030,NPU_00045,custom,8,settled,0
SHR_00083502,NPE_00083502,NPG_00004,NPU_00064,equal,8,settled,6
SHR_00083503,NPE_00083503,NPG_00013,NPU_00003,custom,3,settled,3
SHR_00083504,NPE_00083504,NPG_00014,NPU_00028,equal,4,settled,14
SHR_00083505,NPE_00083505,NPG_00020,NPU_00020,percentage,5,settled,11
SHR_00083585,NPE_00083585,NPG_00001,NPU_00056,custom,3,settled,12
SHR_00083586,NPE_00083586,NPG_00006,NPU_00054,equal,4,settled,12
SHR_00083587,NPE_00083587,NPG_00010,NPU_00041,equal,2,settled,10
SHR_00083588,NPE_00083588,NPG_00013,NPU_00077,custom,3,settled,14
SHR_00083589,NPE_00083589,NPG_00015,NPU_00054,equal,5,settled,8
SHR_00083590,NPE_00083590,NPG_00019,NPU_00038,percentage,3,settled,10
SHR_00083591,NPE_00083591,NPG_00021,NPU_00021,equal,7,settled,5
SHR_00083592,NPE_00083592,NPG_00024,NPU_00058,equal,2,settled,5
SHR_00083593,NPE_00083593,NPG_00027,NPU_00062,custom,3,settled,11
SHR_00083666,NPE_00083666,NPG_00005,NPU_00046,equal,4,settled,9
SHR_00083667,NPE_00083667,NPG_00016,NPU_00075,equal,4,settled,4
SHR_00083668,NPE_00083668,NPG_00018,NPU_00029,custom,4,settled,0
SHR_00083669,NPE_00083669,NPG_00020,NPU_00040,percentage,5,settled,13
SHR_00083670,NPE_00083670,NPG_00022,NPU_00049,equal,2,settled,0
SHR_00083671,NPE_00083671,NPG_00023,NPU_00058,equal,3,settled,2
SHR_00083672,NPE_00083672,NPG_00029,NPU_00053,equal,4,settled,6
SHR_00083747,NPE_00083747,NPG_00004,NPU_00073,equal,8,settled,11
SHR_00083748,NPE_00083748,NPG_00013,NPU_00003,custom,3,settled,15
SHR_00083749,NPE_00083749,NPG_00016,NPU_00073,equal,4,settled,0
SHR_00083750,NPE_00083750,NPG_00019,NPU_00021,percentage,3,settled,20
SHR_00083751,NPE_00083751,NPG_00021,NPU_00019,equal,7,settled,11
SHR_00083836,NPE_00083836,NPG_00010,NPU_00041,equal,2,settled,7
SHR_00083837,NPE_00083837,NPG_00011,NPU_00059,equal,6,settled,7
SHR_00083838,NPE_00083838,NPG_00014,NPU_00067,equal,4,settled,13
SHR_00083839,NPE_00083839,NPG_00016,NPU_00073,equal,4,settled,0
SHR_00083840,NPE_00083840,NPG_00021,NPU_00068,equal,7,settled,0
SHR_00083933,NPE_00083933,NPG_00004,NPU_00001,equal,8,settled,17
SHR_00083934,NPE_00083934,NPG_00009,NPU_00028,equal,2,settled,2
SHR_00083935,NPE_00083935,NPG_00010,NPU_00019,equal,2,settled,7
SHR_00083936,NPE_00083936,NPG_00014,NPU_00028,equal,4,settled,14
SHR_00083937,NPE_00083937,NPG_00015,NPU_00047,equal,5,settled,10
SHR_00083938,NPE_00083938,NPG_00016,NPU_00047,equal,4,settled,5
SHR_00083939,NPE_00083939,NPG_00017,NPU_00023,equal,7,settled,8
SHR_00083940,NPE_00083940,NPG_00019,NPU_00059,percentage,3,settled,5
SHR_00083941,NPE_00083941,NPG_00021,NPU_00080,equal,7,settled,6
SHR_00083942,NPE_00083942,NPG_00028,NPU_00058,equal,4,settled,6
SHR_00084029,NPE_00084029,NPG_00008,NPU_00051,equal,6,settled,8
SHR_00084030,NPE_00084030,NPG_00014,NPU_00019,equal,4,settled,3
SHR_00084031,NPE_00084031,NPG_00015,NPU_00071,equal,5,settled,8
SHR_00084032,NPE_00084032,NPG_00016,NPU_00075,equal,4,settled,10
SHR_00084033,NPE_00084033,NPG_00021,NPU_00007,equal,7,settled,18
SHR_00084034,NPE_00084034,NPG_00023,NPU_00001,equal,3,settled,8
SHR_00084035,NPE_00084035,NPG_00024,NPU_00058,equal,2,settled,0
SHR_00084119,NPE_00084119,NPG_00010,NPU_00041,equal,2,settled,0
SHR_00084120,NPE_00084120,NPG_00013,NPU_00077,custom,3,settled,4
SHR_00084121,NPE_00084121,NPG_00014,NPU_00007,equal,4,settled,7
SHR_00084122,NPE_00084122,NPG_00026,NPU_00047,equal,6,settled,5
SHR_00084123,NPE_00084123,NPG_00030,NPU_00028,custom,8,settled,3
SHR_00084195,NPE_00084195,NPG_00008,NPU_00051,equal,6,settled,16
SHR_00084196,NPE_00084196,NPG_00009,NPU_00012,equal,2,settled,0
SHR_00084197,NPE_00084197,NPG_00027,NPU_00005,custom,3,settled,9
SHR_00084281,NPE_00084281,NPG_00008,NPU_00069,equal,6,settled,7
SHR_00084282,NPE_00084282,NPG_00010,NPU_00041,equal,2,settled,8
SHR_00084283,NPE_00084283,NPG_00013,NPU_00077,custom,3,settled,4
SHR_00084350,NPE_00084350,NPG_00023,NPU_00001,equal,3,settled,12
SHR_00084351,NPE_00084351,NPG_00028,NPU_00027,equal,4,settled,2
SHR_00084429,NPE_00084429,NPG_00003,NPU_00020,custom,3,settled,6
SHR_00084430,NPE_00084430,NPG_00009,NPU_00012,equal,2,settled,4
SHR_00084431,NPE_00084431,NPG_00010,NPU_00041,equal,2,settled,8
SHR_00084432,NPE_00084432,NPG_00012,NPU_00070,equal,3,settled,2
SHR_00084433,NPE_00084433,NPG_00016,NPU_00047,equal,4,settled,7
SHR_00084434,NPE_00084434,NPG_00025,NPU_00001,equal,10,settled,14
SHR_00084435,NPE_00084435,NPG_00026,NPU_00051,equal,6,settled,7
SHR_00084436,NPE_00084436,NPG_00028,NPU_00027,equal,4,settled,5
SHR_00084437,NPE_00084437,NPG_00030,NPU_00074,custom,8,settled,11
SHR_00084523,NPE_00084523,NPG_00002,NPU_00072,equal,8,settled,4
SHR_00084524,NPE_00084524,NPG_00013,NPU_00003,custom,3,settled,8
SHR_00084525,NPE_00084525,NPG_00018,NPU_00075,custom,4,settled,13
SHR_00084526,NPE_00084526,NPG_00019,NPU_00021,percentage,3,settled,1
SHR_00084527,NPE_00084527,NPG_00020,NPU_00056,percentage,5,settled,16
SHR_00084528,NPE_00084528,NPG_00021,NPU_00007,equal,7,settled,10
SHR_00084529,NPE_00084529,NPG_00023,NPU_00040,equal,3,settled,18
SHR_00084530,NPE_00084530,NPG_00025,NPU_00018,equal,10,settled,15
SHR_00084531,NPE_00084531,NPG_00029,NPU_00053,equal,4,settled,6
SHR_00084668,NPE_00084668,NPG_00012,NPU_00020,equal,3,settled,4
SHR_00084669,NPE_00084669,NPG_00016,NPU_00073,equal,4,settled,7
SHR_00084670,NPE_00084670,NPG_00019,NPU_00038,percentage,3,settled,8
SHR_00084740,NPE_00084740,NPG_00004,NPU_00064,equal,8,settled,16
SHR_00084741,NPE_00084741,NPG_00013,NPU_00077,custom,3,settled,5
SHR_00084742,NPE_00084742,NPG_00021,NPU_00032,equal,7,settled,0
SHR_00084743,NPE_00084743,NPG_00022,NPU_00009,equal,2,settled,5
SHR_00084744,NPE_00084744,NPG_00023,NPU_00058,equal,3,settled,3
SHR_00084745,NPE_00084745,NPG_00024,NPU_00078,equal,2,settled,0
SHR_00084843,NPE_00084843,NPG_00004,NPU_00075,equal,8,settled,6
SHR_00084844,NPE_00084844,NPG_00005,NPU_00046,equal,4,settled,3
SHR_00084845,NPE_00084845,NPG_00009,NPU_00028,equal,2,settled,3
SHR_00084846,NPE_00084846,NPG_00016,NPU_00075,equal,4,settled,10
SHR_00084847,NPE_00084847,NPG_00024,NPU_00078,equal,2,settled,14
SHR_00084848,NPE_00084848,NPG_00025,NPU_00020,equal,10,settled,10
SHR_00084849,NPE_00084849,NPG_00028,NPU_00008,equal,4,settled,13
SHR_00084850,NPE_00084850,NPG_00029,NPU_00058,equal,4,settled,8
SHR_00084923,NPE_00084923,NPG_00004,NPU_00059,equal,8,settled,4
SHR_00084924,NPE_00084924,NPG_00008,NPU_00069,equal,6,settled,14
SHR_00084925,NPE_00084925,NPG_00019,NPU_00038,percentage,3,settled,7
SHR_00085030,NPE_00085030,NPG_00013,NPU_00066,custom,3,settled,4
SHR_00085103,NPE_00085103,NPG_00010,NPU_00041,equal,2,settled,9
SHR_00085104,NPE_00085104,NPG_00016,NPU_00035,equal,4,settled,7
SHR_00085105,NPE_00085105,NPG_00030,NPU_00045,custom,8,settled,14
SHR_00085202,NPE_00085202,NPG_00004,NPU_00073,equal,8,settled,8
SHR_00085203,NPE_00085203,NPG_00008,NPU_00017,equal,6,settled,6
SHR_00085204,NPE_00085204,NPG_00012,NPU_00015,equal,3,settled,5
SHR_00085205,NPE_00085205,NPG_00017,NPU_00052,equal,7,settled,19
SHR_00085206,NPE_00085206,NPG_00019,NPU_00038,percentage,3,settled,9
SHR_00085207,NPE_00085207,NPG_00020,NPU_00056,percentage,5,settled,11
SHR_00085208,NPE_00085208,NPG_00026,NPU_00052,equal,6,settled,2
SHR_00085342,NPE_00085342,NPG_00002,NPU_00067,equal,8,settled,8
SHR_00085343,NPE_00085343,NPG_00009,NPU_00012,equal,2,settled,5
SHR_00085344,NPE_00085344,NPG_00013,NPU_00003,custom,3,settled,14
SHR_00085345,NPE_00085345,NPG_00019,NPU_00021,percentage,3,settled,13
SHR_00085346,NPE_00085346,NPG_00020,NPU_00040,percentage,5,settled,19
SHR_00085347,NPE_00085347,NPG_00021,NPU_00080,equal,7,settled,7
SHR_00085348,NPE_00085348,NPG_00023,NPU_00040,equal,3,settled,5
SHR_00085349,NPE_00085349,NPG_00029,NPU_00047,equal,4,settled,3
SHR_00085423,NPE_00085423,NPG_00002,NPU_00005,equal,8,settled,10
SHR_00085424,NPE_00085424,NPG_00004,NPU_00059,equal,8,settled,19
SHR_00085425,NPE_00085425,NPG_00009,NPU_00012,equal,2,settled,4
SHR_00085426,NPE_00085426,NPG_00014,NPU_00019,equal,4,settled,11
SHR_00085427,NPE_00085427,NPG_00016,NPU_00073,equal,4,settled,2
SHR_00085428,NPE_00085428,NPG_00017,NPU_00003,equal,7,settled,10
SHR_00085429,NPE_00085429,NPG_00030,NPU_00060,custom,8,settled,13
SHR_00085496,NPE_00085496,NPG_00002,NPU_00005,equal,8,settled,12
SHR_00085497,NPE_00085497,NPG_00008,NPU_00017,equal,6,settled,2
SHR_00085498,NPE_00085498,NPG_00009,NPU_00012,equal,2,settled,7
SHR_00085499,NPE_00085499,NPG_00010,NPU_00041,equal,2,settled,3
SHR_00085557,NPE_00085557,NPG_00002,NPU_00046,equal,8,settled,0
SHR_00085558,NPE_00085558,NPG_00004,NPU_00001,equal,8,settled,17
SHR_00085559,NPE_00085559,NPG_00013,NPU_00077,custom,3,settled,10
SHR_00085560,NPE_00085560,NPG_00014,NPU_00028,equal,4,settled,11
SHR_00085694,NPE_00085694,NPG_00002,NPU_00067,equal,8,settled,13
SHR_00085695,NPE_00085695,NPG_00015,NPU_00071,equal,5,settled,5
SHR_00085696,NPE_00085696,NPG_00024,NPU_00058,equal,2,settled,8
SHR_00085767,NPE_00085767,NPG_00008,NPU_00028,equal,6,settled,7
SHR_00085768,NPE_00085768,NPG_00010,NPU_00019,equal,2,settled,7
SHR_00085769,NPE_00085769,NPG_00013,NPU_00003,custom,3,settled,15
SHR_00085770,NPE_00085770,NPG_00014,NPU_00028,equal,4,settled,0
SHR_00085771,NPE_00085771,NPG_00016,NPU_00073,equal,4,settled,9
SHR_00085772,NPE_00085772,NPG_00020,NPU_00040,percentage,5,settled,10
SHR_00085773,NPE_00085773,NPG_00029,NPU_00047,equal,4,settled,4
SHR_00085774,NPE_00085774,NPG_00030,NPU_00063,custom,8,settled,1
SHR_00085871,NPE_00085871,NPG_00004,NPU_00059,equal,8,settled,11
SHR_00085872,NPE_00085872,NPG_00005,NPU_00013,equal,4,settled,10
SHR_00085873,NPE_00085873,NPG_00006,NPU_00054,equal,4,settled,2
SHR_00085874,NPE_00085874,NPG_00009,NPU_00012,equal,2,settled,5
SHR_00085875,NPE_00085875,NPG_00014,NPU_00028,equal,4,settled,0
SHR_00085876,NPE_00085876,NPG_00016,NPU_00047,equal,4,settled,7
SHR_00085877,NPE_00085877,NPG_00024,NPU_00058,equal,2,settled,16
SHR_00085878,NPE_00085878,NPG_00026,NPU_00005,equal,6,settled,2
SHR_00085981,NPE_00085981,NPG_00009,NPU_00012,equal,2,settled,1
SHR_00085982,NPE_00085982,NPG_00010,NPU_00041,equal,2,settled,11
SHR_00085983,NPE_00085983,NPG_00015,NPU_00012,equal,5,settled,4
SHR_00085984,NPE_00085984,NPG_00024,NPU_00058,equal,2,settled,3
SHR_00085985,NPE_00085985,NPG_00026,NPU_00005,equal,6,settled,12
SHR_00085986,NPE_00085986,NPG_00027,NPU_00062,custom,3,settled,2
SHR_00085987,NPE_00085987,NPG_00028,NPU_00058,equal,4,settled,5
SHR_00085988,NPE_00085988,NPG_00030,NPU_00021,custom,8,settled,13
SHR_00086062,NPE_00086062,NPG_00002,NPU_00060,equal,8,settled,2
SHR_00086063,NPE_00086063,NPG_00003,NPU_00034,custom,3,settled,13
SHR_00086064,NPE_00086064,NPG_00011,NPU_00053,equal,6,settled,7
SHR_00086065,NPE_00086065,NPG_00017,NPU_00054,equal,7,settled,11
SHR_00086066,NPE_00086066,NPG_00018,NPU_00029,custom,4,settled,6
SHR_00086132,NPE_00086132,NPG_00007,NPU_00071,equal,10,settled,6
SHR_00086133,NPE_00086133,NPG_00023,NPU_00058,equal,3,settled,3
SHR_00086134,NPE_00086134,NPG_00028,NPU_00050,equal,4,settled,9
SHR_00086234,NPE_00086234,NPG_00002,NPU_00005,equal,8,settled,9
SHR_00086235,NPE_00086235,NPG_00004,NPU_00073,equal,8,settled,14
SHR_00086236,NPE_00086236,NPG_00008,NPU_00069,equal,6,settled,8
SHR_00086237,NPE_00086237,NPG_00009,NPU_00012,equal,2,settled,3
SHR_00086238,NPE_00086238,NPG_00010,NPU_00041,equal,2,settled,2
SHR_00086239,NPE_00086239,NPG_00012,NPU_00015,equal,3,settled,11
SHR_00086240,NPE_00086240,NPG_00013,NPU_00077,custom,3,settled,6
SHR_00086241,NPE_00086241,NPG_00019,NPU_00038,percentage,3,settled,12
SHR_00086242,NPE_00086242,NPG_00026,NPU_00005,equal,6,settled,10
SHR_00086243,NPE_00086243,NPG_00030,NPU_00028,custom,8,settled,14
SHR_00086315,NPE_00086315,NPG_00004,NPU_00001,equal,8,settled,12
SHR_00086316,NPE_00086316,NPG_00014,NPU_00019,equal,4,settled,5
SHR_00086317,NPE_00086317,NPG_00016,NPU_00075,equal,4,settled,6
SHR_00086318,NPE_00086318,NPG_00021,NPU_00068,equal,7,settled,10
SHR_00086319,NPE_00086319,NPG_00030,NPU_00021,custom,8,settled,7
SHR_00086396,NPE_00086396,NPG_00008,NPU_00055,equal,6,settled,13
SHR_00086397,NPE_00086397,NPG_00011,NPU_00059,equal,6,settled,7
SHR_00086398,NPE_00086398,NPG_00023,NPU_00040,equal,3,settled,9
SHR_00086399,NPE_00086399,NPG_00024,NPU_00078,equal,2,settled,0
SHR_00086496,NPE_00086496,NPG_00009,NPU_00028,equal,2,settled,14
SHR_00086497,NPE_00086497,NPG_00013,NPU_00066,custom,3,settled,6
SHR_00086498,NPE_00086498,NPG_00019,NPU_00059,percentage,3,settled,6
SHR_00086499,NPE_00086499,NPG_00021,NPU_00007,equal,7,settled,11
SHR_00086500,NPE_00086500,NPG_00023,NPU_00001,equal,3,settled,3
SHR_00086593,NPE_00086593,NPG_00010,NPU_00041,equal,2,settled,8
SHR_00086594,NPE_00086594,NPG_00015,NPU_00065,equal,5,settled,1
SHR_00086595,NPE_00086595,NPG_00017,NPU_00052,equal,7,settled,5
SHR_00086596,NPE_00086596,NPG_00019,NPU_00021,percentage,3,settled,6
SHR_00086597,NPE_00086597,NPG_00023,NPU_00058,equal,3,settled,1
SHR_00086683,NPE_00086683,NPG_00009,NPU_00028,equal,2,settled,15
SHR_00086684,NPE_00086684,NPG_00010,NPU_00041,equal,2,settled,5
SHR_00086685,NPE_00086685,NPG_00017,NPU_00003,equal,7,settled,0
SHR_00086754,NPE_00086754,NPG_00002,NPU_00060,equal,8,settled,7
SHR_00086755,NPE_00086755,NPG_00006,NPU_00019,equal,4,settled,8
SHR_00086756,NPE_00086756,NPG_00015,NPU_00012,equal,5,settled,0
SHR_00086757,NPE_00086757,NPG_00016,NPU_00035,equal,4,settled,5
SHR_00086758,NPE_00086758,NPG_00019,NPU_00059,percentage,3,settled,3
SHR_00086759,NPE_00086759,NPG_00020,NPU_00052,percentage,5,settled,10
SHR_00086760,NPE_00086760,NPG_00021,NPU_00068,equal,7,settled,12
SHR_00086761,NPE_00086761,NPG_00027,NPU_00005,custom,3,settled,17
SHR_00086762,NPE_00086762,NPG_00029,NPU_00047,equal,4,settled,8
SHR_00086851,NPE_00086851,NPG_00004,NPU_00075,equal,8,settled,9
SHR_00086852,NPE_00086852,NPG_00011,NPU_00004,equal,6,settled,2
SHR_00086853,NPE_00086853,NPG_00017,NPU_00023,equal,7,settled,13
SHR_00086854,NPE_00086854,NPG_00018,NPU_00029,custom,4,settled,11
SHR_00086855,NPE_00086855,NPG_00019,NPU_00038,percentage,3,settled,10
SHR_00086856,NPE_00086856,NPG_00024,NPU_00058,equal,2,settled,11
SHR_00086924,NPE_00086924,NPG_00008,NPU_00069,equal,6,settled,8
SHR_00086925,NPE_00086925,NPG_00015,NPU_00071,equal,5,settled,0
SHR_00086926,NPE_00086926,NPG_00018,NPU_00075,custom,4,settled,18
SHR_00086927,NPE_00086927,NPG_00020,NPU_00020,percentage,5,settled,6
SHR_00086928,NPE_00086928,NPG_00024,NPU_00078,equal,2,settled,7
SHR_00087008,NPE_00087008,NPG_00019,NPU_00021,percentage,3,settled,4
SHR_00087009,NPE_00087009,NPG_00020,NPU_00040,percentage,5,settled,7
SHR_00087093,NPE_00087093,NPG_00010,NPU_00019,equal,2,settled,4
SHR_00087094,NPE_00087094,NPG_00012,NPU_00015,equal,3,settled,3
SHR_00087095,NPE_00087095,NPG_00013,NPU_00066,custom,3,settled,11
SHR_00087096,NPE_00087096,NPG_00014,NPU_00019,equal,4,settled,0
SHR_00087097,NPE_00087097,NPG_00017,NPU_00054,equal,7,settled,3
SHR_00087098,NPE_00087098,NPG_00019,NPU_00038,percentage,3,settled,0
SHR_00087099,NPE_00087099,NPG_00023,NPU_00040,equal,3,settled,11
SHR_00087100,NPE_00087100,NPG_00030,NPU_00063,custom,8,settled,13
SHR_00087205,NPE_00087205,NPG_00005,NPU_00046,equal,4,settled,12
SHR_00087206,NPE_00087206,NPG_00010,NPU_00041,equal,2,settled,10
SHR_00087207,NPE_00087207,NPG_00019,NPU_00059,percentage,3,settled,13
SHR_00087208,NPE_00087208,NPG_00021,NPU_00021,equal,7,settled,17
SHR_00087278,NPE_00087278,NPG_00001,NPU_00079,custom,3,settled,10
SHR_00087279,NPE_00087279,NPG_00002,NPU_00005,equal,8,settled,0
SHR_00087280,NPE_00087280,NPG_00019,NPU_00038,percentage,3,settled,8
SHR_00087281,NPE_00087281,NPG_00022,NPU_00049,equal,2,settled,8
SHR_00087282,NPE_00087282,NPG_00030,NPU_00063,custom,8,settled,13
SHR_00087405,NPE_00087405,NPG_00002,NPU_00046,equal,8,settled,5
SHR_00087406,NPE_00087406,NPG_00006,NPU_00054,equal,4,settled,6
SHR_00087407,NPE_00087407,NPG_00009,NPU_00012,equal,2,settled,7
SHR_00087408,NPE_00087408,NPG_00016,NPU_00047,equal,4,settled,17
SHR_00087409,NPE_00087409,NPG_00025,NPU_00018,equal,10,settled,5
SHR_00087410,NPE_00087410,NPG_00026,NPU_00047,equal,6,settled,1
SHR_00087411,NPE_00087411,NPG_00028,NPU_00027,equal,4,settled,4
SHR_00087479,NPE_00087479,NPG_00010,NPU_00019,equal,2,settled,7
SHR_00087480,NPE_00087480,NPG_00014,NPU_00028,equal,4,settled,0
SHR_00087481,NPE_00087481,NPG_00023,NPU_00058,equal,3,settled,0
SHR_00087482,NPE_00087482,NPG_00024,NPU_00078,equal,2,settled,0
SHR_00087576,NPE_00087576,NPG_00009,NPU_00012,equal,2,settled,10
SHR_00087577,NPE_00087577,NPG_00010,NPU_00041,equal,2,settled,8
SHR_00087578,NPE_00087578,NPG_00014,NPU_00007,equal,4,settled,6
SHR_00087579,NPE_00087579,NPG_00015,NPU_00012,equal,5,settled,15
SHR_00087580,NPE_00087580,NPG_00016,NPU_00035,equal,4,settled,16
SHR_00087581,NPE_00087581,NPG_00020,NPU_00052,percentage,5,settled,0
SHR_00087582,NPE_00087582,NPG_00023,NPU_00058,equal,3,settled,0
SHR_00087583,NPE_00087583,NPG_00028,NPU_00058,equal,4,settled,2
SHR_00087664,NPE_00087664,NPG_00006,NPU_00029,equal,4,settled,5
SHR_00087665,NPE_00087665,NPG_00008,NPU_00028,equal,6,settled,8
SHR_00087666,NPE_00087666,NPG_00017,NPU_00023,equal,7,settled,9
SHR_00087820,NPE_00087820,NPG_00005,NPU_00013,equal,4,settled,10
SHR_00087821,NPE_00087821,NPG_00008,NPU_00069,equal,6,settled,5
SHR_00087822,NPE_00087822,NPG_00014,NPU_00007,equal,4,settled,1
SHR_00087823,NPE_00087823,NPG_00015,NPU_00054,equal,5,settled,14
SHR_00087824,NPE_00087824,NPG_00017,NPU_00067,equal,7,settled,6
SHR_00087825,NPE_00087825,NPG_00019,NPU_00038,percentage,3,settled,12
SHR_00087826,NPE_00087826,NPG_00021,NPU_00080,equal,7,settled,4
SHR_00087827,NPE_00087827,NPG_00023,NPU_00058,equal,3,settled,8
SHR_00087828,NPE_00087828,NPG_00026,NPU_00049,equal,6,settled,2
SHR_00087829,NPE_00087829,NPG_00027,NPU_00031,custom,3,settled,10
SHR_00087830,NPE_00087830,NPG_00028,NPU_00027,equal,4,settled,7
SHR_00087831,NPE_00087831,NPG_00030,NPU_00021,custom,8,settled,7
SHR_00087931,NPE_00087931,NPG_00005,NPU_00046,equal,4,settled,14
SHR_00087932,NPE_00087932,NPG_00006,NPU_00029,equal,4,settled,10
SHR_00087933,NPE_00087933,NPG_00008,NPU_00069,equal,6,settled,6
SHR_00087934,NPE_00087934,NPG_00014,NPU_00067,equal,4,settled,0
SHR_00087935,NPE_00087935,NPG_00021,NPU_00068,equal,7,settled,11
SHR_00087936,NPE_00087936,NPG_00023,NPU_00040,equal,3,settled,9
SHR_00087937,NPE_00087937,NPG_00027,NPU_00062,custom,3,settled,12
SHR_00087938,NPE_00087938,NPG_00029,NPU_00053,equal,4,settled,7
SHR_00088017,NPE_00088017,NPG_00002,NPU_00054,equal,8,settled,14
SHR_00088018,NPE_00088018,NPG_00006,NPU_00019,equal,4,settled,5
SHR_00088019,NPE_00088019,NPG_00008,NPU_00028,equal,6,settled,3
SHR_00088020,NPE_00088020,NPG_00013,NPU_00066,custom,3,settled,2
SHR_00088021,NPE_00088021,NPG_00016,NPU_00073,equal,4,settled,3
SHR_00088022,NPE_00088022,NPG_00022,NPU_00009,equal,2,settled,14
SHR_00088023,NPE_00088023,NPG_00030,NPU_00063,custom,8,settled,11
SHR_00088155,NPE_00088155,NPG_00001,NPU_00022,custom,3,settled,4
SHR_00088156,NPE_00088156,NPG_00017,NPU_00067,equal,7,settled,11
SHR_00088157,NPE_00088157,NPG_00026,NPU_00052,equal,6,settled,15
SHR_00088158,NPE_00088158,NPG_00028,NPU_00058,equal,4,settled,8
SHR_00088243,NPE_00088243,NPG_00004,NPU_00058,equal,8,settled,6
SHR_00088244,NPE_00088244,NPG_00005,NPU_00026,equal,4,settled,8
SHR_00088245,NPE_00088245,NPG_00021,NPU_00080,equal,7,settled,16
SHR_00088246,NPE_00088246,NPG_00030,NPU_00074,custom,8,settled,3
SHR_00088329,NPE_00088329,NPG_00005,NPU_00046,equal,4,settled,6
SHR_00088330,NPE_00088330,NPG_00006,NPU_00019,equal,4,settled,2
SHR_00088331,NPE_00088331,NPG_00009,NPU_00012,equal,2,settled,11
SHR_00088332,NPE_00088332,NPG_00012,NPU_00070,equal,3,settled,11
SHR_00088333,NPE_00088333,NPG_00021,NPU_00032,equal,7,settled,9
SHR_00088334,NPE_00088334,NPG_00025,NPU_00020,equal,10,settled,6
SHR_00088335,NPE_00088335,NPG_00029,NPU_00058,equal,4,settled,3
SHR_00088414,NPE_00088414,NPG_00002,NPU_00067,equal,8,settled,10
SHR_00088415,NPE_00088415,NPG_00008,NPU_00017,equal,6,settled,8
SHR_00088416,NPE_00088416,NPG_00014,NPU_00007,equal,4,settled,9
SHR_00088417,NPE_00088417,NPG_00015,NPU_00065,equal,5,settled,5
SHR_00088418,NPE_00088418,NPG_00020,NPU_00059,percentage,5,settled,10
SHR_00088419,NPE_00088419,NPG_00024,NPU_00078,equal,2,settled,10
SHR_00088420,NPE_00088420,NPG_00028,NPU_00008,equal,4,settled,8
SHR_00088569,NPE_00088569,NPG_00012,NPU_00020,equal,3,settled,10
SHR_00088570,NPE_00088570,NPG_00013,NPU_00066,custom,3,settled,18
SHR_00088571,NPE_00088571,NPG_00016,NPU_00073,equal,4,settled,0
SHR_00088572,NPE_00088572,NPG_00017,NPU_00071,equal,7,settled,6
SHR_00088573,NPE_00088573,NPG_00026,NPU_00005,equal,6,settled,2
SHR_00088574,NPE_00088574,NPG_00029,NPU_00058,equal,4,settled,16
SHR_00088575,NPE_00088575,NPG_00030,NPU_00060,custom,8,pending,27
SHR_00088651,NPE_00088651,NPG_00004,NPU_00059,equal,8,settled,10
SHR_00088652,NPE_00088652,NPG_00014,NPU_00019,equal,4,settled,7
SHR_00088653,NPE_00088653,NPG_00015,NPU_00012,equal,5,settled,2
SHR_00088654,NPE_00088654,NPG_00019,NPU_00059,percentage,3,settled,9
SHR_00088655,NPE_00088655,NPG_00020,NPU_00056,percentage,5,settled,3
SHR_00088656,NPE_00088656,NPG_00028,NPU_00008,equal,4,settled,5
SHR_00088742,NPE_00088742,NPG_00008,NPU_00069,equal,6,settled,0
SHR_00088743,NPE_00088743,NPG_00014,NPU_00028,equal,4,settled,13
SHR_00088744,NPE_00088744,NPG_00016,NPU_00073,equal,4,settled,8
SHR_00088745,NPE_00088745,NPG_00028,NPU_00050,equal,4,settled,7
SHR_00088855,NPE_00088855,NPG_00010,NPU_00041,equal,2,settled,13
SHR_00088856,NPE_00088856,NPG_00013,NPU_00003,custom,3,settled,15
SHR_00088857,NPE_00088857,NPG_00016,NPU_00035,equal,4,settled,11
SHR_00088858,NPE_00088858,NPG_00017,NPU_00052,equal,7,settled,9
SHR_00088859,NPE_00088859,NPG_00025,NPU_00080,equal,10,settled,9
SHR_00088860,NPE_00088860,NPG_00028,NPU_00008,equal,4,settled,7
SHR_00088927,NPE_00088927,NPG_00004,NPU_00071,equal,8,settled,11
SHR_00088928,NPE_00088928,NPG_00006,NPU_00019,equal,4,settled,7
SHR_00088929,NPE_00088929,NPG_00013,NPU_00003,custom,3,settled,13
SHR_00088930,NPE_00088930,NPG_00017,NPU_00003,equal,7,settled,4
SHR_00088931,NPE_00088931,NPG_00019,NPU_00021,percentage,3,settled,9
SHR_00088932,NPE_00088932,NPG_00021,NPU_00008,equal,7,settled,7
SHR_00088933,NPE_00088933,NPG_00025,NPU_00026,equal,10,settled,14
SHR_00088934,NPE_00088934,NPG_00028,NPU_00008,equal,4,settled,9
SHR_00089011,NPE_00089011,NPG_00002,NPU_00063,equal,8,settled,8
SHR_00089012,NPE_00089012,NPG_00019,NPU_00059,percentage,3,settled,13
SHR_00089136,NPE_00089136,NPG_00008,NPU_00055,equal,6,settled,12
SHR_00089137,NPE_00089137,NPG_00010,NPU_00041,equal,2,settled,2
SHR_00089220,NPE_00089220,NPG_00003,NPU_00039,custom,3,settled,18
SHR_00089221,NPE_00089221,NPG_00010,NPU_00041,equal,2,settled,12
SHR_00089222,NPE_00089222,NPG_00015,NPU_00065,equal,5,settled,6
SHR_00089223,NPE_00089223,NPG_00029,NPU_00024,equal,4,settled,8
SHR_00089313,NPE_00089313,NPG_00006,NPU_00047,equal,4,settled,13
SHR_00089314,NPE_00089314,NPG_00007,NPU_00054,equal,10,settled,16
SHR_00089315,NPE_00089315,NPG_00009,NPU_00028,equal,2,settled,7
SHR_00089316,NPE_00089316,NPG_00012,NPU_00070,equal,3,settled,3
SHR_00089317,NPE_00089317,NPG_00014,NPU_00019,equal,4,settled,7
SHR_00089318,NPE_00089318,NPG_00023,NPU_00040,equal,3,settled,11
SHR_00089319,NPE_00089319,NPG_00024,NPU_00078,equal,2,settled,0
SHR_00089320,NPE_00089320,NPG_00028,NPU_00058,equal,4,settled,2
SHR_00089399,NPE_00089399,NPG_00008,NPU_00055,equal,6,settled,19
SHR_00089400,NPE_00089400,NPG_00016,NPU_00035,equal,4,settled,2
SHR_00089401,NPE_00089401,NPG_00019,NPU_00038,percentage,3,settled,10
SHR_00089402,NPE_00089402,NPG_00028,NPU_00027,equal,4,settled,6
SHR_00089476,NPE_00089476,NPG_00009,NPU_00012,equal,2,settled,4
SHR_00089477,NPE_00089477,NPG_00014,NPU_00007,equal,4,settled,8
SHR_00089478,NPE_00089478,NPG_00019,NPU_00021,percentage,3,settled,12
SHR_00089479,NPE_00089479,NPG_00021,NPU_00007,equal,7,settled,6
SHR_00089480,NPE_00089480,NPG_00023,NPU_00058,equal,3,settled,0
SHR_00089551,NPE_00089551,NPG_00002,NPU_00072,equal,8,settled,6
SHR_00089552,NPE_00089552,NPG_00010,NPU_00041,equal,2,settled,8
SHR_00089553,NPE_00089553,NPG_00017,NPU_00052,equal,7,settled,7
SHR_00089554,NPE_00089554,NPG_00019,NPU_00059,percentage,3,settled,10
SHR_00089555,NPE_00089555,NPG_00023,NPU_00040,equal,3,settled,0
SHR_00089627,NPE_00089627,NPG_00002,NPU_00032,equal,8,settled,12
SHR_00089628,NPE_00089628,NPG_00004,NPU_00073,equal,8,settled,20
SHR_00089629,NPE_00089629,NPG_00005,NPU_00026,equal,4,settled,5
SHR_00089630,NPE_00089630,NPG_00013,NPU_00003,custom,3,settled,11
SHR_00089631,NPE_00089631,NPG_00015,NPU_00065,equal,5,settled,5
SHR_00089632,NPE_00089632,NPG_00016,NPU_00075,equal,4,settled,3
SHR_00089633,NPE_00089633,NPG_00019,NPU_00038,percentage,3,settled,9
SHR_00089634,NPE_00089634,NPG_00021,NPU_00021,equal,7,settled,14
SHR_00089635,NPE_00089635,NPG_00028,NPU_00008,equal,4,settled,9
SHR_00089636,NPE_00089636,NPG_00029,NPU_00047,equal,4,settled,10
SHR_00089714,NPE_00089714,NPG_00005,NPU_00013,equal,4,settled,7
SHR_00089715,NPE_00089715,NPG_00006,NPU_00054,equal,4,settled,14
SHR_00089716,NPE_00089716,NPG_00010,NPU_00041,equal,2,settled,8
SHR_00089717,NPE_00089717,NPG_00011,NPU_00059,equal,6,settled,15
SHR_00089718,NPE_00089718,NPG_00014,NPU_00028,equal,4,settled,3
SHR_00089719,NPE_00089719,NPG_00017,NPU_00003,equal,7,settled,5
SHR_00089720,NPE_00089720,NPG_00018,NPU_00075,custom,4,settled,10
SHR_00089721,NPE_00089721,NPG_00023,NPU_00058,equal,3,settled,7
SHR_00089822,NPE_00089822,NPG_00001,NPU_00079,custom,3,settled,14
SHR_00089823,NPE_00089823,NPG_00010,NPU_00041,equal,2,settled,7
SHR_00089824,NPE_00089824,NPG_00015,NPU_00065,equal,5,settled,10
SHR_00089825,NPE_00089825,NPG_00016,NPU_00047,equal,4,settled,9
SHR_00089826,NPE_00089826,NPG_00019,NPU_00021,percentage,3,settled,20
SHR_00089827,NPE_00089827,NPG_00021,NPU_00068,equal,7,settled,7
SHR_00089828,NPE_00089828,NPG_00025,NPU_00080,equal,10,settled,14
SHR_00089924,NPE_00089924,NPG_00001,NPU_00022,custom,3,settled,13
SHR_00089925,NPE_00089925,NPG_00008,NPU_00051,equal,6,settled,9
SHR_00089926,NPE_00089926,NPG_00013,NPU_00003,custom,3,settled,6
SHR_00089927,NPE_00089927,NPG_00019,NPU_00059,percentage,3,settled,10
SHR_00089928,NPE_00089928,NPG_00020,NPU_00056,percentage,5,settled,4
SHR_00089990,NPE_00089990,NPG_00005,NPU_00066,equal,4,settled,5
SHR_00089991,NPE_00089991,NPG_00014,NPU_00007,equal,4,settled,11
SHR_00089992,NPE_00089992,NPG_00017,NPU_00071,equal,7,settled,7
SHR_00089993,NPE_00089993,NPG_00020,NPU_00040,percentage,5,settled,7
SHR_00089994,NPE_00089994,NPG_00025,NPU_00020,equal,10,settled,13
SHR_00089995,NPE_00089995,NPG_00028,NPU_00058,equal,4,settled,10
SHR_00090075,NPE_00090075,NPG_00004,NPU_00059,equal,8,settled,18
SHR_00090076,NPE_00090076,NPG_00008,NPU_00051,equal,6,settled,4
SHR_00090077,NPE_00090077,NPG_00012,NPU_00020,equal,3,settled,5
SHR_00090078,NPE_00090078,NPG_00013,NPU_00077,custom,3,settled,2
SHR_00090079,NPE_00090079,NPG_00014,NPU_00067,equal,4,settled,10
SHR_00090080,NPE_00090080,NPG_00023,NPU_00001,equal,3,settled,12
SHR_00090081,NPE_00090081,NPG_00024,NPU_00058,equal,2,settled,8
SHR_00090082,NPE_00090082,NPG_00028,NPU_00058,equal,4,settled,11
SHR_00090152,NPE_00090152,NPG_00002,NPU_00063,equal,8,settled,18
SHR_00090153,NPE_00090153,NPG_00004,NPU_00075,equal,8,settled,10
SHR_00090154,NPE_00090154,NPG_00010,NPU_00019,equal,2,settled,0
SHR_00090155,NPE_00090155,NPG_00013,NPU_00003,custom,3,settled,3
SHR_00090156,NPE_00090156,NPG_00017,NPU_00054,equal,7,settled,11
SHR_00090157,NPE_00090157,NPG_00019,NPU_00059,percentage,3,settled,14
SHR_00090158,NPE_00090158,NPG_00020,NPU_00020,percentage,5,settled,16
SHR_00090159,NPE_00090159,NPG_00026,NPU_00052,equal,6,settled,10
SHR_00090160,NPE_00090160,NPG_00030,NPU_00063,custom,8,settled,16
SHR_00090212,NPE_00090212,NPG_00004,NPU_00064,equal,8,settled,0
SHR_00090213,NPE_00090213,NPG_00014,NPU_00019,equal,4,settled,4
SHR_00090214,NPE_00090214,NPG_00016,NPU_00047,equal,4,settled,9
SHR_00090215,NPE_00090215,NPG_00018,NPU_00076,custom,4,settled,7
SHR_00090216,NPE_00090216,NPG_00028,NPU_00027,equal,4,settled,8
SHR_00090217,NPE_00090217,NPG_00029,NPU_00047,equal,4,settled,11
SHR_00090335,NPE_00090335,NPG_00007,NPU_00004,equal,10,settled,7
SHR_00090336,NPE_00090336,NPG_00010,NPU_00019,equal,2,settled,4
SHR_00090337,NPE_00090337,NPG_00011,NPU_00041,equal,6,settled,3
SHR_00090338,NPE_00090338,NPG_00019,NPU_00059,percentage,3,settled,6
SHR_00090339,NPE_00090339,NPG_00029,NPU_00058,equal,4,settled,11
SHR_00090430,NPE_00090430,NPG_00015,NPU_00012,equal,5,settled,2
SHR_00090431,NPE_00090431,NPG_00020,NPU_00040,percentage,5,settled,10
SHR_00090432,NPE_00090432,NPG_00023,NPU_00001,equal,3,settled,5
SHR_00090433,NPE_00090433,NPG_00024,NPU_00078,equal,2,settled,11
SHR_00090556,NPE_00090556,NPG_00008,NPU_00051,equal,6,settled,6
SHR_00090557,NPE_00090557,NPG_00020,NPU_00052,percentage,5,settled,5
SHR_00090639,NPE_00090639,NPG_00007,NPU_00020,equal,10,settled,14
SHR_00090640,NPE_00090640,NPG_00010,NPU_00041,equal,2,settled,1
SHR_00090641,NPE_00090641,NPG_00013,NPU_00077,custom,3,settled,6
SHR_00090642,NPE_00090642,NPG_00014,NPU_00028,equal,4,settled,8
SHR_00090759,NPE_00090759,NPG_00008,NPU_00028,equal,6,settled,11
SHR_00090760,NPE_00090760,NPG_00010,NPU_00019,equal,2,settled,0
SHR_00090761,NPE_00090761,NPG_00014,NPU_00019,equal,4,settled,5
SHR_00090762,NPE_00090762,NPG_00015,NPU_00054,equal,5,settled,12
SHR_00090763,NPE_00090763,NPG_00019,NPU_00021,percentage,3,settled,12
SHR_00090764,NPE_00090764,NPG_00029,NPU_00058,equal,4,settled,8
SHR_00090828,NPE_00090828,NPG_00016,NPU_00075,equal,4,settled,6
SHR_00090829,NPE_00090829,NPG_00023,NPU_00040,equal,3,settled,14
SHR_00090912,NPE_00090912,NPG_00004,NPU_00058,equal,8,settled,14
SHR_00090913,NPE_00090913,NPG_00009,NPU_00012,equal,2,settled,4
SHR_00090914,NPE_00090914,NPG_00026,NPU_00051,equal,6,settled,1
SHR_00090915,NPE_00090915,NPG_00028,NPU_00050,equal,4,settled,18
SHR_00090916,NPE_00090916,NPG_00030,NPU_00060,custom,8,settled,8
SHR_00091040,NPE_00091040,NPG_00004,NPU_00059,equal,8,settled,13
SHR_00091041,NPE_00091041,NPG_00013,NPU_00077,custom,3,settled,10
SHR_00091042,NPE_00091042,NPG_00014,NPU_00028,equal,4,settled,13
SHR_00091043,NPE_00091043,NPG_00017,NPU_00052,equal,7,settled,1
SHR_00091044,NPE_00091044,NPG_00024,NPU_00078,equal,2,settled,3
SHR_00091045,NPE_00091045,NPG_00025,NPU_00002,equal,10,settled,19
SHR_00091046,NPE_00091046,NPG_00028,NPU_00008,equal,4,settled,4
SHR_00091148,NPE_00091148,NPG_00006,NPU_00029,equal,4,settled,15
SHR_00091149,NPE_00091149,NPG_00007,NPU_00020,equal,10,settled,12
SHR_00091150,NPE_00091150,NPG_00008,NPU_00060,equal,6,settled,1
SHR_00091151,NPE_00091151,NPG_00010,NPU_00019,equal,2,settled,11
SHR_00091152,NPE_00091152,NPG_00012,NPU_00015,equal,3,settled,7
SHR_00091153,NPE_00091153,NPG_00013,NPU_00077,custom,3,settled,11
SHR_00091154,NPE_00091154,NPG_00021,NPU_00080,equal,7,settled,8
SHR_00091155,NPE_00091155,NPG_00024,NPU_00058,equal,2,settled,11
SHR_00091156,NPE_00091156,NPG_00028,NPU_00027,equal,4,settled,5
SHR_00091238,NPE_00091238,NPG_00014,NPU_00028,equal,4,settled,6
SHR_00091239,NPE_00091239,NPG_00017,NPU_00054,equal,7,settled,8
SHR_00091240,NPE_00091240,NPG_00018,NPU_00029,custom,4,settled,15
SHR_00091241,NPE_00091241,NPG_00028,NPU_00008,equal,4,settled,8
SHR_00091319,NPE_00091319,NPG_00004,NPU_00058,equal,8,settled,7
SHR_00091320,NPE_00091320,NPG_00006,NPU_00054,equal,4,settled,10
SHR_00091321,NPE_00091321,NPG_00008,NPU_00017,equal,6,settled,10
SHR_00091322,NPE_00091322,NPG_00014,NPU_00067,equal,4,settled,3
SHR_00091323,NPE_00091323,NPG_00016,NPU_00075,equal,4,settled,14
SHR_00091324,NPE_00091324,NPG_00017,NPU_00042,equal,7,settled,4
SHR_00091325,NPE_00091325,NPG_00019,NPU_00059,percentage,3,settled,6
SHR_00091326,NPE_00091326,NPG_00021,NPU_00021,equal,7,settled,9
SHR_00091327,NPE_00091327,NPG_00023,NPU_00040,equal,3,settled,9
SHR_00091459,NPE_00091459,NPG_00002,NPU_00054,equal,8,settled,0
SHR_00091460,NPE_00091460,NPG_00008,NPU_00055,equal,6,settled,5
SHR_00091461,NPE_00091461,NPG_00009,NPU_00028,equal,2,settled,7
SHR_00091462,NPE_00091462,NPG_00010,NPU_00019,equal,2,settled,2
SHR_00091463,NPE_00091463,NPG_00023,NPU_00001,equal,3,settled,8
SHR_00091464,NPE_00091464,NPG_00028,NPU_00008,equal,4,settled,8
SHR_00091540,NPE_00091540,NPG_00005,NPU_00046,equal,4,settled,4
SHR_00091541,NPE_00091541,NPG_00014,NPU_00007,equal,4,settled,4
SHR_00091542,NPE_00091542,NPG_00023,NPU_00001,equal,3,settled,4
SHR_00091625,NPE_00091625,NPG_00002,NPU_00005,equal,8,settled,12
SHR_00091626,NPE_00091626,NPG_00007,NPU_00071,equal,10,settled,11
SHR_00091627,NPE_00091627,NPG_00014,NPU_00019,equal,4,settled,10
SHR_00091628,NPE_00091628,NPG_00017,NPU_00023,equal,7,settled,7
SHR_00091629,NPE_00091629,NPG_00020,NPU_00056,percentage,5,settled,11
SHR_00091630,NPE_00091630,NPG_00028,NPU_00050,equal,4,settled,3
SHR_00091726,NPE_00091726,NPG_00004,NPU_00058,equal,8,settled,15
SHR_00091727,NPE_00091727,NPG_00005,NPU_00066,equal,4,settled,6
SHR_00091728,NPE_00091728,NPG_00006,NPU_00047,equal,4,settled,11
SHR_00091729,NPE_00091729,NPG_00008,NPU_00051,equal,6,settled,8
SHR_00091730,NPE_00091730,NPG_00010,NPU_00041,equal,2,settled,3
SHR_00091731,NPE_00091731,NPG_00014,NPU_00007,equal,4,settled,5
SHR_00091732,NPE_00091732,NPG_00015,NPU_00012,equal,5,settled,3
SHR_00091733,NPE_00091733,NPG_00016,NPU_00075,equal,4,settled,3
SHR_00091734,NPE_00091734,NPG_00019,NPU_00059,percentage,3,settled,8
SHR_00091735,NPE_00091735,NPG_00025,NPU_00026,equal,10,settled,9
SHR_00091818,NPE_00091818,NPG_00005,NPU_00046,equal,4,settled,9
SHR_00091819,NPE_00091819,NPG_00010,NPU_00041,equal,2,settled,10
SHR_00091820,NPE_00091820,NPG_00013,NPU_00066,custom,3,settled,13
SHR_00091821,NPE_00091821,NPG_00014,NPU_00007,equal,4,settled,10
SHR_00091822,NPE_00091822,NPG_00017,NPU_00067,equal,7,settled,4
SHR_00091823,NPE_00091823,NPG_00020,NPU_00056,percentage,5,settled,8
SHR_00091824,NPE_00091824,NPG_00021,NPU_00032,equal,7,settled,3
SHR_00091825,NPE_00091825,NPG_00022,NPU_00049,equal,2,settled,12
SHR_00091826,NPE_00091826,NPG_00029,NPU_00058,equal,4,settled,0
SHR_00091924,NPE_00091924,NPG_00005,NPU_00013,equal,4,settled,7
SHR_00091925,NPE_00091925,NPG_00008,NPU_00017,equal,6,settled,4
SHR_00091926,NPE_00091926,NPG_00009,NPU_00012,equal,2,settled,8
SHR_00091927,NPE_00091927,NPG_00014,NPU_00019,equal,4,settled,5
SHR_00091928,NPE_00091928,NPG_00023,NPU_00040,equal,3,settled,14
SHR_00091929,NPE_00091929,NPG_00024,NPU_00078,equal,2,settled,12
SHR_00091930,NPE_00091930,NPG_00025,NPU_00002,equal,10,settled,19
SHR_00092045,NPE_00092045,NPG_00004,NPU_00059,equal,8,settled,0
SHR_00092046,NPE_00092046,NPG_00015,NPU_00071,equal,5,settled,6
SHR_00092047,NPE_00092047,NPG_00016,NPU_00075,equal,4,settled,6
SHR_00092048,NPE_00092048,NPG_00026,NPU_00052,equal,6,settled,0
SHR_00092132,NPE_00092132,NPG_00015,NPU_00065,equal,5,settled,9
SHR_00092133,NPE_00092133,NPG_00016,NPU_00047,equal,4,settled,10
SHR_00092134,NPE_00092134,NPG_00017,NPU_00042,equal,7,settled,10
SHR_00092135,NPE_00092135,NPG_00021,NPU_00032,equal,7,settled,8
SHR_00092136,NPE_00092136,NPG_00028,NPU_00050,equal,4,settled,8
SHR_00092207,NPE_00092207,NPG_00007,NPU_00047,equal,10,settled,13
SHR_00092208,NPE_00092208,NPG_00014,NPU_00067,equal,4,settled,4
SHR_00092209,NPE_00092209,NPG_00021,NPU_00019,equal,7,settled,3
SHR_00092210,NPE_00092210,NPG_00024,NPU_00058,equal,2,settled,12
SHR_00092211,NPE_00092211,NPG_00028,NPU_00008,equal,4,settled,5
SHR_00092288,NPE_00092288,NPG_00006,NPU_00047,equal,4,settled,7
SHR_00092289,NPE_00092289,NPG_00009,NPU_00028,equal,2,settled,3
SHR_00092290,NPE_00092290,NPG_00010,NPU_00019,equal,2,settled,12
SHR_00092291,NPE_00092291,NPG_00019,NPU_00038,percentage,3,settled,10
SHR_00092358,NPE_00092358,NPG_00001,NPU_00022,custom,3,settled,12
SHR_00092359,NPE_00092359,NPG_00012,NPU_00020,equal,3,settled,7
SHR_00092360,NPE_00092360,NPG_00016,NPU_00073,equal,4,settled,9
SHR_00092361,NPE_00092361,NPG_00017,NPU_00003,equal,7,settled,12
SHR_00092362,NPE_00092362,NPG_00024,NPU_00078,equal,2,settled,7
SHR_00092363,NPE_00092363,NPG_00027,NPU_00005,custom,3,settled,13
SHR_00092364,NPE_00092364,NPG_00028,NPU_00050,equal,4,settled,0
SHR_00092458,NPE_00092458,NPG_00006,NPU_00029,equal,4,settled,6
SHR_00092459,NPE_00092459,NPG_00015,NPU_00047,equal,5,settled,3
SHR_00092460,NPE_00092460,NPG_00021,NPU_00032,equal,7,settled,3
SHR_00092461,NPE_00092461,NPG_00022,NPU_00049,equal,2,settled,9
SHR_00092462,NPE_00092462,NPG_00030,NPU_00021,custom,8,settled,13
SHR_00092554,NPE_00092554,NPG_00002,NPU_00032,equal,8,settled,11
SHR_00092555,NPE_00092555,NPG_00005,NPU_00013,equal,4,settled,4
SHR_00092556,NPE_00092556,NPG_00007,NPU_00003,equal,10,settled,8
SHR_00092557,NPE_00092557,NPG_00014,NPU_00028,equal,4,settled,10
SHR_00092558,NPE_00092558,NPG_00028,NPU_00027,equal,4,settled,12
SHR_00092651,NPE_00092651,NPG_00001,NPU_00022,custom,3,settled,9
SHR_00092652,NPE_00092652,NPG_00028,NPU_00050,equal,4,settled,9
SHR_00092712,NPE_00092712,NPG_00016,NPU_00073,equal,4,settled,6
SHR_00092713,NPE_00092713,NPG_00017,NPU_00071,equal,7,settled,7
SHR_00092714,NPE_00092714,NPG_00023,NPU_00001,equal,3,settled,11
SHR_00092715,NPE_00092715,NPG_00028,NPU_00008,equal,4,settled,2
SHR_00092789,NPE_00092789,NPG_00002,NPU_00060,equal,8,settled,12
SHR_00092790,NPE_00092790,NPG_00005,NPU_00013,equal,4,settled,6
SHR_00092791,NPE_00092791,NPG_00006,NPU_00029,equal,4,settled,2
SHR_00092792,NPE_00092792,NPG_00007,NPU_00020,equal,10,settled,9
SHR_00092793,NPE_00092793,NPG_00008,NPU_00069,equal,6,settled,0
SHR_00092794,NPE_00092794,NPG_00013,NPU_00003,custom,3,settled,9
SHR_00092795,NPE_00092795,NPG_00014,NPU_00019,equal,4,settled,6
SHR_00092796,NPE_00092796,NPG_00016,NPU_00035,equal,4,settled,5
SHR_00092797,NPE_00092797,NPG_00023,NPU_00040,equal,3,settled,8
SHR_00092798,NPE_00092798,NPG_00024,NPU_00078,equal,2,settled,10
SHR_00092799,NPE_00092799,NPG_00029,NPU_00047,equal,4,settled,3
SHR_00092870,NPE_00092870,NPG_00016,NPU_00047,equal,4,settled,10
SHR_00092871,NPE_00092871,NPG_00021,NPU_00068,equal,7,settled,19
SHR_00092872,NPE_00092872,NPG_00028,NPU_00058,equal,4,settled,7
SHR_00092873,NPE_00092873,NPG_00030,NPU_00060,custom,8,settled,10
SHR_00092964,NPE_00092964,NPG_00002,NPU_00067,equal,8,settled,10
SHR_00092965,NPE_00092965,NPG_00008,NPU_00069,equal,6,settled,3
SHR_00092966,NPE_00092966,NPG_00009,NPU_00028,equal,2,settled,8
SHR_00092967,NPE_00092967,NPG_00010,NPU_00041,equal,2,settled,4
SHR_00092968,NPE_00092968,NPG_00016,NPU_00075,equal,4,settled,10
SHR_00092969,NPE_00092969,NPG_00023,NPU_00001,equal,3,settled,15
SHR_00092970,NPE_00092970,NPG_00027,NPU_00005,custom,3,settled,10
SHR_00093083,NPE_00093083,NPG_00003,NPU_00039,custom,3,settled,11
SHR_00093084,NPE_00093084,NPG_00004,NPU_00064,equal,8,settled,7
SHR_00093085,NPE_00093085,NPG_00009,NPU_00028,equal,2,settled,16
SHR_00093086,NPE_00093086,NPG_00013,NPU_00077,custom,3,settled,10
SHR_00093087,NPE_00093087,NPG_00014,NPU_00019,equal,4,settled,0
SHR_00093088,NPE_00093088,NPG_00016,NPU_00073,equal,4,settled,11
SHR_00093089,NPE_00093089,NPG_00026,NPU_00047,equal,6,settled,7
SHR_00093090,NPE_00093090,NPG_00028,NPU_00027,equal,4,settled,7
SHR_00093188,NPE_00093188,NPG_00005,NPU_00046,equal,4,settled,6
SHR_00093189,NPE_00093189,NPG_00009,NPU_00028,equal,2,settled,14
SHR_00093190,NPE_00093190,NPG_00020,NPU_00056,percentage,5,settled,6
SHR_00093191,NPE_00093191,NPG_00021,NPU_00021,equal,7,settled,7
SHR_00093192,NPE_00093192,NPG_00022,NPU_00009,equal,2,settled,9
SHR_00093296,NPE_00093296,NPG_00006,NPU_00047,equal,4,settled,17
SHR_00093297,NPE_00093297,NPG_00007,NPU_00004,equal,10,settled,11
SHR_00093298,NPE_00093298,NPG_00010,NPU_00019,equal,2,settled,13
SHR_00093299,NPE_00093299,NPG_00014,NPU_00028,equal,4,settled,10
SHR_00093300,NPE_00093300,NPG_00015,NPU_00065,equal,5,settled,14
SHR_00093301,NPE_00093301,NPG_00016,NPU_00035,equal,4,settled,0
SHR_00093302,NPE_00093302,NPG_00021,NPU_00032,equal,7,settled,6
SHR_00093303,NPE_00093303,NPG_00029,NPU_00024,equal,4,settled,5
SHR_00093304,NPE_00093304,NPG_00030,NPU_00010,custom,8,pending,25
SHR_00093395,NPE_00093395,NPG_00002,NPU_00032,equal,8,settled,19
SHR_00093396,NPE_00093396,NPG_00004,NPU_00056,equal,8,settled,14
SHR_00093397,NPE_00093397,NPG_00005,NPU_00026,equal,4,settled,11
SHR_00093398,NPE_00093398,NPG_00016,NPU_00075,equal,4,settled,5
SHR_00093399,NPE_00093399,NPG_00019,NPU_00038,percentage,3,settled,15
SHR_00093400,NPE_00093400,NPG_00026,NPU_00005,equal,6,settled,10
SHR_00093401,NPE_00093401,NPG_00029,NPU_00047,equal,4,settled,20
SHR_00093503,NPE_00093503,NPG_00002,NPU_00063,equal,8,pending,24
SHR_00093504,NPE_00093504,NPG_00004,NPU_00071,equal,8,settled,9
SHR_00093505,NPE_00093505,NPG_00007,NPU_00055,equal,10,settled,15
SHR_00093506,NPE_00093506,NPG_00008,NPU_00055,equal,6,settled,10
SHR_00093507,NPE_00093507,NPG_00013,NPU_00077,custom,3,pending,24
SHR_00093508,NPE_00093508,NPG_00014,NPU_00019,equal,4,settled,10
SHR_00093509,NPE_00093509,NPG_00027,NPU_00005,custom,3,settled,12
SHR_00093510,NPE_00093510,NPG_00028,NPU_00027,equal,4,settled,4
SHR_00093616,NPE_00093616,NPG_00007,NPU_00055,equal,10,settled,20
SHR_00093617,NPE_00093617,NPG_00009,NPU_00028,equal,2,settled,8
SHR_00093618,NPE_00093618,NPG_00013,NPU_00066,custom,3,settled,13
SHR_00093619,NPE_00093619,NPG_00015,NPU_00071,equal,5,settled,7
SHR_00093620,NPE_00093620,NPG_00016,NPU_00073,equal,4,settled,6
SHR_00093621,NPE_00093621,NPG_00017,NPU_00071,equal,7,settled,15
SHR_00093622,NPE_00093622,NPG_00019,NPU_00038,percentage,3,settled,16
SHR_00093623,NPE_00093623,NPG_00022,NPU_00009,equal,2,settled,8
SHR_00093624,NPE_00093624,NPG_00025,NPU_00061,equal,10,settled,7
SHR_00093738,NPE_00093738,NPG_00002,NPU_00063,equal,8,pending,28
SHR_00093739,NPE_00093739,NPG_00005,NPU_00046,equal,4,settled,0
SHR_00093740,NPE_00093740,NPG_00009,NPU_00028,equal,2,settled,13
SHR_00093741,NPE_00093741,NPG_00010,NPU_00019,equal,2,settled,9
SHR_00093742,NPE_00093742,NPG_00014,NPU_00019,equal,4,settled,7
SHR_00093743,NPE_00093743,NPG_00016,NPU_00073,equal,4,settled,11
SHR_00093744,NPE_00093744,NPG_00020,NPU_00056,percentage,5,settled,10
SHR_00093745,NPE_00093745,NPG_00021,NPU_00021,equal,7,settled,14
SHR_00093746,NPE_00093746,NPG_00023,NPU_00058,equal,3,settled,11
SHR_00093747,NPE_00093747,NPG_00024,NPU_00058,equal,2,settled,3
SHR_00093748,NPE_00093748,NPG_00025,NPU_00002,equal,10,settled,20
SHR_00093835,NPE_00093835,NPG_00005,NPU_00026,equal,4,settled,14
SHR_00093836,NPE_00093836,NPG_00006,NPU_00019,equal,4,settled,12
SHR_00093837,NPE_00093837,NPG_00008,NPU_00051,equal,6,settled,10
SHR_00093838,NPE_00093838,NPG_00009,NPU_00012,equal,2,settled,18
SHR_00093839,NPE_00093839,NPG_00016,NPU_00073,equal,4,settled,15
SHR_00093840,NPE_00093840,NPG_00019,NPU_00038,percentage,3,settled,9
SHR_00093841,NPE_00093841,NPG_00021,NPU_00007,equal,7,settled,17
SHR_00093842,NPE_00093842,NPG_00023,NPU_00040,equal,3,settled,9
SHR_00093930,NPE_00093930,NPG_00001,NPU_00056,custom,3,settled,9
SHR_00093931,NPE_00093931,NPG_00002,NPU_00063,equal,8,settled,14
SHR_00093932,NPE_00093932,NPG_00004,NPU_00001,equal,8,settled,12
SHR_00093933,NPE_00093933,NPG_00006,NPU_00019,equal,4,settled,16
SHR_00093934,NPE_00093934,NPG_00007,NPU_00055,equal,10,settled,16
SHR_00093935,NPE_00093935,NPG_00010,NPU_00041,equal,2,settled,8
SHR_00093936,NPE_00093936,NPG_00014,NPU_00028,equal,4,settled,10
SHR_00093937,NPE_00093937,NPG_00016,NPU_00035,equal,4,settled,10
SHR_00093938,NPE_00093938,NPG_00017,NPU_00042,equal,7,settled,11
SHR_00093939,NPE_00093939,NPG_00020,NPU_00059,percentage,5,settled,7
SHR_00093940,NPE_00093940,NPG_00028,NPU_00008,equal,4,settled,17
SHR_00094063,NPE_00094063,NPG_00001,NPU_00079,custom,3,pending,25
SHR_00094064,NPE_00094064,NPG_00009,NPU_00012,equal,2,settled,10
SHR_00094065,NPE_00094065,NPG_00013,NPU_00003,custom,3,settled,11
SHR_00094066,NPE_00094066,NPG_00016,NPU_00075,equal,4,settled,7
SHR_00094067,NPE_00094067,NPG_00020,NPU_00040,percentage,5,settled,13
SHR_00094068,NPE_00094068,NPG_00023,NPU_00001,equal,3,settled,10
SHR_00094069,NPE_00094069,NPG_00029,NPU_00053,equal,4,settled,10
SHR_00094141,NPE_00094141,NPG_00002,NPU_00046,equal,8,settled,14
SHR_00094142,NPE_00094142,NPG_00006,NPU_00019,equal,4,settled,15
SHR_00094143,NPE_00094143,NPG_00010,NPU_00019,equal,2,settled,14
SHR_00094144,NPE_00094144,NPG_00014,NPU_00028,equal,4,settled,13
SHR_00094145,NPE_00094145,NPG_00015,NPU_00071,equal,5,settled,13
SHR_00094146,NPE_00094146,NPG_00024,NPU_00058,equal,2,settled,8
SHR_00094232,NPE_00094232,NPG_00002,NPU_00072,equal,8,settled,9
SHR_00094233,NPE_00094233,NPG_00009,NPU_00028,equal,2,settled,7
SHR_00094234,NPE_00094234,NPG_00010,NPU_00041,equal,2,settled,6
SHR_00094235,NPE_00094235,NPG_00020,NPU_00059,percentage,5,settled,13
SHR_00094236,NPE_00094236,NPG_00023,NPU_00001,equal,3,settled,14
SHR_00094316,NPE_00094316,NPG_00004,NPU_00064,equal,8,settled,10
SHR_00094317,NPE_00094317,NPG_00008,NPU_00051,equal,6,settled,13
SHR_00094318,NPE_00094318,NPG_00009,NPU_00012,equal,2,settled,5
SHR_00094319,NPE_00094319,NPG_00015,NPU_00054,equal,5,settled,12
SHR_00094320,NPE_00094320,NPG_00023,NPU_00058,equal,3,settled,12
SHR_00094321,NPE_00094321,NPG_00028,NPU_00050,equal,4,settled,16
SHR_00094462,NPE_00094462,NPG_00009,NPU_00028,equal,2,settled,0
SHR_00094463,NPE_00094463,NPG_00010,NPU_00041,equal,2,settled,7
SHR_00094464,NPE_00094464,NPG_00013,NPU_00066,custom,3,settled,10
SHR_00094465,NPE_00094465,NPG_00015,NPU_00071,equal,5,settled,7
SHR_00094466,NPE_00094466,NPG_00019,NPU_00059,percentage,3,settled,7
SHR_00094467,NPE_00094467,NPG_00025,NPU_00002,equal,10,settled,1
SHR_00094546,NPE_00094546,NPG_00002,NPU_00005,equal,8,settled,8
SHR_00094547,NPE_00094547,NPG_00006,NPU_00029,equal,4,settled,4
SHR_00094548,NPE_00094548,NPG_00008,NPU_00051,equal,6,settled,0
SHR_00094549,NPE_00094549,NPG_00009,NPU_00012,equal,2,settled,2
SHR_00094550,NPE_00094550,NPG_00013,NPU_00066,custom,3,settled,16
SHR_00094551,NPE_00094551,NPG_00014,NPU_00019,equal,4,settled,18
SHR_00094552,NPE_00094552,NPG_00015,NPU_00065,equal,5,settled,0
SHR_00094553,NPE_00094553,NPG_00016,NPU_00075,equal,4,settled,5
SHR_00094554,NPE_00094554,NPG_00023,NPU_00040,equal,3,settled,11
SHR_00094555,NPE_00094555,NPG_00024,NPU_00058,equal,2,settled,19
SHR_00094556,NPE_00094556,NPG_00028,NPU_00050,equal,4,settled,6
SHR_00094557,NPE_00094557,NPG_00029,NPU_00047,equal,4,settled,12
SHR_00094650,NPE_00094650,NPG_00010,NPU_00041,equal,2,settled,8
SHR_00094651,NPE_00094651,NPG_00016,NPU_00035,equal,4,settled,5
SHR_00094652,NPE_00094652,NPG_00023,NPU_00040,equal,3,settled,4
SHR_00094653,NPE_00094653,NPG_00026,NPU_00070,equal,6,settled,8
SHR_00094747,NPE_00094747,NPG_00002,NPU_00032,equal,8,settled,5
SHR_00094748,NPE_00094748,NPG_00004,NPU_00064,equal,8,settled,9
SHR_00094749,NPE_00094749,NPG_00009,NPU_00012,equal,2,settled,0
SHR_00094750,NPE_00094750,NPG_00014,NPU_00067,equal,4,settled,9
SHR_00094751,NPE_00094751,NPG_00027,NPU_00031,custom,3,settled,13
SHR_00094825,NPE_00094825,NPG_00001,NPU_00022,custom,3,settled,7
SHR_00094826,NPE_00094826,NPG_00002,NPU_00046,equal,8,settled,12
SHR_00094827,NPE_00094827,NPG_00004,NPU_00071,equal,8,settled,10
SHR_00094828,NPE_00094828,NPG_00016,NPU_00075,equal,4,settled,14
SHR_00094829,NPE_00094829,NPG_00021,NPU_00032,equal,7,settled,0
SHR_00094830,NPE_00094830,NPG_00026,NPU_00047,equal,6,settled,19
SHR_00094831,NPE_00094831,NPG_00028,NPU_00008,equal,4,settled,9
SHR_00094906,NPE_00094906,NPG_00002,NPU_00063,equal,8,settled,14
SHR_00094907,NPE_00094907,NPG_00007,NPU_00054,equal,10,settled,10
SHR_00094908,NPE_00094908,NPG_00027,NPU_00031,custom,3,settled,6
SHR_00095036,NPE_00095036,NPG_00006,NPU_00054,equal,4,settled,2
SHR_00095037,NPE_00095037,NPG_00008,NPU_00051,equal,6,settled,12
SHR_00095038,NPE_00095038,NPG_00009,NPU_00028,equal,2,settled,7
SHR_00095039,NPE_00095039,NPG_00010,NPU_00041,equal,2,settled,4
SHR_00095040,NPE_00095040,NPG_00013,NPU_00003,custom,3,settled,7
SHR_00095041,NPE_00095041,NPG_00023,NPU_00001,equal,3,settled,11
SHR_00095042,NPE_00095042,NPG_00024,NPU_00058,equal,2,settled,8
SHR_00095043,NPE_00095043,NPG_00028,NPU_00050,equal,4,settled,0
SHR_00095044,NPE_00095044,NPG_00030,NPU_00021,custom,8,settled,7
SHR_00095125,NPE_00095125,NPG_00006,NPU_00029,equal,4,settled,4
SHR_00095126,NPE_00095126,NPG_00013,NPU_00066,custom,3,settled,3
SHR_00095127,NPE_00095127,NPG_00019,NPU_00038,percentage,3,settled,8
SHR_00095221,NPE_00095221,NPG_00005,NPU_00046,equal,4,settled,0
SHR_00095222,NPE_00095222,NPG_00013,NPU_00077,custom,3,settled,6
SHR_00095223,NPE_00095223,NPG_00016,NPU_00073,equal,4,settled,12
SHR_00095224,NPE_00095224,NPG_00026,NPU_00047,equal,6,settled,1
SHR_00095225,NPE_00095225,NPG_00028,NPU_00050,equal,4,settled,8
SHR_00095226,NPE_00095226,NPG_00030,NPU_00063,custom,8,settled,5
SHR_00095324,NPE_00095324,NPG_00006,NPU_00029,equal,4,settled,16
SHR_00095325,NPE_00095325,NPG_00010,NPU_00019,equal,2,settled,5
SHR_00095326,NPE_00095326,NPG_00015,NPU_00071,equal,5,settled,11
SHR_00095327,NPE_00095327,NPG_00019,NPU_00038,percentage,3,settled,8
SHR_00095328,NPE_00095328,NPG_00021,NPU_00068,equal,7,settled,12
SHR_00095329,NPE_00095329,NPG_00023,NPU_00001,equal,3,settled,8
SHR_00095330,NPE_00095330,NPG_00025,NPU_00022,equal,10,settled,10
SHR_00095331,NPE_00095331,NPG_00027,NPU_00031,custom,3,settled,3
SHR_00095332,NPE_00095332,NPG_00028,NPU_00008,equal,4,settled,12
SHR_00095333,NPE_00095333,NPG_00030,NPU_00060,custom,8,settled,10
SHR_00095400,NPE_00095400,NPG_00008,NPU_00055,equal,6,settled,2
SHR_00095401,NPE_00095401,NPG_00014,NPU_00067,equal,4,settled,7
SHR_00095479,NPE_00095479,NPG_00004,NPU_00064,equal,8,settled,2
SHR_00095480,NPE_00095480,NPG_00016,NPU_00075,equal,4,settled,3
SHR_00095481,NPE_00095481,NPG_00018,NPU_00075,custom,4,settled,18
SHR_00095482,NPE_00095482,NPG_00028,NPU_00008,equal,4,settled,6
SHR_00095483,NPE_00095483,NPG_00029,NPU_00024,equal,4,settled,11
SHR_00095548,NPE_00095548,NPG_00002,NPU_00046,equal,8,settled,11
SHR_00095549,NPE_00095549,NPG_00006,NPU_00054,equal,4,settled,10
SHR_00095550,NPE_00095550,NPG_00012,NPU_00015,equal,3,settled,0
SHR_00095551,NPE_00095551,NPG_00013,NPU_00003,custom,3,settled,9
SHR_00095552,NPE_00095552,NPG_00017,NPU_00067,equal,7,settled,4
SHR_00095553,NPE_00095553,NPG_00019,NPU_00059,percentage,3,settled,17
SHR_00095554,NPE_00095554,NPG_00021,NPU_00007,equal,7,settled,10
SHR_00095555,NPE_00095555,NPG_00026,NPU_00005,equal,6,settled,17
SHR_00095631,NPE_00095631,NPG_00014,NPU_00067,equal,4,settled,6
SHR_00095632,NPE_00095632,NPG_00021,NPU_00032,equal,7,settled,12
SHR_00095633,NPE_00095633,NPG_00023,NPU_00040,equal,3,settled,2
SHR_00095634,NPE_00095634,NPG_00030,NPU_00028,custom,8,settled,18
SHR_00095712,NPE_00095712,NPG_00014,NPU_00067,equal,4,settled,3
SHR_00095713,NPE_00095713,NPG_00016,NPU_00047,equal,4,settled,11
SHR_00095714,NPE_00095714,NPG_00026,NPU_00070,equal,6,settled,0
SHR_00095795,NPE_00095795,NPG_00002,NPU_00005,equal,8,settled,3
SHR_00095796,NPE_00095796,NPG_00008,NPU_00055,equal,6,settled,17
SHR_00095797,NPE_00095797,NPG_00010,NPU_00019,equal,2,settled,9
SHR_00095798,NPE_00095798,NPG_00028,NPU_00058,equal,4,settled,14
SHR_00095799,NPE_00095799,NPG_00030,NPU_00045,custom,8,settled,15
SHR_00095898,NPE_00095898,NPG_00009,NPU_00028,equal,2,settled,9
SHR_00095899,NPE_00095899,NPG_00013,NPU_00066,custom,3,settled,3
SHR_00095900,NPE_00095900,NPG_00014,NPU_00028,equal,4,settled,1
SHR_00095901,NPE_00095901,NPG_00021,NPU_00008,equal,7,settled,7
SHR_00095902,NPE_00095902,NPG_00024,NPU_00058,equal,2,settled,13
SHR_00095968,NPE_00095968,NPG_00006,NPU_00047,equal,4,settled,7
SHR_00095969,NPE_00095969,NPG_00007,NPU_00003,equal,10,settled,8
SHR_00095970,NPE_00095970,NPG_00008,NPU_00017,equal,6,settled,7
SHR_00095971,NPE_00095971,NPG_00009,NPU_00028,equal,2,settled,7
SHR_00095972,NPE_00095972,NPG_00013,NPU_00003,custom,3,settled,11
SHR_00095973,NPE_00095973,NPG_00024,NPU_00058,equal,2,settled,2
SHR_00095974,NPE_00095974,NPG_00025,NPU_00026,equal,10,settled,4
SHR_00095975,NPE_00095975,NPG_00028,NPU_00058,equal,4,settled,14
SHR_00095976,NPE_00095976,NPG_00029,NPU_00058,equal,4,settled,10
SHR_00096061,NPE_00096061,NPG_00010,NPU_00041,equal,2,settled,12
SHR_00096062,NPE_00096062,NPG_00014,NPU_00067,equal,4,settled,4
SHR_00096063,NPE_00096063,NPG_00016,NPU_00075,equal,4,settled,13
SHR_00096064,NPE_00096064,NPG_00020,NPU_00040,percentage,5,settled,9
SHR_00096171,NPE_00096171,NPG_00004,NPU_00073,equal,8,settled,9
SHR_00096172,NPE_00096172,NPG_00011,NPU_00053,equal,6,settled,12
SHR_00096173,NPE_00096173,NPG_00017,NPU_00023,equal,7,settled,2
SHR_00096174,NPE_00096174,NPG_00018,NPU_00029,custom,4,settled,15
SHR_00096175,NPE_00096175,NPG_00019,NPU_00021,percentage,3,settled,14
SHR_00096176,NPE_00096176,NPG_00021,NPU_00032,equal,7,settled,12
SHR_00096244,NPE_00096244,NPG_00004,NPU_00064,equal,8,settled,16
SHR_00096245,NPE_00096245,NPG_00006,NPU_00019,equal,4,settled,6
SHR_00096246,NPE_00096246,NPG_00013,NPU_00077,custom,3,settled,12
SHR_00096247,NPE_00096247,NPG_00014,NPU_00007,equal,4,settled,11
SHR_00096248,NPE_00096248,NPG_00017,NPU_00071,equal,7,settled,17
SHR_00096249,NPE_00096249,NPG_00019,NPU_00021,percentage,3,settled,9
SHR_00096250,NPE_00096250,NPG_00023,NPU_00040,equal,3,settled,9
SHR_00096251,NPE_00096251,NPG_00024,NPU_00058,equal,2,settled,10
SHR_00096252,NPE_00096252,NPG_00026,NPU_00051,equal,6,settled,6
SHR_00096360,NPE_00096360,NPG_00002,NPU_00032,equal,8,settled,18
SHR_00096361,NPE_00096361,NPG_00005,NPU_00026,equal,4,settled,8
SHR_00096362,NPE_00096362,NPG_00007,NPU_00072,equal,10,settled,11
SHR_00096363,NPE_00096363,NPG_00008,NPU_00060,equal,6,settled,8
SHR_00096364,NPE_00096364,NPG_00009,NPU_00028,equal,2,settled,8
SHR_00096365,NPE_00096365,NPG_00015,NPU_00065,equal,5,settled,14
SHR_00096366,NPE_00096366,NPG_00016,NPU_00047,equal,4,settled,12
SHR_00096367,NPE_00096367,NPG_00023,NPU_00001,equal,3,settled,8
SHR_00096368,NPE_00096368,NPG_00025,NPU_00061,equal,10,settled,10
SHR_00096472,NPE_00096472,NPG_00001,NPU_00022,custom,3,settled,9
SHR_00096473,NPE_00096473,NPG_00002,NPU_00067,equal,8,settled,15
SHR_00096474,NPE_00096474,NPG_00004,NPU_00059,equal,8,settled,9
SHR_00096475,NPE_00096475,NPG_00005,NPU_00026,equal,4,settled,10
SHR_00096476,NPE_00096476,NPG_00006,NPU_00029,equal,4,settled,12
SHR_00096477,NPE_00096477,NPG_00008,NPU_00055,equal,6,pending,23
SHR_00096478,NPE_00096478,NPG_00009,NPU_00028,equal,2,pending,22
SHR_00096479,NPE_00096479,NPG_00014,NPU_00067,equal,4,settled,14
SHR_00096480,NPE_00096480,NPG_00015,NPU_00047,equal,5,settled,10
SHR_00096481,NPE_00096481,NPG_00021,NPU_00080,equal,7,settled,11
SHR_00096482,NPE_00096482,NPG_00022,NPU_00009,equal,2,settled,7
SHR_00096483,NPE_00096483,NPG_00023,NPU_00040,equal,3,settled,10
SHR_00096484,NPE_00096484,NPG_00030,NPU_00028,custom,8,settled,8
SHR_00096616,NPE_00096616,NPG_00004,NPU_00064,equal,8,pending,25
SHR_00096617,NPE_00096617,NPG_00009,NPU_00012,equal,2,settled,17
SHR_00096618,NPE_00096618,NPG_00010,NPU_00041,equal,2,settled,5
SHR_00096619,NPE_00096619,NPG_00014,NPU_00019,equal,4,settled,8
SHR_00096620,NPE_00096620,NPG_00016,NPU_00075,equal,4,settled,11
SHR_00096621,NPE_00096621,NPG_00017,NPU_00067,equal,7,settled,13
SHR_00096622,NPE_00096622,NPG_00021,NPU_00021,equal,7,settled,16
SHR_00096623,NPE_00096623,NPG_00023,NPU_00001,equal,3,settled,15
SHR_00096624,NPE_00096624,NPG_00028,NPU_00050,equal,4,settled,14
SHR_00096625,NPE_00096625,NPG_00029,NPU_00024,equal,4,settled,0
SHR_00096626,NPE_00096626,NPG_00030,NPU_00060,custom,8,settled,20
SHR_00096712,NPE_00096712,NPG_00002,NPU_00054,equal,8,settled,13
SHR_00096713,NPE_00096713,NPG_00008,NPU_00051,equal,6,settled,8
SHR_00096714,NPE_00096714,NPG_00013,NPU_00066,custom,3,settled,7
SHR_00096715,NPE_00096715,NPG_00021,NPU_00080,equal,7,settled,15
SHR_00096716,NPE_00096716,NPG_00025,NPU_00018,equal,10,pending,30
SHR_00096717,NPE_00096717,NPG_00026,NPU_00047,equal,6,settled,10
SHR_00096718,NPE_00096718,NPG_00030,NPU_00045,custom,8,pending,26
SHR_00096784,NPE_00096784,NPG_00004,NPU_00064,equal,8,settled,17
SHR_00096785,NPE_00096785,NPG_00006,NPU_00029,equal,4,settled,11
SHR_00096786,NPE_00096786,NPG_00008,NPU_00051,equal,6,settled,16
SHR_00096787,NPE_00096787,NPG_00010,NPU_00019,equal,2,settled,4
SHR_00096788,NPE_00096788,NPG_00012,NPU_00020,equal,3,settled,12
SHR_00096789,NPE_00096789,NPG_00014,NPU_00028,equal,4,settled,4
SHR_00096790,NPE_00096790,NPG_00016,NPU_00047,equal,4,settled,5
SHR_00096791,NPE_00096791,NPG_00017,NPU_00003,equal,7,settled,14
SHR_00096792,NPE_00096792,NPG_00023,NPU_00001,equal,3,pending,23
SHR_00096793,NPE_00096793,NPG_00029,NPU_00058,equal,4,settled,19
SHR_00096930,NPE_00096930,NPG_00004,NPU_00073,equal,8,settled,16
SHR_00096931,NPE_00096931,NPG_00005,NPU_00066,equal,4,settled,11
SHR_00096932,NPE_00096932,NPG_00008,NPU_00069,equal,6,settled,5
SHR_00096933,NPE_00096933,NPG_00009,NPU_00028,equal,2,settled,6
SHR_00096934,NPE_00096934,NPG_00015,NPU_00054,equal,5,pending,23
SHR_00096935,NPE_00096935,NPG_00019,NPU_00021,percentage,3,settled,12
SHR_00096936,NPE_00096936,NPG_00023,NPU_00040,equal,3,settled,16
SHR_00096937,NPE_00096937,NPG_00025,NPU_00080,equal,10,settled,14
SHR_00096938,NPE_00096938,NPG_00026,NPU_00047,equal,6,settled,10
SHR_00096939,NPE_00096939,NPG_00028,NPU_00027,equal,4,settled,17
SHR_00097018,NPE_00097018,NPG_00002,NPU_00005,equal,8,settled,21
SHR_00097019,NPE_00097019,NPG_00006,NPU_00029,equal,4,settled,9
SHR_00097020,NPE_00097020,NPG_00008,NPU_00017,equal,6,settled,9
SHR_00097021,NPE_00097021,NPG_00016,NPU_00075,equal,4,settled,10
SHR_00097022,NPE_00097022,NPG_00021,NPU_00021,equal,7,settled,16
SHR_00097023,NPE_00097023,NPG_00024,NPU_00078,equal,2,settled,8
SHR_00097024,NPE_00097024,NPG_00026,NPU_00052,equal,6,settled,12
SHR_00097025,NPE_00097025,NPG_00028,NPU_00058,equal,4,settled,11
SHR_00097104,NPE_00097104,NPG_00002,NPU_00060,equal,8,settled,12
SHR_00097105,NPE_00097105,NPG_00007,NPU_00055,equal,10,settled,8
SHR_00097106,NPE_00097106,NPG_00014,NPU_00007,equal,4,settled,18
SHR_00097107,NPE_00097107,NPG_00016,NPU_00073,equal,4,settled,11
SHR_00097108,NPE_00097108,NPG_00019,NPU_00021,percentage,3,settled,18
SHR_00097109,NPE_00097109,NPG_00020,NPU_00040,percentage,5,settled,21
SHR_00097110,NPE_00097110,NPG_00021,NPU_00008,equal,7,settled,11
SHR_00097111,NPE_00097111,NPG_00023,NPU_00001,equal,3,settled,17
SHR_00097112,NPE_00097112,NPG_00028,NPU_00050,equal,4,settled,16
SHR_00097206,NPE_00097206,NPG_00001,NPU_00056,custom,3,settled,12
SHR_00097207,NPE_00097207,NPG_00006,NPU_00047,equal,4,settled,19
SHR_00097208,NPE_00097208,NPG_00008,NPU_00017,equal,6,settled,13
SHR_00097209,NPE_00097209,NPG_00009,NPU_00028,equal,2,settled,17
SHR_00097210,NPE_00097210,NPG_00010,NPU_00041,equal,2,settled,7
SHR_00097211,NPE_00097211,NPG_00014,NPU_00067,equal,4,settled,20
SHR_00097212,NPE_00097212,NPG_00023,NPU_00040,equal,3,pending,22
SHR_00097213,NPE_00097213,NPG_00024,NPU_00058,equal,2,settled,16
SHR_00097214,NPE_00097214,NPG_00026,NPU_00049,equal,6,settled,9
SHR_00097215,NPE_00097215,NPG_00027,NPU_00031,custom,3,settled,20
SHR_00097216,NPE_00097216,NPG_00028,NPU_00008,equal,4,settled,3
SHR_00097368,NPE_00097368,NPG_00006,NPU_00047,equal,4,settled,1
SHR_00097369,NPE_00097369,NPG_00008,NPU_00017,equal,6,settled,7
SHR_00097370,NPE_00097370,NPG_00011,NPU_00059,equal,6,settled,0
SHR_00097371,NPE_00097371,NPG_00015,NPU_00054,equal,5,settled,10
SHR_00097372,NPE_00097372,NPG_00016,NPU_00047,equal,4,settled,12
SHR_00097373,NPE_00097373,NPG_00017,NPU_00067,equal,7,settled,21
SHR_00097374,NPE_00097374,NPG_00019,NPU_00059,percentage,3,settled,18
SHR_00097375,NPE_00097375,NPG_00023,NPU_00058,equal,3,settled,11
SHR_00097376,NPE_00097376,NPG_00024,NPU_00058,equal,2,settled,8
SHR_00097377,NPE_00097377,NPG_00028,NPU_00008,equal,4,settled,9
SHR_00097378,NPE_00097378,NPG_00029,NPU_00058,equal,4,pending,28
SHR_00097379,NPE_00097379,NPG_00030,NPU_00060,custom,8,settled,20
SHR_00097437,NPE_00097437,NPG_00006,NPU_00029,equal,4,settled,9
SHR_00097438,NPE_00097438,NPG_00010,NPU_00041,equal,2,settled,3
SHR_00097439,NPE_00097439,NPG_00014,NPU_00028,equal,4,settled,13
SHR_00097440,NPE_00097440,NPG_00016,NPU_00047,equal,4,settled,9
SHR_00097441,NPE_00097441,NPG_00023,NPU_00058,equal,3,settled,10
SHR_00097442,NPE_00097442,NPG_00028,NPU_00050,equal,4,settled,19
SHR_00097443,NPE_00097443,NPG_00030,NPU_00028,custom,8,settled,11
SHR_00097498,NPE_00097498,NPG_00002,NPU_00005,equal,8,settled,10
SHR_00097499,NPE_00097499,NPG_00005,NPU_00046,equal,4,settled,6
SHR_00097500,NPE_00097500,NPG_00007,NPU_00020,equal,10,settled,10
SHR_00097501,NPE_00097501,NPG_00009,NPU_00028,equal,2,settled,6
SHR_00097502,NPE_00097502,NPG_00011,NPU_00059,equal,6,settled,20
SHR_00097503,NPE_00097503,NPG_00013,NPU_00066,custom,3,settled,13
SHR_00097504,NPE_00097504,NPG_00015,NPU_00012,equal,5,settled,18
SHR_00097505,NPE_00097505,NPG_00019,NPU_00059,percentage,3,settled,7
SHR_00097506,NPE_00097506,NPG_00026,NPU_00005,equal,6,settled,8
SHR_00097507,NPE_00097507,NPG_00028,NPU_00050,equal,4,settled,1
SHR_00097598,NPE_00097598,NPG_00006,NPU_00054,equal,4,settled,8
SHR_00097599,NPE_00097599,NPG_00014,NPU_00007,equal,4,settled,11
SHR_00097600,NPE_00097600,NPG_00016,NPU_00047,equal,4,settled,9
SHR_00097601,NPE_00097601,NPG_00024,NPU_00058,equal,2,settled,5
SHR_00097602,NPE_00097602,NPG_00028,NPU_00058,equal,4,settled,7
SHR_00097685,NPE_00097685,NPG_00002,NPU_00054,equal,8,settled,0
SHR_00097686,NPE_00097686,NPG_00004,NPU_00001,equal,8,settled,9
SHR_00097687,NPE_00097687,NPG_00005,NPU_00046,equal,4,settled,12
SHR_00097688,NPE_00097688,NPG_00010,NPU_00019,equal,2,settled,7
SHR_00097689,NPE_00097689,NPG_00012,NPU_00070,equal,3,settled,13
SHR_00097690,NPE_00097690,NPG_00013,NPU_00066,custom,3,settled,20
SHR_00097691,NPE_00097691,NPG_00016,NPU_00035,equal,4,settled,7
SHR_00097692,NPE_00097692,NPG_00019,NPU_00021,percentage,3,settled,16
SHR_00097693,NPE_00097693,NPG_00024,NPU_00078,equal,2,settled,6
SHR_00097769,NPE_00097769,NPG_00009,NPU_00012,equal,2,settled,1
SHR_00097770,NPE_00097770,NPG_00013,NPU_00077,custom,3,settled,6
SHR_00097771,NPE_00097771,NPG_00019,NPU_00059,percentage,3,settled,9
SHR_00097772,NPE_00097772,NPG_00021,NPU_00008,equal,7,settled,15
SHR_00097773,NPE_00097773,NPG_00028,NPU_00008,equal,4,settled,11
SHR_00097913,NPE_00097913,NPG_00001,NPU_00079,custom,3,settled,17
SHR_00097914,NPE_00097914,NPG_00003,NPU_00020,custom,3,settled,12
SHR_00097915,NPE_00097915,NPG_00004,NPU_00059,equal,8,settled,12
SHR_00097916,NPE_00097916,NPG_00005,NPU_00046,equal,4,settled,15
SHR_00097917,NPE_00097917,NPG_00009,NPU_00028,equal,2,settled,9
SHR_00097918,NPE_00097918,NPG_00010,NPU_00041,equal,2,settled,9
SHR_00097919,NPE_00097919,NPG_00013,NPU_00066,custom,3,settled,13
SHR_00097920,NPE_00097920,NPG_00014,NPU_00019,equal,4,settled,11
SHR_00097921,NPE_00097921,NPG_00016,NPU_00035,equal,4,settled,9
SHR_00097922,NPE_00097922,NPG_00020,NPU_00052,percentage,5,settled,13
SHR_00097923,NPE_00097923,NPG_00021,NPU_00080,equal,7,settled,20
SHR_00097924,NPE_00097924,NPG_00023,NPU_00058,equal,3,settled,14
SHR_00097925,NPE_00097925,NPG_00025,NPU_00026,equal,10,settled,12
SHR_00097926,NPE_00097926,NPG_00026,NPU_00047,equal,6,settled,9
SHR_00097927,NPE_00097927,NPG_00028,NPU_00008,equal,4,settled,7
SHR_00098011,NPE_00098011,NPG_00010,NPU_00041,equal,2,settled,18
SHR_00098012,NPE_00098012,NPG_00014,NPU_00007,equal,4,settled,13
SHR_00098013,NPE_00098013,NPG_00016,NPU_00035,equal,4,settled,12
SHR_00098014,NPE_00098014,NPG_00020,NPU_00056,percentage,5,settled,7
SHR_00098015,NPE_00098015,NPG_00023,NPU_00058,equal,3,settled,18
SHR_00098016,NPE_00098016,NPG_00025,NPU_00018,equal,10,settled,5
SHR_00098017,NPE_00098017,NPG_00030,NPU_00028,custom,8,settled,9
SHR_00098095,NPE_00098095,NPG_00002,NPU_00063,equal,8,settled,9
SHR_00098096,NPE_00098096,NPG_00004,NPU_00064,equal,8,settled,7
SHR_00098097,NPE_00098097,NPG_00006,NPU_00047,equal,4,settled,14
SHR_00098098,NPE_00098098,NPG_00010,NPU_00019,equal,2,settled,20
SHR_00098099,NPE_00098099,NPG_00014,NPU_00067,equal,4,pending,23
SHR_00098100,NPE_00098100,NPG_00016,NPU_00073,equal,4,settled,4
SHR_00098101,NPE_00098101,NPG_00018,NPU_00029,custom,4,settled,0
SHR_00098102,NPE_00098102,NPG_00019,NPU_00059,percentage,3,pending,28
SHR_00098103,NPE_00098103,NPG_00023,NPU_00001,equal,3,settled,14
SHR_00098104,NPE_00098104,NPG_00024,NPU_00058,equal,2,settled,7
SHR_00098105,NPE_00098105,NPG_00026,NPU_00047,equal,6,settled,7
SHR_00098106,NPE_00098106,NPG_00028,NPU_00050,equal,4,settled,6
SHR_00098169,NPE_00098169,NPG_00002,NPU_00072,equal,8,settled,5
SHR_00098170,NPE_00098170,NPG_00005,NPU_00046,equal,4,settled,7
SHR_00098171,NPE_00098171,NPG_00008,NPU_00017,equal,6,settled,3
SHR_00098172,NPE_00098172,NPG_00009,NPU_00028,equal,2,settled,3
SHR_00098173,NPE_00098173,NPG_00015,NPU_00054,equal,5,settled,2
SHR_00098174,NPE_00098174,NPG_00016,NPU_00035,equal,4,settled,10
SHR_00098175,NPE_00098175,NPG_00019,NPU_00021,percentage,3,settled,6
SHR_00098176,NPE_00098176,NPG_00028,NPU_00058,equal,4,settled,8
SHR_00098257,NPE_00098257,NPG_00005,NPU_00066,equal,4,settled,14
SHR_00098258,NPE_00098258,NPG_00008,NPU_00055,equal,6,settled,5
SHR_00098259,NPE_00098259,NPG_00013,NPU_00066,custom,3,settled,18
SHR_00098260,NPE_00098260,NPG_00024,NPU_00058,equal,2,settled,8
SHR_00098261,NPE_00098261,NPG_00029,NPU_00024,equal,4,settled,9
SHR_00098325,NPE_00098325,NPG_00002,NPU_00054,equal,8,settled,15
SHR_00098326,NPE_00098326,NPG_00006,NPU_00019,equal,4,settled,7
SHR_00098327,NPE_00098327,NPG_00013,NPU_00066,custom,3,settled,12
SHR_00098328,NPE_00098328,NPG_00014,NPU_00028,equal,4,settled,0
SHR_00098395,NPE_00098395,NPG_00002,NPU_00063,equal,8,settled,12
SHR_00098396,NPE_00098396,NPG_00006,NPU_00029,equal,4,settled,0
SHR_00098397,NPE_00098397,NPG_00011,NPU_00059,equal,6,settled,5
SHR_00098398,NPE_00098398,NPG_00015,NPU_00071,equal,5,settled,2
SHR_00098399,NPE_00098399,NPG_00016,NPU_00075,equal,4,settled,14
SHR_00098400,NPE_00098400,NPG_00019,NPU_00038,percentage,3,settled,9
SHR_00098401,NPE_00098401,NPG_00020,NPU_00052,percentage,5,settled,4
SHR_00098402,NPE_00098402,NPG_00026,NPU_00005,equal,6,settled,9
SHR_00098403,NPE_00098403,NPG_00028,NPU_00027,equal,4,settled,6
SHR_00098493,NPE_00098493,NPG_00008,NPU_00055,equal,6,settled,13
SHR_00098494,NPE_00098494,NPG_00010,NPU_00019,equal,2,settled,1
SHR_00098495,NPE_00098495,NPG_00016,NPU_00047,equal,4,settled,5
SHR_00098496,NPE_00098496,NPG_00017,NPU_00052,equal,7,settled,20
SHR_00098497,NPE_00098497,NPG_00019,NPU_00021,percentage,3,settled,10
SHR_00098498,NPE_00098498,NPG_00021,NPU_00021,equal,7,settled,5
SHR_00098499,NPE_00098499,NPG_00024,NPU_00058,equal,2,settled,8
SHR_00098500,NPE_00098500,NPG_00026,NPU_00047,equal,6,settled,5
SHR_00098592,NPE_00098592,NPG_00001,NPU_00056,custom,3,settled,7
SHR_00098593,NPE_00098593,NPG_00002,NPU_00072,equal,8,settled,7
SHR_00098594,NPE_00098594,NPG_00006,NPU_00047,equal,4,settled,1
SHR_00098595,NPE_00098595,NPG_00007,NPU_00067,equal,10,settled,6
SHR_00098596,NPE_00098596,NPG_00009,NPU_00012,equal,2,settled,3
SHR_00098597,NPE_00098597,NPG_00015,NPU_00071,equal,5,settled,2
SHR_00098598,NPE_00098598,NPG_00016,NPU_00073,equal,4,settled,4
SHR_00098599,NPE_00098599,NPG_00021,NPU_00032,equal,7,settled,5
SHR_00098682,NPE_00098682,NPG_00004,NPU_00001,equal,8,settled,2
SHR_00098683,NPE_00098683,NPG_00005,NPU_00026,equal,4,settled,9
SHR_00098684,NPE_00098684,NPG_00014,NPU_00007,equal,4,settled,10
SHR_00098685,NPE_00098685,NPG_00018,NPU_00029,custom,4,settled,7
SHR_00098686,NPE_00098686,NPG_00019,NPU_00059,percentage,3,settled,8
SHR_00098687,NPE_00098687,NPG_00028,NPU_00027,equal,4,settled,11
SHR_00098750,NPE_00098750,NPG_00004,NPU_00056,equal,8,settled,5
SHR_00098751,NPE_00098751,NPG_00008,NPU_00060,equal,6,settled,11
SHR_00098752,NPE_00098752,NPG_00009,NPU_00028,equal,2,settled,0
SHR_00098753,NPE_00098753,NPG_00010,NPU_00019,equal,2,settled,3
SHR_00098754,NPE_00098754,NPG_00016,NPU_00047,equal,4,settled,13
SHR_00098755,NPE_00098755,NPG_00023,NPU_00058,equal,3,settled,14
SHR_00098756,NPE_00098756,NPG_00024,NPU_00078,equal,2,settled,10
SHR_00098850,NPE_00098850,NPG_00010,NPU_00041,equal,2,settled,11
SHR_00098851,NPE_00098851,NPG_00017,NPU_00071,equal,7,settled,1
SHR_00098852,NPE_00098852,NPG_00023,NPU_00040,equal,3,settled,9
SHR_00098853,NPE_00098853,NPG_00024,NPU_00078,equal,2,settled,6
SHR_00098854,NPE_00098854,NPG_00028,NPU_00027,equal,4,settled,9
SHR_00098925,NPE_00098925,NPG_00002,NPU_00032,equal,8,settled,0
SHR_00098926,NPE_00098926,NPG_00019,NPU_00059,percentage,3,settled,6
SHR_00098927,NPE_00098927,NPG_00021,NPU_00019,equal,7,settled,13
SHR_00098928,NPE_00098928,NPG_00024,NPU_00058,equal,2,settled,5
SHR_00099021,NPE_00099021,NPG_00004,NPU_00071,equal,8,settled,4
SHR_00099022,NPE_00099022,NPG_00005,NPU_00046,equal,4,settled,10
SHR_00099023,NPE_00099023,NPG_00010,NPU_00041,equal,2,settled,8
SHR_00099024,NPE_00099024,NPG_00021,NPU_00021,equal,7,settled,7
SHR_00099025,NPE_00099025,NPG_00024,NPU_00058,equal,2,settled,2
SHR_00099026,NPE_00099026,NPG_00030,NPU_00043,custom,8,settled,13
SHR_00099142,NPE_00099142,NPG_00004,NPU_00058,equal,8,settled,19
SHR_00099143,NPE_00099143,NPG_00005,NPU_00013,equal,4,settled,8
SHR_00099144,NPE_00099144,NPG_00006,NPU_00029,equal,4,settled,8
SHR_00099145,NPE_00099145,NPG_00007,NPU_00003,equal,10,settled,20
SHR_00099146,NPE_00099146,NPG_00014,NPU_00007,equal,4,settled,7
SHR_00099147,NPE_00099147,NPG_00023,NPU_00058,equal,3,settled,5
SHR_00099148,NPE_00099148,NPG_00027,NPU_00031,custom,3,settled,15
SHR_00099149,NPE_00099149,NPG_00028,NPU_00050,equal,4,settled,14
SHR_00099150,NPE_00099150,NPG_00030,NPU_00060,custom,8,settled,15
SHR_00099239,NPE_00099239,NPG_00004,NPU_00075,equal,8,settled,20
SHR_00099240,NPE_00099240,NPG_00005,NPU_00046,equal,4,settled,5
SHR_00099241,NPE_00099241,NPG_00006,NPU_00029,equal,4,settled,12
SHR_00099242,NPE_00099242,NPG_00016,NPU_00035,equal,4,settled,19
SHR_00099243,NPE_00099243,NPG_00019,NPU_00038,percentage,3,settled,11
SHR_00099244,NPE_00099244,NPG_00023,NPU_00001,equal,3,settled,12
SHR_00099245,NPE_00099245,NPG_00025,NPU_00022,equal,10,settled,12
SHR_00099246,NPE_00099246,NPG_00026,NPU_00070,equal,6,settled,4
SHR_00099247,NPE_00099247,NPG_00028,NPU_00058,equal,4,settled,3
SHR_00099353,NPE_00099353,NPG_00001,NPU_00056,custom,3,settled,12
SHR_00099354,NPE_00099354,NPG_00004,NPU_00001,equal,8,settled,11
SHR_00099355,NPE_00099355,NPG_00006,NPU_00047,equal,4,settled,8
SHR_00099356,NPE_00099356,NPG_00009,NPU_00012,equal,2,settled,15
SHR_00099357,NPE_00099357,NPG_00010,NPU_00041,equal,2,settled,9
SHR_00099358,NPE_00099358,NPG_00015,NPU_00054,equal,5,settled,8
SHR_00099359,NPE_00099359,NPG_00016,NPU_00035,equal,4,settled,19
SHR_00099360,NPE_00099360,NPG_00021,NPU_00008,equal,7,settled,7
SHR_00099428,NPE_00099428,NPG_00002,NPU_00005,equal,8,settled,12
SHR_00099429,NPE_00099429,NPG_00006,NPU_00029,equal,4,settled,13
SHR_00099430,NPE_00099430,NPG_00014,NPU_00067,equal,4,settled,14
SHR_00099431,NPE_00099431,NPG_00016,NPU_00075,equal,4,settled,4
SHR_00099432,NPE_00099432,NPG_00026,NPU_00051,equal,6,settled,6
SHR_00099433,NPE_00099433,NPG_00028,NPU_00008,equal,4,settled,20
SHR_00099434,NPE_00099434,NPG_00029,NPU_00047,equal,4,settled,8
SHR_00099540,NPE_00099540,NPG_00002,NPU_00046,equal,8,pending,23
SHR_00099541,NPE_00099541,NPG_00005,NPU_00026,equal,4,settled,6
SHR_00099542,NPE_00099542,NPG_00006,NPU_00054,equal,4,settled,6
SHR_00099543,NPE_00099543,NPG_00007,NPU_00067,equal,10,settled,10
SHR_00099544,NPE_00099544,NPG_00008,NPU_00051,equal,6,settled,15
SHR_00099545,NPE_00099545,NPG_00009,NPU_00028,equal,2,settled,13
SHR_00099546,NPE_00099546,NPG_00010,NPU_00019,equal,2,settled,9
SHR_00099547,NPE_00099547,NPG_00013,NPU_00077,custom,3,settled,12
SHR_00099548,NPE_00099548,NPG_00021,NPU_00032,equal,7,settled,6
SHR_00099549,NPE_00099549,NPG_00023,NPU_00001,equal,3,settled,13
SHR_00099550,NPE_00099550,NPG_00026,NPU_00047,equal,6,settled,3
SHR_00099551,NPE_00099551,NPG_00029,NPU_00024,equal,4,settled,10
SHR_00099641,NPE_00099641,NPG_00002,NPU_00054,equal,8,settled,16
SHR_00099642,NPE_00099642,NPG_00004,NPU_00071,equal,8,settled,13
SHR_00099643,NPE_00099643,NPG_00006,NPU_00019,equal,4,settled,14
SHR_00099644,NPE_00099644,NPG_00007,NPU_00071,equal,10,settled,11
SHR_00099645,NPE_00099645,NPG_00008,NPU_00028,equal,6,settled,13
SHR_00099646,NPE_00099646,NPG_00013,NPU_00003,custom,3,settled,4
SHR_00099647,NPE_00099647,NPG_00020,NPU_00052,percentage,5,settled,19
SHR_00099648,NPE_00099648,NPG_00021,NPU_00007,equal,7,settled,3
SHR_00099728,NPE_00099728,NPG_00002,NPU_00060,equal,8,settled,18
SHR_00099729,NPE_00099729,NPG_00003,NPU_00039,custom,3,settled,11
SHR_00099730,NPE_00099730,NPG_00004,NPU_00073,equal,8,settled,13
SHR_00099731,NPE_00099731,NPG_00010,NPU_00019,equal,2,settled,14
SHR_00099732,NPE_00099732,NPG_00011,NPU_00036,equal,6,settled,19
SHR_00099733,NPE_00099733,NPG_00015,NPU_00071,equal,5,settled,15
SHR_00099734,NPE_00099734,NPG_00016,NPU_00073,equal,4,settled,10
SHR_00099735,NPE_00099735,NPG_00019,NPU_00059,percentage,3,settled,7
SHR_00099736,NPE_00099736,NPG_00023,NPU_00058,equal,3,settled,5
SHR_00099737,NPE_00099737,NPG_00026,NPU_00070,equal,6,settled,7
SHR_00099738,NPE_00099738,NPG_00028,NPU_00058,equal,4,settled,11
SHR_00099739,NPE_00099739,NPG_00029,NPU_00058,equal,4,settled,13
SHR_00099894,NPE_00099894,NPG_00002,NPU_00046,equal,8,settled,9
SHR_00099895,NPE_00099895,NPG_00003,NPU_00039,custom,3,settled,17
SHR_00099896,NPE_00099896,NPG_00009,NPU_00012,equal,2,settled,10
SHR_00099897,NPE_00099897,NPG_00015,NPU_00012,equal,5,settled,18
SHR_00099898,NPE_00099898,NPG_00016,NPU_00047,equal,4,settled,8
SHR_00099899,NPE_00099899,NPG_00017,NPU_00023,equal,7,settled,19
SHR_00099900,NPE_00099900,NPG_00019,NPU_00038,percentage,3,settled,4
SHR_00099901,NPE_00099901,NPG_00021,NPU_00019,equal,7,settled,10
SHR_00099902,NPE_00099902,NPG_00023,NPU_00058,equal,3,settled,12
SHR_00099903,NPE_00099903,NPG_00025,NPU_00080,equal,10,settled,12
SHR_00099904,NPE_00099904,NPG_00028,NPU_00050,equal,4,settled,8
SHR_00100003,NPE_00100003,NPG_00009,NPU_00012,equal,2,settled,21
SHR_00100004,NPE_00100004,NPG_00010,NPU_00019,equal,2,settled,1
SHR_00100005,NPE_00100005,NPG_00015,NPU_00065,equal,5,settled,3
SHR_00100006,NPE_00100006,NPG_00016,NPU_00035,equal,4,settled,4
SHR_00100007,NPE_00100007,NPG_00017,NPU_00052,equal,7,settled,16
SHR_00100008,NPE_00100008,NPG_00021,NPU_00068,equal,7,settled,13
SHR_00100009,NPE_00100009,NPG_00023,NPU_00040,equal,3,settled,13
SHR_00100010,NPE_00100010,NPG_00024,NPU_00078,equal,2,settled,11
SHR_00100011,NPE_00100011,NPG_00028,NPU_00027,equal,4,settled,12
SHR_00100012,NPE_00100012,NPG_00030,NPU_00074,custom,8,settled,21
SHR_00100083,NPE_00100083,NPG_00002,NPU_00072,equal,8,settled,13
SHR_00100084,NPE_00100084,NPG_00004,NPU_00073,equal,8,pending,25
SHR_00100085,NPE_00100085,NPG_00006,NPU_00029,equal,4,settled,15
SHR_00100086,NPE_00100086,NPG_00007,NPU_00054,equal,10,settled,12
SHR_00100087,NPE_00100087,NPG_00009,NPU_00028,equal,2,settled,15
SHR_00100088,NPE_00100088,NPG_00015,NPU_00012,equal,5,settled,15
SHR_00100089,NPE_00100089,NPG_00016,NPU_00047,equal,4,settled,14
SHR_00100090,NPE_00100090,NPG_00023,NPU_00040,equal,3,settled,12
SHR_00100091,NPE_00100091,NPG_00024,NPU_00058,equal,2,settled,12
SHR_00100092,NPE_00100092,NPG_00027,NPU_00031,custom,3,settled,14
SHR_00100093,NPE_00100093,NPG_00030,NPU_00060,custom,8,pending,23
SHR_00100166,NPE_00100166,NPG_00002,NPU_00005,equal,8,settled,21
SHR_00100167,NPE_00100167,NPG_00004,NPU_00058,equal,8,settled,8
SHR_00100168,NPE_00100168,NPG_00010,NPU_00041,equal,2,settled,10
SHR_00100169,NPE_00100169,NPG_00015,NPU_00071,equal,5,settled,20
SHR_00100170,NPE_00100170,NPG_00017,NPU_00054,equal,7,settled,15
SHR_00100171,NPE_00100171,NPG_00019,NPU_00059,percentage,3,settled,10
SHR_00100172,NPE_00100172,NPG_00024,NPU_00058,equal,2,settled,19
SHR_00100173,NPE_00100173,NPG_00027,NPU_00031,custom,3,settled,9
SHR_00100174,NPE_00100174,NPG_00028,NPU_00008,equal,4,settled,14
SHR_00100314,NPE_00100314,NPG_00002,NPU_00063,equal,8,settled,15
SHR_00100315,NPE_00100315,NPG_00004,NPU_00056,equal,8,settled,21
SHR_00100316,NPE_00100316,NPG_00005,NPU_00013,equal,4,settled,10
SHR_00100317,NPE_00100317,NPG_00006,NPU_00054,equal,4,settled,20
SHR_00100318,NPE_00100318,NPG_00008,NPU_00028,equal,6,settled,5
SHR_00100319,NPE_00100319,NPG_00014,NPU_00028,equal,4,settled,9
SHR_00100320,NPE_00100320,NPG_00015,NPU_00012,equal,5,settled,17
SHR_00100321,NPE_00100321,NPG_00017,NPU_00067,equal,7,settled,2
SHR_00100322,NPE_00100322,NPG_00019,NPU_00059,percentage,3,settled,12
SHR_00100323,NPE_00100323,NPG_00021,NPU_00080,equal,7,settled,9
SHR_00100324,NPE_00100324,NPG_00022,NPU_00009,equal,2,settled,3
SHR_00100325,NPE_00100325,NPG_00025,NPU_00018,equal,10,settled,10
SHR_00100401,NPE_00100401,NPG_00002,NPU_00060,equal,8,settled,10
SHR_00100402,NPE_00100402,NPG_00006,NPU_00054,equal,4,settled,3
SHR_00100403,NPE_00100403,NPG_00007,NPU_00004,equal,10,settled,9
SHR_00100404,NPE_00100404,NPG_00009,NPU_00012,equal,2,settled,9
SHR_00100405,NPE_00100405,NPG_00012,NPU_00020,equal,3,settled,2
SHR_00100406,NPE_00100406,NPG_00016,NPU_00047,equal,4,settled,9
SHR_00100407,NPE_00100407,NPG_00024,NPU_00078,equal,2,settled,2
SHR_00100408,NPE_00100408,NPG_00025,NPU_00020,equal,10,settled,3
SHR_00100493,NPE_00100493,NPG_00002,NPU_00060,equal,8,settled,14
SHR_00100494,NPE_00100494,NPG_00003,NPU_00039,custom,3,settled,15
SHR_00100495,NPE_00100495,NPG_00006,NPU_00054,equal,4,settled,12
SHR_00100496,NPE_00100496,NPG_00008,NPU_00069,equal,6,settled,6
SHR_00100497,NPE_00100497,NPG_00010,NPU_00019,equal,2,settled,6
SHR_00100498,NPE_00100498,NPG_00014,NPU_00019,equal,4,settled,9
SHR_00100499,NPE_00100499,NPG_00028,NPU_00050,equal,4,settled,9
SHR_00100500,NPE_00100500,NPG_00029,NPU_00058,equal,4,settled,3
SHR_00100630,NPE_00100630,NPG_00004,NPU_00001,equal,8,settled,10
SHR_00100631,NPE_00100631,NPG_00006,NPU_00047,equal,4,settled,6
SHR_00100632,NPE_00100632,NPG_00014,NPU_00007,equal,4,settled,5
SHR_00100633,NPE_00100633,NPG_00015,NPU_00054,equal,5,settled,0
SHR_00100634,NPE_00100634,NPG_00016,NPU_00047,equal,4,settled,3
SHR_00100635,NPE_00100635,NPG_00019,NPU_00021,percentage,3,settled,10
SHR_00100636,NPE_00100636,NPG_00025,NPU_00020,equal,10,settled,8
SHR_00100637,NPE_00100637,NPG_00027,NPU_00062,custom,3,settled,12
SHR_00100729,NPE_00100729,NPG_00006,NPU_00029,equal,4,settled,5
SHR_00100730,NPE_00100730,NPG_00008,NPU_00051,equal,6,settled,13
SHR_00100731,NPE_00100731,NPG_00019,NPU_00059,percentage,3,settled,7
SHR_00100732,NPE_00100732,NPG_00021,NPU_00032,equal,7,settled,16
SHR_00100733,NPE_00100733,NPG_00024,NPU_00058,equal,2,settled,6
SHR_00100734,NPE_00100734,NPG_00026,NPU_00051,equal,6,settled,10
SHR_00100735,NPE_00100735,NPG_00028,NPU_00008,equal,4,settled,9
SHR_00100736,NPE_00100736,NPG_00030,NPU_00028,custom,8,settled,12
SHR_00100806,NPE_00100806,NPG_00012,NPU_00015,equal,3,settled,3
SHR_00100807,NPE_00100807,NPG_00013,NPU_00003,custom,3,settled,6
SHR_00100808,NPE_00100808,NPG_00014,NPU_00019,equal,4,settled,8
SHR_00100932,NPE_00100932,NPG_00004,NPU_00056,equal,8,settled,1
SHR_00100933,NPE_00100933,NPG_00012,NPU_00020,equal,3,settled,1
SHR_00100934,NPE_00100934,NPG_00013,NPU_00066,custom,3,settled,15
SHR_00100935,NPE_00100935,NPG_00015,NPU_00054,equal,5,settled,0
SHR_00100936,NPE_00100936,NPG_00021,NPU_00008,equal,7,pending,23
SHR_00100937,NPE_00100937,NPG_00024,NPU_00058,equal,2,settled,2
SHR_00100938,NPE_00100938,NPG_00028,NPU_00027,equal,4,settled,7
SHR_00101009,NPE_00101009,NPG_00008,NPU_00017,equal,6,settled,6
SHR_00101010,NPE_00101010,NPG_00013,NPU_00066,custom,3,settled,8
SHR_00101011,NPE_00101011,NPG_00018,NPU_00029,custom,4,settled,15
SHR_00101012,NPE_00101012,NPG_00019,NPU_00021,percentage,3,settled,8
SHR_00101013,NPE_00101013,NPG_00025,NPU_00022,equal,10,settled,16
SHR_00101014,NPE_00101014,NPG_00030,NPU_00060,custom,8,settled,10
SHR_00101077,NPE_00101077,NPG_00003,NPU_00039,custom,3,settled,6
SHR_00101078,NPE_00101078,NPG_00007,NPU_00067,equal,10,settled,20
SHR_00101079,NPE_00101079,NPG_00008,NPU_00017,equal,6,settled,8
SHR_00101080,NPE_00101080,NPG_00011,NPU_00004,equal,6,settled,16
SHR_00101149,NPE_00101149,NPG_00002,NPU_00063,equal,8,settled,7
SHR_00101150,NPE_00101150,NPG_00005,NPU_00046,equal,4,settled,9
SHR_00101151,NPE_00101151,NPG_00006,NPU_00054,equal,4,settled,7
SHR_00101152,NPE_00101152,NPG_00007,NPU_00003,equal,10,settled,6
SHR_00101153,NPE_00101153,NPG_00010,NPU_00041,equal,2,settled,5
SHR_00101154,NPE_00101154,NPG_00014,NPU_00067,equal,4,settled,6
SHR_00101155,NPE_00101155,NPG_00020,NPU_00059,percentage,5,settled,13
SHR_00101156,NPE_00101156,NPG_00025,NPU_00001,equal,10,settled,9
SHR_00101157,NPE_00101157,NPG_00028,NPU_00027,equal,4,settled,7
SHR_00101238,NPE_00101238,NPG_00002,NPU_00054,equal,8,settled,4
SHR_00101239,NPE_00101239,NPG_00006,NPU_00029,equal,4,settled,2
SHR_00101240,NPE_00101240,NPG_00008,NPU_00028,equal,6,settled,9
SHR_00101241,NPE_00101241,NPG_00010,NPU_00019,equal,2,settled,13
SHR_00101242,NPE_00101242,NPG_00017,NPU_00052,equal,7,settled,10
SHR_00101243,NPE_00101243,NPG_00020,NPU_00040,percentage,5,settled,9
SHR_00101244,NPE_00101244,NPG_00023,NPU_00001,equal,3,settled,5
SHR_00101245,NPE_00101245,NPG_00030,NPU_00074,custom,8,settled,16
SHR_00101334,NPE_00101334,NPG_00001,NPU_00079,custom,3,settled,13
SHR_00101335,NPE_00101335,NPG_00007,NPU_00055,equal,10,settled,8
SHR_00101336,NPE_00101336,NPG_00008,NPU_00060,equal,6,settled,6
SHR_00101337,NPE_00101337,NPG_00015,NPU_00047,equal,5,settled,8
SHR_00101338,NPE_00101338,NPG_00023,NPU_00058,equal,3,settled,1
SHR_00101339,NPE_00101339,NPG_00024,NPU_00058,equal,2,settled,4
SHR_00101340,NPE_00101340,NPG_00026,NPU_00052,equal,6,settled,11
SHR_00101341,NPE_00101341,NPG_00030,NPU_00060,custom,8,settled,9
SHR_00101423,NPE_00101423,NPG_00002,NPU_00054,equal,8,settled,1
SHR_00101424,NPE_00101424,NPG_00008,NPU_00051,equal,6,settled,4
SHR_00101425,NPE_00101425,NPG_00009,NPU_00028,equal,2,settled,2
SHR_00101426,NPE_00101426,NPG_00016,NPU_00047,equal,4,settled,4
SHR_00101427,NPE_00101427,NPG_00019,NPU_00038,percentage,3,settled,6
SHR_00101428,NPE_00101428,NPG_00025,NPU_00002,equal,10,settled,9
SHR_00101429,NPE_00101429,NPG_00029,NPU_00047,equal,4,settled,18
SHR_00101514,NPE_00101514,NPG_00006,NPU_00047,equal,4,settled,1
SHR_00101515,NPE_00101515,NPG_00007,NPU_00047,equal,10,settled,4
SHR_00101516,NPE_00101516,NPG_00012,NPU_00020,equal,3,settled,9
SHR_00101517,NPE_00101517,NPG_00019,NPU_00059,percentage,3,settled,15
SHR_00101518,NPE_00101518,NPG_00021,NPU_00007,equal,7,settled,16
SHR_00101519,NPE_00101519,NPG_00025,NPU_00018,equal,10,settled,16
SHR_00101520,NPE_00101520,NPG_00026,NPU_00052,equal,6,settled,2
SHR_00101590,NPE_00101590,NPG_00010,NPU_00019,equal,2,settled,5
SHR_00101591,NPE_00101591,NPG_00016,NPU_00047,equal,4,settled,0
SHR_00101592,NPE_00101592,NPG_00025,NPU_00002,equal,10,settled,9
SHR_00101593,NPE_00101593,NPG_00026,NPU_00049,equal,6,settled,13
SHR_00101654,NPE_00101654,NPG_00002,NPU_00060,equal,8,settled,4
SHR_00101655,NPE_00101655,NPG_00004,NPU_00064,equal,8,settled,0
SHR_00101656,NPE_00101656,NPG_00006,NPU_00054,equal,4,settled,4
SHR_00101657,NPE_00101657,NPG_00007,NPU_00072,equal,10,settled,11
SHR_00101658,NPE_00101658,NPG_00020,NPU_00056,percentage,5,settled,12
SHR_00101659,NPE_00101659,NPG_00021,NPU_00080,equal,7,settled,4
SHR_00101660,NPE_00101660,NPG_00028,NPU_00008,equal,4,settled,9
SHR_00101732,NPE_00101732,NPG_00010,NPU_00041,equal,2,settled,8
SHR_00101733,NPE_00101733,NPG_00021,NPU_00068,equal,7,settled,16
SHR_00101734,NPE_00101734,NPG_00028,NPU_00027,equal,4,pending,23
SHR_00101843,NPE_00101843,NPG_00007,NPU_00054,equal,10,settled,6
SHR_00101844,NPE_00101844,NPG_00008,NPU_00028,equal,6,settled,16
SHR_00101845,NPE_00101845,NPG_00010,NPU_00041,equal,2,settled,0
SHR_00101846,NPE_00101846,NPG_00014,NPU_00028,equal,4,settled,12
SHR_00101847,NPE_00101847,NPG_00019,NPU_00059,percentage,3,settled,8
SHR_00101848,NPE_00101848,NPG_00023,NPU_00001,equal,3,settled,6
SHR_00101849,NPE_00101849,NPG_00024,NPU_00058,equal,2,settled,5
SHR_00101850,NPE_00101850,NPG_00026,NPU_00051,equal,6,settled,5
SHR_00101851,NPE_00101851,NPG_00030,NPU_00028,custom,8,settled,9
SHR_00101954,NPE_00101954,NPG_00010,NPU_00041,equal,2,settled,0
SHR_00101955,NPE_00101955,NPG_00017,NPU_00042,equal,7,settled,17
SHR_00101956,NPE_00101956,NPG_00019,NPU_00021,percentage,3,settled,3
SHR_00101957,NPE_00101957,NPG_00021,NPU_00019,equal,7,settled,17
SHR_00101958,NPE_00101958,NPG_00028,NPU_00027,equal,4,settled,3
SHR_00101959,NPE_00101959,NPG_00029,NPU_00024,equal,4,settled,10
SHR_00102065,NPE_00102065,NPG_00006,NPU_00029,equal,4,settled,13
SHR_00102066,NPE_00102066,NPG_00010,NPU_00019,equal,2,settled,3
SHR_00102067,NPE_00102067,NPG_00014,NPU_00007,equal,4,settled,15
SHR_00102068,NPE_00102068,NPG_00016,NPU_00035,equal,4,settled,13
SHR_00102069,NPE_00102069,NPG_00020,NPU_00059,percentage,5,settled,18
SHR_00102070,NPE_00102070,NPG_00028,NPU_00027,equal,4,settled,8
SHR_00102137,NPE_00102137,NPG_00006,NPU_00029,equal,4,settled,16
SHR_00102138,NPE_00102138,NPG_00013,NPU_00077,custom,3,settled,11
SHR_00102139,NPE_00102139,NPG_00023,NPU_00001,equal,3,settled,7
SHR_00102140,NPE_00102140,NPG_00024,NPU_00058,equal,2,settled,6
SHR_00102257,NPE_00102257,NPG_00008,NPU_00051,equal,6,settled,9
SHR_00102258,NPE_00102258,NPG_00009,NPU_00028,equal,2,settled,4
SHR_00102259,NPE_00102259,NPG_00013,NPU_00077,custom,3,settled,3
SHR_00102339,NPE_00102339,NPG_00004,NPU_00001,equal,8,settled,5
SHR_00102340,NPE_00102340,NPG_00008,NPU_00055,equal,6,settled,4
SHR_00102341,NPE_00102341,NPG_00019,NPU_00021,percentage,3,settled,14
SHR_00102342,NPE_00102342,NPG_00021,NPU_00021,equal,7,settled,12
SHR_00102343,NPE_00102343,NPG_00029,NPU_00024,equal,4,settled,14
SHR_00102344,NPE_00102344,NPG_00030,NPU_00043,custom,8,settled,8
SHR_00102457,NPE_00102457,NPG_00016,NPU_00075,equal,4,settled,2
SHR_00102458,NPE_00102458,NPG_00017,NPU_00042,equal,7,settled,8
SHR_00102459,NPE_00102459,NPG_00021,NPU_00068,equal,7,settled,10
SHR_00102460,NPE_00102460,NPG_00022,NPU_00009,equal,2,settled,7
SHR_00102461,NPE_00102461,NPG_00023,NPU_00001,equal,3,settled,12
SHR_00102462,NPE_00102462,NPG_00024,NPU_00058,equal,2,settled,13
SHR_00102463,NPE_00102463,NPG_00027,NPU_00031,custom,3,settled,8
SHR_00102551,NPE_00102551,NPG_00002,NPU_00063,equal,8,settled,12
SHR_00102552,NPE_00102552,NPG_00003,NPU_00020,custom,3,settled,13
SHR_00102553,NPE_00102553,NPG_00005,NPU_00026,equal,4,settled,7
SHR_00102554,NPE_00102554,NPG_00016,NPU_00035,equal,4,settled,16
SHR_00102555,NPE_00102555,NPG_00019,NPU_00038,percentage,3,settled,5
SHR_00102556,NPE_00102556,NPG_00021,NPU_00080,equal,7,settled,7
SHR_00102657,NPE_00102657,NPG_00004,NPU_00001,equal,8,pending,22
SHR_00102658,NPE_00102658,NPG_00006,NPU_00019,equal,4,settled,0
SHR_00102659,NPE_00102659,NPG_00009,NPU_00012,equal,2,settled,8
SHR_00102660,NPE_00102660,NPG_00013,NPU_00003,custom,3,settled,15
SHR_00102661,NPE_00102661,NPG_00016,NPU_00073,equal,4,settled,7
SHR_00102662,NPE_00102662,NPG_00017,NPU_00067,equal,7,settled,9
SHR_00102663,NPE_00102663,NPG_00019,NPU_00021,percentage,3,settled,16
SHR_00102664,NPE_00102664,NPG_00023,NPU_00040,equal,3,settled,9
SHR_00102665,NPE_00102665,NPG_00025,NPU_00001,equal,10,settled,2
SHR_00102801,NPE_00102801,NPG_00009,NPU_00012,equal,2,settled,13
SHR_00102802,NPE_00102802,NPG_00012,NPU_00015,equal,3,settled,5
SHR_00102803,NPE_00102803,NPG_00014,NPU_00007,equal,4,settled,10
SHR_00102804,NPE_00102804,NPG_00015,NPU_00047,equal,5,settled,2
SHR_00102805,NPE_00102805,NPG_00017,NPU_00067,equal,7,settled,14
SHR_00102806,NPE_00102806,NPG_00023,NPU_00001,equal,3,settled,5
SHR_00102807,NPE_00102807,NPG_00029,NPU_00024,equal,4,settled,11
SHR_00102893,NPE_00102893,NPG_00009,NPU_00012,equal,2,settled,12
SHR_00102894,NPE_00102894,NPG_00016,NPU_00035,equal,4,settled,1
SHR_00102895,NPE_00102895,NPG_00022,NPU_00049,equal,2,settled,10
SHR_00102896,NPE_00102896,NPG_00024,NPU_00078,equal,2,settled,5
SHR_00102975,NPE_00102975,NPG_00002,NPU_00005,equal,8,settled,12
SHR_00102976,NPE_00102976,NPG_00005,NPU_00026,equal,4,settled,4
SHR_00102977,NPE_00102977,NPG_00014,NPU_00067,equal,4,settled,4
SHR_00102978,NPE_00102978,NPG_00016,NPU_00073,equal,4,settled,0
SHR_00102979,NPE_00102979,NPG_00017,NPU_00003,equal,7,settled,11
SHR_00102980,NPE_00102980,NPG_00019,NPU_00021,percentage,3,settled,0
SHR_00103050,NPE_00103050,NPG_00013,NPU_00077,custom,3,settled,20
SHR_00103051,NPE_00103051,NPG_00019,NPU_00059,percentage,3,settled,13
SHR_00103052,NPE_00103052,NPG_00023,NPU_00058,equal,3,settled,6
SHR_00103053,NPE_00103053,NPG_00026,NPU_00047,equal,6,settled,13
SHR_00103054,NPE_00103054,NPG_00030,NPU_00045,custom,8,settled,9
SHR_00103184,NPE_00103184,NPG_00010,NPU_00041,equal,2,settled,8
SHR_00103185,NPE_00103185,NPG_00013,NPU_00003,custom,3,settled,0
SHR_00103186,NPE_00103186,NPG_00016,NPU_00047,equal,4,settled,7
SHR_00103187,NPE_00103187,NPG_00017,NPU_00054,equal,7,settled,9
SHR_00103188,NPE_00103188,NPG_00021,NPU_00008,equal,7,settled,4
SHR_00103279,NPE_00103279,NPG_00004,NPU_00001,equal,8,settled,5
SHR_00103280,NPE_00103280,NPG_00008,NPU_00028,equal,6,settled,8
SHR_00103281,NPE_00103281,NPG_00010,NPU_00019,equal,2,settled,7
SHR_00103282,NPE_00103282,NPG_00013,NPU_00003,custom,3,settled,8
SHR_00103283,NPE_00103283,NPG_00014,NPU_00067,equal,4,settled,3
SHR_00103284,NPE_00103284,NPG_00015,NPU_00054,equal,5,pending,22
SHR_00103285,NPE_00103285,NPG_00019,NPU_00038,percentage,3,settled,13
SHR_00103286,NPE_00103286,NPG_00024,NPU_00058,equal,2,settled,5
SHR_00103287,NPE_00103287,NPG_00025,NPU_00018,equal,10,settled,7
SHR_00103372,NPE_00103372,NPG_00002,NPU_00032,equal,8,settled,18
SHR_00103373,NPE_00103373,NPG_00003,NPU_00034,custom,3,settled,6
SHR_00103374,NPE_00103374,NPG_00008,NPU_00060,equal,6,settled,13
SHR_00103375,NPE_00103375,NPG_00010,NPU_00041,equal,2,settled,14
SHR_00103376,NPE_00103376,NPG_00014,NPU_00067,equal,4,settled,4
SHR_00103377,NPE_00103377,NPG_00016,NPU_00047,equal,4,settled,0
SHR_00103378,NPE_00103378,NPG_00021,NPU_00008,equal,7,settled,12
SHR_00103379,NPE_00103379,NPG_00024,NPU_00078,equal,2,settled,5
SHR_00103380,NPE_00103380,NPG_00029,NPU_00024,equal,4,settled,0
SHR_00103381,NPE_00103381,NPG_00030,NPU_00021,custom,8,settled,11
SHR_00103473,NPE_00103473,NPG_00008,NPU_00069,equal,6,settled,12
SHR_00103474,NPE_00103474,NPG_00016,NPU_00035,equal,4,settled,15
SHR_00103475,NPE_00103475,NPG_00017,NPU_00071,equal,7,settled,10
SHR_00103476,NPE_00103476,NPG_00020,NPU_00040,percentage,5,settled,15
SHR_00103477,NPE_00103477,NPG_00024,NPU_00078,equal,2,settled,9
SHR_00103539,NPE_00103539,NPG_00009,NPU_00012,equal,2,settled,10
SHR_00103540,NPE_00103540,NPG_00010,NPU_00019,equal,2,settled,11
SHR_00103541,NPE_00103541,NPG_00013,NPU_00077,custom,3,settled,3
SHR_00103542,NPE_00103542,NPG_00021,NPU_00021,equal,7,settled,4
SHR_00103610,NPE_00103610,NPG_00004,NPU_00056,equal,8,settled,5
SHR_00103611,NPE_00103611,NPG_00010,NPU_00041,equal,2,settled,9
SHR_00103612,NPE_00103612,NPG_00020,NPU_00020,percentage,5,settled,16
SHR_00103613,NPE_00103613,NPG_00021,NPU_00008,equal,7,settled,14
SHR_00103614,NPE_00103614,NPG_00028,NPU_00050,equal,4,settled,0
SHR_00103723,NPE_00103723,NPG_00021,NPU_00080,equal,7,settled,5
SHR_00103724,NPE_00103724,NPG_00025,NPU_00061,equal,10,settled,6
SHR_00103725,NPE_00103725,NPG_00026,NPU_00052,equal,6,settled,8
SHR_00103726,NPE_00103726,NPG_00029,NPU_00053,equal,4,settled,10
SHR_00103800,NPE_00103800,NPG_00003,NPU_00020,custom,3,settled,7
SHR_00103801,NPE_00103801,NPG_00004,NPU_00056,equal,8,settled,11
SHR_00103802,NPE_00103802,NPG_00009,NPU_00012,equal,2,settled,14
SHR_00103803,NPE_00103803,NPG_00010,NPU_00019,equal,2,settled,8
SHR_00103804,NPE_00103804,NPG_00014,NPU_00019,equal,4,settled,5
SHR_00103805,NPE_00103805,NPG_00016,NPU_00073,equal,4,settled,8
SHR_00103806,NPE_00103806,NPG_00017,NPU_00067,equal,7,settled,18
SHR_00103807,NPE_00103807,NPG_00026,NPU_00047,equal,6,settled,16
SHR_00103808,NPE_00103808,NPG_00028,NPU_00058,equal,4,settled,8
SHR_00103885,NPE_00103885,NPG_00008,NPU_00051,equal,6,settled,6
SHR_00103886,NPE_00103886,NPG_00010,NPU_00019,equal,2,settled,9
SHR_00103887,NPE_00103887,NPG_00014,NPU_00067,equal,4,settled,12
SHR_00103888,NPE_00103888,NPG_00017,NPU_00067,equal,7,settled,8
SHR_00103889,NPE_00103889,NPG_00023,NPU_00040,equal,3,settled,5
SHR_00103975,NPE_00103975,NPG_00002,NPU_00005,equal,8,settled,8
SHR_00103976,NPE_00103976,NPG_00010,NPU_00041,equal,2,settled,10
SHR_00103977,NPE_00103977,NPG_00013,NPU_00003,custom,3,settled,4
SHR_00103978,NPE_00103978,NPG_00017,NPU_00042,equal,7,settled,0
SHR_00103979,NPE_00103979,NPG_00021,NPU_00068,equal,7,settled,17
SHR_00103980,NPE_00103980,NPG_00023,NPU_00001,equal,3,settled,4
SHR_00103981,NPE_00103981,NPG_00024,NPU_00058,equal,2,settled,9
SHR_00103982,NPE_00103982,NPG_00026,NPU_00051,equal,6,settled,3
SHR_00103983,NPE_00103983,NPG_00028,NPU_00008,equal,4,settled,4
SHR_00103984,NPE_00103984,NPG_00030,NPU_00043,custom,8,settled,0
SHR_00104067,NPE_00104067,NPG_00005,NPU_00046,equal,4,settled,8
SHR_00104068,NPE_00104068,NPG_00006,NPU_00054,equal,4,settled,0
SHR_00104069,NPE_00104069,NPG_00008,NPU_00069,equal,6,settled,19
SHR_00104070,NPE_00104070,NPG_00014,NPU_00067,equal,4,settled,11
SHR_00104071,NPE_00104071,NPG_00026,NPU_00005,equal,6,settled,6
SHR_00104072,NPE_00104072,NPG_00028,NPU_00008,equal,4,settled,12
SHR_00104160,NPE_00104160,NPG_00003,NPU_00039,custom,3,settled,9
SHR_00104161,NPE_00104161,NPG_00006,NPU_00047,equal,4,settled,4
SHR_00104162,NPE_00104162,NPG_00009,NPU_00012,equal,2,settled,10
SHR_00104163,NPE_00104163,NPG_00015,NPU_00054,equal,5,settled,12
SHR_00104164,NPE_00104164,NPG_00016,NPU_00075,equal,4,settled,14
SHR_00104165,NPE_00104165,NPG_00021,NPU_00021,equal,7,settled,12
SHR_00104248,NPE_00104248,NPG_00002,NPU_00067,equal,8,settled,10
SHR_00104249,NPE_00104249,NPG_00008,NPU_00051,equal,6,settled,3
SHR_00104250,NPE_00104250,NPG_00016,NPU_00035,equal,4,settled,7
SHR_00104251,NPE_00104251,NPG_00019,NPU_00059,percentage,3,settled,12
SHR_00104252,NPE_00104252,NPG_00023,NPU_00040,equal,3,settled,5
SHR_00104253,NPE_00104253,NPG_00025,NPU_00001,equal,10,settled,12
SHR_00104335,NPE_00104335,NPG_00009,NPU_00028,equal,2,settled,8
SHR_00104336,NPE_00104336,NPG_00012,NPU_00070,equal,3,settled,2
SHR_00104337,NPE_00104337,NPG_00019,NPU_00059,percentage,3,settled,12
SHR_00104338,NPE_00104338,NPG_00021,NPU_00021,equal,7,settled,4
SHR_00104416,NPE_00104416,NPG_00016,NPU_00047,equal,4,settled,11
SHR_00104417,NPE_00104417,NPG_00019,NPU_00038,percentage,3,settled,3
SHR_00104418,NPE_00104418,NPG_00022,NPU_00049,equal,2,settled,12
SHR_00104504,NPE_00104504,NPG_00002,NPU_00054,equal,8,settled,12
SHR_00104505,NPE_00104505,NPG_00004,NPU_00064,equal,8,settled,11
SHR_00104506,NPE_00104506,NPG_00009,NPU_00012,equal,2,settled,12
SHR_00104507,NPE_00104507,NPG_00010,NPU_00041,equal,2,settled,12
SHR_00104508,NPE_00104508,NPG_00013,NPU_00066,custom,3,settled,8
SHR_00104509,NPE_00104509,NPG_00019,NPU_00021,percentage,3,settled,6
SHR_00104510,NPE_00104510,NPG_00020,NPU_00052,percentage,5,settled,15
SHR_00104605,NPE_00104605,NPG_00006,NPU_00019,equal,4,settled,3
SHR_00104606,NPE_00104606,NPG_00007,NPU_00020,equal,10,settled,2
SHR_00104607,NPE_00104607,NPG_00024,NPU_00058,equal,2,settled,4
SHR_00104608,NPE_00104608,NPG_00026,NPU_00047,equal,6,settled,5
SHR_00104609,NPE_00104609,NPG_00030,NPU_00060,custom,8,settled,7
SHR_00104693,NPE_00104693,NPG_00004,NPU_00058,equal,8,settled,6
SHR_00104694,NPE_00104694,NPG_00006,NPU_00054,equal,4,settled,7
SHR_00104695,NPE_00104695,NPG_00010,NPU_00041,equal,2,settled,15
SHR_00104696,NPE_00104696,NPG_00024,NPU_00078,equal,2,settled,4
SHR_00104697,NPE_00104697,NPG_00025,NPU_00044,equal,10,settled,0
SHR_00104760,NPE_00104760,NPG_00002,NPU_00046,equal,8,settled,11
SHR_00104761,NPE_00104761,NPG_00013,NPU_00066,custom,3,settled,2
SHR_00104762,NPE_00104762,NPG_00022,NPU_00009,equal,2,settled,3
SHR_00104844,NPE_00104844,NPG_00004,NPU_00073,equal,8,settled,4
SHR_00104845,NPE_00104845,NPG_00014,NPU_00028,equal,4,settled,8
SHR_00104846,NPE_00104846,NPG_00023,NPU_00001,equal,3,settled,0
SHR_00104847,NPE_00104847,NPG_00028,NPU_00050,equal,4,settled,8
