budget_id,user_id,category,monthly_budget_npr
BUD_NPU_00001_rent,NPU_00001,rent,417.1
BUD_NPU_00001_groceries,NPU_00001,groceries,28154.36
BUD_NPU_00001_restaurants_cafes,NPU_00001,restaurants_cafes,57560.02
BUD_NPU_00001_transport_public,NPU_00001,transport_public,26068.85
BUD_NPU_00001_transport_ride_hailing,NPU_00001,transport_ride_hailing,14598.56
BUD_NPU_00001_fuel,NPU_00001,fuel,9384.79
BUD_NPU_00001_internet_mobile,NPU_00001,internet_mobile,2502.61
BUD_NPU_00001_utilities,NPU_00001,utilities,2085.51
BUD_NPU_00001_education,NPU_00001,education,1459.86
BUD_NPU_00001_health,NPU_00001,health,3753.91
BUD_NPU_00001_family_support,NPU_00001,family_support,1042.75
BUD_NPU_00001_loan_emi,NPU_00001,loan_emi,625.65
BUD_NPU_00001_festivals_gifts,NPU_00001,festivals_gifts,1459.86
BUD_NPU_00001_clothing,NPU_00001,clothing,5839.42
BUD_NPU_00001_travel,NPU_00001,travel,1094.89
BUD_NPU_00001_subscriptions,NPU_00001,subscriptions,1668.41
BUD_NPU_00001_savings_investment,NPU_00001,savings_investment,834.2
BUD_NPU_00001_entertainment,NPU_00001,entertainment,21793.56
BUD_NPU_00001_miscellaneous,NPU_00001,miscellaneous,10427.54
BUD_NPU_00002_rent,NPU_00002,rent,232.95
BUD_NPU_00002_groceries,NPU_00002,groceries,15724.37
BUD_NPU_00002_restaurants_cafes,NPU_00002,restaurants_cafes,32147.61
BUD_NPU_00002_transport_public,NPU_00002,transport_public,14559.61
BUD_NPU_00002_transport_ride_hailing,NPU_00002,transport_ride_hailing,8153.38
BUD_NPU_00002_fuel,NPU_00002,fuel,5241.46
BUD_NPU_00002_internet_mobile,NPU_00002,internet_mobile,1397.72
BUD_NPU_00002_utilities,NPU_00002,utilities,1164.77
BUD_NPU_00002_education,NPU_00002,education,815.34
BUD_NPU_00002_health,NPU_00002,health,2096.58
BUD_NPU_00002_family_support,NPU_00002,family_support,582.38
BUD_NPU_00002_loan_emi,NPU_00002,loan_emi,349.43
BUD_NPU_00002_festivals_gifts,NPU_00002,festivals_gifts,815.34
BUD_NPU_00002_clothing,NPU_00002,clothing,3261.35
BUD_NPU_00002_travel,NPU_00002,travel,611.5
BUD_NPU_00002_subscriptions,NPU_00002,subscriptions,931.81
BUD_NPU_00002_savings_investment,NPU_00002,savings_investment,465.91
BUD_NPU_00002_entertainment,NPU_00002,entertainment,12171.83
BUD_NPU_00002_miscellaneous,NPU_00002,miscellaneous,5823.84
BUD_NPU_00003_rent,NPU_00003,rent,459.21
BUD_NPU_00003_groceries,NPU_00003,groceries,30996.47
BUD_NPU_00003_restaurants_cafes,NPU_00003,restaurants_cafes,26404.4
BUD_NPU_00003_transport_public,NPU_00003,transport_public,28700.43
BUD_NPU_00003_transport_ride_hailing,NPU_00003,transport_ride_hailing,16072.24
BUD_NPU_00003_fuel,NPU_00003,fuel,10332.16
BUD_NPU_00003_internet_mobile,NPU_00003,internet_mobile,2755.24
BUD_NPU_00003_utilities,NPU_00003,utilities,2296.03
BUD_NPU_00003_education,NPU_00003,education,1607.22
BUD_NPU_00003_health,NPU_00003,health,4132.86
BUD_NPU_00003_family_support,NPU_00003,family_support,1148.02
BUD_NPU_00003_loan_emi,NPU_00003,loan_emi,688.81
BUD_NPU_00003_festivals_gifts,NPU_00003,festivals_gifts,4018.06
BUD_NPU_00003_clothing,NPU_00003,clothing,10929.12
BUD_NPU_00003_travel,NPU_00003,travel,1125.06
BUD_NPU_00003_subscriptions,NPU_00003,subscriptions,1836.83
BUD_NPU_00003_savings_investment,NPU_00003,savings_investment,918.41
BUD_NPU_00003_entertainment,NPU_00003,entertainment,12628.19
BUD_NPU_00003_miscellaneous,NPU_00003,miscellaneous,11480.17
BUD_NPU_00004_rent,NPU_00004,rent,51.36
BUD_NPU_00004_groceries,NPU_00004,groceries,3466.87
BUD_NPU_00004_restaurants_cafes,NPU_00004,restaurants_cafes,3543.91
BUD_NPU_00004_transport_public,NPU_00004,transport_public,6420.12
BUD_NPU_00004_transport_ride_hailing,NPU_00004,transport_ride_hailing,1797.63
BUD_NPU_00004_fuel,NPU_00004,fuel,1155.62
BUD_NPU_00004_internet_mobile,NPU_00004,internet_mobile,400.62
BUD_NPU_00004_utilities,NPU_00004,utilities,256.8
BUD_NPU_00004_education,NPU_00004,education,323.57
BUD_NPU_00004_health,NPU_00004,health,462.25
BUD_NPU_00004_family_support,NPU_00004,family_support,128.4
BUD_NPU_00004_loan_emi,NPU_00004,loan_emi,77.04
BUD_NPU_00004_festivals_gifts,NPU_00004,festivals_gifts,179.76
BUD_NPU_00004_clothing,NPU_00004,clothing,719.05
BUD_NPU_00004_travel,NPU_00004,travel,89.88
BUD_NPU_00004_subscriptions,NPU_00004,subscriptions,205.44
BUD_NPU_00004_savings_investment,NPU_00004,savings_investment,102.72
BUD_NPU_00004_entertainment,NPU_00004,entertainment,1412.43
BUD_NPU_00004_miscellaneous,NPU_00004,miscellaneous,1284.02
BUD_NPU_00005_rent,NPU_00005,rent,186.5
BUD_NPU_00005_groceries,NPU_00005,groceries,15106.9
BUD_NPU_00005_restaurants_cafes,NPU_00005,restaurants_cafes,10724.04
BUD_NPU_00005_transport_public,NPU_00005,transport_public,11656.56
BUD_NPU_00005_transport_ride_hailing,NPU_00005,transport_ride_hailing,6527.67
BUD_NPU_00005_fuel,NPU_00005,fuel,4196.36
BUD_NPU_00005_internet_mobile,NPU_00005,internet_mobile,1119.03
BUD_NPU_00005_utilities,NPU_00005,utilities,932.52
BUD_NPU_00005_education,NPU_00005,education,652.77
BUD_NPU_00005_health,NPU_00005,health,1678.54
BUD_NPU_00005_family_support,NPU_00005,family_support,466.26
BUD_NPU_00005_loan_emi,NPU_00005,loan_emi,783.32
BUD_NPU_00005_festivals_gifts,NPU_00005,festivals_gifts,652.77
BUD_NPU_00005_clothing,NPU_00005,clothing,2611.07
BUD_NPU_00005_travel,NPU_00005,travel,326.38
BUD_NPU_00005_subscriptions,NPU_00005,subscriptions,746.02
BUD_NPU_00005_savings_investment,NPU_00005,savings_investment,373.01
BUD_NPU_00005_entertainment,NPU_00005,entertainment,5128.89
BUD_NPU_00005_miscellaneous,NPU_00005,miscellaneous,4662.62
BUD_NPU_00006_rent,NPU_00006,rent,425.18
BUD_NPU_00006_groceries,NPU_00006,groceries,37309.36
BUD_NPU_00006_restaurants_cafes,NPU_00006,restaurants_cafes,24447.73
BUD_NPU_00006_transport_public,NPU_00006,transport_public,31888.34
BUD_NPU_00006_transport_ride_hailing,NPU_00006,transport_ride_hailing,14881.23
BUD_NPU_00006_fuel,NPU_00006,fuel,9566.5
BUD_NPU_00006_internet_mobile,NPU_00006,internet_mobile,3061.28
BUD_NPU_00006_utilities,NPU_00006,utilities,2125.89
BUD_NPU_00006_education,NPU_00006,education,1488.12
BUD_NPU_00006_health,NPU_00006,health,3826.6
BUD_NPU_00006_family_support,NPU_00006,family_support,1062.94
BUD_NPU_00006_loan_emi,NPU_00006,loan_emi,637.77
BUD_NPU_00006_festivals_gifts,NPU_00006,festivals_gifts,1488.12
BUD_NPU_00006_clothing,NPU_00006,clothing,5952.49
BUD_NPU_00006_travel,NPU_00006,travel,744.06
BUD_NPU_00006_subscriptions,NPU_00006,subscriptions,1700.71
BUD_NPU_00006_savings_investment,NPU_00006,savings_investment,850.36
BUD_NPU_00006_entertainment,NPU_00006,entertainment,11692.39
BUD_NPU_00006_miscellaneous,NPU_00006,miscellaneous,10629.45
BUD_NPU_00007_rent,NPU_00007,rent,432.2
BUD_NPU_00007_groceries,NPU_00007,groceries,29173.4
BUD_NPU_00007_restaurants_cafes,NPU_00007,restaurants_cafes,24851.41
BUD_NPU_00007_transport_public,NPU_00007,transport_public,27012.41
BUD_NPU_00007_transport_ride_hailing,NPU_00007,transport_ride_hailing,15126.95
BUD_NPU_00007_fuel,NPU_00007,fuel,9724.47
BUD_NPU_00007_internet_mobile,NPU_00007,internet_mobile,2593.19
BUD_NPU_00007_utilities,NPU_00007,utilities,2160.99
BUD_NPU_00007_education,NPU_00007,education,2117.77
BUD_NPU_00007_health,NPU_00007,health,4667.74
BUD_NPU_00007_family_support,NPU_00007,family_support,3025.39
BUD_NPU_00007_loan_emi,NPU_00007,loan_emi,648.3
BUD_NPU_00007_festivals_gifts,NPU_00007,festivals_gifts,1512.69
BUD_NPU_00007_clothing,NPU_00007,clothing,6050.78
BUD_NPU_00007_travel,NPU_00007,travel,756.35
BUD_NPU_00007_subscriptions,NPU_00007,subscriptions,1728.79
BUD_NPU_00007_savings_investment,NPU_00007,savings_investment,864.4
BUD_NPU_00007_entertainment,NPU_00007,entertainment,11885.46
BUD_NPU_00007_miscellaneous,NPU_00007,miscellaneous,10804.96
BUD_NPU_00008_rent,NPU_00008,rent,453.85
BUD_NPU_00008_groceries,NPU_00008,groceries,30635.17
BUD_NPU_00008_restaurants_cafes,NPU_00008,restaurants_cafes,36535.28
BUD_NPU_00008_transport_public,NPU_00008,transport_public,28365.9
BUD_NPU_00008_transport_ride_hailing,NPU_00008,transport_ride_hailing,15884.9
BUD_NPU_00008_fuel,NPU_00008,fuel,19402.27
BUD_NPU_00008_internet_mobile,NPU_00008,internet_mobile,2723.13
BUD_NPU_00008_utilities,NPU_00008,utilities,2269.27
BUD_NPU_00008_education,NPU_00008,education,1588.49
BUD_NPU_00008_health,NPU_00008,health,4084.69
BUD_NPU_00008_family_support,NPU_00008,family_support,1134.64
BUD_NPU_00008_loan_emi,NPU_00008,loan_emi,680.78
BUD_NPU_00008_festivals_gifts,NPU_00008,festivals_gifts,1588.49
BUD_NPU_00008_clothing,NPU_00008,clothing,6353.96
BUD_NPU_00008_travel,NPU_00008,travel,794.25
BUD_NPU_00008_subscriptions,NPU_00008,subscriptions,1815.42
BUD_NPU_00008_savings_investment,NPU_00008,savings_investment,907.71
BUD_NPU_00008_entertainment,NPU_00008,entertainment,12481.0
BUD_NPU_00008_miscellaneous,NPU_00008,miscellaneous,17019.54
BUD_NPU_00009_rent,NPU_00009,rent,366.42
BUD_NPU_00009_groceries,NPU_00009,groceries,24733.58
BUD_NPU_00009_restaurants_cafes,NPU_00009,restaurants_cafes,21069.35
BUD_NPU_00009_transport_public,NPU_00009,transport_public,22901.47
BUD_NPU_00009_transport_ride_hailing,NPU_00009,transport_ride_hailing,12824.82
BUD_NPU_00009_fuel,NPU_00009,fuel,8244.53
BUD_NPU_00009_internet_mobile,NPU_00009,internet_mobile,2198.54
BUD_NPU_00009_utilities,NPU_00009,utilities,1832.12
BUD_NPU_00009_education,NPU_00009,education,1795.48
BUD_NPU_00009_health,NPU_00009,health,3957.37
BUD_NPU_00009_family_support,NPU_00009,family_support,2564.96
BUD_NPU_00009_loan_emi,NPU_00009,loan_emi,549.64
BUD_NPU_00009_festivals_gifts,NPU_00009,festivals_gifts,1282.48
BUD_NPU_00009_clothing,NPU_00009,clothing,5129.93
BUD_NPU_00009_travel,NPU_00009,travel,641.24
BUD_NPU_00009_subscriptions,NPU_00009,subscriptions,1465.69
BUD_NPU_00009_savings_investment,NPU_00009,savings_investment,732.85
BUD_NPU_00009_entertainment,NPU_00009,entertainment,10076.65
BUD_NPU_00009_miscellaneous,NPU_00009,miscellaneous,9160.59
BUD_NPU_00010_rent,NPU_00010,rent,111.04
BUD_NPU_00010_groceries,NPU_00010,groceries,7494.86
BUD_NPU_00010_restaurants_cafes,NPU_00010,restaurants_cafes,15322.83
BUD_NPU_00010_transport_public,NPU_00010,transport_public,6939.69
BUD_NPU_00010_transport_ride_hailing,NPU_00010,transport_ride_hailing,3886.23
BUD_NPU_00010_fuel,NPU_00010,fuel,2498.29
BUD_NPU_00010_internet_mobile,NPU_00010,internet_mobile,666.21
BUD_NPU_00010_utilities,NPU_00010,utilities,555.18
BUD_NPU_00010_education,NPU_00010,education,388.62
BUD_NPU_00010_health,NPU_00010,health,999.32
BUD_NPU_00010_family_support,NPU_00010,family_support,277.59
BUD_NPU_00010_loan_emi,NPU_00010,loan_emi,166.55
BUD_NPU_00010_festivals_gifts,NPU_00010,festivals_gifts,388.62
BUD_NPU_00010_clothing,NPU_00010,clothing,1554.49
BUD_NPU_00010_travel,NPU_00010,travel,291.47
BUD_NPU_00010_subscriptions,NPU_00010,subscriptions,444.14
BUD_NPU_00010_savings_investment,NPU_00010,savings_investment,222.07
BUD_NPU_00010_entertainment,NPU_00010,entertainment,5801.58
BUD_NPU_00010_miscellaneous,NPU_00010,miscellaneous,2775.88
BUD_NPU_00011_rent,NPU_00011,rent,575.03
BUD_NPU_00011_groceries,NPU_00011,groceries,38814.65
BUD_NPU_00011_restaurants_cafes,NPU_00011,restaurants_cafes,39677.2
BUD_NPU_00011_transport_public,NPU_00011,transport_public,35939.49
BUD_NPU_00011_transport_ride_hailing,NPU_00011,transport_ride_hailing,20126.11
BUD_NPU_00011_fuel,NPU_00011,fuel,12938.22
BUD_NPU_00011_internet_mobile,NPU_00011,internet_mobile,5175.29
BUD_NPU_00011_utilities,NPU_00011,utilities,2875.16
BUD_NPU_00011_education,NPU_00011,education,2012.61
BUD_NPU_00011_health,NPU_00011,health,5175.29
BUD_NPU_00011_family_support,NPU_00011,family_support,1437.58
BUD_NPU_00011_loan_emi,NPU_00011,loan_emi,862.55
BUD_NPU_00011_festivals_gifts,NPU_00011,festivals_gifts,2012.61
BUD_NPU_00011_clothing,NPU_00011,clothing,8050.45
BUD_NPU_00011_travel,NPU_00011,travel,1006.31
BUD_NPU_00011_subscriptions,NPU_00011,subscriptions,3680.2
BUD_NPU_00011_savings_investment,NPU_00011,savings_investment,1150.06
BUD_NPU_00011_entertainment,NPU_00011,entertainment,15813.38
BUD_NPU_00011_miscellaneous,NPU_00011,miscellaneous,14375.8
BUD_NPU_00012_rent,NPU_00012,rent,277.99
BUD_NPU_00012_groceries,NPU_00012,groceries,18764.17
BUD_NPU_00012_restaurants_cafes,NPU_00012,restaurants_cafes,38362.31
BUD_NPU_00012_transport_public,NPU_00012,transport_public,17374.24
BUD_NPU_00012_transport_ride_hailing,NPU_00012,transport_ride_hailing,9729.57
BUD_NPU_00012_fuel,NPU_00012,fuel,6254.72
BUD_NPU_00012_internet_mobile,NPU_00012,internet_mobile,1667.93
BUD_NPU_00012_utilities,NPU_00012,utilities,1389.94
BUD_NPU_00012_education,NPU_00012,education,972.96
BUD_NPU_00012_health,NPU_00012,health,2501.89
BUD_NPU_00012_family_support,NPU_00012,family_support,694.97
BUD_NPU_00012_loan_emi,NPU_00012,loan_emi,416.98
BUD_NPU_00012_festivals_gifts,NPU_00012,festivals_gifts,972.96
BUD_NPU_00012_clothing,NPU_00012,clothing,3891.83
BUD_NPU_00012_travel,NPU_00012,travel,729.72
BUD_NPU_00012_subscriptions,NPU_00012,subscriptions,1111.95
BUD_NPU_00012_savings_investment,NPU_00012,savings_investment,555.98
BUD_NPU_00012_entertainment,NPU_00012,entertainment,14524.86
BUD_NPU_00012_miscellaneous,NPU_00012,miscellaneous,6949.69
BUD_NPU_00013_rent,NPU_00013,rent,64.61
BUD_NPU_00013_groceries,NPU_00013,groceries,4361.12
BUD_NPU_00013_restaurants_cafes,NPU_00013,restaurants_cafes,4458.03
BUD_NPU_00013_transport_public,NPU_00013,transport_public,8076.14
BUD_NPU_00013_transport_ride_hailing,NPU_00013,transport_ride_hailing,2261.32
BUD_NPU_00013_fuel,NPU_00013,fuel,1453.71
BUD_NPU_00013_internet_mobile,NPU_00013,internet_mobile,503.95
BUD_NPU_00013_utilities,NPU_00013,utilities,323.05
BUD_NPU_00013_education,NPU_00013,education,407.04
BUD_NPU_00013_health,NPU_00013,health,581.48
BUD_NPU_00013_family_support,NPU_00013,family_support,161.52
BUD_NPU_00013_loan_emi,NPU_00013,loan_emi,96.91
BUD_NPU_00013_festivals_gifts,NPU_00013,festivals_gifts,226.13
BUD_NPU_00013_clothing,NPU_00013,clothing,904.53
BUD_NPU_00013_travel,NPU_00013,travel,113.07
BUD_NPU_00013_subscriptions,NPU_00013,subscriptions,258.44
BUD_NPU_00013_savings_investment,NPU_00013,savings_investment,129.22
BUD_NPU_00013_entertainment,NPU_00013,entertainment,1776.75
BUD_NPU_00013_miscellaneous,NPU_00013,miscellaneous,1615.23
BUD_NPU_00014_rent,NPU_00014,rent,51.52
BUD_NPU_00014_groceries,NPU_00014,groceries,3477.85
BUD_NPU_00014_restaurants_cafes,NPU_00014,restaurants_cafes,3555.14
BUD_NPU_00014_transport_public,NPU_00014,transport_public,6440.46
BUD_NPU_00014_transport_ride_hailing,NPU_00014,transport_ride_hailing,1803.33
BUD_NPU_00014_fuel,NPU_00014,fuel,1159.28
BUD_NPU_00014_internet_mobile,NPU_00014,internet_mobile,401.88
BUD_NPU_00014_utilities,NPU_00014,utilities,257.62
BUD_NPU_00014_education,NPU_00014,education,324.6
BUD_NPU_00014_health,NPU_00014,health,463.71
BUD_NPU_00014_family_support,NPU_00014,family_support,128.81
BUD_NPU_00014_loan_emi,NPU_00014,loan_emi,77.29
BUD_NPU_00014_festivals_gifts,NPU_00014,festivals_gifts,180.33
BUD_NPU_00014_clothing,NPU_00014,clothing,721.33
BUD_NPU_00014_travel,NPU_00014,travel,90.17
BUD_NPU_00014_subscriptions,NPU_00014,subscriptions,206.09
BUD_NPU_00014_savings_investment,NPU_00014,savings_investment,103.05
BUD_NPU_00014_entertainment,NPU_00014,entertainment,1416.9
BUD_NPU_00014_miscellaneous,NPU_00014,miscellaneous,1288.09
BUD_NPU_00015_rent,NPU_00015,rent,232.71
BUD_NPU_00015_groceries,NPU_00015,groceries,15708.18
BUD_NPU_00015_restaurants_cafes,NPU_00015,restaurants_cafes,32114.5
BUD_NPU_00015_transport_public,NPU_00015,transport_public,14544.61
BUD_NPU_00015_transport_ride_hailing,NPU_00015,transport_ride_hailing,8144.98
BUD_NPU_00015_fuel,NPU_00015,fuel,5236.06
BUD_NPU_00015_internet_mobile,NPU_00015,internet_mobile,1396.28
BUD_NPU_00015_utilities,NPU_00015,utilities,1163.57
BUD_NPU_00015_education,NPU_00015,education,814.5
BUD_NPU_00015_health,NPU_00015,health,2094.42
BUD_NPU_00015_family_support,NPU_00015,family_support,581.78
BUD_NPU_00015_loan_emi,NPU_00015,loan_emi,349.07
BUD_NPU_00015_festivals_gifts,NPU_00015,festivals_gifts,814.5
BUD_NPU_00015_clothing,NPU_00015,clothing,3257.99
BUD_NPU_00015_travel,NPU_00015,travel,610.87
BUD_NPU_00015_subscriptions,NPU_00015,subscriptions,930.86
BUD_NPU_00015_savings_investment,NPU_00015,savings_investment,465.43
BUD_NPU_00015_entertainment,NPU_00015,entertainment,12159.29
BUD_NPU_00015_miscellaneous,NPU_00015,miscellaneous,5817.84
BUD_NPU_00016_rent,NPU_00016,rent,76.61
BUD_NPU_00016_groceries,NPU_00016,groceries,5170.98
BUD_NPU_00016_restaurants_cafes,NPU_00016,restaurants_cafes,5285.89
BUD_NPU_00016_transport_public,NPU_00016,transport_public,9575.89
BUD_NPU_00016_transport_ride_hailing,NPU_00016,transport_ride_hailing,2681.25
BUD_NPU_00016_fuel,NPU_00016,fuel,1723.66
BUD_NPU_00016_internet_mobile,NPU_00016,internet_mobile,597.54
BUD_NPU_00016_utilities,NPU_00016,utilities,383.04
BUD_NPU_00016_education,NPU_00016,education,482.63
BUD_NPU_00016_health,NPU_00016,health,689.46
BUD_NPU_00016_family_support,NPU_00016,family_support,191.52
BUD_NPU_00016_loan_emi,NPU_00016,loan_emi,114.91
BUD_NPU_00016_festivals_gifts,NPU_00016,festivals_gifts,268.13
BUD_NPU_00016_clothing,NPU_00016,clothing,1072.5
BUD_NPU_00016_travel,NPU_00016,travel,134.06
BUD_NPU_00016_subscriptions,NPU_00016,subscriptions,306.43
BUD_NPU_00016_savings_investment,NPU_00016,savings_investment,153.21
BUD_NPU_00016_entertainment,NPU_00016,entertainment,2106.7
BUD_NPU_00016_miscellaneous,NPU_00016,miscellaneous,1915.18
BUD_NPU_00017_rent,NPU_00017,rent,276.55
BUD_NPU_00017_groceries,NPU_00017,groceries,24266.93
BUD_NPU_00017_restaurants_cafes,NPU_00017,restaurants_cafes,15901.4
BUD_NPU_00017_transport_public,NPU_00017,transport_public,20740.96
BUD_NPU_00017_transport_ride_hailing,NPU_00017,transport_ride_hailing,9679.12
BUD_NPU_00017_fuel,NPU_00017,fuel,6222.29
BUD_NPU_00017_internet_mobile,NPU_00017,internet_mobile,1991.13
BUD_NPU_00017_utilities,NPU_00017,utilities,1382.73
BUD_NPU_00017_education,NPU_00017,education,967.91
BUD_NPU_00017_health,NPU_00017,health,2488.92
BUD_NPU_00017_family_support,NPU_00017,family_support,691.37
BUD_NPU_00017_loan_emi,NPU_00017,loan_emi,414.82
BUD_NPU_00017_festivals_gifts,NPU_00017,festivals_gifts,967.91
BUD_NPU_00017_clothing,NPU_00017,clothing,3871.65
BUD_NPU_00017_travel,NPU_00017,travel,483.96
BUD_NPU_00017_subscriptions,NPU_00017,subscriptions,1106.18
BUD_NPU_00017_savings_investment,NPU_00017,savings_investment,553.09
BUD_NPU_00017_entertainment,NPU_00017,entertainment,7605.02
BUD_NPU_00017_miscellaneous,NPU_00017,miscellaneous,6913.65
BUD_NPU_00018_rent,NPU_00018,rent,107.4
BUD_NPU_00018_groceries,NPU_00018,groceries,7249.41
BUD_NPU_00018_restaurants_cafes,NPU_00018,restaurants_cafes,6175.43
BUD_NPU_00018_transport_public,NPU_00018,transport_public,6712.42
BUD_NPU_00018_transport_ride_hailing,NPU_00018,transport_ride_hailing,3758.96
BUD_NPU_00018_fuel,NPU_00018,fuel,2416.47
BUD_NPU_00018_internet_mobile,NPU_00018,internet_mobile,644.39
BUD_NPU_00018_utilities,NPU_00018,utilities,536.99
BUD_NPU_00018_education,NPU_00018,education,526.25
BUD_NPU_00018_health,NPU_00018,health,1159.91
BUD_NPU_00018_family_support,NPU_00018,family_support,751.79
BUD_NPU_00018_loan_emi,NPU_00018,loan_emi,161.1
BUD_NPU_00018_festivals_gifts,NPU_00018,festivals_gifts,375.9
BUD_NPU_00018_clothing,NPU_00018,clothing,1503.58
BUD_NPU_00018_travel,NPU_00018,travel,187.95
BUD_NPU_00018_subscriptions,NPU_00018,subscriptions,429.59
BUD_NPU_00018_savings_investment,NPU_00018,savings_investment,214.8
BUD_NPU_00018_entertainment,NPU_00018,entertainment,2953.47
BUD_NPU_00018_miscellaneous,NPU_00018,miscellaneous,2684.97
BUD_NPU_00019_rent,NPU_00019,rent,723.2
BUD_NPU_00019_groceries,NPU_00019,groceries,48816.29
BUD_NPU_00019_restaurants_cafes,NPU_00019,restaurants_cafes,58217.94
BUD_NPU_00019_transport_public,NPU_00019,transport_public,45200.26
BUD_NPU_00019_transport_ride_hailing,NPU_00019,transport_ride_hailing,25312.15
BUD_NPU_00019_fuel,NPU_00019,fuel,30916.98
BUD_NPU_00019_internet_mobile,NPU_00019,internet_mobile,4339.23
BUD_NPU_00019_utilities,NPU_00019,utilities,3616.02
BUD_NPU_00019_education,NPU_00019,education,2531.21
BUD_NPU_00019_health,NPU_00019,health,6508.84
BUD_NPU_00019_family_support,NPU_00019,family_support,1808.01
BUD_NPU_00019_loan_emi,NPU_00019,loan_emi,1084.81
BUD_NPU_00019_festivals_gifts,NPU_00019,festivals_gifts,2531.21
BUD_NPU_00019_clothing,NPU_00019,clothing,10124.86
BUD_NPU_00019_travel,NPU_00019,travel,1265.61
BUD_NPU_00019_subscriptions,NPU_00019,subscriptions,2892.82
BUD_NPU_00019_savings_investment,NPU_00019,savings_investment,1446.41
BUD_NPU_00019_entertainment,NPU_00019,entertainment,19888.12
BUD_NPU_00019_miscellaneous,NPU_00019,miscellaneous,27120.16
BUD_NPU_00020_rent,NPU_00020,rent,144.78
BUD_NPU_00020_groceries,NPU_00020,groceries,12704.08
BUD_NPU_00020_restaurants_cafes,NPU_00020,restaurants_cafes,8324.61
BUD_NPU_00020_transport_public,NPU_00020,transport_public,10858.19
BUD_NPU_00020_transport_ride_hailing,NPU_00020,transport_ride_hailing,5067.15
BUD_NPU_00020_fuel,NPU_00020,fuel,3257.46
BUD_NPU_00020_internet_mobile,NPU_00020,internet_mobile,1042.39
BUD_NPU_00020_utilities,NPU_00020,utilities,723.88
BUD_NPU_00020_education,NPU_00020,education,506.72
BUD_NPU_00020_health,NPU_00020,health,1302.98
BUD_NPU_00020_family_support,NPU_00020,family_support,361.94
BUD_NPU_00020_loan_emi,NPU_00020,loan_emi,217.16
BUD_NPU_00020_festivals_gifts,NPU_00020,festivals_gifts,506.72
BUD_NPU_00020_clothing,NPU_00020,clothing,2026.86
BUD_NPU_00020_travel,NPU_00020,travel,253.36
BUD_NPU_00020_subscriptions,NPU_00020,subscriptions,579.1
BUD_NPU_00020_savings_investment,NPU_00020,savings_investment,289.55
BUD_NPU_00020_entertainment,NPU_00020,entertainment,3981.33
BUD_NPU_00020_miscellaneous,NPU_00020,miscellaneous,3619.4
BUD_NPU_00021_rent,NPU_00021,rent,160.96
BUD_NPU_00021_groceries,NPU_00021,groceries,14124.41
BUD_NPU_00021_restaurants_cafes,NPU_00021,restaurants_cafes,9255.31
BUD_NPU_00021_transport_public,NPU_00021,transport_public,12072.14
BUD_NPU_00021_transport_ride_hailing,NPU_00021,transport_ride_hailing,5633.67
BUD_NPU_00021_fuel,NPU_00021,fuel,3621.64
BUD_NPU_00021_internet_mobile,NPU_00021,internet_mobile,1158.93
BUD_NPU_00021_utilities,NPU_00021,utilities,804.81
BUD_NPU_00021_education,NPU_00021,education,563.37
BUD_NPU_00021_health,NPU_00021,health,1448.66
BUD_NPU_00021_family_support,NPU_00021,family_support,402.4
BUD_NPU_00021_loan_emi,NPU_00021,loan_emi,241.44
BUD_NPU_00021_festivals_gifts,NPU_00021,festivals_gifts,563.37
BUD_NPU_00021_clothing,NPU_00021,clothing,2253.47
BUD_NPU_00021_travel,NPU_00021,travel,281.68
BUD_NPU_00021_subscriptions,NPU_00021,subscriptions,643.85
BUD_NPU_00021_savings_investment,NPU_00021,savings_investment,321.92
BUD_NPU_00021_entertainment,NPU_00021,entertainment,4426.45
BUD_NPU_00021_miscellaneous,NPU_00021,miscellaneous,4024.05
BUD_NPU_00022_rent,NPU_00022,rent,516.71
BUD_NPU_00022_groceries,NPU_00022,groceries,34877.79
BUD_NPU_00022_restaurants_cafes,NPU_00022,restaurants_cafes,29710.71
BUD_NPU_00022_transport_public,NPU_00022,transport_public,32294.25
BUD_NPU_00022_transport_ride_hailing,NPU_00022,transport_ride_hailing,18084.78
BUD_NPU_00022_fuel,NPU_00022,fuel,11625.93
BUD_NPU_00022_internet_mobile,NPU_00022,internet_mobile,3100.25
BUD_NPU_00022_utilities,NPU_00022,utilities,2583.54
BUD_NPU_00022_education,NPU_00022,education,2531.87
BUD_NPU_00022_health,NPU_00022,health,5580.45
BUD_NPU_00022_family_support,NPU_00022,family_support,3616.96
BUD_NPU_00022_loan_emi,NPU_00022,loan_emi,775.06
BUD_NPU_00022_festivals_gifts,NPU_00022,festivals_gifts,1808.48
BUD_NPU_00022_clothing,NPU_00022,clothing,7233.91
BUD_NPU_00022_travel,NPU_00022,travel,904.24
BUD_NPU_00022_subscriptions,NPU_00022,subscriptions,2066.83
BUD_NPU_00022_savings_investment,NPU_00022,savings_investment,1033.42
BUD_NPU_00022_entertainment,NPU_00022,entertainment,14209.47
BUD_NPU_00022_miscellaneous,NPU_00022,miscellaneous,12917.7
BUD_NPU_00023_rent,NPU_00023,rent,652.97
BUD_NPU_00023_groceries,NPU_00023,groceries,44075.26
BUD_NPU_00023_restaurants_cafes,NPU_00023,restaurants_cafes,37545.59
BUD_NPU_00023_transport_public,NPU_00023,transport_public,40810.42
BUD_NPU_00023_transport_ride_hailing,NPU_00023,transport_ride_hailing,22853.84
BUD_NPU_00023_fuel,NPU_00023,fuel,14691.75
BUD_NPU_00023_internet_mobile,NPU_00023,internet_mobile,3917.8
BUD_NPU_00023_utilities,NPU_00023,utilities,3264.83
BUD_NPU_00023_education,NPU_00023,education,3199.54
BUD_NPU_00023_health,NPU_00023,health,7052.04
BUD_NPU_00023_family_support,NPU_00023,family_support,4570.77
BUD_NPU_00023_loan_emi,NPU_00023,loan_emi,979.45
BUD_NPU_00023_festivals_gifts,NPU_00023,festivals_gifts,2285.38
BUD_NPU_00023_clothing,NPU_00023,clothing,9141.53
BUD_NPU_00023_travel,NPU_00023,travel,1142.69
BUD_NPU_00023_subscriptions,NPU_00023,subscriptions,2611.87
BUD_NPU_00023_savings_investment,NPU_00023,savings_investment,1305.93
BUD_NPU_00023_entertainment,NPU_00023,entertainment,17956.59
BUD_NPU_00023_miscellaneous,NPU_00023,miscellaneous,16324.17
BUD_NPU_00024_rent,NPU_00024,rent,165.98
BUD_NPU_00024_groceries,NPU_00024,groceries,11203.84
BUD_NPU_00024_restaurants_cafes,NPU_00024,restaurants_cafes,11452.82
BUD_NPU_00024_transport_public,NPU_00024,transport_public,10373.93
BUD_NPU_00024_transport_ride_hailing,NPU_00024,transport_ride_hailing,5809.4
BUD_NPU_00024_fuel,NPU_00024,fuel,3734.61
BUD_NPU_00024_internet_mobile,NPU_00024,internet_mobile,1493.85
BUD_NPU_00024_utilities,NPU_00024,utilities,829.91
BUD_NPU_00024_education,NPU_00024,education,580.94
BUD_NPU_00024_health,NPU_00024,health,1493.85
BUD_NPU_00024_family_support,NPU_00024,family_support,414.96
BUD_NPU_00024_loan_emi,NPU_00024,loan_emi,248.97
BUD_NPU_00024_festivals_gifts,NPU_00024,festivals_gifts,580.94
BUD_NPU_00024_clothing,NPU_00024,clothing,2323.76
BUD_NPU_00024_travel,NPU_00024,travel,290.47
BUD_NPU_00024_subscriptions,NPU_00024,subscriptions,1062.29
BUD_NPU_00024_savings_investment,NPU_00024,savings_investment,331.97
BUD_NPU_00024_entertainment,NPU_00024,entertainment,4564.53
BUD_NPU_00024_miscellaneous,NPU_00024,miscellaneous,4149.57
BUD_NPU_00025_rent,NPU_00025,rent,111.47
BUD_NPU_00025_groceries,NPU_00025,groceries,7524.41
BUD_NPU_00025_restaurants_cafes,NPU_00025,restaurants_cafes,7691.62
BUD_NPU_00025_transport_public,NPU_00025,transport_public,6967.05
BUD_NPU_00025_transport_ride_hailing,NPU_00025,transport_ride_hailing,3901.55
BUD_NPU_00025_fuel,NPU_00025,fuel,2508.14
BUD_NPU_00025_internet_mobile,NPU_00025,internet_mobile,1003.26
BUD_NPU_00025_utilities,NPU_00025,utilities,557.36
BUD_NPU_00025_education,NPU_00025,education,390.15
BUD_NPU_00025_health,NPU_00025,health,1003.26
BUD_NPU_00025_family_support,NPU_00025,family_support,278.68
BUD_NPU_00025_loan_emi,NPU_00025,loan_emi,167.21
BUD_NPU_00025_festivals_gifts,NPU_00025,festivals_gifts,390.15
BUD_NPU_00025_clothing,NPU_00025,clothing,1560.62
BUD_NPU_00025_travel,NPU_00025,travel,195.08
BUD_NPU_00025_subscriptions,NPU_00025,subscriptions,713.43
BUD_NPU_00025_savings_investment,NPU_00025,savings_investment,222.95
BUD_NPU_00025_entertainment,NPU_00025,entertainment,3065.5
BUD_NPU_00025_miscellaneous,NPU_00025,miscellaneous,2786.82
BUD_NPU_00026_rent,NPU_00026,rent,363.12
BUD_NPU_00026_groceries,NPU_00026,groceries,24510.59
BUD_NPU_00026_restaurants_cafes,NPU_00026,restaurants_cafes,20879.39
BUD_NPU_00026_transport_public,NPU_00026,transport_public,22694.99
BUD_NPU_00026_transport_ride_hailing,NPU_00026,transport_ride_hailing,12709.19
BUD_NPU_00026_fuel,NPU_00026,fuel,8170.2
BUD_NPU_00026_internet_mobile,NPU_00026,internet_mobile,2178.72
BUD_NPU_00026_utilities,NPU_00026,utilities,1815.6
BUD_NPU_00026_education,NPU_00026,education,1779.29
BUD_NPU_00026_health,NPU_00026,health,3921.69
BUD_NPU_00026_family_support,NPU_00026,family_support,2541.84
BUD_NPU_00026_loan_emi,NPU_00026,loan_emi,544.68
BUD_NPU_00026_festivals_gifts,NPU_00026,festivals_gifts,1270.92
BUD_NPU_00026_clothing,NPU_00026,clothing,5083.68
BUD_NPU_00026_travel,NPU_00026,travel,635.46
BUD_NPU_00026_subscriptions,NPU_00026,subscriptions,1452.48
BUD_NPU_00026_savings_investment,NPU_00026,savings_investment,726.24
BUD_NPU_00026_entertainment,NPU_00026,entertainment,9985.8
BUD_NPU_00026_miscellaneous,NPU_00026,miscellaneous,9078.0
BUD_NPU_00027_rent,NPU_00027,rent,123.58
BUD_NPU_00027_groceries,NPU_00027,groceries,10844.06
BUD_NPU_00027_restaurants_cafes,NPU_00027,restaurants_cafes,7105.8
BUD_NPU_00027_transport_public,NPU_00027,transport_public,9268.43
BUD_NPU_00027_transport_ride_hailing,NPU_00027,transport_ride_hailing,4325.27
BUD_NPU_00027_fuel,NPU_00027,fuel,2780.53
BUD_NPU_00027_internet_mobile,NPU_00027,internet_mobile,889.77
BUD_NPU_00027_utilities,NPU_00027,utilities,617.9
BUD_NPU_00027_education,NPU_00027,education,432.53
BUD_NPU_00027_health,NPU_00027,health,1112.21
BUD_NPU_00027_family_support,NPU_00027,family_support,308.95
BUD_NPU_00027_loan_emi,NPU_00027,loan_emi,185.37
BUD_NPU_00027_festivals_gifts,NPU_00027,festivals_gifts,432.53
BUD_NPU_00027_clothing,NPU_00027,clothing,1730.11
BUD_NPU_00027_travel,NPU_00027,travel,216.26
BUD_NPU_00027_subscriptions,NPU_00027,subscriptions,494.32
BUD_NPU_00027_savings_investment,NPU_00027,savings_investment,247.16
BUD_NPU_00027_entertainment,NPU_00027,entertainment,3398.42
BUD_NPU_00027_miscellaneous,NPU_00027,miscellaneous,3089.48
BUD_NPU_00028_rent,NPU_00028,rent,211.32
BUD_NPU_00028_groceries,NPU_00028,groceries,6483.78
BUD_NPU_00028_restaurants_cafes,NPU_00028,restaurants_cafes,5523.22
BUD_NPU_00028_transport_public,NPU_00028,transport_public,7804.54
BUD_NPU_00028_transport_ride_hailing,NPU_00028,transport_ride_hailing,3361.96
BUD_NPU_00028_fuel,NPU_00028,fuel,2161.26
BUD_NPU_00028_internet_mobile,NPU_00028,internet_mobile,576.34
BUD_NPU_00028_utilities,NPU_00028,utilities,672.39
BUD_NPU_00028_education,NPU_00028,education,336.2
BUD_NPU_00028_health,NPU_00028,health,864.5
BUD_NPU_00028_family_support,NPU_00028,family_support,240.14
BUD_NPU_00028_loan_emi,NPU_00028,loan_emi,144.08
BUD_NPU_00028_festivals_gifts,NPU_00028,festivals_gifts,336.2
BUD_NPU_00028_clothing,NPU_00028,clothing,1344.78
BUD_NPU_00028_travel,NPU_00028,travel,168.1
BUD_NPU_00028_subscriptions,NPU_00028,subscriptions,384.22
BUD_NPU_00028_savings_investment,NPU_00028,savings_investment,192.11
BUD_NPU_00028_entertainment,NPU_00028,entertainment,2641.54
BUD_NPU_00028_miscellaneous,NPU_00028,miscellaneous,2401.4
BUD_NPU_00029_rent,NPU_00029,rent,467.67
BUD_NPU_00029_groceries,NPU_00029,groceries,41037.89
BUD_NPU_00029_restaurants_cafes,NPU_00029,restaurants_cafes,26890.93
BUD_NPU_00029_transport_public,NPU_00029,transport_public,35075.12
BUD_NPU_00029_transport_ride_hailing,NPU_00029,transport_ride_hailing,16368.39
BUD_NPU_00029_fuel,NPU_00029,fuel,10522.54
BUD_NPU_00029_internet_mobile,NPU_00029,internet_mobile,3367.21
BUD_NPU_00029_utilities,NPU_00029,utilities,2338.34
BUD_NPU_00029_education,NPU_00029,education,1636.84
BUD_NPU_00029_health,NPU_00029,health,4209.01
BUD_NPU_00029_family_support,NPU_00029,family_support,1169.17
BUD_NPU_00029_loan_emi,NPU_00029,loan_emi,701.5
BUD_NPU_00029_festivals_gifts,NPU_00029,festivals_gifts,1636.84
BUD_NPU_00029_clothing,NPU_00029,clothing,6547.36
BUD_NPU_00029_travel,NPU_00029,travel,818.42
BUD_NPU_00029_subscriptions,NPU_00029,subscriptions,1870.67
BUD_NPU_00029_savings_investment,NPU_00029,savings_investment,935.34
BUD_NPU_00029_entertainment,NPU_00029,entertainment,12860.88
BUD_NPU_00029_miscellaneous,NPU_00029,miscellaneous,11691.71
BUD_NPU_00030_rent,NPU_00030,rent,140.98
BUD_NPU_00030_groceries,NPU_00030,groceries,12371.01
BUD_NPU_00030_restaurants_cafes,NPU_00030,restaurants_cafes,8106.36
BUD_NPU_00030_transport_public,NPU_00030,transport_public,10573.51
BUD_NPU_00030_transport_ride_hailing,NPU_00030,transport_ride_hailing,4934.3
BUD_NPU_00030_fuel,NPU_00030,fuel,3172.05
BUD_NPU_00030_internet_mobile,NPU_00030,internet_mobile,1015.06
BUD_NPU_00030_utilities,NPU_00030,utilities,704.9
BUD_NPU_00030_education,NPU_00030,education,493.43
BUD_NPU_00030_health,NPU_00030,health,1268.82
BUD_NPU_00030_family_support,NPU_00030,family_support,352.45
BUD_NPU_00030_loan_emi,NPU_00030,loan_emi,211.47
BUD_NPU_00030_festivals_gifts,NPU_00030,festivals_gifts,493.43
BUD_NPU_00030_clothing,NPU_00030,clothing,1973.72
BUD_NPU_00030_travel,NPU_00030,travel,246.72
BUD_NPU_00030_subscriptions,NPU_00030,subscriptions,563.92
BUD_NPU_00030_savings_investment,NPU_00030,savings_investment,281.96
BUD_NPU_00030_entertainment,NPU_00030,entertainment,3876.95
BUD_NPU_00030_miscellaneous,NPU_00030,miscellaneous,3524.5
BUD_NPU_00031_rent,NPU_00031,rent,344.82
BUD_NPU_00031_groceries,NPU_00031,groceries,23275.54
BUD_NPU_00031_restaurants_cafes,NPU_00031,restaurants_cafes,47585.55
BUD_NPU_00031_transport_public,NPU_00031,transport_public,21551.42
BUD_NPU_00031_transport_ride_hailing,NPU_00031,transport_ride_hailing,12068.8
BUD_NPU_00031_fuel,NPU_00031,fuel,7758.51
BUD_NPU_00031_internet_mobile,NPU_00031,internet_mobile,2068.94
BUD_NPU_00031_utilities,NPU_00031,utilities,1724.11
BUD_NPU_00031_education,NPU_00031,education,1206.88
BUD_NPU_00031_health,NPU_00031,health,3103.41
BUD_NPU_00031_family_support,NPU_00031,family_support,862.06
BUD_NPU_00031_loan_emi,NPU_00031,loan_emi,517.23
BUD_NPU_00031_festivals_gifts,NPU_00031,festivals_gifts,1206.88
BUD_NPU_00031_clothing,NPU_00031,clothing,4827.52
BUD_NPU_00031_travel,NPU_00031,travel,905.16
BUD_NPU_00031_subscriptions,NPU_00031,subscriptions,1379.29
BUD_NPU_00031_savings_investment,NPU_00031,savings_investment,689.65
BUD_NPU_00031_entertainment,NPU_00031,entertainment,18016.99
BUD_NPU_00031_miscellaneous,NPU_00031,miscellaneous,8620.57
BUD_NPU_00032_rent,NPU_00032,rent,150.81
BUD_NPU_00032_groceries,NPU_00032,groceries,10179.76
BUD_NPU_00032_restaurants_cafes,NPU_00032,restaurants_cafes,8671.65
BUD_NPU_00032_transport_public,NPU_00032,transport_public,9425.71
BUD_NPU_00032_transport_ride_hailing,NPU_00032,transport_ride_hailing,5278.4
BUD_NPU_00032_fuel,NPU_00032,fuel,3393.25
BUD_NPU_00032_internet_mobile,NPU_00032,internet_mobile,904.87
BUD_NPU_00032_utilities,NPU_00032,utilities,754.06
BUD_NPU_00032_education,NPU_00032,education,527.84
BUD_NPU_00032_health,NPU_00032,health,1357.3
BUD_NPU_00032_family_support,NPU_00032,family_support,377.03
BUD_NPU_00032_loan_emi,NPU_00032,loan_emi,226.22
BUD_NPU_00032_festivals_gifts,NPU_00032,festivals_gifts,1319.6
BUD_NPU_00032_clothing,NPU_00032,clothing,3589.31
BUD_NPU_00032_travel,NPU_00032,travel,369.49
BUD_NPU_00032_subscriptions,NPU_00032,subscriptions,603.25
BUD_NPU_00032_savings_investment,NPU_00032,savings_investment,301.62
BUD_NPU_00032_entertainment,NPU_00032,entertainment,4147.31
BUD_NPU_00032_miscellaneous,NPU_00032,miscellaneous,3770.28
BUD_NPU_00033_rent,NPU_00033,rent,358.94
BUD_NPU_00033_groceries,NPU_00033,groceries,11013.08
BUD_NPU_00033_restaurants_cafes,NPU_00033,restaurants_cafes,9381.52
BUD_NPU_00033_transport_public,NPU_00033,transport_public,13256.49
BUD_NPU_00033_transport_ride_hailing,NPU_00033,transport_ride_hailing,5710.49
BUD_NPU_00033_fuel,NPU_00033,fuel,3671.03
BUD_NPU_00033_internet_mobile,NPU_00033,internet_mobile,978.94
BUD_NPU_00033_utilities,NPU_00033,utilities,1142.1
BUD_NPU_00033_education,NPU_00033,education,571.05
BUD_NPU_00033_health,NPU_00033,health,1468.41
BUD_NPU_00033_family_support,NPU_00033,family_support,407.89
BUD_NPU_00033_loan_emi,NPU_00033,loan_emi,244.74
BUD_NPU_00033_festivals_gifts,NPU_00033,festivals_gifts,571.05
BUD_NPU_00033_clothing,NPU_00033,clothing,2284.2
BUD_NPU_00033_travel,NPU_00033,travel,285.52
BUD_NPU_00033_subscriptions,NPU_00033,subscriptions,652.63
BUD_NPU_00033_savings_investment,NPU_00033,savings_investment,326.31
BUD_NPU_00033_entertainment,NPU_00033,entertainment,4486.81
BUD_NPU_00033_miscellaneous,NPU_00033,miscellaneous,4078.92
BUD_NPU_00034_rent,NPU_00034,rent,499.3
BUD_NPU_00034_groceries,NPU_00034,groceries,33702.49
BUD_NPU_00034_restaurants_cafes,NPU_00034,restaurants_cafes,68902.87
BUD_NPU_00034_transport_public,NPU_00034,transport_public,31206.01
BUD_NPU_00034_transport_ride_hailing,NPU_00034,transport_ride_hailing,17475.36
BUD_NPU_00034_fuel,NPU_00034,fuel,11234.16
BUD_NPU_00034_internet_mobile,NPU_00034,internet_mobile,2995.78
BUD_NPU_00034_utilities,NPU_00034,utilities,2496.48
BUD_NPU_00034_education,NPU_00034,education,1747.54
BUD_NPU_00034_health,NPU_00034,health,4493.67
BUD_NPU_00034_family_support,NPU_00034,family_support,1248.24
BUD_NPU_00034_loan_emi,NPU_00034,loan_emi,748.94
BUD_NPU_00034_festivals_gifts,NPU_00034,festivals_gifts,1747.54
BUD_NPU_00034_clothing,NPU_00034,clothing,6990.15
BUD_NPU_00034_travel,NPU_00034,travel,1310.65
BUD_NPU_00034_subscriptions,NPU_00034,subscriptions,1997.18
BUD_NPU_00034_savings_investment,NPU_00034,savings_investment,998.59
BUD_NPU_00034_entertainment,NPU_00034,entertainment,26088.22
BUD_NPU_00034_miscellaneous,NPU_00034,miscellaneous,12482.4
BUD_NPU_00035_rent,NPU_00035,rent,83.43
BUD_NPU_00035_groceries,NPU_00035,groceries,7320.7
BUD_NPU_00035_restaurants_cafes,NPU_00035,restaurants_cafes,4797.04
BUD_NPU_00035_transport_public,NPU_00035,transport_public,6257.01
BUD_NPU_00035_transport_ride_hailing,NPU_00035,transport_ride_hailing,2919.94
BUD_NPU_00035_fuel,NPU_00035,fuel,1877.1
BUD_NPU_00035_internet_mobile,NPU_00035,internet_mobile,600.67
BUD_NPU_00035_utilities,NPU_00035,utilities,417.13
BUD_NPU_00035_education,NPU_00035,education,291.99
BUD_NPU_00035_health,NPU_00035,health,750.84
BUD_NPU_00035_family_support,NPU_00035,family_support,208.57
BUD_NPU_00035_loan_emi,NPU_00035,loan_emi,125.14
BUD_NPU_00035_festivals_gifts,NPU_00035,festivals_gifts,291.99
BUD_NPU_00035_clothing,NPU_00035,clothing,1167.98
BUD_NPU_00035_travel,NPU_00035,travel,146.0
BUD_NPU_00035_subscriptions,NPU_00035,subscriptions,333.71
BUD_NPU_00035_savings_investment,NPU_00035,savings_investment,166.85
BUD_NPU_00035_entertainment,NPU_00035,entertainment,2294.24
BUD_NPU_00035_miscellaneous,NPU_00035,miscellaneous,2085.67
BUD_NPU_00036_rent,NPU_00036,rent,79.01
BUD_NPU_00036_groceries,NPU_00036,groceries,6932.9
BUD_NPU_00036_restaurants_cafes,NPU_00036,restaurants_cafes,4542.93
BUD_NPU_00036_transport_public,NPU_00036,transport_public,5925.56
BUD_NPU_00036_transport_ride_hailing,NPU_00036,transport_ride_hailing,2765.26
BUD_NPU_00036_fuel,NPU_00036,fuel,1777.67
BUD_NPU_00036_internet_mobile,NPU_00036,internet_mobile,568.85
BUD_NPU_00036_utilities,NPU_00036,utilities,395.04
BUD_NPU_00036_education,NPU_00036,education,276.53
BUD_NPU_00036_health,NPU_00036,health,711.07
BUD_NPU_00036_family_support,NPU_00036,family_support,197.52
BUD_NPU_00036_loan_emi,NPU_00036,loan_emi,118.51
BUD_NPU_00036_festivals_gifts,NPU_00036,festivals_gifts,276.53
BUD_NPU_00036_clothing,NPU_00036,clothing,1106.1
BUD_NPU_00036_travel,NPU_00036,travel,138.26
BUD_NPU_00036_subscriptions,NPU_00036,subscriptions,316.03
BUD_NPU_00036_savings_investment,NPU_00036,savings_investment,158.01
BUD_NPU_00036_entertainment,NPU_00036,entertainment,2172.71
BUD_NPU_00036_miscellaneous,NPU_00036,miscellaneous,1975.19
BUD_NPU_00037_rent,NPU_00037,rent,172.93
BUD_NPU_00037_groceries,NPU_00037,groceries,14006.98
BUD_NPU_00037_restaurants_cafes,NPU_00037,restaurants_cafes,9943.22
BUD_NPU_00037_transport_public,NPU_00037,transport_public,10807.85
BUD_NPU_00037_transport_ride_hailing,NPU_00037,transport_ride_hailing,6052.4
BUD_NPU_00037_fuel,NPU_00037,fuel,3890.83
BUD_NPU_00037_internet_mobile,NPU_00037,internet_mobile,1037.55
BUD_NPU_00037_utilities,NPU_00037,utilities,864.63
BUD_NPU_00037_education,NPU_00037,education,605.24
BUD_NPU_00037_health,NPU_00037,health,1556.33
BUD_NPU_00037_family_support,NPU_00037,family_support,432.31
BUD_NPU_00037_loan_emi,NPU_00037,loan_emi,726.29
BUD_NPU_00037_festivals_gifts,NPU_00037,festivals_gifts,605.24
BUD_NPU_00037_clothing,NPU_00037,clothing,2420.96
BUD_NPU_00037_travel,NPU_00037,travel,302.62
BUD_NPU_00037_subscriptions,NPU_00037,subscriptions,691.7
BUD_NPU_00037_savings_investment,NPU_00037,savings_investment,345.85
BUD_NPU_00037_entertainment,NPU_00037,entertainment,4755.45
BUD_NPU_00037_miscellaneous,NPU_00037,miscellaneous,4323.14
BUD_NPU_00038_rent,NPU_00038,rent,378.26
BUD_NPU_00038_groceries,NPU_00038,groceries,25532.66
BUD_NPU_00038_restaurants_cafes,NPU_00038,restaurants_cafes,30450.07
BUD_NPU_00038_transport_public,NPU_00038,transport_public,23641.36
BUD_NPU_00038_transport_ride_hailing,NPU_00038,transport_ride_hailing,13239.16
BUD_NPU_00038_fuel,NPU_00038,fuel,16170.69
BUD_NPU_00038_internet_mobile,NPU_00038,internet_mobile,2269.57
BUD_NPU_00038_utilities,NPU_00038,utilities,1891.31
BUD_NPU_00038_education,NPU_00038,education,1323.92
BUD_NPU_00038_health,NPU_00038,health,3404.36
BUD_NPU_00038_family_support,NPU_00038,family_support,945.65
BUD_NPU_00038_loan_emi,NPU_00038,loan_emi,567.39
BUD_NPU_00038_festivals_gifts,NPU_00038,festivals_gifts,1323.92
BUD_NPU_00038_clothing,NPU_00038,clothing,5295.66
BUD_NPU_00038_travel,NPU_00038,travel,661.96
BUD_NPU_00038_subscriptions,NPU_00038,subscriptions,1513.05
BUD_NPU_00038_savings_investment,NPU_00038,savings_investment,756.52
BUD_NPU_00038_entertainment,NPU_00038,entertainment,10402.2
BUD_NPU_00038_miscellaneous,NPU_00038,miscellaneous,14184.81
BUD_NPU_00039_rent,NPU_00039,rent,233.77
BUD_NPU_00039_groceries,NPU_00039,groceries,20513.0
BUD_NPU_00039_restaurants_cafes,NPU_00039,restaurants_cafes,13441.57
BUD_NPU_00039_transport_public,NPU_00039,transport_public,17532.48
BUD_NPU_00039_transport_ride_hailing,NPU_00039,transport_ride_hailing,8181.82
BUD_NPU_00039_fuel,NPU_00039,fuel,5259.74
BUD_NPU_00039_internet_mobile,NPU_00039,internet_mobile,1683.12
BUD_NPU_00039_utilities,NPU_00039,utilities,1168.83
BUD_NPU_00039_education,NPU_00039,education,818.18
BUD_NPU_00039_health,NPU_00039,health,2103.9
BUD_NPU_00039_family_support,NPU_00039,family_support,584.42
BUD_NPU_00039_loan_emi,NPU_00039,loan_emi,350.65
BUD_NPU_00039_festivals_gifts,NPU_00039,festivals_gifts,818.18
BUD_NPU_00039_clothing,NPU_00039,clothing,3272.73
BUD_NPU_00039_travel,NPU_00039,travel,409.09
BUD_NPU_00039_subscriptions,NPU_00039,subscriptions,935.07
BUD_NPU_00039_savings_investment,NPU_00039,savings_investment,467.53
BUD_NPU_00039_entertainment,NPU_00039,entertainment,6428.58
BUD_NPU_00039_miscellaneous,NPU_00039,miscellaneous,5844.16
BUD_NPU_00040_rent,NPU_00040,rent,193.84
BUD_NPU_00040_groceries,NPU_00040,groceries,13083.96
BUD_NPU_00040_restaurants_cafes,NPU_00040,restaurants_cafes,11145.6
BUD_NPU_00040_transport_public,NPU_00040,transport_public,12114.78
BUD_NPU_00040_transport_ride_hailing,NPU_00040,transport_ride_hailing,6784.28
BUD_NPU_00040_fuel,NPU_00040,fuel,4361.32
BUD_NPU_00040_internet_mobile,NPU_00040,internet_mobile,1163.02
BUD_NPU_00040_utilities,NPU_00040,utilities,969.18
BUD_NPU_00040_education,NPU_00040,education,678.43
BUD_NPU_00040_health,NPU_00040,health,1744.53
BUD_NPU_00040_family_support,NPU_00040,family_support,484.59
BUD_NPU_00040_loan_emi,NPU_00040,loan_emi,290.75
BUD_NPU_00040_festivals_gifts,NPU_00040,festivals_gifts,1696.07
BUD_NPU_00040_clothing,NPU_00040,clothing,4613.31
BUD_NPU_00040_travel,NPU_00040,travel,474.9
BUD_NPU_00040_subscriptions,NPU_00040,subscriptions,775.35
BUD_NPU_00040_savings_investment,NPU_00040,savings_investment,387.67
BUD_NPU_00040_entertainment,NPU_00040,entertainment,5330.5
BUD_NPU_00040_miscellaneous,NPU_00040,miscellaneous,4845.91
BUD_NPU_00041_rent,NPU_00041,rent,152.26
BUD_NPU_00041_groceries,NPU_00041,groceries,10277.31
BUD_NPU_00041_restaurants_cafes,NPU_00041,restaurants_cafes,8754.75
BUD_NPU_00041_transport_public,NPU_00041,transport_public,9516.03
BUD_NPU_00041_transport_ride_hailing,NPU_00041,transport_ride_hailing,5328.98
BUD_NPU_00041_fuel,NPU_00041,fuel,3425.77
BUD_NPU_00041_internet_mobile,NPU_00041,internet_mobile,913.54
BUD_NPU_00041_utilities,NPU_00041,utilities,761.28
BUD_NPU_00041_education,NPU_00041,education,532.9
BUD_NPU_00041_health,NPU_00041,health,1370.31
BUD_NPU_00041_family_support,NPU_00041,family_support,380.64
BUD_NPU_00041_loan_emi,NPU_00041,loan_emi,228.38
BUD_NPU_00041_festivals_gifts,NPU_00041,festivals_gifts,1332.24
BUD_NPU_00041_clothing,NPU_00041,clothing,3623.7
BUD_NPU_00041_travel,NPU_00041,travel,373.03
BUD_NPU_00041_subscriptions,NPU_00041,subscriptions,609.03
BUD_NPU_00041_savings_investment,NPU_00041,savings_investment,304.51
BUD_NPU_00041_entertainment,NPU_00041,entertainment,4187.05
BUD_NPU_00041_miscellaneous,NPU_00041,miscellaneous,3806.41
BUD_NPU_00042_rent,NPU_00042,rent,42.8
BUD_NPU_00042_groceries,NPU_00042,groceries,2889.02
BUD_NPU_00042_restaurants_cafes,NPU_00042,restaurants_cafes,2953.22
BUD_NPU_00042_transport_public,NPU_00042,transport_public,5350.04
BUD_NPU_00042_transport_ride_hailing,NPU_00042,transport_ride_hailing,1498.01
BUD_NPU_00042_fuel,NPU_00042,fuel,963.01
BUD_NPU_00042_internet_mobile,NPU_00042,internet_mobile,333.84
BUD_NPU_00042_utilities,NPU_00042,utilities,214.0
BUD_NPU_00042_education,NPU_00042,education,269.64
BUD_NPU_00042_health,NPU_00042,health,385.2
BUD_NPU_00042_family_support,NPU_00042,family_support,107.0
BUD_NPU_00042_loan_emi,NPU_00042,loan_emi,64.2
BUD_NPU_00042_festivals_gifts,NPU_00042,festivals_gifts,149.8
BUD_NPU_00042_clothing,NPU_00042,clothing,599.2
BUD_NPU_00042_travel,NPU_00042,travel,74.9
BUD_NPU_00042_subscriptions,NPU_00042,subscriptions,171.2
BUD_NPU_00042_savings_investment,NPU_00042,savings_investment,85.6
BUD_NPU_00042_entertainment,NPU_00042,entertainment,1177.01
BUD_NPU_00042_miscellaneous,NPU_00042,miscellaneous,1070.01
BUD_NPU_00043_rent,NPU_00043,rent,75.05
BUD_NPU_00043_groceries,NPU_00043,groceries,5065.76
BUD_NPU_00043_restaurants_cafes,NPU_00043,restaurants_cafes,4315.28
BUD_NPU_00043_transport_public,NPU_00043,transport_public,4690.52
BUD_NPU_00043_transport_ride_hailing,NPU_00043,transport_ride_hailing,2626.69
BUD_NPU_00043_fuel,NPU_00043,fuel,1688.59
BUD_NPU_00043_internet_mobile,NPU_00043,internet_mobile,450.29
BUD_NPU_00043_utilities,NPU_00043,utilities,375.24
BUD_NPU_00043_education,NPU_00043,education,262.67
BUD_NPU_00043_health,NPU_00043,health,675.43
BUD_NPU_00043_family_support,NPU_00043,family_support,187.62
BUD_NPU_00043_loan_emi,NPU_00043,loan_emi,112.57
BUD_NPU_00043_festivals_gifts,NPU_00043,festivals_gifts,656.67
BUD_NPU_00043_clothing,NPU_00043,clothing,1786.15
BUD_NPU_00043_travel,NPU_00043,travel,183.87
BUD_NPU_00043_subscriptions,NPU_00043,subscriptions,300.19
BUD_NPU_00043_savings_investment,NPU_00043,savings_investment,150.1
BUD_NPU_00043_entertainment,NPU_00043,entertainment,2063.83
BUD_NPU_00043_miscellaneous,NPU_00043,miscellaneous,1876.21
BUD_NPU_00044_rent,NPU_00044,rent,165.81
BUD_NPU_00044_groceries,NPU_00044,groceries,5087.45
BUD_NPU_00044_restaurants_cafes,NPU_00044,restaurants_cafes,4333.75
BUD_NPU_00044_transport_public,NPU_00044,transport_public,6123.78
BUD_NPU_00044_transport_ride_hailing,NPU_00044,transport_ride_hailing,2637.94
BUD_NPU_00044_fuel,NPU_00044,fuel,1695.82
BUD_NPU_00044_internet_mobile,NPU_00044,internet_mobile,452.22
BUD_NPU_00044_utilities,NPU_00044,utilities,527.59
BUD_NPU_00044_education,NPU_00044,education,263.79
BUD_NPU_00044_health,NPU_00044,health,678.33
BUD_NPU_00044_family_support,NPU_00044,family_support,188.42
BUD_NPU_00044_loan_emi,NPU_00044,loan_emi,113.05
BUD_NPU_00044_festivals_gifts,NPU_00044,festivals_gifts,263.79
BUD_NPU_00044_clothing,NPU_00044,clothing,1055.17
BUD_NPU_00044_travel,NPU_00044,travel,131.9
BUD_NPU_00044_subscriptions,NPU_00044,subscriptions,301.48
BUD_NPU_00044_savings_investment,NPU_00044,savings_investment,150.74
BUD_NPU_00044_entertainment,NPU_00044,entertainment,2072.67
BUD_NPU_00044_miscellaneous,NPU_00044,miscellaneous,1884.24
BUD_NPU_00045_rent,NPU_00045,rent,264.37
BUD_NPU_00045_groceries,NPU_00045,groceries,8111.46
BUD_NPU_00045_restaurants_cafes,NPU_00045,restaurants_cafes,6909.76
BUD_NPU_00045_transport_public,NPU_00045,transport_public,9763.79
BUD_NPU_00045_transport_ride_hailing,NPU_00045,transport_ride_hailing,4205.94
BUD_NPU_00045_fuel,NPU_00045,fuel,2703.82
BUD_NPU_00045_internet_mobile,NPU_00045,internet_mobile,721.02
BUD_NPU_00045_utilities,NPU_00045,utilities,841.19
BUD_NPU_00045_education,NPU_00045,education,420.59
BUD_NPU_00045_health,NPU_00045,health,1081.53
BUD_NPU_00045_family_support,NPU_00045,family_support,300.42
BUD_NPU_00045_loan_emi,NPU_00045,loan_emi,180.25
BUD_NPU_00045_festivals_gifts,NPU_00045,festivals_gifts,420.59
BUD_NPU_00045_clothing,NPU_00045,clothing,1682.38
BUD_NPU_00045_travel,NPU_00045,travel,210.3
BUD_NPU_00045_subscriptions,NPU_00045,subscriptions,480.68
BUD_NPU_00045_savings_investment,NPU_00045,savings_investment,240.34
BUD_NPU_00045_entertainment,NPU_00045,entertainment,3304.67
BUD_NPU_00045_miscellaneous,NPU_00045,miscellaneous,3004.24
BUD_NPU_00046_rent,NPU_00046,rent,782.64
BUD_NPU_00046_groceries,NPU_00046,groceries,24012.84
BUD_NPU_00046_restaurants_cafes,NPU_00046,restaurants_cafes,20455.38
BUD_NPU_00046_transport_public,NPU_00046,transport_public,28904.35
BUD_NPU_00046_transport_ride_hailing,NPU_00046,transport_ride_hailing,12451.1
BUD_NPU_00046_fuel,NPU_00046,fuel,8004.28
BUD_NPU_00046_internet_mobile,NPU_00046,internet_mobile,2134.47
BUD_NPU_00046_utilities,NPU_00046,utilities,2490.22
BUD_NPU_00046_education,NPU_00046,education,1245.11
BUD_NPU_00046_health,NPU_00046,health,3201.71
BUD_NPU_00046_family_support,NPU_00046,family_support,889.36
BUD_NPU_00046_loan_emi,NPU_00046,loan_emi,533.62
BUD_NPU_00046_festivals_gifts,NPU_00046,festivals_gifts,1245.11
BUD_NPU_00046_clothing,NPU_00046,clothing,4980.44
BUD_NPU_00046_travel,NPU_00046,travel,622.56
BUD_NPU_00046_subscriptions,NPU_00046,subscriptions,1422.98
BUD_NPU_00046_savings_investment,NPU_00046,savings_investment,711.49
BUD_NPU_00046_entertainment,NPU_00046,entertainment,9783.01
BUD_NPU_00046_miscellaneous,NPU_00046,miscellaneous,8893.65
BUD_NPU_00047_rent,NPU_00047,rent,90.81
BUD_NPU_00047_groceries,NPU_00047,groceries,6129.66
BUD_NPU_00047_restaurants_cafes,NPU_00047,restaurants_cafes,12531.75
BUD_NPU_00047_transport_public,NPU_00047,transport_public,5675.61
BUD_NPU_00047_transport_ride_hailing,NPU_00047,transport_ride_hailing,3178.34
BUD_NPU_00047_fuel,NPU_00047,fuel,2043.22
BUD_NPU_00047_internet_mobile,NPU_00047,internet_mobile,544.86
BUD_NPU_00047_utilities,NPU_00047,utilities,454.05
BUD_NPU_00047_education,NPU_00047,education,317.83
BUD_NPU_00047_health,NPU_00047,health,817.29
BUD_NPU_00047_family_support,NPU_00047,family_support,227.02
BUD_NPU_00047_loan_emi,NPU_00047,loan_emi,136.21
BUD_NPU_00047_festivals_gifts,NPU_00047,festivals_gifts,317.83
BUD_NPU_00047_clothing,NPU_00047,clothing,1271.34
BUD_NPU_00047_travel,NPU_00047,travel,238.38
BUD_NPU_00047_subscriptions,NPU_00047,subscriptions,363.24
BUD_NPU_00047_savings_investment,NPU_00047,savings_investment,181.62
BUD_NPU_00047_entertainment,NPU_00047,entertainment,4744.81
BUD_NPU_00047_miscellaneous,NPU_00047,miscellaneous,2270.25
BUD_NPU_00048_rent,NPU_00048,rent,259.42
BUD_NPU_00048_groceries,NPU_00048,groceries,22764.21
BUD_NPU_00048_restaurants_cafes,NPU_00048,restaurants_cafes,14916.72
BUD_NPU_00048_transport_public,NPU_00048,transport_public,19456.59
BUD_NPU_00048_transport_ride_hailing,NPU_00048,transport_ride_hailing,9079.74
BUD_NPU_00048_fuel,NPU_00048,fuel,5836.98
BUD_NPU_00048_internet_mobile,NPU_00048,internet_mobile,1867.83
BUD_NPU_00048_utilities,NPU_00048,utilities,1297.11
BUD_NPU_00048_education,NPU_00048,education,907.97
BUD_NPU_00048_health,NPU_00048,health,2334.79
BUD_NPU_00048_family_support,NPU_00048,family_support,648.55
BUD_NPU_00048_loan_emi,NPU_00048,loan_emi,389.13
BUD_NPU_00048_festivals_gifts,NPU_00048,festivals_gifts,907.97
BUD_NPU_00048_clothing,NPU_00048,clothing,3631.9
BUD_NPU_00048_travel,NPU_00048,travel,453.99
BUD_NPU_00048_subscriptions,NPU_00048,subscriptions,1037.68
BUD_NPU_00048_savings_investment,NPU_00048,savings_investment,518.84
BUD_NPU_00048_entertainment,NPU_00048,entertainment,7134.08
BUD_NPU_00048_miscellaneous,NPU_00048,miscellaneous,6485.53
BUD_NPU_00049_rent,NPU_00049,rent,184.0
BUD_NPU_00049_groceries,NPU_00049,groceries,16145.86
BUD_NPU_00049_restaurants_cafes,NPU_00049,restaurants_cafes,10579.91
BUD_NPU_00049_transport_public,NPU_00049,transport_public,13799.88
BUD_NPU_00049_transport_ride_hailing,NPU_00049,transport_ride_hailing,6439.95
BUD_NPU_00049_fuel,NPU_00049,fuel,4139.96
BUD_NPU_00049_internet_mobile,NPU_00049,internet_mobile,1324.79
BUD_NPU_00049_utilities,NPU_00049,utilities,919.99
BUD_NPU_00049_education,NPU_00049,education,643.99
BUD_NPU_00049_health,NPU_00049,health,1655.99
BUD_NPU_00049_family_support,NPU_00049,family_support,460.0
BUD_NPU_00049_loan_emi,NPU_00049,loan_emi,276.0
BUD_NPU_00049_festivals_gifts,NPU_00049,festivals_gifts,643.99
BUD_NPU_00049_clothing,NPU_00049,clothing,2575.98
BUD_NPU_00049_travel,NPU_00049,travel,322.0
BUD_NPU_00049_subscriptions,NPU_00049,subscriptions,735.99
BUD_NPU_00049_savings_investment,NPU_00049,savings_investment,368.0
BUD_NPU_00049_entertainment,NPU_00049,entertainment,5059.96
BUD_NPU_00049_miscellaneous,NPU_00049,miscellaneous,4599.96
BUD_NPU_00050_rent,NPU_00050,rent,364.12
BUD_NPU_00050_groceries,NPU_00050,groceries,24578.32
BUD_NPU_00050_restaurants_cafes,NPU_00050,restaurants_cafes,25124.51
BUD_NPU_00050_transport_public,NPU_00050,transport_public,22757.71
BUD_NPU_00050_transport_ride_hailing,NPU_00050,transport_ride_hailing,12744.32
BUD_NPU_00050_fuel,NPU_00050,fuel,8192.77
BUD_NPU_00050_internet_mobile,NPU_00050,internet_mobile,3277.11
BUD_NPU_00050_utilities,NPU_00050,utilities,1820.62
BUD_NPU_00050_education,NPU_00050,education,1274.43
BUD_NPU_00050_health,NPU_00050,health,3277.11
BUD_NPU_00050_family_support,NPU_00050,family_support,910.31
BUD_NPU_00050_loan_emi,NPU_00050,loan_emi,546.18
BUD_NPU_00050_festivals_gifts,NPU_00050,festivals_gifts,1274.43
BUD_NPU_00050_clothing,NPU_00050,clothing,5097.73
BUD_NPU_00050_travel,NPU_00050,travel,637.22
BUD_NPU_00050_subscriptions,NPU_00050,subscriptions,2330.39
BUD_NPU_00050_savings_investment,NPU_00050,savings_investment,728.25
BUD_NPU_00050_entertainment,NPU_00050,entertainment,10013.39
BUD_NPU_00050_miscellaneous,NPU_00050,miscellaneous,9103.08
BUD_NPU_00051_rent,NPU_00051,rent,471.02
BUD_NPU_00051_groceries,NPU_00051,groceries,14451.81
BUD_NPU_00051_restaurants_cafes,NPU_00051,restaurants_cafes,12310.8
BUD_NPU_00051_transport_public,NPU_00051,transport_public,17395.69
BUD_NPU_00051_transport_ride_hailing,NPU_00051,transport_ride_hailing,7493.53
BUD_NPU_00051_fuel,NPU_00051,fuel,4817.27
BUD_NPU_00051_internet_mobile,NPU_00051,internet_mobile,1284.6
BUD_NPU_00051_utilities,NPU_00051,utilities,1498.71
BUD_NPU_00051_education,NPU_00051,education,749.35
BUD_NPU_00051_health,NPU_00051,health,1926.91
BUD_NPU_00051_family_support,NPU_00051,family_support,535.25
BUD_NPU_00051_loan_emi,NPU_00051,loan_emi,321.15
BUD_NPU_00051_festivals_gifts,NPU_00051,festivals_gifts,749.35
BUD_NPU_00051_clothing,NPU_00051,clothing,2997.41
BUD_NPU_00051_travel,NPU_00051,travel,374.68
BUD_NPU_00051_subscriptions,NPU_00051,subscriptions,856.4
BUD_NPU_00051_savings_investment,NPU_00051,savings_investment,428.2
BUD_NPU_00051_entertainment,NPU_00051,entertainment,5887.77
BUD_NPU_00051_miscellaneous,NPU_00051,miscellaneous,5352.52
BUD_NPU_00052_rent,NPU_00052,rent,180.52
BUD_NPU_00052_groceries,NPU_00052,groceries,12184.87
BUD_NPU_00052_restaurants_cafes,NPU_00052,restaurants_cafes,12455.64
BUD_NPU_00052_transport_public,NPU_00052,transport_public,11282.29
BUD_NPU_00052_transport_ride_hailing,NPU_00052,transport_ride_hailing,6318.08
BUD_NPU_00052_fuel,NPU_00052,fuel,4061.62
BUD_NPU_00052_internet_mobile,NPU_00052,internet_mobile,1624.65
BUD_NPU_00052_utilities,NPU_00052,utilities,902.58
BUD_NPU_00052_education,NPU_00052,education,631.81
BUD_NPU_00052_health,NPU_00052,health,1624.65
BUD_NPU_00052_family_support,NPU_00052,family_support,451.29
BUD_NPU_00052_loan_emi,NPU_00052,loan_emi,270.77
BUD_NPU_00052_festivals_gifts,NPU_00052,festivals_gifts,631.81
BUD_NPU_00052_clothing,NPU_00052,clothing,2527.23
BUD_NPU_00052_travel,NPU_00052,travel,315.9
BUD_NPU_00052_subscriptions,NPU_00052,subscriptions,1155.31
BUD_NPU_00052_savings_investment,NPU_00052,savings_investment,361.03
BUD_NPU_00052_entertainment,NPU_00052,entertainment,4964.21
BUD_NPU_00052_miscellaneous,NPU_00052,miscellaneous,4512.91
BUD_NPU_00053_rent,NPU_00053,rent,61.88
BUD_NPU_00053_groceries,NPU_00053,groceries,4176.95
BUD_NPU_00053_restaurants_cafes,NPU_00053,restaurants_cafes,4269.77
BUD_NPU_00053_transport_public,NPU_00053,transport_public,7735.1
BUD_NPU_00053_transport_ride_hailing,NPU_00053,transport_ride_hailing,2165.83
BUD_NPU_00053_fuel,NPU_00053,fuel,1392.32
BUD_NPU_00053_internet_mobile,NPU_00053,internet_mobile,482.67
BUD_NPU_00053_utilities,NPU_00053,utilities,309.4
BUD_NPU_00053_education,NPU_00053,education,389.85
BUD_NPU_00053_health,NPU_00053,health,556.93
BUD_NPU_00053_family_support,NPU_00053,family_support,154.7
BUD_NPU_00053_loan_emi,NPU_00053,loan_emi,92.82
BUD_NPU_00053_festivals_gifts,NPU_00053,festivals_gifts,216.58
BUD_NPU_00053_clothing,NPU_00053,clothing,866.33
BUD_NPU_00053_travel,NPU_00053,travel,108.29
BUD_NPU_00053_subscriptions,NPU_00053,subscriptions,247.52
BUD_NPU_00053_savings_investment,NPU_00053,savings_investment,123.76
BUD_NPU_00053_entertainment,NPU_00053,entertainment,1701.72
BUD_NPU_00053_miscellaneous,NPU_00053,miscellaneous,1547.02
BUD_NPU_00054_rent,NPU_00054,rent,195.62
BUD_NPU_00054_groceries,NPU_00054,groceries,13204.28
BUD_NPU_00054_restaurants_cafes,NPU_00054,restaurants_cafes,11248.09
BUD_NPU_00054_transport_public,NPU_00054,transport_public,12226.18
BUD_NPU_00054_transport_ride_hailing,NPU_00054,transport_ride_hailing,6846.66
BUD_NPU_00054_fuel,NPU_00054,fuel,4401.43
BUD_NPU_00054_internet_mobile,NPU_00054,internet_mobile,1173.71
BUD_NPU_00054_utilities,NPU_00054,utilities,978.09
BUD_NPU_00054_education,NPU_00054,education,684.67
BUD_NPU_00054_health,NPU_00054,health,1760.57
BUD_NPU_00054_family_support,NPU_00054,family_support,489.05
BUD_NPU_00054_loan_emi,NPU_00054,loan_emi,293.43
BUD_NPU_00054_festivals_gifts,NPU_00054,festivals_gifts,1711.67
BUD_NPU_00054_clothing,NPU_00054,clothing,4655.73
BUD_NPU_00054_travel,NPU_00054,travel,479.27
BUD_NPU_00054_subscriptions,NPU_00054,subscriptions,782.48
BUD_NPU_00054_savings_investment,NPU_00054,savings_investment,391.24
BUD_NPU_00054_entertainment,NPU_00054,entertainment,5379.52
BUD_NPU_00054_miscellaneous,NPU_00054,miscellaneous,4890.47
BUD_NPU_00055_rent,NPU_00055,rent,191.93
BUD_NPU_00055_groceries,NPU_00055,groceries,12955.28
BUD_NPU_00055_restaurants_cafes,NPU_00055,restaurants_cafes,26486.34
BUD_NPU_00055_transport_public,NPU_00055,transport_public,11995.63
BUD_NPU_00055_transport_ride_hailing,NPU_00055,transport_ride_hailing,6717.55
BUD_NPU_00055_fuel,NPU_00055,fuel,4318.43
BUD_NPU_00055_internet_mobile,NPU_00055,internet_mobile,1151.58
BUD_NPU_00055_utilities,NPU_00055,utilities,959.65
BUD_NPU_00055_education,NPU_00055,education,671.76
BUD_NPU_00055_health,NPU_00055,health,1727.37
BUD_NPU_00055_family_support,NPU_00055,family_support,479.83
BUD_NPU_00055_loan_emi,NPU_00055,loan_emi,287.9
BUD_NPU_00055_festivals_gifts,NPU_00055,festivals_gifts,671.76
BUD_NPU_00055_clothing,NPU_00055,clothing,2687.02
BUD_NPU_00055_travel,NPU_00055,travel,503.82
BUD_NPU_00055_subscriptions,NPU_00055,subscriptions,767.72
BUD_NPU_00055_savings_investment,NPU_00055,savings_investment,383.86
BUD_NPU_00055_entertainment,NPU_00055,entertainment,10028.34
BUD_NPU_00055_miscellaneous,NPU_00055,miscellaneous,4798.25
BUD_NPU_00056_rent,NPU_00056,rent,374.15
BUD_NPU_00056_groceries,NPU_00056,groceries,25255.25
BUD_NPU_00056_restaurants_cafes,NPU_00056,restaurants_cafes,21513.73
BUD_NPU_00056_transport_public,NPU_00056,transport_public,23384.49
BUD_NPU_00056_transport_ride_hailing,NPU_00056,transport_ride_hailing,13095.32
BUD_NPU_00056_fuel,NPU_00056,fuel,8418.42
BUD_NPU_00056_internet_mobile,NPU_00056,internet_mobile,2244.91
BUD_NPU_00056_utilities,NPU_00056,utilities,1870.76
BUD_NPU_00056_education,NPU_00056,education,1833.34
BUD_NPU_00056_health,NPU_00056,health,4040.84
BUD_NPU_00056_family_support,NPU_00056,family_support,2619.06
BUD_NPU_00056_loan_emi,NPU_00056,loan_emi,561.23
BUD_NPU_00056_festivals_gifts,NPU_00056,festivals_gifts,1309.53
BUD_NPU_00056_clothing,NPU_00056,clothing,5238.13
BUD_NPU_00056_travel,NPU_00056,travel,654.77
BUD_NPU_00056_subscriptions,NPU_00056,subscriptions,1496.61
BUD_NPU_00056_savings_investment,NPU_00056,savings_investment,748.3
BUD_NPU_00056_entertainment,NPU_00056,entertainment,10289.18
BUD_NPU_00056_miscellaneous,NPU_00056,miscellaneous,9353.8
BUD_NPU_00057_rent,NPU_00057,rent,144.76
BUD_NPU_00057_groceries,NPU_00057,groceries,9771.4
BUD_NPU_00057_restaurants_cafes,NPU_00057,restaurants_cafes,8323.78
BUD_NPU_00057_transport_public,NPU_00057,transport_public,9047.59
BUD_NPU_00057_transport_ride_hailing,NPU_00057,transport_ride_hailing,5066.65
BUD_NPU_00057_fuel,NPU_00057,fuel,3257.13
BUD_NPU_00057_internet_mobile,NPU_00057,internet_mobile,868.57
BUD_NPU_00057_utilities,NPU_00057,utilities,723.81
BUD_NPU_00057_education,NPU_00057,education,709.33
BUD_NPU_00057_health,NPU_00057,health,1563.42
BUD_NPU_00057_family_support,NPU_00057,family_support,1013.33
BUD_NPU_00057_loan_emi,NPU_00057,loan_emi,217.14
BUD_NPU_00057_festivals_gifts,NPU_00057,festivals_gifts,506.67
BUD_NPU_00057_clothing,NPU_00057,clothing,2026.66
BUD_NPU_00057_travel,NPU_00057,travel,253.33
BUD_NPU_00057_subscriptions,NPU_00057,subscriptions,579.05
BUD_NPU_00057_savings_investment,NPU_00057,savings_investment,289.52
BUD_NPU_00057_entertainment,NPU_00057,entertainment,3980.94
BUD_NPU_00057_miscellaneous,NPU_00057,miscellaneous,3619.04
BUD_NPU_00058_rent,NPU_00058,rent,657.72
BUD_NPU_00058_groceries,NPU_00058,groceries,44396.42
BUD_NPU_00058_restaurants_cafes,NPU_00058,restaurants_cafes,52946.85
BUD_NPU_00058_transport_public,NPU_00058,transport_public,41107.8
BUD_NPU_00058_transport_ride_hailing,NPU_00058,transport_ride_hailing,23020.37
BUD_NPU_00058_fuel,NPU_00058,fuel,28117.73
BUD_NPU_00058_internet_mobile,NPU_00058,internet_mobile,3946.35
BUD_NPU_00058_utilities,NPU_00058,utilities,3288.62
BUD_NPU_00058_education,NPU_00058,education,2302.04
BUD_NPU_00058_health,NPU_00058,health,5919.52
BUD_NPU_00058_family_support,NPU_00058,family_support,1644.31
BUD_NPU_00058_loan_emi,NPU_00058,loan_emi,986.59
BUD_NPU_00058_festivals_gifts,NPU_00058,festivals_gifts,2302.04
BUD_NPU_00058_clothing,NPU_00058,clothing,9208.15
BUD_NPU_00058_travel,NPU_00058,travel,1151.02
BUD_NPU_00058_subscriptions,NPU_00058,subscriptions,2630.9
BUD_NPU_00058_savings_investment,NPU_00058,savings_investment,1315.45
BUD_NPU_00058_entertainment,NPU_00058,entertainment,18087.43
BUD_NPU_00058_miscellaneous,NPU_00058,miscellaneous,24664.68
BUD_NPU_00059_rent,NPU_00059,rent,438.36
BUD_NPU_00059_groceries,NPU_00059,groceries,38465.76
BUD_NPU_00059_restaurants_cafes,NPU_00059,restaurants_cafes,25205.48
BUD_NPU_00059_transport_public,NPU_00059,transport_public,32876.72
BUD_NPU_00059_transport_ride_hailing,NPU_00059,transport_ride_hailing,15342.47
BUD_NPU_00059_fuel,NPU_00059,fuel,9863.02
BUD_NPU_00059_internet_mobile,NPU_00059,internet_mobile,3156.16
BUD_NPU_00059_utilities,NPU_00059,utilities,2191.78
BUD_NPU_00059_education,NPU_00059,education,1534.25
BUD_NPU_00059_health,NPU_00059,health,3945.21
BUD_NPU_00059_family_support,NPU_00059,family_support,1095.89
BUD_NPU_00059_loan_emi,NPU_00059,loan_emi,657.53
BUD_NPU_00059_festivals_gifts,NPU_00059,festivals_gifts,1534.25
BUD_NPU_00059_clothing,NPU_00059,clothing,6136.99
BUD_NPU_00059_travel,NPU_00059,travel,767.12
BUD_NPU_00059_subscriptions,NPU_00059,subscriptions,1753.42
BUD_NPU_00059_savings_investment,NPU_00059,savings_investment,876.71
BUD_NPU_00059_entertainment,NPU_00059,entertainment,12054.8
BUD_NPU_00059_miscellaneous,NPU_00059,miscellaneous,10958.91
BUD_NPU_00060_rent,NPU_00060,rent,728.05
BUD_NPU_00060_groceries,NPU_00060,groceries,49143.55
BUD_NPU_00060_restaurants_cafes,NPU_00060,restaurants_cafes,58608.23
BUD_NPU_00060_transport_public,NPU_00060,transport_public,45503.28
BUD_NPU_00060_transport_ride_hailing,NPU_00060,transport_ride_hailing,25481.84
BUD_NPU_00060_fuel,NPU_00060,fuel,31124.25
BUD_NPU_00060_internet_mobile,NPU_00060,internet_mobile,4368.32
BUD_NPU_00060_utilities,NPU_00060,utilities,3640.26
BUD_NPU_00060_education,NPU_00060,education,2548.18
BUD_NPU_00060_health,NPU_00060,health,6552.47
BUD_NPU_00060_family_support,NPU_00060,family_support,1820.13
BUD_NPU_00060_loan_emi,NPU_00060,loan_emi,1092.08
BUD_NPU_00060_festivals_gifts,NPU_00060,festivals_gifts,2548.18
BUD_NPU_00060_clothing,NPU_00060,clothing,10192.74
BUD_NPU_00060_travel,NPU_00060,travel,1274.09
BUD_NPU_00060_subscriptions,NPU_00060,subscriptions,2912.21
BUD_NPU_00060_savings_investment,NPU_00060,savings_investment,1456.11
BUD_NPU_00060_entertainment,NPU_00060,entertainment,20021.44
BUD_NPU_00060_miscellaneous,NPU_00060,miscellaneous,27301.97
BUD_NPU_00061_rent,NPU_00061,rent,632.26
BUD_NPU_00061_groceries,NPU_00061,groceries,19398.85
BUD_NPU_00061_restaurants_cafes,NPU_00061,restaurants_cafes,16524.95
BUD_NPU_00061_transport_public,NPU_00061,transport_public,23350.47
BUD_NPU_00061_transport_ride_hailing,NPU_00061,transport_ride_hailing,10058.66
BUD_NPU_00061_fuel,NPU_00061,fuel,6466.28
BUD_NPU_00061_internet_mobile,NPU_00061,internet_mobile,1724.34
BUD_NPU_00061_utilities,NPU_00061,utilities,2011.73
BUD_NPU_00061_education,NPU_00061,education,1005.87
BUD_NPU_00061_health,NPU_00061,health,2586.51
BUD_NPU_00061_family_support,NPU_00061,family_support,718.48
BUD_NPU_00061_loan_emi,NPU_00061,loan_emi,431.09
BUD_NPU_00061_festivals_gifts,NPU_00061,festivals_gifts,1005.87
BUD_NPU_00061_clothing,NPU_00061,clothing,4023.47
BUD_NPU_00061_travel,NPU_00061,travel,502.93
BUD_NPU_00061_subscriptions,NPU_00061,subscriptions,1149.56
BUD_NPU_00061_savings_investment,NPU_00061,savings_investment,574.78
BUD_NPU_00061_entertainment,NPU_00061,entertainment,7903.24
BUD_NPU_00061_miscellaneous,NPU_00061,miscellaneous,7184.76
BUD_NPU_00062_rent,NPU_00062,rent,88.11
BUD_NPU_00062_groceries,NPU_00062,groceries,5947.64
BUD_NPU_00062_restaurants_cafes,NPU_00062,restaurants_cafes,5066.51
BUD_NPU_00062_transport_public,NPU_00062,transport_public,5507.08
BUD_NPU_00062_transport_ride_hailing,NPU_00062,transport_ride_hailing,3083.96
BUD_NPU_00062_fuel,NPU_00062,fuel,1982.55
BUD_NPU_00062_internet_mobile,NPU_00062,internet_mobile,528.68
BUD_NPU_00062_utilities,NPU_00062,utilities,440.57
BUD_NPU_00062_education,NPU_00062,education,308.4
BUD_NPU_00062_health,NPU_00062,health,793.02
BUD_NPU_00062_family_support,NPU_00062,family_support,220.28
BUD_NPU_00062_loan_emi,NPU_00062,loan_emi,132.17
BUD_NPU_00062_festivals_gifts,NPU_00062,festivals_gifts,770.99
BUD_NPU_00062_clothing,NPU_00062,clothing,2097.09
BUD_NPU_00062_travel,NPU_00062,travel,215.88
BUD_NPU_00062_subscriptions,NPU_00062,subscriptions,352.45
BUD_NPU_00062_savings_investment,NPU_00062,savings_investment,176.23
BUD_NPU_00062_entertainment,NPU_00062,entertainment,2423.11
BUD_NPU_00062_miscellaneous,NPU_00062,miscellaneous,2202.83
BUD_NPU_00063_rent,NPU_00063,rent,127.95
BUD_NPU_00063_groceries,NPU_00063,groceries,8636.75
BUD_NPU_00063_restaurants_cafes,NPU_00063,restaurants_cafes,17657.35
BUD_NPU_00063_transport_public,NPU_00063,transport_public,7996.99
BUD_NPU_00063_transport_ride_hailing,NPU_00063,transport_ride_hailing,4478.31
BUD_NPU_00063_fuel,NPU_00063,fuel,2878.92
BUD_NPU_00063_internet_mobile,NPU_00063,internet_mobile,767.71
BUD_NPU_00063_utilities,NPU_00063,utilities,639.76
BUD_NPU_00063_education,NPU_00063,education,447.83
BUD_NPU_00063_health,NPU_00063,health,1151.57
BUD_NPU_00063_family_support,NPU_00063,family_support,319.88
BUD_NPU_00063_loan_emi,NPU_00063,loan_emi,191.93
BUD_NPU_00063_festivals_gifts,NPU_00063,festivals_gifts,447.83
BUD_NPU_00063_clothing,NPU_00063,clothing,1791.33
BUD_NPU_00063_travel,NPU_00063,travel,335.87
BUD_NPU_00063_subscriptions,NPU_00063,subscriptions,511.81
BUD_NPU_00063_savings_investment,NPU_00063,savings_investment,255.9
BUD_NPU_00063_entertainment,NPU_00063,entertainment,6685.48
BUD_NPU_00063_miscellaneous,NPU_00063,miscellaneous,3198.8
BUD_NPU_00064_rent,NPU_00064,rent,416.35
BUD_NPU_00064_groceries,NPU_00064,groceries,28103.57
BUD_NPU_00064_restaurants_cafes,NPU_00064,restaurants_cafes,28728.1
BUD_NPU_00064_transport_public,NPU_00064,transport_public,26021.83
BUD_NPU_00064_transport_ride_hailing,NPU_00064,transport_ride_hailing,14572.22
BUD_NPU_00064_fuel,NPU_00064,fuel,9367.86
BUD_NPU_00064_internet_mobile,NPU_00064,internet_mobile,3747.14
BUD_NPU_00064_utilities,NPU_00064,utilities,2081.75
BUD_NPU_00064_education,NPU_00064,education,1457.22
BUD_NPU_00064_health,NPU_00064,health,3747.14
BUD_NPU_00064_family_support,NPU_00064,family_support,1040.87
BUD_NPU_00064_loan_emi,NPU_00064,loan_emi,624.52
BUD_NPU_00064_festivals_gifts,NPU_00064,festivals_gifts,1457.22
BUD_NPU_00064_clothing,NPU_00064,clothing,5828.89
BUD_NPU_00064_travel,NPU_00064,travel,728.61
BUD_NPU_00064_subscriptions,NPU_00064,subscriptions,2664.64
BUD_NPU_00064_savings_investment,NPU_00064,savings_investment,832.7
BUD_NPU_00064_entertainment,NPU_00064,entertainment,11449.6
BUD_NPU_00064_miscellaneous,NPU_00064,miscellaneous,10408.73
BUD_NPU_00065_rent,NPU_00065,rent,305.76
BUD_NPU_00065_groceries,NPU_00065,groceries,20638.54
BUD_NPU_00065_restaurants_cafes,NPU_00065,restaurants_cafes,21097.18
BUD_NPU_00065_transport_public,NPU_00065,transport_public,19109.76
BUD_NPU_00065_transport_ride_hailing,NPU_00065,transport_ride_hailing,10701.47
BUD_NPU_00065_fuel,NPU_00065,fuel,6879.51
BUD_NPU_00065_internet_mobile,NPU_00065,internet_mobile,2751.81
BUD_NPU_00065_utilities,NPU_00065,utilities,1528.78
BUD_NPU_00065_education,NPU_00065,education,1070.15
BUD_NPU_00065_health,NPU_00065,health,2751.81
BUD_NPU_00065_family_support,NPU_00065,family_support,764.39
BUD_NPU_00065_loan_emi,NPU_00065,loan_emi,458.63
BUD_NPU_00065_festivals_gifts,NPU_00065,festivals_gifts,1070.15
BUD_NPU_00065_clothing,NPU_00065,clothing,4280.59
BUD_NPU_00065_travel,NPU_00065,travel,535.07
BUD_NPU_00065_subscriptions,NPU_00065,subscriptions,1956.84
BUD_NPU_00065_savings_investment,NPU_00065,savings_investment,611.51
BUD_NPU_00065_entertainment,NPU_00065,entertainment,8408.29
BUD_NPU_00065_miscellaneous,NPU_00065,miscellaneous,7643.9
BUD_NPU_00066_rent,NPU_00066,rent,96.61
BUD_NPU_00066_groceries,NPU_00066,groceries,6521.44
BUD_NPU_00066_restaurants_cafes,NPU_00066,restaurants_cafes,6666.36
BUD_NPU_00066_transport_public,NPU_00066,transport_public,12076.74
BUD_NPU_00066_transport_ride_hailing,NPU_00066,transport_ride_hailing,3381.49
BUD_NPU_00066_fuel,NPU_00066,fuel,2173.81
BUD_NPU_00066_internet_mobile,NPU_00066,internet_mobile,753.59
BUD_NPU_00066_utilities,NPU_00066,utilities,483.07
BUD_NPU_00066_education,NPU_00066,education,608.67
BUD_NPU_00066_health,NPU_00066,health,869.52
BUD_NPU_00066_family_support,NPU_00066,family_support,241.53
BUD_NPU_00066_loan_emi,NPU_00066,loan_emi,144.92
BUD_NPU_00066_festivals_gifts,NPU_00066,festivals_gifts,338.15
BUD_NPU_00066_clothing,NPU_00066,clothing,1352.59
BUD_NPU_00066_travel,NPU_00066,travel,169.07
BUD_NPU_00066_subscriptions,NPU_00066,subscriptions,386.46
BUD_NPU_00066_savings_investment,NPU_00066,savings_investment,193.23
BUD_NPU_00066_entertainment,NPU_00066,entertainment,2656.88
BUD_NPU_00066_miscellaneous,NPU_00066,miscellaneous,2415.35
BUD_NPU_00067_rent,NPU_00067,rent,404.25
BUD_NPU_00067_groceries,NPU_00067,groceries,27287.13
BUD_NPU_00067_restaurants_cafes,NPU_00067,restaurants_cafes,55787.03
BUD_NPU_00067_transport_public,NPU_00067,transport_public,25265.87
BUD_NPU_00067_transport_ride_hailing,NPU_00067,transport_ride_hailing,14148.88
BUD_NPU_00067_fuel,NPU_00067,fuel,9095.71
BUD_NPU_00067_internet_mobile,NPU_00067,internet_mobile,2425.52
BUD_NPU_00067_utilities,NPU_00067,utilities,2021.27
BUD_NPU_00067_education,NPU_00067,education,1414.89
BUD_NPU_00067_health,NPU_00067,health,3638.28
BUD_NPU_00067_family_support,NPU_00067,family_support,1010.63
BUD_NPU_00067_loan_emi,NPU_00067,loan_emi,606.38
BUD_NPU_00067_festivals_gifts,NPU_00067,festivals_gifts,1414.89
BUD_NPU_00067_clothing,NPU_00067,clothing,5659.55
BUD_NPU_00067_travel,NPU_00067,travel,1061.17
BUD_NPU_00067_subscriptions,NPU_00067,subscriptions,1617.02
BUD_NPU_00067_savings_investment,NPU_00067,savings_investment,808.51
BUD_NPU_00067_entertainment,NPU_00067,entertainment,21122.26
BUD_NPU_00067_miscellaneous,NPU_00067,miscellaneous,10106.35
BUD_NPU_00068_rent,NPU_00068,rent,185.29
BUD_NPU_00068_groceries,NPU_00068,groceries,12507.2
BUD_NPU_00068_restaurants_cafes,NPU_00068,restaurants_cafes,10654.28
BUD_NPU_00068_transport_public,NPU_00068,transport_public,11580.74
BUD_NPU_00068_transport_ride_hailing,NPU_00068,transport_ride_hailing,6485.21
BUD_NPU_00068_fuel,NPU_00068,fuel,4169.07
BUD_NPU_00068_internet_mobile,NPU_00068,internet_mobile,1111.75
BUD_NPU_00068_utilities,NPU_00068,utilities,926.46
BUD_NPU_00068_education,NPU_00068,education,907.93
BUD_NPU_00068_health,NPU_00068,health,2001.15
BUD_NPU_00068_family_support,NPU_00068,family_support,1297.04
BUD_NPU_00068_loan_emi,NPU_00068,loan_emi,277.94
BUD_NPU_00068_festivals_gifts,NPU_00068,festivals_gifts,648.52
BUD_NPU_00068_clothing,NPU_00068,clothing,2594.09
BUD_NPU_00068_travel,NPU_00068,travel,324.26
BUD_NPU_00068_subscriptions,NPU_00068,subscriptions,741.17
BUD_NPU_00068_savings_investment,NPU_00068,savings_investment,370.58
BUD_NPU_00068_entertainment,NPU_00068,entertainment,5095.53
BUD_NPU_00068_miscellaneous,NPU_00068,miscellaneous,4632.3
BUD_NPU_00069_rent,NPU_00069,rent,588.65
BUD_NPU_00069_groceries,NPU_00069,groceries,39733.99
BUD_NPU_00069_restaurants_cafes,NPU_00069,restaurants_cafes,33847.47
BUD_NPU_00069_transport_public,NPU_00069,transport_public,36790.73
BUD_NPU_00069_transport_ride_hailing,NPU_00069,transport_ride_hailing,20602.81
BUD_NPU_00069_fuel,NPU_00069,fuel,13244.66
BUD_NPU_00069_internet_mobile,NPU_00069,internet_mobile,3531.91
BUD_NPU_00069_utilities,NPU_00069,utilities,2943.26
BUD_NPU_00069_education,NPU_00069,education,2884.39
BUD_NPU_00069_health,NPU_00069,health,6357.44
BUD_NPU_00069_family_support,NPU_00069,family_support,4120.56
BUD_NPU_00069_loan_emi,NPU_00069,loan_emi,882.98
BUD_NPU_00069_festivals_gifts,NPU_00069,festivals_gifts,2060.28
BUD_NPU_00069_clothing,NPU_00069,clothing,8241.12
BUD_NPU_00069_travel,NPU_00069,travel,1030.14
BUD_NPU_00069_subscriptions,NPU_00069,subscriptions,2354.61
BUD_NPU_00069_savings_investment,NPU_00069,savings_investment,1177.3
BUD_NPU_00069_entertainment,NPU_00069,entertainment,16187.92
BUD_NPU_00069_miscellaneous,NPU_00069,miscellaneous,14716.29
BUD_NPU_00070_rent,NPU_00070,rent,681.03
BUD_NPU_00070_groceries,NPU_00070,groceries,45969.56
BUD_NPU_00070_restaurants_cafes,NPU_00070,restaurants_cafes,39159.25
BUD_NPU_00070_transport_public,NPU_00070,transport_public,42564.4
BUD_NPU_00070_transport_ride_hailing,NPU_00070,transport_ride_hailing,23836.07
BUD_NPU_00070_fuel,NPU_00070,fuel,15323.19
BUD_NPU_00070_internet_mobile,NPU_00070,internet_mobile,4086.18
BUD_NPU_00070_utilities,NPU_00070,utilities,3405.15
BUD_NPU_00070_education,NPU_00070,education,3337.05
BUD_NPU_00070_health,NPU_00070,health,7355.13
BUD_NPU_00070_family_support,NPU_00070,family_support,4767.21
BUD_NPU_00070_loan_emi,NPU_00070,loan_emi,1021.55
BUD_NPU_00070_festivals_gifts,NPU_00070,festivals_gifts,2383.61
BUD_NPU_00070_clothing,NPU_00070,clothing,9534.43
BUD_NPU_00070_travel,NPU_00070,travel,1191.8
BUD_NPU_00070_subscriptions,NPU_00070,subscriptions,2724.12
BUD_NPU_00070_savings_investment,NPU_00070,savings_investment,1362.06
BUD_NPU_00070_entertainment,NPU_00070,entertainment,18728.34
BUD_NPU_00070_miscellaneous,NPU_00070,miscellaneous,17025.76
BUD_NPU_00071_rent,NPU_00071,rent,40.73
BUD_NPU_00071_groceries,NPU_00071,groceries,2749.34
BUD_NPU_00071_restaurants_cafes,NPU_00071,restaurants_cafes,2810.44
BUD_NPU_00071_transport_public,NPU_00071,transport_public,5091.37
BUD_NPU_00071_transport_ride_hailing,NPU_00071,transport_ride_hailing,1425.58
BUD_NPU_00071_fuel,NPU_00071,fuel,916.45
BUD_NPU_00071_internet_mobile,NPU_00071,internet_mobile,317.7
BUD_NPU_00071_utilities,NPU_00071,utilities,203.65
BUD_NPU_00071_education,NPU_00071,education,256.6
BUD_NPU_00071_health,NPU_00071,health,366.58
BUD_NPU_00071_family_support,NPU_00071,family_support,101.83
BUD_NPU_00071_loan_emi,NPU_00071,loan_emi,61.1
BUD_NPU_00071_festivals_gifts,NPU_00071,festivals_gifts,142.56
BUD_NPU_00071_clothing,NPU_00071,clothing,570.23
BUD_NPU_00071_travel,NPU_00071,travel,71.28
BUD_NPU_00071_subscriptions,NPU_00071,subscriptions,162.92
BUD_NPU_00071_savings_investment,NPU_00071,savings_investment,81.46
BUD_NPU_00071_entertainment,NPU_00071,entertainment,1120.1
BUD_NPU_00071_miscellaneous,NPU_00071,miscellaneous,1018.27
BUD_NPU_00072_rent,NPU_00072,rent,24.96
BUD_NPU_00072_groceries,NPU_00072,groceries,1685.02
BUD_NPU_00072_restaurants_cafes,NPU_00072,restaurants_cafes,1722.47
BUD_NPU_00072_transport_public,NPU_00072,transport_public,3120.41
BUD_NPU_00072_transport_ride_hailing,NPU_00072,transport_ride_hailing,873.72
BUD_NPU_00072_fuel,NPU_00072,fuel,561.67
BUD_NPU_00072_internet_mobile,NPU_00072,internet_mobile,194.71
BUD_NPU_00072_utilities,NPU_00072,utilities,124.82
BUD_NPU_00072_education,NPU_00072,education,157.27
BUD_NPU_00072_health,NPU_00072,health,224.67
BUD_NPU_00072_family_support,NPU_00072,family_support,62.41
BUD_NPU_00072_loan_emi,NPU_00072,loan_emi,37.44
BUD_NPU_00072_festivals_gifts,NPU_00072,festivals_gifts,87.37
BUD_NPU_00072_clothing,NPU_00072,clothing,349.49
BUD_NPU_00072_travel,NPU_00072,travel,43.69
BUD_NPU_00072_subscriptions,NPU_00072,subscriptions,99.85
BUD_NPU_00072_savings_investment,NPU_00072,savings_investment,49.93
BUD_NPU_00072_entertainment,NPU_00072,entertainment,686.49
BUD_NPU_00072_miscellaneous,NPU_00072,miscellaneous,624.08
BUD_NPU_00073_rent,NPU_00073,rent,391.39
BUD_NPU_00073_groceries,NPU_00073,groceries,26418.82
BUD_NPU_00073_restaurants_cafes,NPU_00073,restaurants_cafes,22504.92
BUD_NPU_00073_transport_public,NPU_00073,transport_public,24461.87
BUD_NPU_00073_transport_ride_hailing,NPU_00073,transport_ride_hailing,13698.65
BUD_NPU_00073_fuel,NPU_00073,fuel,8806.27
BUD_NPU_00073_internet_mobile,NPU_00073,internet_mobile,2348.34
BUD_NPU_00073_utilities,NPU_00073,utilities,1956.95
BUD_NPU_00073_education,NPU_00073,education,1917.81
BUD_NPU_00073_health,NPU_00073,health,4227.01
BUD_NPU_00073_family_support,NPU_00073,family_support,2739.73
BUD_NPU_00073_loan_emi,NPU_00073,loan_emi,587.08
BUD_NPU_00073_festivals_gifts,NPU_00073,festivals_gifts,1369.86
BUD_NPU_00073_clothing,NPU_00073,clothing,5479.46
BUD_NPU_00073_travel,NPU_00073,travel,684.93
BUD_NPU_00073_subscriptions,NPU_00073,subscriptions,1565.56
BUD_NPU_00073_savings_investment,NPU_00073,savings_investment,782.78
BUD_NPU_00073_entertainment,NPU_00073,entertainment,10763.22
BUD_NPU_00073_miscellaneous,NPU_00073,miscellaneous,9784.75
BUD_NPU_00074_rent,NPU_00074,rent,462.72
BUD_NPU_00074_groceries,NPU_00074,groceries,14197.18
BUD_NPU_00074_restaurants_cafes,NPU_00074,restaurants_cafes,12093.89
BUD_NPU_00074_transport_public,NPU_00074,transport_public,17089.2
BUD_NPU_00074_transport_ride_hailing,NPU_00074,transport_ride_hailing,7361.5
BUD_NPU_00074_fuel,NPU_00074,fuel,4732.39
BUD_NPU_00074_internet_mobile,NPU_00074,internet_mobile,1261.97
BUD_NPU_00074_utilities,NPU_00074,utilities,1472.3
BUD_NPU_00074_education,NPU_00074,education,736.15
BUD_NPU_00074_health,NPU_00074,health,1892.96
BUD_NPU_00074_family_support,NPU_00074,family_support,525.82
BUD_NPU_00074_loan_emi,NPU_00074,loan_emi,315.49
BUD_NPU_00074_festivals_gifts,NPU_00074,festivals_gifts,736.15
BUD_NPU_00074_clothing,NPU_00074,clothing,2944.6
BUD_NPU_00074_travel,NPU_00074,travel,368.08
BUD_NPU_00074_subscriptions,NPU_00074,subscriptions,841.31
BUD_NPU_00074_savings_investment,NPU_00074,savings_investment,420.66
BUD_NPU_00074_entertainment,NPU_00074,entertainment,5784.04
BUD_NPU_00074_miscellaneous,NPU_00074,miscellaneous,5258.21
BUD_NPU_00075_rent,NPU_00075,rent,708.04
BUD_NPU_00075_groceries,NPU_00075,groceries,47792.39
BUD_NPU_00075_restaurants_cafes,NPU_00075,restaurants_cafes,56996.85
BUD_NPU_00075_transport_public,NPU_00075,transport_public,44252.22
BUD_NPU_00075_transport_ride_hailing,NPU_00075,transport_ride_hailing,24781.24
BUD_NPU_00075_fuel,NPU_00075,fuel,30268.52
BUD_NPU_00075_internet_mobile,NPU_00075,internet_mobile,4248.21
BUD_NPU_00075_utilities,NPU_00075,utilities,3540.18
BUD_NPU_00075_education,NPU_00075,education,2478.12
BUD_NPU_00075_health,NPU_00075,health,6372.32
BUD_NPU_00075_family_support,NPU_00075,family_support,1770.09
BUD_NPU_00075_loan_emi,NPU_00075,loan_emi,1062.05
BUD_NPU_00075_festivals_gifts,NPU_00075,festivals_gifts,2478.12
BUD_NPU_00075_clothing,NPU_00075,clothing,9912.5
BUD_NPU_00075_travel,NPU_00075,travel,1239.06
BUD_NPU_00075_subscriptions,NPU_00075,subscriptions,2832.14
BUD_NPU_00075_savings_investment,NPU_00075,savings_investment,1416.07
BUD_NPU_00075_entertainment,NPU_00075,entertainment,19470.98
BUD_NPU_00075_miscellaneous,NPU_00075,miscellaneous,26551.33
BUD_NPU_00076_rent,NPU_00076,rent,277.53
BUD_NPU_00076_groceries,NPU_00076,groceries,24353.12
BUD_NPU_00076_restaurants_cafes,NPU_00076,restaurants_cafes,15957.89
BUD_NPU_00076_transport_public,NPU_00076,transport_public,20814.63
BUD_NPU_00076_transport_ride_hailing,NPU_00076,transport_ride_hailing,9713.5
BUD_NPU_00076_fuel,NPU_00076,fuel,6244.39
BUD_NPU_00076_internet_mobile,NPU_00076,internet_mobile,1998.2
BUD_NPU_00076_utilities,NPU_00076,utilities,1387.64
BUD_NPU_00076_education,NPU_00076,education,971.35
BUD_NPU_00076_health,NPU_00076,health,2497.76
BUD_NPU_00076_family_support,NPU_00076,family_support,693.82
BUD_NPU_00076_loan_emi,NPU_00076,loan_emi,416.29
BUD_NPU_00076_festivals_gifts,NPU_00076,festivals_gifts,971.35
BUD_NPU_00076_clothing,NPU_00076,clothing,3885.4
BUD_NPU_00076_travel,NPU_00076,travel,485.67
BUD_NPU_00076_subscriptions,NPU_00076,subscriptions,1110.11
BUD_NPU_00076_savings_investment,NPU_00076,savings_investment,555.06
BUD_NPU_00076_entertainment,NPU_00076,entertainment,7632.03
BUD_NPU_00076_miscellaneous,NPU_00076,miscellaneous,6938.21
BUD_NPU_00077_rent,NPU_00077,rent,88.23
BUD_NPU_00077_groceries,NPU_00077,groceries,5955.67
BUD_NPU_00077_restaurants_cafes,NPU_00077,restaurants_cafes,6088.02
BUD_NPU_00077_transport_public,NPU_00077,transport_public,11029.01
BUD_NPU_00077_transport_ride_hailing,NPU_00077,transport_ride_hailing,3088.12
BUD_NPU_00077_fuel,NPU_00077,fuel,1985.22
BUD_NPU_00077_internet_mobile,NPU_00077,internet_mobile,688.21
BUD_NPU_00077_utilities,NPU_00077,utilities,441.16
BUD_NPU_00077_education,NPU_00077,education,555.86
BUD_NPU_00077_health,NPU_00077,health,794.09
BUD_NPU_00077_family_support,NPU_00077,family_support,220.58
BUD_NPU_00077_loan_emi,NPU_00077,loan_emi,132.35
BUD_NPU_00077_festivals_gifts,NPU_00077,festivals_gifts,308.81
BUD_NPU_00077_clothing,NPU_00077,clothing,1235.25
BUD_NPU_00077_travel,NPU_00077,travel,154.41
BUD_NPU_00077_subscriptions,NPU_00077,subscriptions,352.93
BUD_NPU_00077_savings_investment,NPU_00077,savings_investment,176.46
BUD_NPU_00077_entertainment,NPU_00077,entertainment,2426.38
BUD_NPU_00077_miscellaneous,NPU_00077,miscellaneous,2205.8
BUD_NPU_00078_rent,NPU_00078,rent,646.86
BUD_NPU_00078_groceries,NPU_00078,groceries,19846.84
BUD_NPU_00078_restaurants_cafes,NPU_00078,restaurants_cafes,16906.57
BUD_NPU_00078_transport_public,NPU_00078,transport_public,23889.72
BUD_NPU_00078_transport_ride_hailing,NPU_00078,transport_ride_hailing,10290.96
BUD_NPU_00078_fuel,NPU_00078,fuel,6615.61
BUD_NPU_00078_internet_mobile,NPU_00078,internet_mobile,1764.16
BUD_NPU_00078_utilities,NPU_00078,utilities,2058.19
BUD_NPU_00078_education,NPU_00078,education,1029.1
BUD_NPU_00078_health,NPU_00078,health,2646.25
BUD_NPU_00078_family_support,NPU_00078,family_support,735.07
BUD_NPU_00078_loan_emi,NPU_00078,loan_emi,441.04
BUD_NPU_00078_festivals_gifts,NPU_00078,festivals_gifts,1029.1
BUD_NPU_00078_clothing,NPU_00078,clothing,4116.38
BUD_NPU_00078_travel,NPU_00078,travel,514.55
BUD_NPU_00078_subscriptions,NPU_00078,subscriptions,1176.11
BUD_NPU_00078_savings_investment,NPU_00078,savings_investment,588.05
BUD_NPU_00078_entertainment,NPU_00078,entertainment,8085.75
BUD_NPU_00078_miscellaneous,NPU_00078,miscellaneous,7350.68
BUD_NPU_00079_rent,NPU_00079,rent,323.19
BUD_NPU_00079_groceries,NPU_00079,groceries,21815.62
BUD_NPU_00079_restaurants_cafes,NPU_00079,restaurants_cafes,26017.15
BUD_NPU_00079_transport_public,NPU_00079,transport_public,20199.65
BUD_NPU_00079_transport_ride_hailing,NPU_00079,transport_ride_hailing,11311.8
BUD_NPU_00079_fuel,NPU_00079,fuel,13816.56
BUD_NPU_00079_internet_mobile,NPU_00079,internet_mobile,1939.17
BUD_NPU_00079_utilities,NPU_00079,utilities,1615.97
BUD_NPU_00079_education,NPU_00079,education,1131.18
BUD_NPU_00079_health,NPU_00079,health,2908.75
BUD_NPU_00079_family_support,NPU_00079,family_support,807.99
BUD_NPU_00079_loan_emi,NPU_00079,loan_emi,484.79
BUD_NPU_00079_festivals_gifts,NPU_00079,festivals_gifts,1131.18
BUD_NPU_00079_clothing,NPU_00079,clothing,4524.72
BUD_NPU_00079_travel,NPU_00079,travel,565.59
BUD_NPU_00079_subscriptions,NPU_00079,subscriptions,1292.78
BUD_NPU_00079_savings_investment,NPU_00079,savings_investment,646.39
BUD_NPU_00079_entertainment,NPU_00079,entertainment,8887.85
BUD_NPU_00079_miscellaneous,NPU_00079,miscellaneous,12119.79
BUD_NPU_00080_rent,NPU_00080,rent,342.44
BUD_NPU_00080_groceries,NPU_00080,groceries,23114.6
BUD_NPU_00080_restaurants_cafes,NPU_00080,restaurants_cafes,27566.31
BUD_NPU_00080_transport_public,NPU_00080,transport_public,21402.41
BUD_NPU_00080_transport_ride_hailing,NPU_00080,transport_ride_hailing,11985.35
BUD_NPU_00080_fuel,NPU_00080,fuel,14639.25
BUD_NPU_00080_internet_mobile,NPU_00080,internet_mobile,2054.63
BUD_NPU_00080_utilities,NPU_00080,utilities,1712.19
BUD_NPU_00080_education,NPU_00080,education,1198.54
BUD_NPU_00080_health,NPU_00080,health,3081.95
BUD_NPU_00080_family_support,NPU_00080,family_support,856.1
BUD_NPU_00080_loan_emi,NPU_00080,loan_emi,513.66
BUD_NPU_00080_festivals_gifts,NPU_00080,festivals_gifts,1198.54
BUD_NPU_00080_clothing,NPU_00080,clothing,4794.14
BUD_NPU_00080_travel,NPU_00080,travel,599.27
BUD_NPU_00080_subscriptions,NPU_00080,subscriptions,1369.75
BUD_NPU_00080_savings_investment,NPU_00080,savings_investment,684.88
BUD_NPU_00080_entertainment,NPU_00080,entertainment,9417.06
BUD_NPU_00080_miscellaneous,NPU_00080,miscellaneous,12841.45
BUD_NPU_00081_rent,NPU_00081,rent,479.65
BUD_NPU_00081_groceries,NPU_00081,groceries,42089.32
BUD_NPU_00081_restaurants_cafes,NPU_00081,restaurants_cafes,27579.9
BUD_NPU_00081_transport_public,NPU_00081,transport_public,35973.78
BUD_NPU_00081_transport_ride_hailing,NPU_00081,transport_ride_hailing,16787.76
BUD_NPU_00081_fuel,NPU_00081,fuel,10792.13
BUD_NPU_00081_internet_mobile,NPU_00081,internet_mobile,3453.48
BUD_NPU_00081_utilities,NPU_00081,utilities,2398.25
BUD_NPU_00081_education,NPU_00081,education,1678.78
BUD_NPU_00081_health,NPU_00081,health,4316.85
BUD_NPU_00081_family_support,NPU_00081,family_support,1199.13
BUD_NPU_00081_loan_emi,NPU_00081,loan_emi,719.48
BUD_NPU_00081_festivals_gifts,NPU_00081,festivals_gifts,1678.78
BUD_NPU_00081_clothing,NPU_00081,clothing,6715.11
BUD_NPU_00081_travel,NPU_00081,travel,839.39
BUD_NPU_00081_subscriptions,NPU_00081,subscriptions,1918.6
BUD_NPU_00081_savings_investment,NPU_00081,savings_investment,959.3
BUD_NPU_00081_entertainment,NPU_00081,entertainment,13190.39
BUD_NPU_00081_miscellaneous,NPU_00081,miscellaneous,11991.26
BUD_NPU_00082_rent,NPU_00082,rent,16.77
BUD_NPU_00082_groceries,NPU_00082,groceries,1132.09
BUD_NPU_00082_restaurants_cafes,NPU_00082,restaurants_cafes,1157.25
BUD_NPU_00082_transport_public,NPU_00082,transport_public,2096.46
BUD_NPU_00082_transport_ride_hailing,NPU_00082,transport_ride_hailing,587.01
BUD_NPU_00082_fuel,NPU_00082,fuel,377.36
BUD_NPU_00082_internet_mobile,NPU_00082,internet_mobile,130.82
BUD_NPU_00082_utilities,NPU_00082,utilities,83.86
BUD_NPU_00082_education,NPU_00082,education,105.66
BUD_NPU_00082_health,NPU_00082,health,150.95
BUD_NPU_00082_family_support,NPU_00082,family_support,41.93
BUD_NPU_00082_loan_emi,NPU_00082,loan_emi,25.16
BUD_NPU_00082_festivals_gifts,NPU_00082,festivals_gifts,58.7
BUD_NPU_00082_clothing,NPU_00082,clothing,234.8
BUD_NPU_00082_travel,NPU_00082,travel,29.35
BUD_NPU_00082_subscriptions,NPU_00082,subscriptions,67.09
BUD_NPU_00082_savings_investment,NPU_00082,savings_investment,33.54
BUD_NPU_00082_entertainment,NPU_00082,entertainment,461.22
BUD_NPU_00082_miscellaneous,NPU_00082,miscellaneous,419.29
BUD_NPU_00083_rent,NPU_00083,rent,108.21
BUD_NPU_00083_groceries,NPU_00083,groceries,9495.45
BUD_NPU_00083_restaurants_cafes,NPU_00083,restaurants_cafes,6222.09
BUD_NPU_00083_transport_public,NPU_00083,transport_public,8115.77
BUD_NPU_00083_transport_ride_hailing,NPU_00083,transport_ride_hailing,3787.36
BUD_NPU_00083_fuel,NPU_00083,fuel,2434.73
BUD_NPU_00083_internet_mobile,NPU_00083,internet_mobile,779.11
BUD_NPU_00083_utilities,NPU_00083,utilities,541.05
BUD_NPU_00083_education,NPU_00083,education,378.74
BUD_NPU_00083_health,NPU_00083,health,973.89
BUD_NPU_00083_family_support,NPU_00083,family_support,270.53
BUD_NPU_00083_loan_emi,NPU_00083,loan_emi,162.32
BUD_NPU_00083_festivals_gifts,NPU_00083,festivals_gifts,378.74
BUD_NPU_00083_clothing,NPU_00083,clothing,1514.94
BUD_NPU_00083_travel,NPU_00083,travel,189.37
BUD_NPU_00083_subscriptions,NPU_00083,subscriptions,432.84
BUD_NPU_00083_savings_investment,NPU_00083,savings_investment,216.42
BUD_NPU_00083_entertainment,NPU_00083,entertainment,2975.78
BUD_NPU_00083_miscellaneous,NPU_00083,miscellaneous,2705.26
BUD_NPU_00084_rent,NPU_00084,rent,159.28
BUD_NPU_00084_groceries,NPU_00084,groceries,13976.78
BUD_NPU_00084_restaurants_cafes,NPU_00084,restaurants_cafes,9158.57
BUD_NPU_00084_transport_public,NPU_00084,transport_public,11945.97
BUD_NPU_00084_transport_ride_hailing,NPU_00084,transport_ride_hailing,5574.78
BUD_NPU_00084_fuel,NPU_00084,fuel,3583.79
BUD_NPU_00084_internet_mobile,NPU_00084,internet_mobile,1146.81
BUD_NPU_00084_utilities,NPU_00084,utilities,796.4
BUD_NPU_00084_education,NPU_00084,education,557.48
BUD_NPU_00084_health,NPU_00084,health,1433.52
BUD_NPU_00084_family_support,NPU_00084,family_support,398.2
BUD_NPU_00084_loan_emi,NPU_00084,loan_emi,238.92
BUD_NPU_00084_festivals_gifts,NPU_00084,festivals_gifts,557.48
BUD_NPU_00084_clothing,NPU_00084,clothing,2229.91
BUD_NPU_00084_travel,NPU_00084,travel,278.74
BUD_NPU_00084_subscriptions,NPU_00084,subscriptions,637.12
BUD_NPU_00084_savings_investment,NPU_00084,savings_investment,318.56
BUD_NPU_00084_entertainment,NPU_00084,entertainment,4380.19
BUD_NPU_00084_miscellaneous,NPU_00084,miscellaneous,3981.99
BUD_NPU_00085_rent,NPU_00085,rent,628.82
BUD_NPU_00085_groceries,NPU_00085,groceries,42445.25
BUD_NPU_00085_restaurants_cafes,NPU_00085,restaurants_cafes,50619.89
BUD_NPU_00085_transport_public,NPU_00085,transport_public,39301.16
BUD_NPU_00085_transport_ride_hailing,NPU_00085,transport_ride_hailing,22008.65
BUD_NPU_00085_fuel,NPU_00085,fuel,26881.99
BUD_NPU_00085_internet_mobile,NPU_00085,internet_mobile,3772.91
BUD_NPU_00085_utilities,NPU_00085,utilities,3144.09
BUD_NPU_00085_education,NPU_00085,education,2200.86
BUD_NPU_00085_health,NPU_00085,health,5659.37
BUD_NPU_00085_family_support,NPU_00085,family_support,1572.05
BUD_NPU_00085_loan_emi,NPU_00085,loan_emi,943.23
BUD_NPU_00085_festivals_gifts,NPU_00085,festivals_gifts,2200.86
BUD_NPU_00085_clothing,NPU_00085,clothing,8803.46
BUD_NPU_00085_travel,NPU_00085,travel,1100.43
BUD_NPU_00085_subscriptions,NPU_00085,subscriptions,2515.27
BUD_NPU_00085_savings_investment,NPU_00085,savings_investment,1257.64
BUD_NPU_00085_entertainment,NPU_00085,entertainment,17292.51
BUD_NPU_00085_miscellaneous,NPU_00085,miscellaneous,23580.69
BUD_NPU_00086_rent,NPU_00086,rent,42.58
BUD_NPU_00086_groceries,NPU_00086,groceries,2874.22
BUD_NPU_00086_restaurants_cafes,NPU_00086,restaurants_cafes,2938.09
BUD_NPU_00086_transport_public,NPU_00086,transport_public,5322.62
BUD_NPU_00086_transport_ride_hailing,NPU_00086,transport_ride_hailing,1490.33
BUD_NPU_00086_fuel,NPU_00086,fuel,958.07
BUD_NPU_00086_internet_mobile,NPU_00086,internet_mobile,332.13
BUD_NPU_00086_utilities,NPU_00086,utilities,212.9
BUD_NPU_00086_education,NPU_00086,education,268.26
BUD_NPU_00086_health,NPU_00086,health,383.23
BUD_NPU_00086_family_support,NPU_00086,family_support,106.45
BUD_NPU_00086_loan_emi,NPU_00086,loan_emi,63.87
BUD_NPU_00086_festivals_gifts,NPU_00086,festivals_gifts,149.03
BUD_NPU_00086_clothing,NPU_00086,clothing,596.13
BUD_NPU_00086_travel,NPU_00086,travel,74.52
BUD_NPU_00086_subscriptions,NPU_00086,subscriptions,170.32
BUD_NPU_00086_savings_investment,NPU_00086,savings_investment,85.16
BUD_NPU_00086_entertainment,NPU_00086,entertainment,1170.98
BUD_NPU_00086_miscellaneous,NPU_00086,miscellaneous,1064.52
BUD_NPU_00087_rent,NPU_00087,rent,276.11
BUD_NPU_00087_groceries,NPU_00087,groceries,18637.54
BUD_NPU_00087_restaurants_cafes,NPU_00087,restaurants_cafes,19051.71
BUD_NPU_00087_transport_public,NPU_00087,transport_public,17256.99
BUD_NPU_00087_transport_ride_hailing,NPU_00087,transport_ride_hailing,9663.91
BUD_NPU_00087_fuel,NPU_00087,fuel,6212.51
BUD_NPU_00087_internet_mobile,NPU_00087,internet_mobile,2485.01
BUD_NPU_00087_utilities,NPU_00087,utilities,1380.56
BUD_NPU_00087_education,NPU_00087,education,966.39
BUD_NPU_00087_health,NPU_00087,health,2485.01
BUD_NPU_00087_family_support,NPU_00087,family_support,690.28
BUD_NPU_00087_loan_emi,NPU_00087,loan_emi,414.17
BUD_NPU_00087_festivals_gifts,NPU_00087,festivals_gifts,966.39
BUD_NPU_00087_clothing,NPU_00087,clothing,3865.56
BUD_NPU_00087_travel,NPU_00087,travel,483.2
BUD_NPU_00087_subscriptions,NPU_00087,subscriptions,1767.12
BUD_NPU_00087_savings_investment,NPU_00087,savings_investment,552.22
BUD_NPU_00087_entertainment,NPU_00087,entertainment,7593.07
BUD_NPU_00087_miscellaneous,NPU_00087,miscellaneous,6902.79
BUD_NPU_00088_rent,NPU_00088,rent,188.09
BUD_NPU_00088_groceries,NPU_00088,groceries,16504.87
BUD_NPU_00088_restaurants_cafes,NPU_00088,restaurants_cafes,10815.16
BUD_NPU_00088_transport_public,NPU_00088,transport_public,14106.73
BUD_NPU_00088_transport_ride_hailing,NPU_00088,transport_ride_hailing,6583.14
BUD_NPU_00088_fuel,NPU_00088,fuel,4232.02
BUD_NPU_00088_internet_mobile,NPU_00088,internet_mobile,1354.25
BUD_NPU_00088_utilities,NPU_00088,utilities,940.45
BUD_NPU_00088_education,NPU_00088,education,658.31
BUD_NPU_00088_health,NPU_00088,health,1692.81
BUD_NPU_00088_family_support,NPU_00088,family_support,470.22
BUD_NPU_00088_loan_emi,NPU_00088,loan_emi,282.13
BUD_NPU_00088_festivals_gifts,NPU_00088,festivals_gifts,658.31
BUD_NPU_00088_clothing,NPU_00088,clothing,2633.26
BUD_NPU_00088_travel,NPU_00088,travel,329.16
BUD_NPU_00088_subscriptions,NPU_00088,subscriptions,752.36
BUD_NPU_00088_savings_investment,NPU_00088,savings_investment,376.18
BUD_NPU_00088_entertainment,NPU_00088,entertainment,5172.47
BUD_NPU_00088_miscellaneous,NPU_00088,miscellaneous,4702.24
BUD_NPU_00089_rent,NPU_00089,rent,245.32
BUD_NPU_00089_groceries,NPU_00089,groceries,16559.22
BUD_NPU_00089_restaurants_cafes,NPU_00089,restaurants_cafes,16927.2
BUD_NPU_00089_transport_public,NPU_00089,transport_public,15332.61
BUD_NPU_00089_transport_ride_hailing,NPU_00089,transport_ride_hailing,8586.26
BUD_NPU_00089_fuel,NPU_00089,fuel,5519.74
BUD_NPU_00089_internet_mobile,NPU_00089,internet_mobile,2207.9
BUD_NPU_00089_utilities,NPU_00089,utilities,1226.61
BUD_NPU_00089_education,NPU_00089,education,858.63
BUD_NPU_00089_health,NPU_00089,health,2207.9
BUD_NPU_00089_family_support,NPU_00089,family_support,613.3
BUD_NPU_00089_loan_emi,NPU_00089,loan_emi,367.98
BUD_NPU_00089_festivals_gifts,NPU_00089,festivals_gifts,858.63
BUD_NPU_00089_clothing,NPU_00089,clothing,3434.51
BUD_NPU_00089_travel,NPU_00089,travel,429.31
BUD_NPU_00089_subscriptions,NPU_00089,subscriptions,1570.06
BUD_NPU_00089_savings_investment,NPU_00089,savings_investment,490.64
BUD_NPU_00089_entertainment,NPU_00089,entertainment,6746.35
BUD_NPU_00089_miscellaneous,NPU_00089,miscellaneous,6133.05
BUD_NPU_00090_rent,NPU_00090,rent,142.1
BUD_NPU_00090_groceries,NPU_00090,groceries,9591.99
BUD_NPU_00090_restaurants_cafes,NPU_00090,restaurants_cafes,19610.29
BUD_NPU_00090_transport_public,NPU_00090,transport_public,8881.47
BUD_NPU_00090_transport_ride_hailing,NPU_00090,transport_ride_hailing,4973.62
BUD_NPU_00090_fuel,NPU_00090,fuel,3197.33
BUD_NPU_00090_internet_mobile,NPU_00090,internet_mobile,852.62
BUD_NPU_00090_utilities,NPU_00090,utilities,710.52
BUD_NPU_00090_education,NPU_00090,education,497.36
BUD_NPU_00090_health,NPU_00090,health,1278.93
BUD_NPU_00090_family_support,NPU_00090,family_support,355.26
BUD_NPU_00090_loan_emi,NPU_00090,loan_emi,213.16
BUD_NPU_00090_festivals_gifts,NPU_00090,festivals_gifts,497.36
BUD_NPU_00090_clothing,NPU_00090,clothing,1989.45
BUD_NPU_00090_travel,NPU_00090,travel,373.02
BUD_NPU_00090_subscriptions,NPU_00090,subscriptions,568.41
BUD_NPU_00090_savings_investment,NPU_00090,savings_investment,284.21
BUD_NPU_00090_entertainment,NPU_00090,entertainment,7424.91
BUD_NPU_00090_miscellaneous,NPU_00090,miscellaneous,3552.59
BUD_NPU_00091_rent,NPU_00091,rent,352.29
BUD_NPU_00091_groceries,NPU_00091,groceries,23779.33
BUD_NPU_00091_restaurants_cafes,NPU_00091,restaurants_cafes,24307.76
BUD_NPU_00091_transport_public,NPU_00091,transport_public,22017.9
BUD_NPU_00091_transport_ride_hailing,NPU_00091,transport_ride_hailing,12330.02
BUD_NPU_00091_fuel,NPU_00091,fuel,7926.44
BUD_NPU_00091_internet_mobile,NPU_00091,internet_mobile,3170.58
BUD_NPU_00091_utilities,NPU_00091,utilities,1761.43
BUD_NPU_00091_education,NPU_00091,education,1233.0
BUD_NPU_00091_health,NPU_00091,health,3170.58
BUD_NPU_00091_family_support,NPU_00091,family_support,880.72
BUD_NPU_00091_loan_emi,NPU_00091,loan_emi,528.43
BUD_NPU_00091_festivals_gifts,NPU_00091,festivals_gifts,1233.0
BUD_NPU_00091_clothing,NPU_00091,clothing,4932.01
BUD_NPU_00091_travel,NPU_00091,travel,616.5
BUD_NPU_00091_subscriptions,NPU_00091,subscriptions,2254.63
BUD_NPU_00091_savings_investment,NPU_00091,savings_investment,704.57
BUD_NPU_00091_entertainment,NPU_00091,entertainment,9687.88
BUD_NPU_00091_miscellaneous,NPU_00091,miscellaneous,8807.16
BUD_NPU_00092_rent,NPU_00092,rent,122.33
BUD_NPU_00092_groceries,NPU_00092,groceries,8256.97
BUD_NPU_00092_restaurants_cafes,NPU_00092,restaurants_cafes,16880.92
BUD_NPU_00092_transport_public,NPU_00092,transport_public,7645.34
BUD_NPU_00092_transport_ride_hailing,NPU_00092,transport_ride_hailing,4281.39
BUD_NPU_00092_fuel,NPU_00092,fuel,2752.32
BUD_NPU_00092_internet_mobile,NPU_00092,internet_mobile,733.95
BUD_NPU_00092_utilities,NPU_00092,utilities,611.63
BUD_NPU_00092_education,NPU_00092,education,428.14
BUD_NPU_00092_health,NPU_00092,health,1100.93
BUD_NPU_00092_family_support,NPU_00092,family_support,305.81
BUD_NPU_00092_loan_emi,NPU_00092,loan_emi,183.49
BUD_NPU_00092_festivals_gifts,NPU_00092,festivals_gifts,428.14
BUD_NPU_00092_clothing,NPU_00092,clothing,1712.56
BUD_NPU_00092_travel,NPU_00092,travel,321.1
BUD_NPU_00092_subscriptions,NPU_00092,subscriptions,489.3
BUD_NPU_00092_savings_investment,NPU_00092,savings_investment,244.65
BUD_NPU_00092_entertainment,NPU_00092,entertainment,6391.51
BUD_NPU_00092_miscellaneous,NPU_00092,miscellaneous,3058.14
BUD_NPU_00093_rent,NPU_00093,rent,52.16
BUD_NPU_00093_groceries,NPU_00093,groceries,3520.62
BUD_NPU_00093_restaurants_cafes,NPU_00093,restaurants_cafes,3598.86
BUD_NPU_00093_transport_public,NPU_00093,transport_public,6519.67
BUD_NPU_00093_transport_ride_hailing,NPU_00093,transport_ride_hailing,1825.51
BUD_NPU_00093_fuel,NPU_00093,fuel,1173.54
BUD_NPU_00093_internet_mobile,NPU_00093,internet_mobile,406.83
BUD_NPU_00093_utilities,NPU_00093,utilities,260.79
BUD_NPU_00093_education,NPU_00093,education,328.59
BUD_NPU_00093_health,NPU_00093,health,469.42
BUD_NPU_00093_family_support,NPU_00093,family_support,130.39
BUD_NPU_00093_loan_emi,NPU_00093,loan_emi,78.24
BUD_NPU_00093_festivals_gifts,NPU_00093,festivals_gifts,182.55
BUD_NPU_00093_clothing,NPU_00093,clothing,730.2
BUD_NPU_00093_travel,NPU_00093,travel,91.28
BUD_NPU_00093_subscriptions,NPU_00093,subscriptions,208.63
BUD_NPU_00093_savings_investment,NPU_00093,savings_investment,104.31
BUD_NPU_00093_entertainment,NPU_00093,entertainment,1434.33
BUD_NPU_00093_miscellaneous,NPU_00093,miscellaneous,1303.93
BUD_NPU_00094_rent,NPU_00094,rent,151.81
BUD_NPU_00094_groceries,NPU_00094,groceries,13321.72
BUD_NPU_00094_restaurants_cafes,NPU_00094,restaurants_cafes,8729.33
BUD_NPU_00094_transport_public,NPU_00094,transport_public,11386.08
BUD_NPU_00094_transport_ride_hailing,NPU_00094,transport_ride_hailing,5313.51
BUD_NPU_00094_fuel,NPU_00094,fuel,3415.82
BUD_NPU_00094_internet_mobile,NPU_00094,internet_mobile,1093.06
BUD_NPU_00094_utilities,NPU_00094,utilities,759.07
BUD_NPU_00094_education,NPU_00094,education,531.35
BUD_NPU_00094_health,NPU_00094,health,1366.33
BUD_NPU_00094_family_support,NPU_00094,family_support,379.54
BUD_NPU_00094_loan_emi,NPU_00094,loan_emi,227.72
BUD_NPU_00094_festivals_gifts,NPU_00094,festivals_gifts,531.35
BUD_NPU_00094_clothing,NPU_00094,clothing,2125.4
BUD_NPU_00094_travel,NPU_00094,travel,265.68
BUD_NPU_00094_subscriptions,NPU_00094,subscriptions,607.26
BUD_NPU_00094_savings_investment,NPU_00094,savings_investment,303.63
BUD_NPU_00094_entertainment,NPU_00094,entertainment,4174.9
BUD_NPU_00094_miscellaneous,NPU_00094,miscellaneous,3795.36
BUD_NPU_00095_rent,NPU_00095,rent,204.92
BUD_NPU_00095_groceries,NPU_00095,groceries,13831.78
BUD_NPU_00095_restaurants_cafes,NPU_00095,restaurants_cafes,11782.63
BUD_NPU_00095_transport_public,NPU_00095,transport_public,12807.2
BUD_NPU_00095_transport_ride_hailing,NPU_00095,transport_ride_hailing,7172.03
BUD_NPU_00095_fuel,NPU_00095,fuel,4610.59
BUD_NPU_00095_internet_mobile,NPU_00095,internet_mobile,1229.49
BUD_NPU_00095_utilities,NPU_00095,utilities,1024.58
BUD_NPU_00095_education,NPU_00095,education,1004.08
BUD_NPU_00095_health,NPU_00095,health,2213.08
BUD_NPU_00095_family_support,NPU_00095,family_support,1434.41
BUD_NPU_00095_loan_emi,NPU_00095,loan_emi,307.37
BUD_NPU_00095_festivals_gifts,NPU_00095,festivals_gifts,717.2
BUD_NPU_00095_clothing,NPU_00095,clothing,2868.81
BUD_NPU_00095_travel,NPU_00095,travel,358.6
BUD_NPU_00095_subscriptions,NPU_00095,subscriptions,819.66
BUD_NPU_00095_savings_investment,NPU_00095,savings_investment,409.83
BUD_NPU_00095_entertainment,NPU_00095,entertainment,5635.17
BUD_NPU_00095_miscellaneous,NPU_00095,miscellaneous,5122.88
BUD_NPU_00096_rent,NPU_00096,rent,157.06
BUD_NPU_00096_groceries,NPU_00096,groceries,12721.62
BUD_NPU_00096_restaurants_cafes,NPU_00096,restaurants_cafes,9030.78
BUD_NPU_00096_transport_public,NPU_00096,transport_public,9816.06
BUD_NPU_00096_transport_ride_hailing,NPU_00096,transport_ride_hailing,5497.0
BUD_NPU_00096_fuel,NPU_00096,fuel,3533.78
BUD_NPU_00096_internet_mobile,NPU_00096,internet_mobile,942.34
BUD_NPU_00096_utilities,NPU_00096,utilities,785.29
BUD_NPU_00096_education,NPU_00096,education,549.7
BUD_NPU_00096_health,NPU_00096,health,1413.51
BUD_NPU_00096_family_support,NPU_00096,family_support,392.64
BUD_NPU_00096_loan_emi,NPU_00096,loan_emi,659.64
BUD_NPU_00096_festivals_gifts,NPU_00096,festivals_gifts,549.7
BUD_NPU_00096_clothing,NPU_00096,clothing,2198.8
BUD_NPU_00096_travel,NPU_00096,travel,274.85
BUD_NPU_00096_subscriptions,NPU_00096,subscriptions,628.23
BUD_NPU_00096_savings_investment,NPU_00096,savings_investment,314.11
BUD_NPU_00096_entertainment,NPU_00096,entertainment,4319.07
BUD_NPU_00096_miscellaneous,NPU_00096,miscellaneous,3926.43
BUD_NPU_00097_rent,NPU_00097,rent,286.9
BUD_NPU_00097_groceries,NPU_00097,groceries,19365.97
BUD_NPU_00097_restaurants_cafes,NPU_00097,restaurants_cafes,16496.94
BUD_NPU_00097_transport_public,NPU_00097,transport_public,17931.46
BUD_NPU_00097_transport_ride_hailing,NPU_00097,transport_ride_hailing,10041.62
BUD_NPU_00097_fuel,NPU_00097,fuel,6455.32
BUD_NPU_00097_internet_mobile,NPU_00097,internet_mobile,1721.42
BUD_NPU_00097_utilities,NPU_00097,utilities,1434.52
BUD_NPU_00097_education,NPU_00097,education,1405.83
BUD_NPU_00097_health,NPU_00097,health,3098.56
BUD_NPU_00097_family_support,NPU_00097,family_support,2008.32
BUD_NPU_00097_loan_emi,NPU_00097,loan_emi,430.35
BUD_NPU_00097_festivals_gifts,NPU_00097,festivals_gifts,1004.16
BUD_NPU_00097_clothing,NPU_00097,clothing,4016.65
BUD_NPU_00097_travel,NPU_00097,travel,502.08
BUD_NPU_00097_subscriptions,NPU_00097,subscriptions,1147.61
BUD_NPU_00097_savings_investment,NPU_00097,savings_investment,573.81
BUD_NPU_00097_entertainment,NPU_00097,entertainment,7889.84
BUD_NPU_00097_miscellaneous,NPU_00097,miscellaneous,7172.58
BUD_NPU_00098_rent,NPU_00098,rent,436.49
BUD_NPU_00098_groceries,NPU_00098,groceries,38301.69
BUD_NPU_00098_restaurants_cafes,NPU_00098,restaurants_cafes,25097.98
BUD_NPU_00098_transport_public,NPU_00098,transport_public,32736.49
BUD_NPU_00098_transport_ride_hailing,NPU_00098,transport_ride_hailing,15277.03
BUD_NPU_00098_fuel,NPU_00098,fuel,9820.95
BUD_NPU_00098_internet_mobile,NPU_00098,internet_mobile,3142.7
BUD_NPU_00098_utilities,NPU_00098,utilities,2182.43
BUD_NPU_00098_education,NPU_00098,education,1527.7
BUD_NPU_00098_health,NPU_00098,health,3928.38
BUD_NPU_00098_family_support,NPU_00098,family_support,1091.22
BUD_NPU_00098_loan_emi,NPU_00098,loan_emi,654.73
BUD_NPU_00098_festivals_gifts,NPU_00098,festivals_gifts,1527.7
BUD_NPU_00098_clothing,NPU_00098,clothing,6110.81
BUD_NPU_00098_travel,NPU_00098,travel,763.85
BUD_NPU_00098_subscriptions,NPU_00098,subscriptions,1745.95
BUD_NPU_00098_savings_investment,NPU_00098,savings_investment,872.97
BUD_NPU_00098_entertainment,NPU_00098,entertainment,12003.38
BUD_NPU_00098_miscellaneous,NPU_00098,miscellaneous,10912.16
BUD_NPU_00099_rent,NPU_00099,rent,502.1
BUD_NPU_00099_groceries,NPU_00099,groceries,40670.37
BUD_NPU_00099_restaurants_cafes,NPU_00099,restaurants_cafes,28870.94
BUD_NPU_00099_transport_public,NPU_00099,transport_public,31381.46
BUD_NPU_00099_transport_ride_hailing,NPU_00099,transport_ride_hailing,17573.62
BUD_NPU_00099_fuel,NPU_00099,fuel,11297.32
BUD_NPU_00099_internet_mobile,NPU_00099,internet_mobile,3012.62
BUD_NPU_00099_utilities,NPU_00099,utilities,2510.52
BUD_NPU_00099_education,NPU_00099,education,1757.36
BUD_NPU_00099_health,NPU_00099,health,4518.93
BUD_NPU_00099_family_support,NPU_00099,family_support,1255.26
BUD_NPU_00099_loan_emi,NPU_00099,loan_emi,2108.83
BUD_NPU_00099_festivals_gifts,NPU_00099,festivals_gifts,1757.36
BUD_NPU_00099_clothing,NPU_00099,clothing,7029.45
BUD_NPU_00099_travel,NPU_00099,travel,878.68
BUD_NPU_00099_subscriptions,NPU_00099,subscriptions,2008.41
BUD_NPU_00099_savings_investment,NPU_00099,savings_investment,1004.21
BUD_NPU_00099_entertainment,NPU_00099,entertainment,13807.84
BUD_NPU_00099_miscellaneous,NPU_00099,miscellaneous,12552.58
BUD_NPU_00100_rent,NPU_00100,rent,206.11
BUD_NPU_00100_groceries,NPU_00100,groceries,13912.26
BUD_NPU_00100_restaurants_cafes,NPU_00100,restaurants_cafes,11851.18
BUD_NPU_00100_transport_public,NPU_00100,transport_public,12881.72
BUD_NPU_00100_transport_ride_hailing,NPU_00100,transport_ride_hailing,7213.76
BUD_NPU_00100_fuel,NPU_00100,fuel,4637.42
BUD_NPU_00100_internet_mobile,NPU_00100,internet_mobile,1236.65
BUD_NPU_00100_utilities,NPU_00100,utilities,1030.54
BUD_NPU_00100_education,NPU_00100,education,1009.93
BUD_NPU_00100_health,NPU_00100,health,2225.96
BUD_NPU_00100_family_support,NPU_00100,family_support,1442.75
BUD_NPU_00100_loan_emi,NPU_00100,loan_emi,309.16
BUD_NPU_00100_festivals_gifts,NPU_00100,festivals_gifts,721.38
BUD_NPU_00100_clothing,NPU_00100,clothing,2885.51
BUD_NPU_00100_travel,NPU_00100,travel,360.69
BUD_NPU_00100_subscriptions,NPU_00100,subscriptions,824.43
BUD_NPU_00100_savings_investment,NPU_00100,savings_investment,412.22
BUD_NPU_00100_entertainment,NPU_00100,entertainment,5667.96
BUD_NPU_00100_miscellaneous,NPU_00100,miscellaneous,5152.69
BUD_NPU_00101_rent,NPU_00101,rent,74.56
BUD_NPU_00101_groceries,NPU_00101,groceries,5033.01
BUD_NPU_00101_restaurants_cafes,NPU_00101,restaurants_cafes,5144.85
BUD_NPU_00101_transport_public,NPU_00101,transport_public,9320.39
BUD_NPU_00101_transport_ride_hailing,NPU_00101,transport_ride_hailing,2609.71
BUD_NPU_00101_fuel,NPU_00101,fuel,1677.67
BUD_NPU_00101_internet_mobile,NPU_00101,internet_mobile,581.59
BUD_NPU_00101_utilities,NPU_00101,utilities,372.82
BUD_NPU_00101_education,NPU_00101,education,469.75
BUD_NPU_00101_health,NPU_00101,health,671.07
BUD_NPU_00101_family_support,NPU_00101,family_support,186.41
BUD_NPU_00101_loan_emi,NPU_00101,loan_emi,111.84
BUD_NPU_00101_festivals_gifts,NPU_00101,festivals_gifts,260.97
BUD_NPU_00101_clothing,NPU_00101,clothing,1043.88
BUD_NPU_00101_travel,NPU_00101,travel,130.49
BUD_NPU_00101_subscriptions,NPU_00101,subscriptions,298.25
BUD_NPU_00101_savings_investment,NPU_00101,savings_investment,149.13
BUD_NPU_00101_entertainment,NPU_00101,entertainment,2050.49
BUD_NPU_00101_miscellaneous,NPU_00101,miscellaneous,1864.08
BUD_NPU_00102_rent,NPU_00102,rent,28.37
BUD_NPU_00102_groceries,NPU_00102,groceries,1914.66
BUD_NPU_00102_restaurants_cafes,NPU_00102,restaurants_cafes,1957.21
BUD_NPU_00102_transport_public,NPU_00102,transport_public,3545.67
BUD_NPU_00102_transport_ride_hailing,NPU_00102,transport_ride_hailing,992.79
BUD_NPU_00102_fuel,NPU_00102,fuel,638.22
BUD_NPU_00102_internet_mobile,NPU_00102,internet_mobile,221.25
BUD_NPU_00102_utilities,NPU_00102,utilities,141.83
BUD_NPU_00102_education,NPU_00102,education,178.7
BUD_NPU_00102_health,NPU_00102,health,255.29
BUD_NPU_00102_family_support,NPU_00102,family_support,70.91
BUD_NPU_00102_loan_emi,NPU_00102,loan_emi,42.55
BUD_NPU_00102_festivals_gifts,NPU_00102,festivals_gifts,99.28
BUD_NPU_00102_clothing,NPU_00102,clothing,397.12
BUD_NPU_00102_travel,NPU_00102,travel,49.64
BUD_NPU_00102_subscriptions,NPU_00102,subscriptions,113.46
BUD_NPU_00102_savings_investment,NPU_00102,savings_investment,56.73
BUD_NPU_00102_entertainment,NPU_00102,entertainment,780.05
BUD_NPU_00102_miscellaneous,NPU_00102,miscellaneous,709.13
BUD_NPU_00103_rent,NPU_00103,rent,538.18
BUD_NPU_00103_groceries,NPU_00103,groceries,36327.41
BUD_NPU_00103_restaurants_cafes,NPU_00103,restaurants_cafes,43323.8
BUD_NPU_00103_transport_public,NPU_00103,transport_public,33636.49
BUD_NPU_00103_transport_ride_hailing,NPU_00103,transport_ride_hailing,18836.43
BUD_NPU_00103_fuel,NPU_00103,fuel,23007.36
BUD_NPU_00103_internet_mobile,NPU_00103,internet_mobile,3229.1
BUD_NPU_00103_utilities,NPU_00103,utilities,2690.92
BUD_NPU_00103_education,NPU_00103,education,1883.64
BUD_NPU_00103_health,NPU_00103,health,4843.65
BUD_NPU_00103_family_support,NPU_00103,family_support,1345.46
BUD_NPU_00103_loan_emi,NPU_00103,loan_emi,807.28
BUD_NPU_00103_festivals_gifts,NPU_00103,festivals_gifts,1883.64
BUD_NPU_00103_clothing,NPU_00103,clothing,7534.57
BUD_NPU_00103_travel,NPU_00103,travel,941.82
BUD_NPU_00103_subscriptions,NPU_00103,subscriptions,2152.74
BUD_NPU_00103_savings_investment,NPU_00103,savings_investment,1076.37
BUD_NPU_00103_entertainment,NPU_00103,entertainment,14800.05
BUD_NPU_00103_miscellaneous,NPU_00103,miscellaneous,20181.89
BUD_NPU_00104_rent,NPU_00104,rent,418.94
BUD_NPU_00104_groceries,NPU_00104,groceries,12853.91
BUD_NPU_00104_restaurants_cafes,NPU_00104,restaurants_cafes,10949.63
BUD_NPU_00104_transport_public,NPU_00104,transport_public,15472.3
BUD_NPU_00104_transport_ride_hailing,NPU_00104,transport_ride_hailing,6664.99
BUD_NPU_00104_fuel,NPU_00104,fuel,4284.64
BUD_NPU_00104_internet_mobile,NPU_00104,internet_mobile,1142.57
BUD_NPU_00104_utilities,NPU_00104,utilities,1333.0
BUD_NPU_00104_education,NPU_00104,education,666.5
BUD_NPU_00104_health,NPU_00104,health,1713.85
BUD_NPU_00104_family_support,NPU_00104,family_support,476.07
BUD_NPU_00104_loan_emi,NPU_00104,loan_emi,285.64
BUD_NPU_00104_festivals_gifts,NPU_00104,festivals_gifts,666.5
BUD_NPU_00104_clothing,NPU_00104,clothing,2666.0
BUD_NPU_00104_travel,NPU_00104,travel,333.25
BUD_NPU_00104_subscriptions,NPU_00104,subscriptions,761.71
BUD_NPU_00104_savings_investment,NPU_00104,savings_investment,380.86
BUD_NPU_00104_entertainment,NPU_00104,entertainment,5236.78
BUD_NPU_00104_miscellaneous,NPU_00104,miscellaneous,4760.71
BUD_NPU_00105_rent,NPU_00105,rent,107.58
BUD_NPU_00105_groceries,NPU_00105,groceries,7261.52
BUD_NPU_00105_restaurants_cafes,NPU_00105,restaurants_cafes,6185.74
BUD_NPU_00105_transport_public,NPU_00105,transport_public,6723.63
BUD_NPU_00105_transport_ride_hailing,NPU_00105,transport_ride_hailing,3765.24
BUD_NPU_00105_fuel,NPU_00105,fuel,2420.51
BUD_NPU_00105_internet_mobile,NPU_00105,internet_mobile,645.47
BUD_NPU_00105_utilities,NPU_00105,utilities,537.89
BUD_NPU_00105_education,NPU_00105,education,376.52
BUD_NPU_00105_health,NPU_00105,health,968.2
BUD_NPU_00105_family_support,NPU_00105,family_support,268.95
BUD_NPU_00105_loan_emi,NPU_00105,loan_emi,161.37
BUD_NPU_00105_festivals_gifts,NPU_00105,festivals_gifts,941.31
BUD_NPU_00105_clothing,NPU_00105,clothing,2560.36
BUD_NPU_00105_travel,NPU_00105,travel,263.57
BUD_NPU_00105_subscriptions,NPU_00105,subscriptions,430.31
BUD_NPU_00105_savings_investment,NPU_00105,savings_investment,215.16
BUD_NPU_00105_entertainment,NPU_00105,entertainment,2958.4
BUD_NPU_00105_miscellaneous,NPU_00105,miscellaneous,2689.45
BUD_NPU_00106_rent,NPU_00106,rent,60.64
BUD_NPU_00106_groceries,NPU_00106,groceries,4093.45
BUD_NPU_00106_restaurants_cafes,NPU_00106,restaurants_cafes,4184.41
BUD_NPU_00106_transport_public,NPU_00106,transport_public,7580.46
BUD_NPU_00106_transport_ride_hailing,NPU_00106,transport_ride_hailing,2122.53
BUD_NPU_00106_fuel,NPU_00106,fuel,1364.48
BUD_NPU_00106_internet_mobile,NPU_00106,internet_mobile,473.02
BUD_NPU_00106_utilities,NPU_00106,utilities,303.22
BUD_NPU_00106_education,NPU_00106,education,382.06
BUD_NPU_00106_health,NPU_00106,health,545.79
BUD_NPU_00106_family_support,NPU_00106,family_support,151.61
BUD_NPU_00106_loan_emi,NPU_00106,loan_emi,90.97
BUD_NPU_00106_festivals_gifts,NPU_00106,festivals_gifts,212.25
BUD_NPU_00106_clothing,NPU_00106,clothing,849.01
BUD_NPU_00106_travel,NPU_00106,travel,106.13
BUD_NPU_00106_subscriptions,NPU_00106,subscriptions,242.57
BUD_NPU_00106_savings_investment,NPU_00106,savings_investment,121.29
BUD_NPU_00106_entertainment,NPU_00106,entertainment,1667.7
BUD_NPU_00106_miscellaneous,NPU_00106,miscellaneous,1516.09
BUD_NPU_00107_rent,NPU_00107,rent,136.15
BUD_NPU_00107_groceries,NPU_00107,groceries,11947.32
BUD_NPU_00107_restaurants_cafes,NPU_00107,restaurants_cafes,7828.73
BUD_NPU_00107_transport_public,NPU_00107,transport_public,10211.38
BUD_NPU_00107_transport_ride_hailing,NPU_00107,transport_ride_hailing,4765.31
BUD_NPU_00107_fuel,NPU_00107,fuel,3063.41
BUD_NPU_00107_internet_mobile,NPU_00107,internet_mobile,980.29
BUD_NPU_00107_utilities,NPU_00107,utilities,680.76
BUD_NPU_00107_education,NPU_00107,education,476.53
BUD_NPU_00107_health,NPU_00107,health,1225.37
BUD_NPU_00107_family_support,NPU_00107,family_support,340.38
BUD_NPU_00107_loan_emi,NPU_00107,loan_emi,204.23
BUD_NPU_00107_festivals_gifts,NPU_00107,festivals_gifts,476.53
BUD_NPU_00107_clothing,NPU_00107,clothing,1906.12
BUD_NPU_00107_travel,NPU_00107,travel,238.27
BUD_NPU_00107_subscriptions,NPU_00107,subscriptions,544.61
BUD_NPU_00107_savings_investment,NPU_00107,savings_investment,272.3
BUD_NPU_00107_entertainment,NPU_00107,entertainment,3744.17
BUD_NPU_00107_miscellaneous,NPU_00107,miscellaneous,3403.79
BUD_NPU_00108_rent,NPU_00108,rent,321.81
BUD_NPU_00108_groceries,NPU_00108,groceries,21721.96
BUD_NPU_00108_restaurants_cafes,NPU_00108,restaurants_cafes,22204.67
BUD_NPU_00108_transport_public,NPU_00108,transport_public,20112.92
BUD_NPU_00108_transport_ride_hailing,NPU_00108,transport_ride_hailing,11263.24
BUD_NPU_00108_fuel,NPU_00108,fuel,7240.65
BUD_NPU_00108_internet_mobile,NPU_00108,internet_mobile,2896.26
BUD_NPU_00108_utilities,NPU_00108,utilities,1609.03
BUD_NPU_00108_education,NPU_00108,education,1126.32
BUD_NPU_00108_health,NPU_00108,health,2896.26
BUD_NPU_00108_family_support,NPU_00108,family_support,804.52
BUD_NPU_00108_loan_emi,NPU_00108,loan_emi,482.71
BUD_NPU_00108_festivals_gifts,NPU_00108,festivals_gifts,1126.32
BUD_NPU_00108_clothing,NPU_00108,clothing,4505.29
BUD_NPU_00108_travel,NPU_00108,travel,563.16
BUD_NPU_00108_subscriptions,NPU_00108,subscriptions,2059.56
BUD_NPU_00108_savings_investment,NPU_00108,savings_investment,643.61
BUD_NPU_00108_entertainment,NPU_00108,entertainment,8849.69
BUD_NPU_00108_miscellaneous,NPU_00108,miscellaneous,8045.17
BUD_NPU_00109_rent,NPU_00109,rent,435.03
BUD_NPU_00109_groceries,NPU_00109,groceries,35237.58
BUD_NPU_00109_restaurants_cafes,NPU_00109,restaurants_cafes,25014.33
BUD_NPU_00109_transport_public,NPU_00109,transport_public,27189.49
BUD_NPU_00109_transport_ride_hailing,NPU_00109,transport_ride_hailing,15226.12
BUD_NPU_00109_fuel,NPU_00109,fuel,9788.22
BUD_NPU_00109_internet_mobile,NPU_00109,internet_mobile,2610.19
BUD_NPU_00109_utilities,NPU_00109,utilities,2175.16
BUD_NPU_00109_education,NPU_00109,education,1522.61
BUD_NPU_00109_health,NPU_00109,health,3915.29
BUD_NPU_00109_family_support,NPU_00109,family_support,1087.58
BUD_NPU_00109_loan_emi,NPU_00109,loan_emi,1827.13
BUD_NPU_00109_festivals_gifts,NPU_00109,festivals_gifts,1522.61
BUD_NPU_00109_clothing,NPU_00109,clothing,6090.45
BUD_NPU_00109_travel,NPU_00109,travel,761.31
BUD_NPU_00109_subscriptions,NPU_00109,subscriptions,1740.13
BUD_NPU_00109_savings_investment,NPU_00109,savings_investment,870.06
BUD_NPU_00109_entertainment,NPU_00109,entertainment,11963.38
BUD_NPU_00109_miscellaneous,NPU_00109,miscellaneous,10875.8
BUD_NPU_00110_rent,NPU_00110,rent,112.57
BUD_NPU_00110_groceries,NPU_00110,groceries,9118.54
BUD_NPU_00110_restaurants_cafes,NPU_00110,restaurants_cafes,6473.04
BUD_NPU_00110_transport_public,NPU_00110,transport_public,7035.91
BUD_NPU_00110_transport_ride_hailing,NPU_00110,transport_ride_hailing,3940.11
BUD_NPU_00110_fuel,NPU_00110,fuel,2532.93
BUD_NPU_00110_internet_mobile,NPU_00110,internet_mobile,675.45
BUD_NPU_00110_utilities,NPU_00110,utilities,562.87
BUD_NPU_00110_education,NPU_00110,education,394.01
BUD_NPU_00110_health,NPU_00110,health,1013.17
BUD_NPU_00110_family_support,NPU_00110,family_support,281.44
BUD_NPU_00110_loan_emi,NPU_00110,loan_emi,472.81
BUD_NPU_00110_festivals_gifts,NPU_00110,festivals_gifts,394.01
BUD_NPU_00110_clothing,NPU_00110,clothing,1576.04
BUD_NPU_00110_travel,NPU_00110,travel,197.01
BUD_NPU_00110_subscriptions,NPU_00110,subscriptions,450.3
BUD_NPU_00110_savings_investment,NPU_00110,savings_investment,225.15
BUD_NPU_00110_entertainment,NPU_00110,entertainment,3095.8
BUD_NPU_00110_miscellaneous,NPU_00110,miscellaneous,2814.36
BUD_NPU_00111_rent,NPU_00111,rent,300.37
BUD_NPU_00111_groceries,NPU_00111,groceries,20275.08
BUD_NPU_00111_restaurants_cafes,NPU_00111,restaurants_cafes,17271.37
BUD_NPU_00111_transport_public,NPU_00111,transport_public,18773.23
BUD_NPU_00111_transport_ride_hailing,NPU_00111,transport_ride_hailing,10513.01
BUD_NPU_00111_fuel,NPU_00111,fuel,6758.36
BUD_NPU_00111_internet_mobile,NPU_00111,internet_mobile,1802.23
BUD_NPU_00111_utilities,NPU_00111,utilities,1501.86
BUD_NPU_00111_education,NPU_00111,education,1471.82
BUD_NPU_00111_health,NPU_00111,health,3244.01
BUD_NPU_00111_family_support,NPU_00111,family_support,2102.6
BUD_NPU_00111_loan_emi,NPU_00111,loan_emi,450.56
BUD_NPU_00111_festivals_gifts,NPU_00111,festivals_gifts,1051.3
BUD_NPU_00111_clothing,NPU_00111,clothing,4205.2
BUD_NPU_00111_travel,NPU_00111,travel,525.65
BUD_NPU_00111_subscriptions,NPU_00111,subscriptions,1201.49
BUD_NPU_00111_savings_investment,NPU_00111,savings_investment,600.74
BUD_NPU_00111_entertainment,NPU_00111,entertainment,8260.22
BUD_NPU_00111_miscellaneous,NPU_00111,miscellaneous,7509.29
BUD_NPU_00112_rent,NPU_00112,rent,186.48
BUD_NPU_00112_groceries,NPU_00112,groceries,12587.28
BUD_NPU_00112_restaurants_cafes,NPU_00112,restaurants_cafes,25733.99
BUD_NPU_00112_transport_public,NPU_00112,transport_public,11654.89
BUD_NPU_00112_transport_ride_hailing,NPU_00112,transport_ride_hailing,6526.74
BUD_NPU_00112_fuel,NPU_00112,fuel,4195.76
BUD_NPU_00112_internet_mobile,NPU_00112,internet_mobile,1118.87
BUD_NPU_00112_utilities,NPU_00112,utilities,932.39
BUD_NPU_00112_education,NPU_00112,education,652.67
BUD_NPU_00112_health,NPU_00112,health,1678.3
BUD_NPU_00112_family_support,NPU_00112,family_support,466.2
BUD_NPU_00112_loan_emi,NPU_00112,loan_emi,279.72
BUD_NPU_00112_festivals_gifts,NPU_00112,festivals_gifts,652.67
BUD_NPU_00112_clothing,NPU_00112,clothing,2610.69
BUD_NPU_00112_travel,NPU_00112,travel,489.51
BUD_NPU_00112_subscriptions,NPU_00112,subscriptions,745.91
BUD_NPU_00112_savings_investment,NPU_00112,savings_investment,372.96
BUD_NPU_00112_entertainment,NPU_00112,entertainment,9743.48
BUD_NPU_00112_miscellaneous,NPU_00112,miscellaneous,4661.95
BUD_NPU_00113_rent,NPU_00113,rent,349.52
BUD_NPU_00113_groceries,NPU_00113,groceries,23592.58
BUD_NPU_00113_restaurants_cafes,NPU_00113,restaurants_cafes,48233.72
BUD_NPU_00113_transport_public,NPU_00113,transport_public,21844.98
BUD_NPU_00113_transport_ride_hailing,NPU_00113,transport_ride_hailing,12233.19
BUD_NPU_00113_fuel,NPU_00113,fuel,7864.19
BUD_NPU_00113_internet_mobile,NPU_00113,internet_mobile,2097.12
BUD_NPU_00113_utilities,NPU_00113,utilities,1747.6
BUD_NPU_00113_education,NPU_00113,education,1223.32
BUD_NPU_00113_health,NPU_00113,health,3145.68
BUD_NPU_00113_family_support,NPU_00113,family_support,873.8
BUD_NPU_00113_loan_emi,NPU_00113,loan_emi,524.28
BUD_NPU_00113_festivals_gifts,NPU_00113,festivals_gifts,1223.32
BUD_NPU_00113_clothing,NPU_00113,clothing,4893.28
BUD_NPU_00113_travel,NPU_00113,travel,917.49
BUD_NPU_00113_subscriptions,NPU_00113,subscriptions,1398.08
BUD_NPU_00113_savings_investment,NPU_00113,savings_investment,699.04
BUD_NPU_00113_entertainment,NPU_00113,entertainment,18262.41
BUD_NPU_00113_miscellaneous,NPU_00113,miscellaneous,8737.99
BUD_NPU_00114_rent,NPU_00114,rent,139.09
BUD_NPU_00114_groceries,NPU_00114,groceries,9388.49
BUD_NPU_00114_restaurants_cafes,NPU_00114,restaurants_cafes,19194.24
BUD_NPU_00114_transport_public,NPU_00114,transport_public,8693.04
BUD_NPU_00114_transport_ride_hailing,NPU_00114,transport_ride_hailing,4868.1
BUD_NPU_00114_fuel,NPU_00114,fuel,3129.5
BUD_NPU_00114_internet_mobile,NPU_00114,internet_mobile,834.53
BUD_NPU_00114_utilities,NPU_00114,utilities,695.44
BUD_NPU_00114_education,NPU_00114,education,486.81
BUD_NPU_00114_health,NPU_00114,health,1251.8
BUD_NPU_00114_family_support,NPU_00114,family_support,347.72
BUD_NPU_00114_loan_emi,NPU_00114,loan_emi,208.63
BUD_NPU_00114_festivals_gifts,NPU_00114,festivals_gifts,486.81
BUD_NPU_00114_clothing,NPU_00114,clothing,1947.24
BUD_NPU_00114_travel,NPU_00114,travel,365.11
BUD_NPU_00114_subscriptions,NPU_00114,subscriptions,556.35
BUD_NPU_00114_savings_investment,NPU_00114,savings_investment,278.18
BUD_NPU_00114_entertainment,NPU_00114,entertainment,7267.39
BUD_NPU_00114_miscellaneous,NPU_00114,miscellaneous,3477.22
BUD_NPU_00115_rent,NPU_00115,rent,165.56
BUD_NPU_00115_groceries,NPU_00115,groceries,5079.65
BUD_NPU_00115_restaurants_cafes,NPU_00115,restaurants_cafes,4327.11
BUD_NPU_00115_transport_public,NPU_00115,transport_public,6114.4
BUD_NPU_00115_transport_ride_hailing,NPU_00115,transport_ride_hailing,2633.89
BUD_NPU_00115_fuel,NPU_00115,fuel,1693.22
BUD_NPU_00115_internet_mobile,NPU_00115,internet_mobile,451.52
BUD_NPU_00115_utilities,NPU_00115,utilities,526.78
BUD_NPU_00115_education,NPU_00115,education,263.39
BUD_NPU_00115_health,NPU_00115,health,677.29
BUD_NPU_00115_family_support,NPU_00115,family_support,188.14
BUD_NPU_00115_loan_emi,NPU_00115,loan_emi,112.88
BUD_NPU_00115_festivals_gifts,NPU_00115,festivals_gifts,263.39
BUD_NPU_00115_clothing,NPU_00115,clothing,1053.56
BUD_NPU_00115_travel,NPU_00115,travel,131.69
BUD_NPU_00115_subscriptions,NPU_00115,subscriptions,301.02
BUD_NPU_00115_savings_investment,NPU_00115,savings_investment,150.51
BUD_NPU_00115_entertainment,NPU_00115,entertainment,2069.49
BUD_NPU_00115_miscellaneous,NPU_00115,miscellaneous,1881.35
BUD_NPU_00116_rent,NPU_00116,rent,311.03
BUD_NPU_00116_groceries,NPU_00116,groceries,20994.85
BUD_NPU_00116_restaurants_cafes,NPU_00116,restaurants_cafes,25038.3
BUD_NPU_00116_transport_public,NPU_00116,transport_public,19439.68
BUD_NPU_00116_transport_ride_hailing,NPU_00116,transport_ride_hailing,10886.22
BUD_NPU_00116_fuel,NPU_00116,fuel,13296.74
BUD_NPU_00116_internet_mobile,NPU_00116,internet_mobile,1866.21
BUD_NPU_00116_utilities,NPU_00116,utilities,1555.17
BUD_NPU_00116_education,NPU_00116,education,1088.62
BUD_NPU_00116_health,NPU_00116,health,2799.31
BUD_NPU_00116_family_support,NPU_00116,family_support,777.59
BUD_NPU_00116_loan_emi,NPU_00116,loan_emi,466.55
BUD_NPU_00116_festivals_gifts,NPU_00116,festivals_gifts,1088.62
BUD_NPU_00116_clothing,NPU_00116,clothing,4354.49
BUD_NPU_00116_travel,NPU_00116,travel,544.31
BUD_NPU_00116_subscriptions,NPU_00116,subscriptions,1244.14
BUD_NPU_00116_savings_investment,NPU_00116,savings_investment,622.07
BUD_NPU_00116_entertainment,NPU_00116,entertainment,8553.46
BUD_NPU_00116_miscellaneous,NPU_00116,miscellaneous,11663.81
BUD_NPU_00117_rent,NPU_00117,rent,126.51
BUD_NPU_00117_groceries,NPU_00117,groceries,8539.49
BUD_NPU_00117_restaurants_cafes,NPU_00117,restaurants_cafes,8729.25
BUD_NPU_00117_transport_public,NPU_00117,transport_public,15813.86
BUD_NPU_00117_transport_ride_hailing,NPU_00117,transport_ride_hailing,4427.88
BUD_NPU_00117_fuel,NPU_00117,fuel,2846.5
BUD_NPU_00117_internet_mobile,NPU_00117,internet_mobile,986.79
BUD_NPU_00117_utilities,NPU_00117,utilities,632.55
BUD_NPU_00117_education,NPU_00117,education,797.02
BUD_NPU_00117_health,NPU_00117,health,1138.6
BUD_NPU_00117_family_support,NPU_00117,family_support,316.28
BUD_NPU_00117_loan_emi,NPU_00117,loan_emi,189.77
BUD_NPU_00117_festivals_gifts,NPU_00117,festivals_gifts,442.79
BUD_NPU_00117_clothing,NPU_00117,clothing,1771.15
BUD_NPU_00117_travel,NPU_00117,travel,221.39
BUD_NPU_00117_subscriptions,NPU_00117,subscriptions,506.04
BUD_NPU_00117_savings_investment,NPU_00117,savings_investment,253.02
BUD_NPU_00117_entertainment,NPU_00117,entertainment,3479.05
BUD_NPU_00117_miscellaneous,NPU_00117,miscellaneous,3162.77
BUD_NPU_00118_rent,NPU_00118,rent,362.7
BUD_NPU_00118_groceries,NPU_00118,groceries,24482.54
BUD_NPU_00118_restaurants_cafes,NPU_00118,restaurants_cafes,29197.69
BUD_NPU_00118_transport_public,NPU_00118,transport_public,22669.02
BUD_NPU_00118_transport_ride_hailing,NPU_00118,transport_ride_hailing,12694.65
BUD_NPU_00118_fuel,NPU_00118,fuel,15505.61
BUD_NPU_00118_internet_mobile,NPU_00118,internet_mobile,2176.23
BUD_NPU_00118_utilities,NPU_00118,utilities,1813.52
BUD_NPU_00118_education,NPU_00118,education,1269.46
BUD_NPU_00118_health,NPU_00118,health,3264.34
BUD_NPU_00118_family_support,NPU_00118,family_support,906.76
BUD_NPU_00118_loan_emi,NPU_00118,loan_emi,544.06
BUD_NPU_00118_festivals_gifts,NPU_00118,festivals_gifts,1269.46
BUD_NPU_00118_clothing,NPU_00118,clothing,5077.86
BUD_NPU_00118_travel,NPU_00118,travel,634.73
BUD_NPU_00118_subscriptions,NPU_00118,subscriptions,1450.82
BUD_NPU_00118_savings_investment,NPU_00118,savings_investment,725.41
BUD_NPU_00118_entertainment,NPU_00118,entertainment,9974.37
BUD_NPU_00118_miscellaneous,NPU_00118,miscellaneous,13601.41
BUD_NPU_00119_rent,NPU_00119,rent,468.45
BUD_NPU_00119_groceries,NPU_00119,groceries,41106.67
BUD_NPU_00119_restaurants_cafes,NPU_00119,restaurants_cafes,26935.99
BUD_NPU_00119_transport_public,NPU_00119,transport_public,35133.9
BUD_NPU_00119_transport_ride_hailing,NPU_00119,transport_ride_hailing,16395.82
BUD_NPU_00119_fuel,NPU_00119,fuel,10540.17
BUD_NPU_00119_internet_mobile,NPU_00119,internet_mobile,3372.85
BUD_NPU_00119_utilities,NPU_00119,utilities,2342.26
BUD_NPU_00119_education,NPU_00119,education,1639.58
BUD_NPU_00119_health,NPU_00119,health,4216.07
BUD_NPU_00119_family_support,NPU_00119,family_support,1171.13
BUD_NPU_00119_loan_emi,NPU_00119,loan_emi,702.68
BUD_NPU_00119_festivals_gifts,NPU_00119,festivals_gifts,1639.58
BUD_NPU_00119_clothing,NPU_00119,clothing,6558.33
BUD_NPU_00119_travel,NPU_00119,travel,819.79
BUD_NPU_00119_subscriptions,NPU_00119,subscriptions,1873.81
BUD_NPU_00119_savings_investment,NPU_00119,savings_investment,936.9
BUD_NPU_00119_entertainment,NPU_00119,entertainment,12882.43
BUD_NPU_00119_miscellaneous,NPU_00119,miscellaneous,11711.3
BUD_NPU_00120_rent,NPU_00120,rent,271.01
BUD_NPU_00120_groceries,NPU_00120,groceries,18293.16
BUD_NPU_00120_restaurants_cafes,NPU_00120,restaurants_cafes,15583.06
BUD_NPU_00120_transport_public,NPU_00120,transport_public,16938.11
BUD_NPU_00120_transport_ride_hailing,NPU_00120,transport_ride_hailing,9485.34
BUD_NPU_00120_fuel,NPU_00120,fuel,6097.72
BUD_NPU_00120_internet_mobile,NPU_00120,internet_mobile,1626.06
BUD_NPU_00120_utilities,NPU_00120,utilities,1355.05
BUD_NPU_00120_education,NPU_00120,education,1327.95
BUD_NPU_00120_health,NPU_00120,health,2926.91
BUD_NPU_00120_family_support,NPU_00120,family_support,1897.07
BUD_NPU_00120_loan_emi,NPU_00120,loan_emi,406.51
BUD_NPU_00120_festivals_gifts,NPU_00120,festivals_gifts,948.53
BUD_NPU_00120_clothing,NPU_00120,clothing,3794.14
BUD_NPU_00120_travel,NPU_00120,travel,474.27
BUD_NPU_00120_subscriptions,NPU_00120,subscriptions,1084.04
BUD_NPU_00120_savings_investment,NPU_00120,savings_investment,542.02
BUD_NPU_00120_entertainment,NPU_00120,entertainment,7452.77
BUD_NPU_00120_miscellaneous,NPU_00120,miscellaneous,6775.24
BUD_NPU_00121_rent,NPU_00121,rent,310.18
BUD_NPU_00121_groceries,NPU_00121,groceries,27218.52
BUD_NPU_00121_restaurants_cafes,NPU_00121,restaurants_cafes,17835.49
BUD_NPU_00121_transport_public,NPU_00121,transport_public,23263.69
BUD_NPU_00121_transport_ride_hailing,NPU_00121,transport_ride_hailing,10856.39
BUD_NPU_00121_fuel,NPU_00121,fuel,6979.11
BUD_NPU_00121_internet_mobile,NPU_00121,internet_mobile,2233.31
BUD_NPU_00121_utilities,NPU_00121,utilities,1550.91
BUD_NPU_00121_education,NPU_00121,education,1085.64
BUD_NPU_00121_health,NPU_00121,health,2791.64
BUD_NPU_00121_family_support,NPU_00121,family_support,775.46
BUD_NPU_00121_loan_emi,NPU_00121,loan_emi,465.27
BUD_NPU_00121_festivals_gifts,NPU_00121,festivals_gifts,1085.64
BUD_NPU_00121_clothing,NPU_00121,clothing,4342.56
BUD_NPU_00121_travel,NPU_00121,travel,542.82
BUD_NPU_00121_subscriptions,NPU_00121,subscriptions,1240.73
BUD_NPU_00121_savings_investment,NPU_00121,savings_investment,620.37
BUD_NPU_00121_entertainment,NPU_00121,entertainment,8530.02
BUD_NPU_00121_miscellaneous,NPU_00121,miscellaneous,7754.56
BUD_NPU_00122_rent,NPU_00122,rent,22.67
BUD_NPU_00122_groceries,NPU_00122,groceries,1530.54
BUD_NPU_00122_restaurants_cafes,NPU_00122,restaurants_cafes,1564.55
BUD_NPU_00122_transport_public,NPU_00122,transport_public,2834.34
BUD_NPU_00122_transport_ride_hailing,NPU_00122,transport_ride_hailing,793.61
BUD_NPU_00122_fuel,NPU_00122,fuel,510.18
BUD_NPU_00122_internet_mobile,NPU_00122,internet_mobile,176.86
BUD_NPU_00122_utilities,NPU_00122,utilities,113.37
BUD_NPU_00122_education,NPU_00122,education,142.85
BUD_NPU_00122_health,NPU_00122,health,204.07
BUD_NPU_00122_family_support,NPU_00122,family_support,56.69
BUD_NPU_00122_loan_emi,NPU_00122,loan_emi,34.01
BUD_NPU_00122_festivals_gifts,NPU_00122,festivals_gifts,79.36
BUD_NPU_00122_clothing,NPU_00122,clothing,317.45
BUD_NPU_00122_travel,NPU_00122,travel,39.68
BUD_NPU_00122_subscriptions,NPU_00122,subscriptions,90.7
BUD_NPU_00122_savings_investment,NPU_00122,savings_investment,45.35
BUD_NPU_00122_entertainment,NPU_00122,entertainment,623.55
BUD_NPU_00122_miscellaneous,NPU_00122,miscellaneous,566.87
BUD_NPU_00123_rent,NPU_00123,rent,712.64
BUD_NPU_00123_groceries,NPU_00123,groceries,48103.0
BUD_NPU_00123_restaurants_cafes,NPU_00123,restaurants_cafes,40976.63
BUD_NPU_00123_transport_public,NPU_00123,transport_public,44539.82
BUD_NPU_00123_transport_ride_hailing,NPU_00123,transport_ride_hailing,24942.3
BUD_NPU_00123_fuel,NPU_00123,fuel,16034.33
BUD_NPU_00123_internet_mobile,NPU_00123,internet_mobile,4275.82
BUD_NPU_00123_utilities,NPU_00123,utilities,3563.19
BUD_NPU_00123_education,NPU_00123,education,3491.92
BUD_NPU_00123_health,NPU_00123,health,7696.48
BUD_NPU_00123_family_support,NPU_00123,family_support,4988.46
BUD_NPU_00123_loan_emi,NPU_00123,loan_emi,1068.96
BUD_NPU_00123_festivals_gifts,NPU_00123,festivals_gifts,2494.23
BUD_NPU_00123_clothing,NPU_00123,clothing,9976.92
BUD_NPU_00123_travel,NPU_00123,travel,1247.11
BUD_NPU_00123_subscriptions,NPU_00123,subscriptions,2850.55
BUD_NPU_00123_savings_investment,NPU_00123,savings_investment,1425.27
BUD_NPU_00123_entertainment,NPU_00123,entertainment,19597.52
BUD_NPU_00123_miscellaneous,NPU_00123,miscellaneous,17815.93
BUD_NPU_00124_rent,NPU_00124,rent,623.21
BUD_NPU_00124_groceries,NPU_00124,groceries,42066.47
BUD_NPU_00124_restaurants_cafes,NPU_00124,restaurants_cafes,35834.4
BUD_NPU_00124_transport_public,NPU_00124,transport_public,38950.44
BUD_NPU_00124_transport_ride_hailing,NPU_00124,transport_ride_hailing,21812.25
BUD_NPU_00124_fuel,NPU_00124,fuel,14022.16
BUD_NPU_00124_internet_mobile,NPU_00124,internet_mobile,3739.24
BUD_NPU_00124_utilities,NPU_00124,utilities,3116.04
BUD_NPU_00124_education,NPU_00124,education,3053.71
BUD_NPU_00124_health,NPU_00124,health,6730.64
BUD_NPU_00124_family_support,NPU_00124,family_support,4362.45
BUD_NPU_00124_loan_emi,NPU_00124,loan_emi,934.81
BUD_NPU_00124_festivals_gifts,NPU_00124,festivals_gifts,2181.22
BUD_NPU_00124_clothing,NPU_00124,clothing,8724.9
BUD_NPU_00124_travel,NPU_00124,travel,1090.61
BUD_NPU_00124_subscriptions,NPU_00124,subscriptions,2492.83
BUD_NPU_00124_savings_investment,NPU_00124,savings_investment,1246.41
BUD_NPU_00124_entertainment,NPU_00124,entertainment,17138.19
BUD_NPU_00124_miscellaneous,NPU_00124,miscellaneous,15580.18
BUD_NPU_00125_rent,NPU_00125,rent,173.54
BUD_NPU_00125_groceries,NPU_00125,groceries,11713.67
BUD_NPU_00125_restaurants_cafes,NPU_00125,restaurants_cafes,23947.95
BUD_NPU_00125_transport_public,NPU_00125,transport_public,10845.99
BUD_NPU_00125_transport_ride_hailing,NPU_00125,transport_ride_hailing,6073.75
BUD_NPU_00125_fuel,NPU_00125,fuel,3904.56
BUD_NPU_00125_internet_mobile,NPU_00125,internet_mobile,1041.22
BUD_NPU_00125_utilities,NPU_00125,utilities,867.68
BUD_NPU_00125_education,NPU_00125,education,607.38
BUD_NPU_00125_health,NPU_00125,health,1561.82
BUD_NPU_00125_family_support,NPU_00125,family_support,433.84
BUD_NPU_00125_loan_emi,NPU_00125,loan_emi,260.3
BUD_NPU_00125_festivals_gifts,NPU_00125,festivals_gifts,607.38
BUD_NPU_00125_clothing,NPU_00125,clothing,2429.5
BUD_NPU_00125_travel,NPU_00125,travel,455.53
BUD_NPU_00125_subscriptions,NPU_00125,subscriptions,694.14
BUD_NPU_00125_savings_investment,NPU_00125,savings_investment,347.07
BUD_NPU_00125_entertainment,NPU_00125,entertainment,9067.25
BUD_NPU_00125_miscellaneous,NPU_00125,miscellaneous,4338.4
BUD_NPU_00126_rent,NPU_00126,rent,86.22
BUD_NPU_00126_groceries,NPU_00126,groceries,5819.88
BUD_NPU_00126_restaurants_cafes,NPU_00126,restaurants_cafes,4957.67
BUD_NPU_00126_transport_public,NPU_00126,transport_public,5388.78
BUD_NPU_00126_transport_ride_hailing,NPU_00126,transport_ride_hailing,3017.71
BUD_NPU_00126_fuel,NPU_00126,fuel,1939.96
BUD_NPU_00126_internet_mobile,NPU_00126,internet_mobile,517.32
BUD_NPU_00126_utilities,NPU_00126,utilities,431.1
BUD_NPU_00126_education,NPU_00126,education,301.77
BUD_NPU_00126_health,NPU_00126,health,775.98
BUD_NPU_00126_family_support,NPU_00126,family_support,215.55
BUD_NPU_00126_loan_emi,NPU_00126,loan_emi,129.33
BUD_NPU_00126_festivals_gifts,NPU_00126,festivals_gifts,754.43
BUD_NPU_00126_clothing,NPU_00126,clothing,2052.05
BUD_NPU_00126_travel,NPU_00126,travel,211.24
BUD_NPU_00126_subscriptions,NPU_00126,subscriptions,344.88
BUD_NPU_00126_savings_investment,NPU_00126,savings_investment,172.44
BUD_NPU_00126_entertainment,NPU_00126,entertainment,2371.06
BUD_NPU_00126_miscellaneous,NPU_00126,miscellaneous,2155.51
BUD_NPU_00127_rent,NPU_00127,rent,295.3
BUD_NPU_00127_groceries,NPU_00127,groceries,25912.67
BUD_NPU_00127_restaurants_cafes,NPU_00127,restaurants_cafes,16979.81
BUD_NPU_00127_transport_public,NPU_00127,transport_public,22147.58
BUD_NPU_00127_transport_ride_hailing,NPU_00127,transport_ride_hailing,10335.54
BUD_NPU_00127_fuel,NPU_00127,fuel,6644.27
BUD_NPU_00127_internet_mobile,NPU_00127,internet_mobile,2126.17
BUD_NPU_00127_utilities,NPU_00127,utilities,1476.51
BUD_NPU_00127_education,NPU_00127,education,1033.55
BUD_NPU_00127_health,NPU_00127,health,2657.71
BUD_NPU_00127_family_support,NPU_00127,family_support,738.25
BUD_NPU_00127_loan_emi,NPU_00127,loan_emi,442.95
BUD_NPU_00127_festivals_gifts,NPU_00127,festivals_gifts,1033.55
BUD_NPU_00127_clothing,NPU_00127,clothing,4134.22
BUD_NPU_00127_travel,NPU_00127,travel,516.78
BUD_NPU_00127_subscriptions,NPU_00127,subscriptions,1181.2
BUD_NPU_00127_savings_investment,NPU_00127,savings_investment,590.6
BUD_NPU_00127_entertainment,NPU_00127,entertainment,8120.78
BUD_NPU_00127_miscellaneous,NPU_00127,miscellaneous,7382.53
BUD_NPU_00128_rent,NPU_00128,rent,224.59
BUD_NPU_00128_groceries,NPU_00128,groceries,15159.81
BUD_NPU_00128_restaurants_cafes,NPU_00128,restaurants_cafes,15496.69
BUD_NPU_00128_transport_public,NPU_00128,transport_public,14036.86
BUD_NPU_00128_transport_ride_hailing,NPU_00128,transport_ride_hailing,7860.64
BUD_NPU_00128_fuel,NPU_00128,fuel,5053.27
BUD_NPU_00128_internet_mobile,NPU_00128,internet_mobile,2021.31
BUD_NPU_00128_utilities,NPU_00128,utilities,1122.95
BUD_NPU_00128_education,NPU_00128,education,786.06
BUD_NPU_00128_health,NPU_00128,health,2021.31
BUD_NPU_00128_family_support,NPU_00128,family_support,561.47
BUD_NPU_00128_loan_emi,NPU_00128,loan_emi,336.88
BUD_NPU_00128_festivals_gifts,NPU_00128,festivals_gifts,786.06
BUD_NPU_00128_clothing,NPU_00128,clothing,3144.26
BUD_NPU_00128_travel,NPU_00128,travel,393.03
BUD_NPU_00128_subscriptions,NPU_00128,subscriptions,1437.37
BUD_NPU_00128_savings_investment,NPU_00128,savings_investment,449.18
BUD_NPU_00128_entertainment,NPU_00128,entertainment,6176.22
BUD_NPU_00128_miscellaneous,NPU_00128,miscellaneous,5614.74
BUD_NPU_00129_rent,NPU_00129,rent,148.15
BUD_NPU_00129_groceries,NPU_00129,groceries,12000.36
BUD_NPU_00129_restaurants_cafes,NPU_00129,restaurants_cafes,8518.78
BUD_NPU_00129_transport_public,NPU_00129,transport_public,9259.54
BUD_NPU_00129_transport_ride_hailing,NPU_00129,transport_ride_hailing,5185.34
BUD_NPU_00129_fuel,NPU_00129,fuel,3333.43
BUD_NPU_00129_internet_mobile,NPU_00129,internet_mobile,888.92
BUD_NPU_00129_utilities,NPU_00129,utilities,740.76
BUD_NPU_00129_education,NPU_00129,education,518.53
BUD_NPU_00129_health,NPU_00129,health,1333.37
BUD_NPU_00129_family_support,NPU_00129,family_support,370.38
BUD_NPU_00129_loan_emi,NPU_00129,loan_emi,622.24
BUD_NPU_00129_festivals_gifts,NPU_00129,festivals_gifts,518.53
BUD_NPU_00129_clothing,NPU_00129,clothing,2074.14
BUD_NPU_00129_travel,NPU_00129,travel,259.27
BUD_NPU_00129_subscriptions,NPU_00129,subscriptions,592.61
BUD_NPU_00129_savings_investment,NPU_00129,savings_investment,296.31
BUD_NPU_00129_entertainment,NPU_00129,entertainment,4074.2
BUD_NPU_00129_miscellaneous,NPU_00129,miscellaneous,3703.82
BUD_NPU_00130_rent,NPU_00130,rent,563.55
BUD_NPU_00130_groceries,NPU_00130,groceries,38039.5
BUD_NPU_00130_restaurants_cafes,NPU_00130,restaurants_cafes,45365.63
BUD_NPU_00130_transport_public,NPU_00130,transport_public,35221.76
BUD_NPU_00130_transport_ride_hailing,NPU_00130,transport_ride_hailing,19724.19
BUD_NPU_00130_fuel,NPU_00130,fuel,24091.69
BUD_NPU_00130_internet_mobile,NPU_00130,internet_mobile,3381.29
BUD_NPU_00130_utilities,NPU_00130,utilities,2817.74
BUD_NPU_00130_education,NPU_00130,education,1972.42
BUD_NPU_00130_health,NPU_00130,health,5071.93
BUD_NPU_00130_family_support,NPU_00130,family_support,1408.87
BUD_NPU_00130_loan_emi,NPU_00130,loan_emi,845.32
BUD_NPU_00130_festivals_gifts,NPU_00130,festivals_gifts,1972.42
BUD_NPU_00130_clothing,NPU_00130,clothing,7889.67
BUD_NPU_00130_travel,NPU_00130,travel,986.21
BUD_NPU_00130_subscriptions,NPU_00130,subscriptions,2254.19
BUD_NPU_00130_savings_investment,NPU_00130,savings_investment,1127.1
BUD_NPU_00130_entertainment,NPU_00130,entertainment,15497.58
BUD_NPU_00130_miscellaneous,NPU_00130,miscellaneous,21133.06
BUD_NPU_00131_rent,NPU_00131,rent,132.43
BUD_NPU_00131_groceries,NPU_00131,groceries,8939.03
BUD_NPU_00131_restaurants_cafes,NPU_00131,restaurants_cafes,7614.73
BUD_NPU_00131_transport_public,NPU_00131,transport_public,8276.88
BUD_NPU_00131_transport_ride_hailing,NPU_00131,transport_ride_hailing,4635.05
BUD_NPU_00131_fuel,NPU_00131,fuel,2979.68
BUD_NPU_00131_internet_mobile,NPU_00131,internet_mobile,794.58
BUD_NPU_00131_utilities,NPU_00131,utilities,662.15
BUD_NPU_00131_education,NPU_00131,education,463.51
BUD_NPU_00131_health,NPU_00131,health,1191.87
BUD_NPU_00131_family_support,NPU_00131,family_support,331.08
BUD_NPU_00131_loan_emi,NPU_00131,loan_emi,198.65
BUD_NPU_00131_festivals_gifts,NPU_00131,festivals_gifts,1158.76
BUD_NPU_00131_clothing,NPU_00131,clothing,3151.84
BUD_NPU_00131_travel,NPU_00131,travel,324.45
BUD_NPU_00131_subscriptions,NPU_00131,subscriptions,529.72
BUD_NPU_00131_savings_investment,NPU_00131,savings_investment,264.86
BUD_NPU_00131_entertainment,NPU_00131,entertainment,3641.83
BUD_NPU_00131_miscellaneous,NPU_00131,miscellaneous,3310.75
BUD_NPU_00132_rent,NPU_00132,rent,255.28
BUD_NPU_00132_groceries,NPU_00132,groceries,17231.62
BUD_NPU_00132_restaurants_cafes,NPU_00132,restaurants_cafes,17614.55
BUD_NPU_00132_transport_public,NPU_00132,transport_public,15955.21
BUD_NPU_00132_transport_ride_hailing,NPU_00132,transport_ride_hailing,8934.91
BUD_NPU_00132_fuel,NPU_00132,fuel,5743.87
BUD_NPU_00132_internet_mobile,NPU_00132,internet_mobile,2297.55
BUD_NPU_00132_utilities,NPU_00132,utilities,1276.42
BUD_NPU_00132_education,NPU_00132,education,893.49
BUD_NPU_00132_health,NPU_00132,health,2297.55
BUD_NPU_00132_family_support,NPU_00132,family_support,638.21
BUD_NPU_00132_loan_emi,NPU_00132,loan_emi,382.92
BUD_NPU_00132_festivals_gifts,NPU_00132,festivals_gifts,893.49
BUD_NPU_00132_clothing,NPU_00132,clothing,3573.97
BUD_NPU_00132_travel,NPU_00132,travel,446.75
BUD_NPU_00132_subscriptions,NPU_00132,subscriptions,1633.81
BUD_NPU_00132_savings_investment,NPU_00132,savings_investment,510.57
BUD_NPU_00132_entertainment,NPU_00132,entertainment,7020.29
BUD_NPU_00132_miscellaneous,NPU_00132,miscellaneous,6382.08
BUD_NPU_00133_rent,NPU_00133,rent,33.4
BUD_NPU_00133_groceries,NPU_00133,groceries,2254.51
BUD_NPU_00133_restaurants_cafes,NPU_00133,restaurants_cafes,2304.61
BUD_NPU_00133_transport_public,NPU_00133,transport_public,4175.01
BUD_NPU_00133_transport_ride_hailing,NPU_00133,transport_ride_hailing,1169.0
BUD_NPU_00133_fuel,NPU_00133,fuel,751.5
BUD_NPU_00133_internet_mobile,NPU_00133,internet_mobile,260.52
BUD_NPU_00133_utilities,NPU_00133,utilities,167.0
BUD_NPU_00133_education,NPU_00133,education,210.42
BUD_NPU_00133_health,NPU_00133,health,300.6
BUD_NPU_00133_family_support,NPU_00133,family_support,83.5
BUD_NPU_00133_loan_emi,NPU_00133,loan_emi,50.1
BUD_NPU_00133_festivals_gifts,NPU_00133,festivals_gifts,116.9
BUD_NPU_00133_clothing,NPU_00133,clothing,467.6
BUD_NPU_00133_travel,NPU_00133,travel,58.45
BUD_NPU_00133_subscriptions,NPU_00133,subscriptions,133.6
BUD_NPU_00133_savings_investment,NPU_00133,savings_investment,66.8
BUD_NPU_00133_entertainment,NPU_00133,entertainment,918.5
BUD_NPU_00133_miscellaneous,NPU_00133,miscellaneous,835.0
BUD_NPU_00134_rent,NPU_00134,rent,24.1
BUD_NPU_00134_groceries,NPU_00134,groceries,1626.56
BUD_NPU_00134_restaurants_cafes,NPU_00134,restaurants_cafes,1662.7
BUD_NPU_00134_transport_public,NPU_00134,transport_public,3012.14
BUD_NPU_00134_transport_ride_hailing,NPU_00134,transport_ride_hailing,843.4
BUD_NPU_00134_fuel,NPU_00134,fuel,542.19
BUD_NPU_00134_internet_mobile,NPU_00134,internet_mobile,187.96
BUD_NPU_00134_utilities,NPU_00134,utilities,120.49
BUD_NPU_00134_education,NPU_00134,education,151.81
BUD_NPU_00134_health,NPU_00134,health,216.87
BUD_NPU_00134_family_support,NPU_00134,family_support,60.24
BUD_NPU_00134_loan_emi,NPU_00134,loan_emi,36.15
BUD_NPU_00134_festivals_gifts,NPU_00134,festivals_gifts,84.34
BUD_NPU_00134_clothing,NPU_00134,clothing,337.36
BUD_NPU_00134_travel,NPU_00134,travel,42.17
BUD_NPU_00134_subscriptions,NPU_00134,subscriptions,96.39
BUD_NPU_00134_savings_investment,NPU_00134,savings_investment,48.19
BUD_NPU_00134_entertainment,NPU_00134,entertainment,662.67
BUD_NPU_00134_miscellaneous,NPU_00134,miscellaneous,602.43
BUD_NPU_00135_rent,NPU_00135,rent,337.73
BUD_NPU_00135_groceries,NPU_00135,groceries,22796.87
BUD_NPU_00135_restaurants_cafes,NPU_00135,restaurants_cafes,19419.56
BUD_NPU_00135_transport_public,NPU_00135,transport_public,21108.21
BUD_NPU_00135_transport_ride_hailing,NPU_00135,transport_ride_hailing,11820.6
BUD_NPU_00135_fuel,NPU_00135,fuel,7598.96
BUD_NPU_00135_internet_mobile,NPU_00135,internet_mobile,2026.39
BUD_NPU_00135_utilities,NPU_00135,utilities,1688.66
BUD_NPU_00135_education,NPU_00135,education,1654.88
BUD_NPU_00135_health,NPU_00135,health,3647.5
BUD_NPU_00135_family_support,NPU_00135,family_support,2364.12
BUD_NPU_00135_loan_emi,NPU_00135,loan_emi,506.6
BUD_NPU_00135_festivals_gifts,NPU_00135,festivals_gifts,1182.06
BUD_NPU_00135_clothing,NPU_00135,clothing,4728.24
BUD_NPU_00135_travel,NPU_00135,travel,591.03
BUD_NPU_00135_subscriptions,NPU_00135,subscriptions,1350.93
BUD_NPU_00135_savings_investment,NPU_00135,savings_investment,675.46
BUD_NPU_00135_entertainment,NPU_00135,entertainment,9287.61
BUD_NPU_00135_miscellaneous,NPU_00135,miscellaneous,8443.29
BUD_NPU_00136_rent,NPU_00136,rent,91.9
BUD_NPU_00136_groceries,NPU_00136,groceries,8064.6
BUD_NPU_00136_restaurants_cafes,NPU_00136,restaurants_cafes,5284.5
BUD_NPU_00136_transport_public,NPU_00136,transport_public,6892.82
BUD_NPU_00136_transport_ride_hailing,NPU_00136,transport_ride_hailing,3216.65
BUD_NPU_00136_fuel,NPU_00136,fuel,2067.85
BUD_NPU_00136_internet_mobile,NPU_00136,internet_mobile,661.71
BUD_NPU_00136_utilities,NPU_00136,utilities,459.52
BUD_NPU_00136_education,NPU_00136,education,321.67
BUD_NPU_00136_health,NPU_00136,health,827.14
BUD_NPU_00136_family_support,NPU_00136,family_support,229.76
BUD_NPU_00136_loan_emi,NPU_00136,loan_emi,137.86
BUD_NPU_00136_festivals_gifts,NPU_00136,festivals_gifts,321.67
BUD_NPU_00136_clothing,NPU_00136,clothing,1286.66
BUD_NPU_00136_travel,NPU_00136,travel,160.83
BUD_NPU_00136_subscriptions,NPU_00136,subscriptions,367.62
BUD_NPU_00136_savings_investment,NPU_00136,savings_investment,183.81
BUD_NPU_00136_entertainment,NPU_00136,entertainment,2527.37
BUD_NPU_00136_miscellaneous,NPU_00136,miscellaneous,2297.61
BUD_NPU_00137_rent,NPU_00137,rent,91.12
BUD_NPU_00137_groceries,NPU_00137,groceries,7996.04
BUD_NPU_00137_restaurants_cafes,NPU_00137,restaurants_cafes,5239.57
BUD_NPU_00137_transport_public,NPU_00137,transport_public,6834.23
BUD_NPU_00137_transport_ride_hailing,NPU_00137,transport_ride_hailing,3189.31
BUD_NPU_00137_fuel,NPU_00137,fuel,2050.27
BUD_NPU_00137_internet_mobile,NPU_00137,internet_mobile,656.09
BUD_NPU_00137_utilities,NPU_00137,utilities,455.62
BUD_NPU_00137_education,NPU_00137,education,318.93
BUD_NPU_00137_health,NPU_00137,health,820.11
BUD_NPU_00137_family_support,NPU_00137,family_support,227.81
BUD_NPU_00137_loan_emi,NPU_00137,loan_emi,136.68
BUD_NPU_00137_festivals_gifts,NPU_00137,festivals_gifts,318.93
BUD_NPU_00137_clothing,NPU_00137,clothing,1275.72
BUD_NPU_00137_travel,NPU_00137,travel,159.47
BUD_NPU_00137_subscriptions,NPU_00137,subscriptions,364.49
BUD_NPU_00137_savings_investment,NPU_00137,savings_investment,182.25
BUD_NPU_00137_entertainment,NPU_00137,entertainment,2505.88
BUD_NPU_00137_miscellaneous,NPU_00137,miscellaneous,2278.08
BUD_NPU_00138_rent,NPU_00138,rent,54.18
BUD_NPU_00138_groceries,NPU_00138,groceries,3656.88
BUD_NPU_00138_restaurants_cafes,NPU_00138,restaurants_cafes,3738.15
BUD_NPU_00138_transport_public,NPU_00138,transport_public,6772.0
BUD_NPU_00138_transport_ride_hailing,NPU_00138,transport_ride_hailing,1896.16
BUD_NPU_00138_fuel,NPU_00138,fuel,1218.96
BUD_NPU_00138_internet_mobile,NPU_00138,internet_mobile,422.57
BUD_NPU_00138_utilities,NPU_00138,utilities,270.88
BUD_NPU_00138_education,NPU_00138,education,341.31
BUD_NPU_00138_health,NPU_00138,health,487.58
BUD_NPU_00138_family_support,NPU_00138,family_support,135.44
BUD_NPU_00138_loan_emi,NPU_00138,loan_emi,81.26
BUD_NPU_00138_festivals_gifts,NPU_00138,festivals_gifts,189.62
BUD_NPU_00138_clothing,NPU_00138,clothing,758.46
BUD_NPU_00138_travel,NPU_00138,travel,94.81
BUD_NPU_00138_subscriptions,NPU_00138,subscriptions,216.7
BUD_NPU_00138_savings_investment,NPU_00138,savings_investment,108.35
BUD_NPU_00138_entertainment,NPU_00138,entertainment,1489.84
BUD_NPU_00138_miscellaneous,NPU_00138,miscellaneous,1354.4
BUD_NPU_00139_rent,NPU_00139,rent,18.77
BUD_NPU_00139_groceries,NPU_00139,groceries,1267.28
BUD_NPU_00139_restaurants_cafes,NPU_00139,restaurants_cafes,1295.44
BUD_NPU_00139_transport_public,NPU_00139,transport_public,2346.81
BUD_NPU_00139_transport_ride_hailing,NPU_00139,transport_ride_hailing,657.11
BUD_NPU_00139_fuel,NPU_00139,fuel,422.43
BUD_NPU_00139_internet_mobile,NPU_00139,internet_mobile,146.44
BUD_NPU_00139_utilities,NPU_00139,utilities,93.87
BUD_NPU_00139_education,NPU_00139,education,118.28
BUD_NPU_00139_health,NPU_00139,health,168.97
BUD_NPU_00139_family_support,NPU_00139,family_support,46.94
BUD_NPU_00139_loan_emi,NPU_00139,loan_emi,28.16
BUD_NPU_00139_festivals_gifts,NPU_00139,festivals_gifts,65.71
BUD_NPU_00139_clothing,NPU_00139,clothing,262.84
BUD_NPU_00139_travel,NPU_00139,travel,32.86
BUD_NPU_00139_subscriptions,NPU_00139,subscriptions,75.1
BUD_NPU_00139_savings_investment,NPU_00139,savings_investment,37.55
BUD_NPU_00139_entertainment,NPU_00139,entertainment,516.3
BUD_NPU_00139_miscellaneous,NPU_00139,miscellaneous,469.36
BUD_NPU_00140_rent,NPU_00140,rent,578.88
BUD_NPU_00140_groceries,NPU_00140,groceries,17760.96
BUD_NPU_00140_restaurants_cafes,NPU_00140,restaurants_cafes,15129.7
BUD_NPU_00140_transport_public,NPU_00140,transport_public,21378.93
BUD_NPU_00140_transport_ride_hailing,NPU_00140,transport_ride_hailing,9209.39
BUD_NPU_00140_fuel,NPU_00140,fuel,5920.32
BUD_NPU_00140_internet_mobile,NPU_00140,internet_mobile,1578.75
BUD_NPU_00140_utilities,NPU_00140,utilities,1841.88
BUD_NPU_00140_education,NPU_00140,education,920.94
BUD_NPU_00140_health,NPU_00140,health,2368.13
BUD_NPU_00140_family_support,NPU_00140,family_support,657.81
BUD_NPU_00140_loan_emi,NPU_00140,loan_emi,394.69
BUD_NPU_00140_festivals_gifts,NPU_00140,festivals_gifts,920.94
BUD_NPU_00140_clothing,NPU_00140,clothing,3683.75
BUD_NPU_00140_travel,NPU_00140,travel,460.47
BUD_NPU_00140_subscriptions,NPU_00140,subscriptions,1052.5
BUD_NPU_00140_savings_investment,NPU_00140,savings_investment,526.25
BUD_NPU_00140_entertainment,NPU_00140,entertainment,7235.95
BUD_NPU_00140_miscellaneous,NPU_00140,miscellaneous,6578.13
BUD_NPU_00141_rent,NPU_00141,rent,174.81
BUD_NPU_00141_groceries,NPU_00141,groceries,11799.78
BUD_NPU_00141_restaurants_cafes,NPU_00141,restaurants_cafes,24124.0
BUD_NPU_00141_transport_public,NPU_00141,transport_public,10925.72
BUD_NPU_00141_transport_ride_hailing,NPU_00141,transport_ride_hailing,6118.4
BUD_NPU_00141_fuel,NPU_00141,fuel,3933.26
BUD_NPU_00141_internet_mobile,NPU_00141,internet_mobile,1048.87
BUD_NPU_00141_utilities,NPU_00141,utilities,874.06
BUD_NPU_00141_education,NPU_00141,education,611.84
BUD_NPU_00141_health,NPU_00141,health,1573.3
BUD_NPU_00141_family_support,NPU_00141,family_support,437.03
BUD_NPU_00141_loan_emi,NPU_00141,loan_emi,262.22
BUD_NPU_00141_festivals_gifts,NPU_00141,festivals_gifts,611.84
BUD_NPU_00141_clothing,NPU_00141,clothing,2447.36
BUD_NPU_00141_travel,NPU_00141,travel,458.88
BUD_NPU_00141_subscriptions,NPU_00141,subscriptions,699.25
BUD_NPU_00141_savings_investment,NPU_00141,savings_investment,349.62
BUD_NPU_00141_entertainment,NPU_00141,entertainment,9133.9
BUD_NPU_00141_miscellaneous,NPU_00141,miscellaneous,4370.29
BUD_NPU_00142_rent,NPU_00142,rent,120.47
BUD_NPU_00142_groceries,NPU_00142,groceries,9757.72
BUD_NPU_00142_restaurants_cafes,NPU_00142,restaurants_cafes,6926.77
BUD_NPU_00142_transport_public,NPU_00142,transport_public,7529.1
BUD_NPU_00142_transport_ride_hailing,NPU_00142,transport_ride_hailing,4216.3
BUD_NPU_00142_fuel,NPU_00142,fuel,2710.48
BUD_NPU_00142_internet_mobile,NPU_00142,internet_mobile,722.79
BUD_NPU_00142_utilities,NPU_00142,utilities,602.33
BUD_NPU_00142_education,NPU_00142,education,421.63
BUD_NPU_00142_health,NPU_00142,health,1084.19
BUD_NPU_00142_family_support,NPU_00142,family_support,301.16
BUD_NPU_00142_loan_emi,NPU_00142,loan_emi,505.96
BUD_NPU_00142_festivals_gifts,NPU_00142,festivals_gifts,421.63
BUD_NPU_00142_clothing,NPU_00142,clothing,1686.52
BUD_NPU_00142_travel,NPU_00142,travel,210.81
BUD_NPU_00142_subscriptions,NPU_00142,subscriptions,481.86
BUD_NPU_00142_savings_investment,NPU_00142,savings_investment,240.93
BUD_NPU_00142_entertainment,NPU_00142,entertainment,3312.81
BUD_NPU_00142_miscellaneous,NPU_00142,miscellaneous,3011.64
BUD_NPU_00143_rent,NPU_00143,rent,359.85
BUD_NPU_00143_groceries,NPU_00143,groceries,24289.94
BUD_NPU_00143_restaurants_cafes,NPU_00143,restaurants_cafes,24829.72
BUD_NPU_00143_transport_public,NPU_00143,transport_public,22490.69
BUD_NPU_00143_transport_ride_hailing,NPU_00143,transport_ride_hailing,12594.78
BUD_NPU_00143_fuel,NPU_00143,fuel,8096.65
BUD_NPU_00143_internet_mobile,NPU_00143,internet_mobile,3238.66
BUD_NPU_00143_utilities,NPU_00143,utilities,1799.25
BUD_NPU_00143_education,NPU_00143,education,1259.48
BUD_NPU_00143_health,NPU_00143,health,3238.66
BUD_NPU_00143_family_support,NPU_00143,family_support,899.63
BUD_NPU_00143_loan_emi,NPU_00143,loan_emi,539.78
BUD_NPU_00143_festivals_gifts,NPU_00143,festivals_gifts,1259.48
BUD_NPU_00143_clothing,NPU_00143,clothing,5037.91
BUD_NPU_00143_travel,NPU_00143,travel,629.74
BUD_NPU_00143_subscriptions,NPU_00143,subscriptions,2303.05
BUD_NPU_00143_savings_investment,NPU_00143,savings_investment,719.7
BUD_NPU_00143_entertainment,NPU_00143,entertainment,9895.9
BUD_NPU_00143_miscellaneous,NPU_00143,miscellaneous,8996.27
BUD_NPU_00144_rent,NPU_00144,rent,166.47
BUD_NPU_00144_groceries,NPU_00144,groceries,14607.82
BUD_NPU_00144_restaurants_cafes,NPU_00144,restaurants_cafes,9572.08
BUD_NPU_00144_transport_public,NPU_00144,transport_public,12485.32
BUD_NPU_00144_transport_ride_hailing,NPU_00144,transport_ride_hailing,5826.48
BUD_NPU_00144_fuel,NPU_00144,fuel,3745.6
BUD_NPU_00144_internet_mobile,NPU_00144,internet_mobile,1198.59
BUD_NPU_00144_utilities,NPU_00144,utilities,832.35
BUD_NPU_00144_education,NPU_00144,education,582.65
BUD_NPU_00144_health,NPU_00144,health,1498.24
BUD_NPU_00144_family_support,NPU_00144,family_support,416.18
BUD_NPU_00144_loan_emi,NPU_00144,loan_emi,249.71
BUD_NPU_00144_festivals_gifts,NPU_00144,festivals_gifts,582.65
BUD_NPU_00144_clothing,NPU_00144,clothing,2330.59
BUD_NPU_00144_travel,NPU_00144,travel,291.32
BUD_NPU_00144_subscriptions,NPU_00144,subscriptions,665.88
BUD_NPU_00144_savings_investment,NPU_00144,savings_investment,332.94
BUD_NPU_00144_entertainment,NPU_00144,entertainment,4577.95
BUD_NPU_00144_miscellaneous,NPU_00144,miscellaneous,4161.77
BUD_NPU_00145_rent,NPU_00145,rent,319.29
BUD_NPU_00145_groceries,NPU_00145,groceries,21552.09
BUD_NPU_00145_restaurants_cafes,NPU_00145,restaurants_cafes,44062.05
BUD_NPU_00145_transport_public,NPU_00145,transport_public,19955.64
BUD_NPU_00145_transport_ride_hailing,NPU_00145,transport_ride_hailing,11175.16
BUD_NPU_00145_fuel,NPU_00145,fuel,7184.03
BUD_NPU_00145_internet_mobile,NPU_00145,internet_mobile,1915.74
BUD_NPU_00145_utilities,NPU_00145,utilities,1596.45
BUD_NPU_00145_education,NPU_00145,education,1117.52
BUD_NPU_00145_health,NPU_00145,health,2873.61
BUD_NPU_00145_family_support,NPU_00145,family_support,798.23
BUD_NPU_00145_loan_emi,NPU_00145,loan_emi,478.94
BUD_NPU_00145_festivals_gifts,NPU_00145,festivals_gifts,1117.52
BUD_NPU_00145_clothing,NPU_00145,clothing,4470.06
BUD_NPU_00145_travel,NPU_00145,travel,838.14
BUD_NPU_00145_subscriptions,NPU_00145,subscriptions,1277.16
BUD_NPU_00145_savings_investment,NPU_00145,savings_investment,638.58
BUD_NPU_00145_entertainment,NPU_00145,entertainment,16682.92
BUD_NPU_00145_miscellaneous,NPU_00145,miscellaneous,7982.26
BUD_NPU_00146_rent,NPU_00146,rent,375.06
BUD_NPU_00146_groceries,NPU_00146,groceries,25316.54
BUD_NPU_00146_restaurants_cafes,NPU_00146,restaurants_cafes,30192.32
BUD_NPU_00146_transport_public,NPU_00146,transport_public,23441.24
BUD_NPU_00146_transport_ride_hailing,NPU_00146,transport_ride_hailing,13127.09
BUD_NPU_00146_fuel,NPU_00146,fuel,16033.81
BUD_NPU_00146_internet_mobile,NPU_00146,internet_mobile,2250.36
BUD_NPU_00146_utilities,NPU_00146,utilities,1875.3
BUD_NPU_00146_education,NPU_00146,education,1312.71
BUD_NPU_00146_health,NPU_00146,health,3375.54
BUD_NPU_00146_family_support,NPU_00146,family_support,937.65
BUD_NPU_00146_loan_emi,NPU_00146,loan_emi,562.59
BUD_NPU_00146_festivals_gifts,NPU_00146,festivals_gifts,1312.71
BUD_NPU_00146_clothing,NPU_00146,clothing,5250.84
BUD_NPU_00146_travel,NPU_00146,travel,656.35
BUD_NPU_00146_subscriptions,NPU_00146,subscriptions,1500.24
BUD_NPU_00146_savings_investment,NPU_00146,savings_investment,750.12
BUD_NPU_00146_entertainment,NPU_00146,entertainment,10314.15
BUD_NPU_00146_miscellaneous,NPU_00146,miscellaneous,14064.74
BUD_NPU_00147_rent,NPU_00147,rent,97.47
BUD_NPU_00147_groceries,NPU_00147,groceries,6579.17
BUD_NPU_00147_restaurants_cafes,NPU_00147,restaurants_cafes,6725.38
BUD_NPU_00147_transport_public,NPU_00147,transport_public,12183.65
BUD_NPU_00147_transport_ride_hailing,NPU_00147,transport_ride_hailing,3411.42
BUD_NPU_00147_fuel,NPU_00147,fuel,2193.06
BUD_NPU_00147_internet_mobile,NPU_00147,internet_mobile,760.26
BUD_NPU_00147_utilities,NPU_00147,utilities,487.35
BUD_NPU_00147_education,NPU_00147,education,614.06
BUD_NPU_00147_health,NPU_00147,health,877.22
BUD_NPU_00147_family_support,NPU_00147,family_support,243.67
BUD_NPU_00147_loan_emi,NPU_00147,loan_emi,146.2
BUD_NPU_00147_festivals_gifts,NPU_00147,festivals_gifts,341.14
BUD_NPU_00147_clothing,NPU_00147,clothing,1364.57
BUD_NPU_00147_travel,NPU_00147,travel,170.57
BUD_NPU_00147_subscriptions,NPU_00147,subscriptions,389.88
BUD_NPU_00147_savings_investment,NPU_00147,savings_investment,194.94
BUD_NPU_00147_entertainment,NPU_00147,entertainment,2680.4
BUD_NPU_00147_miscellaneous,NPU_00147,miscellaneous,2436.73
BUD_NPU_00148_rent,NPU_00148,rent,309.89
BUD_NPU_00148_groceries,NPU_00148,groceries,20917.53
BUD_NPU_00148_restaurants_cafes,NPU_00148,restaurants_cafes,21382.37
BUD_NPU_00148_transport_public,NPU_00148,transport_public,19368.09
BUD_NPU_00148_transport_ride_hailing,NPU_00148,transport_ride_hailing,10846.13
BUD_NPU_00148_fuel,NPU_00148,fuel,6972.51
BUD_NPU_00148_internet_mobile,NPU_00148,internet_mobile,2789.0
BUD_NPU_00148_utilities,NPU_00148,utilities,1549.45
BUD_NPU_00148_education,NPU_00148,education,1084.61
BUD_NPU_00148_health,NPU_00148,health,2789.0
BUD_NPU_00148_family_support,NPU_00148,family_support,774.72
BUD_NPU_00148_loan_emi,NPU_00148,loan_emi,464.83
BUD_NPU_00148_festivals_gifts,NPU_00148,festivals_gifts,1084.61
BUD_NPU_00148_clothing,NPU_00148,clothing,4338.45
BUD_NPU_00148_travel,NPU_00148,travel,542.31
BUD_NPU_00148_subscriptions,NPU_00148,subscriptions,1983.29
BUD_NPU_00148_savings_investment,NPU_00148,savings_investment,619.78
BUD_NPU_00148_entertainment,NPU_00148,entertainment,8521.96
BUD_NPU_00148_miscellaneous,NPU_00148,miscellaneous,7747.23
BUD_NPU_00149_rent,NPU_00149,rent,78.0
BUD_NPU_00149_groceries,NPU_00149,groceries,6844.53
BUD_NPU_00149_restaurants_cafes,NPU_00149,restaurants_cafes,4485.02
BUD_NPU_00149_transport_public,NPU_00149,transport_public,5850.03
BUD_NPU_00149_transport_ride_hailing,NPU_00149,transport_ride_hailing,2730.01
BUD_NPU_00149_fuel,NPU_00149,fuel,1755.01
BUD_NPU_00149_internet_mobile,NPU_00149,internet_mobile,561.6
BUD_NPU_00149_utilities,NPU_00149,utilities,390.0
BUD_NPU_00149_education,NPU_00149,education,273.0
BUD_NPU_00149_health,NPU_00149,health,702.0
BUD_NPU_00149_family_support,NPU_00149,family_support,195.0
BUD_NPU_00149_loan_emi,NPU_00149,loan_emi,117.0
BUD_NPU_00149_festivals_gifts,NPU_00149,festivals_gifts,273.0
BUD_NPU_00149_clothing,NPU_00149,clothing,1092.01
BUD_NPU_00149_travel,NPU_00149,travel,136.5
BUD_NPU_00149_subscriptions,NPU_00149,subscriptions,312.0
BUD_NPU_00149_savings_investment,NPU_00149,savings_investment,156.0
BUD_NPU_00149_entertainment,NPU_00149,entertainment,2145.01
BUD_NPU_00149_miscellaneous,NPU_00149,miscellaneous,1950.01
BUD_NPU_00150_rent,NPU_00150,rent,261.13
BUD_NPU_00150_groceries,NPU_00150,groceries,8012.04
BUD_NPU_00150_restaurants_cafes,NPU_00150,restaurants_cafes,6825.07
BUD_NPU_00150_transport_public,NPU_00150,transport_public,9644.12
BUD_NPU_00150_transport_ride_hailing,NPU_00150,transport_ride_hailing,4154.39
BUD_NPU_00150_fuel,NPU_00150,fuel,2670.68
BUD_NPU_00150_internet_mobile,NPU_00150,internet_mobile,712.18
BUD_NPU_00150_utilities,NPU_00150,utilities,830.88
BUD_NPU_00150_education,NPU_00150,education,415.44
BUD_NPU_00150_health,NPU_00150,health,1068.27
BUD_NPU_00150_family_support,NPU_00150,family_support,296.74
BUD_NPU_00150_loan_emi,NPU_00150,loan_emi,178.05
BUD_NPU_00150_festivals_gifts,NPU_00150,festivals_gifts,415.44
BUD_NPU_00150_clothing,NPU_00150,clothing,1661.76
BUD_NPU_00150_travel,NPU_00150,travel,207.72
BUD_NPU_00150_subscriptions,NPU_00150,subscriptions,474.79
BUD_NPU_00150_savings_investment,NPU_00150,savings_investment,237.39
BUD_NPU_00150_entertainment,NPU_00150,entertainment,3264.16
BUD_NPU_00150_miscellaneous,NPU_00150,miscellaneous,2967.42
BUD_NPU_00151_rent,NPU_00151,rent,839.79
BUD_NPU_00151_groceries,NPU_00151,groceries,56685.52
BUD_NPU_00151_restaurants_cafes,NPU_00151,restaurants_cafes,67602.73
BUD_NPU_00151_transport_public,NPU_00151,transport_public,52486.59
BUD_NPU_00151_transport_ride_hailing,NPU_00151,transport_ride_hailing,29392.49
BUD_NPU_00151_fuel,NPU_00151,fuel,35900.83
BUD_NPU_00151_internet_mobile,NPU_00151,internet_mobile,5038.71
BUD_NPU_00151_utilities,NPU_00151,utilities,4198.93
BUD_NPU_00151_education,NPU_00151,education,2939.25
BUD_NPU_00151_health,NPU_00151,health,7558.07
BUD_NPU_00151_family_support,NPU_00151,family_support,2099.46
BUD_NPU_00151_loan_emi,NPU_00151,loan_emi,1259.68
BUD_NPU_00151_festivals_gifts,NPU_00151,festivals_gifts,2939.25
BUD_NPU_00151_clothing,NPU_00151,clothing,11757.0
BUD_NPU_00151_travel,NPU_00151,travel,1469.62
BUD_NPU_00151_subscriptions,NPU_00151,subscriptions,3359.14
BUD_NPU_00151_savings_investment,NPU_00151,savings_investment,1679.57
BUD_NPU_00151_entertainment,NPU_00151,entertainment,23094.1
BUD_NPU_00151_miscellaneous,NPU_00151,miscellaneous,31491.96
BUD_NPU_00152_rent,NPU_00152,rent,218.09
BUD_NPU_00152_groceries,NPU_00152,groceries,14721.01
BUD_NPU_00152_restaurants_cafes,NPU_00152,restaurants_cafes,15048.14
BUD_NPU_00152_transport_public,NPU_00152,transport_public,13630.56
BUD_NPU_00152_transport_ride_hailing,NPU_00152,transport_ride_hailing,7633.12
BUD_NPU_00152_fuel,NPU_00152,fuel,4907.0
BUD_NPU_00152_internet_mobile,NPU_00152,internet_mobile,1962.8
BUD_NPU_00152_utilities,NPU_00152,utilities,1090.45
BUD_NPU_00152_education,NPU_00152,education,763.31
BUD_NPU_00152_health,NPU_00152,health,1962.8
BUD_NPU_00152_family_support,NPU_00152,family_support,545.22
BUD_NPU_00152_loan_emi,NPU_00152,loan_emi,327.13
BUD_NPU_00152_festivals_gifts,NPU_00152,festivals_gifts,763.31
BUD_NPU_00152_clothing,NPU_00152,clothing,3053.25
BUD_NPU_00152_travel,NPU_00152,travel,381.66
BUD_NPU_00152_subscriptions,NPU_00152,subscriptions,1395.77
BUD_NPU_00152_savings_investment,NPU_00152,savings_investment,436.18
BUD_NPU_00152_entertainment,NPU_00152,entertainment,5997.45
BUD_NPU_00152_miscellaneous,NPU_00152,miscellaneous,5452.23
BUD_NPU_00153_rent,NPU_00153,rent,39.47
BUD_NPU_00153_groceries,NPU_00153,groceries,2664.42
BUD_NPU_00153_restaurants_cafes,NPU_00153,restaurants_cafes,2723.63
BUD_NPU_00153_transport_public,NPU_00153,transport_public,4934.11
BUD_NPU_00153_transport_ride_hailing,NPU_00153,transport_ride_hailing,1381.55
BUD_NPU_00153_fuel,NPU_00153,fuel,888.14
BUD_NPU_00153_internet_mobile,NPU_00153,internet_mobile,307.89
BUD_NPU_00153_utilities,NPU_00153,utilities,197.36
BUD_NPU_00153_education,NPU_00153,education,248.68
BUD_NPU_00153_health,NPU_00153,health,355.26
BUD_NPU_00153_family_support,NPU_00153,family_support,98.68
BUD_NPU_00153_loan_emi,NPU_00153,loan_emi,59.21
BUD_NPU_00153_festivals_gifts,NPU_00153,festivals_gifts,138.16
BUD_NPU_00153_clothing,NPU_00153,clothing,552.62
BUD_NPU_00153_travel,NPU_00153,travel,69.08
BUD_NPU_00153_subscriptions,NPU_00153,subscriptions,157.89
BUD_NPU_00153_savings_investment,NPU_00153,savings_investment,78.95
BUD_NPU_00153_entertainment,NPU_00153,entertainment,1085.5
BUD_NPU_00153_miscellaneous,NPU_00153,miscellaneous,986.82
BUD_NPU_00154_rent,NPU_00154,rent,110.01
BUD_NPU_00154_groceries,NPU_00154,groceries,9653.53
BUD_NPU_00154_restaurants_cafes,NPU_00154,restaurants_cafes,6325.67
BUD_NPU_00154_transport_public,NPU_00154,transport_public,8250.88
BUD_NPU_00154_transport_ride_hailing,NPU_00154,transport_ride_hailing,3850.41
BUD_NPU_00154_fuel,NPU_00154,fuel,2475.26
BUD_NPU_00154_internet_mobile,NPU_00154,internet_mobile,792.08
BUD_NPU_00154_utilities,NPU_00154,utilities,550.06
BUD_NPU_00154_education,NPU_00154,education,385.04
BUD_NPU_00154_health,NPU_00154,health,990.11
BUD_NPU_00154_family_support,NPU_00154,family_support,275.03
BUD_NPU_00154_loan_emi,NPU_00154,loan_emi,165.02
BUD_NPU_00154_festivals_gifts,NPU_00154,festivals_gifts,385.04
BUD_NPU_00154_clothing,NPU_00154,clothing,1540.16
BUD_NPU_00154_travel,NPU_00154,travel,192.52
BUD_NPU_00154_subscriptions,NPU_00154,subscriptions,440.05
BUD_NPU_00154_savings_investment,NPU_00154,savings_investment,220.02
BUD_NPU_00154_entertainment,NPU_00154,entertainment,3025.32
BUD_NPU_00154_miscellaneous,NPU_00154,miscellaneous,2750.29
BUD_NPU_00155_rent,NPU_00155,rent,311.39
BUD_NPU_00155_groceries,NPU_00155,groceries,9554.15
BUD_NPU_00155_restaurants_cafes,NPU_00155,restaurants_cafes,8138.72
BUD_NPU_00155_transport_public,NPU_00155,transport_public,11500.37
BUD_NPU_00155_transport_ride_hailing,NPU_00155,transport_ride_hailing,4954.0
BUD_NPU_00155_fuel,NPU_00155,fuel,3184.72
BUD_NPU_00155_internet_mobile,NPU_00155,internet_mobile,849.26
BUD_NPU_00155_utilities,NPU_00155,utilities,990.8
BUD_NPU_00155_education,NPU_00155,education,495.4
BUD_NPU_00155_health,NPU_00155,health,1273.89
BUD_NPU_00155_family_support,NPU_00155,family_support,353.86
BUD_NPU_00155_loan_emi,NPU_00155,loan_emi,212.31
BUD_NPU_00155_festivals_gifts,NPU_00155,festivals_gifts,495.4
BUD_NPU_00155_clothing,NPU_00155,clothing,1981.6
BUD_NPU_00155_travel,NPU_00155,travel,247.7
BUD_NPU_00155_subscriptions,NPU_00155,subscriptions,566.17
BUD_NPU_00155_savings_investment,NPU_00155,savings_investment,283.09
BUD_NPU_00155_entertainment,NPU_00155,entertainment,3892.43
BUD_NPU_00155_miscellaneous,NPU_00155,miscellaneous,3538.57
BUD_NPU_00156_rent,NPU_00156,rent,174.94
BUD_NPU_00156_groceries,NPU_00156,groceries,11808.39
BUD_NPU_00156_restaurants_cafes,NPU_00156,restaurants_cafes,12070.8
BUD_NPU_00156_transport_public,NPU_00156,transport_public,10933.7
BUD_NPU_00156_transport_ride_hailing,NPU_00156,transport_ride_hailing,6122.87
BUD_NPU_00156_fuel,NPU_00156,fuel,3936.13
BUD_NPU_00156_internet_mobile,NPU_00156,internet_mobile,1574.45
BUD_NPU_00156_utilities,NPU_00156,utilities,874.7
BUD_NPU_00156_education,NPU_00156,education,612.29
BUD_NPU_00156_health,NPU_00156,health,1574.45
BUD_NPU_00156_family_support,NPU_00156,family_support,437.35
BUD_NPU_00156_loan_emi,NPU_00156,loan_emi,262.41
BUD_NPU_00156_festivals_gifts,NPU_00156,festivals_gifts,612.29
BUD_NPU_00156_clothing,NPU_00156,clothing,2449.15
BUD_NPU_00156_travel,NPU_00156,travel,306.14
BUD_NPU_00156_subscriptions,NPU_00156,subscriptions,1119.61
BUD_NPU_00156_savings_investment,NPU_00156,savings_investment,349.88
BUD_NPU_00156_entertainment,NPU_00156,entertainment,4810.83
BUD_NPU_00156_miscellaneous,NPU_00156,miscellaneous,4373.48
BUD_NPU_00157_rent,NPU_00157,rent,140.58
BUD_NPU_00157_groceries,NPU_00157,groceries,9489.01
BUD_NPU_00157_restaurants_cafes,NPU_00157,restaurants_cafes,9699.87
BUD_NPU_00157_transport_public,NPU_00157,transport_public,17572.24
BUD_NPU_00157_transport_ride_hailing,NPU_00157,transport_ride_hailing,4920.23
BUD_NPU_00157_fuel,NPU_00157,fuel,3163.0
BUD_NPU_00157_internet_mobile,NPU_00157,internet_mobile,1096.51
BUD_NPU_00157_utilities,NPU_00157,utilities,702.89
BUD_NPU_00157_education,NPU_00157,education,885.64
BUD_NPU_00157_health,NPU_00157,health,1265.2
BUD_NPU_00157_family_support,NPU_00157,family_support,351.44
BUD_NPU_00157_loan_emi,NPU_00157,loan_emi,210.87
BUD_NPU_00157_festivals_gifts,NPU_00157,festivals_gifts,492.02
BUD_NPU_00157_clothing,NPU_00157,clothing,1968.09
BUD_NPU_00157_travel,NPU_00157,travel,246.01
BUD_NPU_00157_subscriptions,NPU_00157,subscriptions,562.31
BUD_NPU_00157_savings_investment,NPU_00157,savings_investment,281.16
BUD_NPU_00157_entertainment,NPU_00157,entertainment,3865.89
BUD_NPU_00157_miscellaneous,NPU_00157,miscellaneous,3514.45
BUD_NPU_00158_rent,NPU_00158,rent,448.51
BUD_NPU_00158_groceries,NPU_00158,groceries,30274.59
BUD_NPU_00158_restaurants_cafes,NPU_00158,restaurants_cafes,36105.25
BUD_NPU_00158_transport_public,NPU_00158,transport_public,28032.03
BUD_NPU_00158_transport_ride_hailing,NPU_00158,transport_ride_hailing,15697.94
BUD_NPU_00158_fuel,NPU_00158,fuel,19173.91
BUD_NPU_00158_internet_mobile,NPU_00158,internet_mobile,2691.07
BUD_NPU_00158_utilities,NPU_00158,utilities,2242.56
BUD_NPU_00158_education,NPU_00158,education,1569.79
BUD_NPU_00158_health,NPU_00158,health,4036.61
BUD_NPU_00158_family_support,NPU_00158,family_support,1121.28
BUD_NPU_00158_loan_emi,NPU_00158,loan_emi,672.77
BUD_NPU_00158_festivals_gifts,NPU_00158,festivals_gifts,1569.79
BUD_NPU_00158_clothing,NPU_00158,clothing,6279.17
BUD_NPU_00158_travel,NPU_00158,travel,784.9
BUD_NPU_00158_subscriptions,NPU_00158,subscriptions,1794.05
BUD_NPU_00158_savings_investment,NPU_00158,savings_investment,897.02
BUD_NPU_00158_entertainment,NPU_00158,entertainment,12334.09
BUD_NPU_00158_miscellaneous,NPU_00158,miscellaneous,16819.22
BUD_NPU_00159_rent,NPU_00159,rent,555.5
BUD_NPU_00159_groceries,NPU_00159,groceries,37496.09
BUD_NPU_00159_restaurants_cafes,NPU_00159,restaurants_cafes,38329.33
BUD_NPU_00159_transport_public,NPU_00159,transport_public,34718.6
BUD_NPU_00159_transport_ride_hailing,NPU_00159,transport_ride_hailing,19442.41
BUD_NPU_00159_fuel,NPU_00159,fuel,12498.7
BUD_NPU_00159_internet_mobile,NPU_00159,internet_mobile,4999.48
BUD_NPU_00159_utilities,NPU_00159,utilities,2777.49
BUD_NPU_00159_education,NPU_00159,education,1944.24
BUD_NPU_00159_health,NPU_00159,health,4999.48
BUD_NPU_00159_family_support,NPU_00159,family_support,1388.74
BUD_NPU_00159_loan_emi,NPU_00159,loan_emi,833.25
BUD_NPU_00159_festivals_gifts,NPU_00159,festivals_gifts,1944.24
BUD_NPU_00159_clothing,NPU_00159,clothing,7776.97
BUD_NPU_00159_travel,NPU_00159,travel,972.12
BUD_NPU_00159_subscriptions,NPU_00159,subscriptions,3555.18
BUD_NPU_00159_savings_investment,NPU_00159,savings_investment,1111.0
BUD_NPU_00159_entertainment,NPU_00159,entertainment,15276.18
BUD_NPU_00159_miscellaneous,NPU_00159,miscellaneous,13887.44
BUD_NPU_00160_rent,NPU_00160,rent,246.41
BUD_NPU_00160_groceries,NPU_00160,groceries,16632.9
BUD_NPU_00160_restaurants_cafes,NPU_00160,restaurants_cafes,14168.77
BUD_NPU_00160_transport_public,NPU_00160,transport_public,15400.83
BUD_NPU_00160_transport_ride_hailing,NPU_00160,transport_ride_hailing,8624.47
BUD_NPU_00160_fuel,NPU_00160,fuel,5544.3
BUD_NPU_00160_internet_mobile,NPU_00160,internet_mobile,1478.48
BUD_NPU_00160_utilities,NPU_00160,utilities,1232.07
BUD_NPU_00160_education,NPU_00160,education,1207.43
BUD_NPU_00160_health,NPU_00160,health,2661.26
BUD_NPU_00160_family_support,NPU_00160,family_support,1724.89
BUD_NPU_00160_loan_emi,NPU_00160,loan_emi,369.62
BUD_NPU_00160_festivals_gifts,NPU_00160,festivals_gifts,862.45
BUD_NPU_00160_clothing,NPU_00160,clothing,3449.79
BUD_NPU_00160_travel,NPU_00160,travel,431.22
BUD_NPU_00160_subscriptions,NPU_00160,subscriptions,985.65
BUD_NPU_00160_savings_investment,NPU_00160,savings_investment,492.83
BUD_NPU_00160_entertainment,NPU_00160,entertainment,6776.37
BUD_NPU_00160_miscellaneous,NPU_00160,miscellaneous,6160.33
BUD_NPU_00161_rent,NPU_00161,rent,98.05
BUD_NPU_00161_groceries,NPU_00161,groceries,8604.1
BUD_NPU_00161_restaurants_cafes,NPU_00161,restaurants_cafes,5638.02
BUD_NPU_00161_transport_public,NPU_00161,transport_public,7353.93
BUD_NPU_00161_transport_ride_hailing,NPU_00161,transport_ride_hailing,3431.84
BUD_NPU_00161_fuel,NPU_00161,fuel,2206.18
BUD_NPU_00161_internet_mobile,NPU_00161,internet_mobile,705.98
BUD_NPU_00161_utilities,NPU_00161,utilities,490.26
BUD_NPU_00161_education,NPU_00161,education,343.18
BUD_NPU_00161_health,NPU_00161,health,882.47
BUD_NPU_00161_family_support,NPU_00161,family_support,245.13
BUD_NPU_00161_loan_emi,NPU_00161,loan_emi,147.08
BUD_NPU_00161_festivals_gifts,NPU_00161,festivals_gifts,343.18
BUD_NPU_00161_clothing,NPU_00161,clothing,1372.73
BUD_NPU_00161_travel,NPU_00161,travel,171.59
BUD_NPU_00161_subscriptions,NPU_00161,subscriptions,392.21
BUD_NPU_00161_savings_investment,NPU_00161,savings_investment,196.1
BUD_NPU_00161_entertainment,NPU_00161,entertainment,2696.44
BUD_NPU_00161_miscellaneous,NPU_00161,miscellaneous,2451.31
BUD_NPU_00162_rent,NPU_00162,rent,81.39
BUD_NPU_00162_groceries,NPU_00162,groceries,7142.27
BUD_NPU_00162_restaurants_cafes,NPU_00162,restaurants_cafes,4680.12
BUD_NPU_00162_transport_public,NPU_00162,transport_public,6104.51
BUD_NPU_00162_transport_ride_hailing,NPU_00162,transport_ride_hailing,2848.77
BUD_NPU_00162_fuel,NPU_00162,fuel,1831.35
BUD_NPU_00162_internet_mobile,NPU_00162,internet_mobile,586.03
BUD_NPU_00162_utilities,NPU_00162,utilities,406.97
BUD_NPU_00162_education,NPU_00162,education,284.88
BUD_NPU_00162_health,NPU_00162,health,732.54
BUD_NPU_00162_family_support,NPU_00162,family_support,203.48
BUD_NPU_00162_loan_emi,NPU_00162,loan_emi,122.09
BUD_NPU_00162_festivals_gifts,NPU_00162,festivals_gifts,284.88
BUD_NPU_00162_clothing,NPU_00162,clothing,1139.51
BUD_NPU_00162_travel,NPU_00162,travel,142.44
BUD_NPU_00162_subscriptions,NPU_00162,subscriptions,325.57
BUD_NPU_00162_savings_investment,NPU_00162,savings_investment,162.79
BUD_NPU_00162_entertainment,NPU_00162,entertainment,2238.32
BUD_NPU_00162_miscellaneous,NPU_00162,miscellaneous,2034.84
BUD_NPU_00163_rent,NPU_00163,rent,124.36
BUD_NPU_00163_groceries,NPU_00163,groceries,10913.01
BUD_NPU_00163_restaurants_cafes,NPU_00163,restaurants_cafes,7150.98
BUD_NPU_00163_transport_public,NPU_00163,transport_public,9327.36
BUD_NPU_00163_transport_ride_hailing,NPU_00163,transport_ride_hailing,4352.77
BUD_NPU_00163_fuel,NPU_00163,fuel,2798.21
BUD_NPU_00163_internet_mobile,NPU_00163,internet_mobile,895.43
BUD_NPU_00163_utilities,NPU_00163,utilities,621.82
BUD_NPU_00163_education,NPU_00163,education,435.28
BUD_NPU_00163_health,NPU_00163,health,1119.28
BUD_NPU_00163_family_support,NPU_00163,family_support,310.91
BUD_NPU_00163_loan_emi,NPU_00163,loan_emi,186.55
BUD_NPU_00163_festivals_gifts,NPU_00163,festivals_gifts,435.28
BUD_NPU_00163_clothing,NPU_00163,clothing,1741.11
BUD_NPU_00163_travel,NPU_00163,travel,217.64
BUD_NPU_00163_subscriptions,NPU_00163,subscriptions,497.46
BUD_NPU_00163_savings_investment,NPU_00163,savings_investment,248.73
BUD_NPU_00163_entertainment,NPU_00163,entertainment,3420.03
BUD_NPU_00163_miscellaneous,NPU_00163,miscellaneous,3109.12
BUD_NPU_00164_rent,NPU_00164,rent,38.27
BUD_NPU_00164_groceries,NPU_00164,groceries,2583.2
BUD_NPU_00164_restaurants_cafes,NPU_00164,restaurants_cafes,2640.6
BUD_NPU_00164_transport_public,NPU_00164,transport_public,4783.7
BUD_NPU_00164_transport_ride_hailing,NPU_00164,transport_ride_hailing,1339.44
BUD_NPU_00164_fuel,NPU_00164,fuel,861.07
BUD_NPU_00164_internet_mobile,NPU_00164,internet_mobile,298.5
BUD_NPU_00164_utilities,NPU_00164,utilities,191.35
BUD_NPU_00164_education,NPU_00164,education,241.1
BUD_NPU_00164_health,NPU_00164,health,344.43
BUD_NPU_00164_family_support,NPU_00164,family_support,95.67
BUD_NPU_00164_loan_emi,NPU_00164,loan_emi,57.4
BUD_NPU_00164_festivals_gifts,NPU_00164,festivals_gifts,133.94
BUD_NPU_00164_clothing,NPU_00164,clothing,535.77
BUD_NPU_00164_travel,NPU_00164,travel,66.97
BUD_NPU_00164_subscriptions,NPU_00164,subscriptions,153.08
BUD_NPU_00164_savings_investment,NPU_00164,savings_investment,76.54
BUD_NPU_00164_entertainment,NPU_00164,entertainment,1052.41
BUD_NPU_00164_miscellaneous,NPU_00164,miscellaneous,956.74
BUD_NPU_00165_rent,NPU_00165,rent,143.18
BUD_NPU_00165_groceries,NPU_00165,groceries,9664.42
BUD_NPU_00165_restaurants_cafes,NPU_00165,restaurants_cafes,8232.65
BUD_NPU_00165_transport_public,NPU_00165,transport_public,8948.53
BUD_NPU_00165_transport_ride_hailing,NPU_00165,transport_ride_hailing,5011.18
BUD_NPU_00165_fuel,NPU_00165,fuel,3221.47
BUD_NPU_00165_internet_mobile,NPU_00165,internet_mobile,859.06
BUD_NPU_00165_utilities,NPU_00165,utilities,715.88
BUD_NPU_00165_education,NPU_00165,education,501.12
BUD_NPU_00165_health,NPU_00165,health,1288.59
BUD_NPU_00165_family_support,NPU_00165,family_support,357.94
BUD_NPU_00165_loan_emi,NPU_00165,loan_emi,214.76
BUD_NPU_00165_festivals_gifts,NPU_00165,festivals_gifts,1252.79
BUD_NPU_00165_clothing,NPU_00165,clothing,3407.6
BUD_NPU_00165_travel,NPU_00165,travel,350.78
BUD_NPU_00165_subscriptions,NPU_00165,subscriptions,572.71
BUD_NPU_00165_savings_investment,NPU_00165,savings_investment,286.35
BUD_NPU_00165_entertainment,NPU_00165,entertainment,3937.36
BUD_NPU_00165_miscellaneous,NPU_00165,miscellaneous,3579.41
BUD_NPU_00166_rent,NPU_00166,rent,118.5
BUD_NPU_00166_groceries,NPU_00166,groceries,10398.47
BUD_NPU_00166_restaurants_cafes,NPU_00166,restaurants_cafes,6813.81
BUD_NPU_00166_transport_public,NPU_00166,transport_public,8887.58
BUD_NPU_00166_transport_ride_hailing,NPU_00166,transport_ride_hailing,4147.54
BUD_NPU_00166_fuel,NPU_00166,fuel,2666.27
BUD_NPU_00166_internet_mobile,NPU_00166,internet_mobile,853.21
BUD_NPU_00166_utilities,NPU_00166,utilities,592.51
BUD_NPU_00166_education,NPU_00166,education,414.75
BUD_NPU_00166_health,NPU_00166,health,1066.51
BUD_NPU_00166_family_support,NPU_00166,family_support,296.25
BUD_NPU_00166_loan_emi,NPU_00166,loan_emi,177.75
BUD_NPU_00166_festivals_gifts,NPU_00166,festivals_gifts,414.75
BUD_NPU_00166_clothing,NPU_00166,clothing,1659.01
BUD_NPU_00166_travel,NPU_00166,travel,207.38
BUD_NPU_00166_subscriptions,NPU_00166,subscriptions,474.0
BUD_NPU_00166_savings_investment,NPU_00166,savings_investment,237.0
BUD_NPU_00166_entertainment,NPU_00166,entertainment,3258.78
BUD_NPU_00166_miscellaneous,NPU_00166,miscellaneous,2962.53
BUD_NPU_00167_rent,NPU_00167,rent,255.21
BUD_NPU_00167_groceries,NPU_00167,groceries,17226.36
BUD_NPU_00167_restaurants_cafes,NPU_00167,restaurants_cafes,17609.17
BUD_NPU_00167_transport_public,NPU_00167,transport_public,15950.34
BUD_NPU_00167_transport_ride_hailing,NPU_00167,transport_ride_hailing,8932.19
BUD_NPU_00167_fuel,NPU_00167,fuel,5742.12
BUD_NPU_00167_internet_mobile,NPU_00167,internet_mobile,2296.85
BUD_NPU_00167_utilities,NPU_00167,utilities,1276.03
BUD_NPU_00167_education,NPU_00167,education,893.22
BUD_NPU_00167_health,NPU_00167,health,2296.85
BUD_NPU_00167_family_support,NPU_00167,family_support,638.01
BUD_NPU_00167_loan_emi,NPU_00167,loan_emi,382.81
BUD_NPU_00167_festivals_gifts,NPU_00167,festivals_gifts,893.22
BUD_NPU_00167_clothing,NPU_00167,clothing,3572.88
BUD_NPU_00167_travel,NPU_00167,travel,446.61
BUD_NPU_00167_subscriptions,NPU_00167,subscriptions,1633.31
BUD_NPU_00167_savings_investment,NPU_00167,savings_investment,510.41
BUD_NPU_00167_entertainment,NPU_00167,entertainment,7018.15
BUD_NPU_00167_miscellaneous,NPU_00167,miscellaneous,6380.13
BUD_NPU_00168_rent,NPU_00168,rent,109.15
BUD_NPU_00168_groceries,NPU_00168,groceries,7367.59
BUD_NPU_00168_restaurants_cafes,NPU_00168,restaurants_cafes,15062.63
BUD_NPU_00168_transport_public,NPU_00168,transport_public,6821.84
BUD_NPU_00168_transport_ride_hailing,NPU_00168,transport_ride_hailing,3820.23
BUD_NPU_00168_fuel,NPU_00168,fuel,2455.86
BUD_NPU_00168_internet_mobile,NPU_00168,internet_mobile,654.9
BUD_NPU_00168_utilities,NPU_00168,utilities,545.75
BUD_NPU_00168_education,NPU_00168,education,382.02
BUD_NPU_00168_health,NPU_00168,health,982.35
BUD_NPU_00168_family_support,NPU_00168,family_support,272.87
BUD_NPU_00168_loan_emi,NPU_00168,loan_emi,163.72
BUD_NPU_00168_festivals_gifts,NPU_00168,festivals_gifts,382.02
BUD_NPU_00168_clothing,NPU_00168,clothing,1528.09
BUD_NPU_00168_travel,NPU_00168,travel,286.52
BUD_NPU_00168_subscriptions,NPU_00168,subscriptions,436.6
BUD_NPU_00168_savings_investment,NPU_00168,savings_investment,218.3
BUD_NPU_00168_entertainment,NPU_00168,entertainment,5703.06
BUD_NPU_00168_miscellaneous,NPU_00168,miscellaneous,2728.74
BUD_NPU_00169_rent,NPU_00169,rent,137.59
BUD_NPU_00169_groceries,NPU_00169,groceries,9287.16
BUD_NPU_00169_restaurants_cafes,NPU_00169,restaurants_cafes,18987.09
BUD_NPU_00169_transport_public,NPU_00169,transport_public,8599.23
BUD_NPU_00169_transport_ride_hailing,NPU_00169,transport_ride_hailing,4815.57
BUD_NPU_00169_fuel,NPU_00169,fuel,3095.72
BUD_NPU_00169_internet_mobile,NPU_00169,internet_mobile,825.53
BUD_NPU_00169_utilities,NPU_00169,utilities,687.94
BUD_NPU_00169_education,NPU_00169,education,481.56
BUD_NPU_00169_health,NPU_00169,health,1238.29
BUD_NPU_00169_family_support,NPU_00169,family_support,343.97
BUD_NPU_00169_loan_emi,NPU_00169,loan_emi,206.38
BUD_NPU_00169_festivals_gifts,NPU_00169,festivals_gifts,481.56
BUD_NPU_00169_clothing,NPU_00169,clothing,1926.23
BUD_NPU_00169_travel,NPU_00169,travel,361.17
BUD_NPU_00169_subscriptions,NPU_00169,subscriptions,550.35
BUD_NPU_00169_savings_investment,NPU_00169,savings_investment,275.18
BUD_NPU_00169_entertainment,NPU_00169,entertainment,7188.95
BUD_NPU_00169_miscellaneous,NPU_00169,miscellaneous,3439.69
BUD_NPU_00170_rent,NPU_00170,rent,94.7
BUD_NPU_00170_groceries,NPU_00170,groceries,8309.77
BUD_NPU_00170_restaurants_cafes,NPU_00170,restaurants_cafes,5445.15
BUD_NPU_00170_transport_public,NPU_00170,transport_public,7102.37
BUD_NPU_00170_transport_ride_hailing,NPU_00170,transport_ride_hailing,3314.44
BUD_NPU_00170_fuel,NPU_00170,fuel,2130.71
BUD_NPU_00170_internet_mobile,NPU_00170,internet_mobile,681.83
BUD_NPU_00170_utilities,NPU_00170,utilities,473.49
BUD_NPU_00170_education,NPU_00170,education,331.44
BUD_NPU_00170_health,NPU_00170,health,852.28
BUD_NPU_00170_family_support,NPU_00170,family_support,236.75
BUD_NPU_00170_loan_emi,NPU_00170,loan_emi,142.05
BUD_NPU_00170_festivals_gifts,NPU_00170,festivals_gifts,331.44
BUD_NPU_00170_clothing,NPU_00170,clothing,1325.78
BUD_NPU_00170_travel,NPU_00170,travel,165.72
BUD_NPU_00170_subscriptions,NPU_00170,subscriptions,378.79
BUD_NPU_00170_savings_investment,NPU_00170,savings_investment,189.4
BUD_NPU_00170_entertainment,NPU_00170,entertainment,2604.2
BUD_NPU_00170_miscellaneous,NPU_00170,miscellaneous,2367.46
BUD_NPU_00171_rent,NPU_00171,rent,264.35
BUD_NPU_00171_groceries,NPU_00171,groceries,23196.45
BUD_NPU_00171_restaurants_cafes,NPU_00171,restaurants_cafes,15199.95
BUD_NPU_00171_transport_public,NPU_00171,transport_public,19826.02
BUD_NPU_00171_transport_ride_hailing,NPU_00171,transport_ride_hailing,9252.14
BUD_NPU_00171_fuel,NPU_00171,fuel,5947.81
BUD_NPU_00171_internet_mobile,NPU_00171,internet_mobile,1903.3
BUD_NPU_00171_utilities,NPU_00171,utilities,1321.73
BUD_NPU_00171_education,NPU_00171,education,925.21
BUD_NPU_00171_health,NPU_00171,health,2379.12
BUD_NPU_00171_family_support,NPU_00171,family_support,660.87
BUD_NPU_00171_loan_emi,NPU_00171,loan_emi,396.52
BUD_NPU_00171_festivals_gifts,NPU_00171,festivals_gifts,925.21
BUD_NPU_00171_clothing,NPU_00171,clothing,3700.86
BUD_NPU_00171_travel,NPU_00171,travel,462.61
BUD_NPU_00171_subscriptions,NPU_00171,subscriptions,1057.39
BUD_NPU_00171_savings_investment,NPU_00171,savings_investment,528.69
BUD_NPU_00171_entertainment,NPU_00171,entertainment,7269.54
BUD_NPU_00171_miscellaneous,NPU_00171,miscellaneous,6608.67
BUD_NPU_00172_rent,NPU_00172,rent,122.03
BUD_NPU_00172_groceries,NPU_00172,groceries,10708.18
BUD_NPU_00172_restaurants_cafes,NPU_00172,restaurants_cafes,7016.75
BUD_NPU_00172_transport_public,NPU_00172,transport_public,9152.29
BUD_NPU_00172_transport_ride_hailing,NPU_00172,transport_ride_hailing,4271.07
BUD_NPU_00172_fuel,NPU_00172,fuel,2745.69
BUD_NPU_00172_internet_mobile,NPU_00172,internet_mobile,878.62
BUD_NPU_00172_utilities,NPU_00172,utilities,610.15
BUD_NPU_00172_education,NPU_00172,education,427.11
BUD_NPU_00172_health,NPU_00172,health,1098.27
BUD_NPU_00172_family_support,NPU_00172,family_support,305.08
BUD_NPU_00172_loan_emi,NPU_00172,loan_emi,183.05
BUD_NPU_00172_festivals_gifts,NPU_00172,festivals_gifts,427.11
BUD_NPU_00172_clothing,NPU_00172,clothing,1708.43
BUD_NPU_00172_travel,NPU_00172,travel,213.55
BUD_NPU_00172_subscriptions,NPU_00172,subscriptions,488.12
BUD_NPU_00172_savings_investment,NPU_00172,savings_investment,244.06
BUD_NPU_00172_entertainment,NPU_00172,entertainment,3355.84
BUD_NPU_00172_miscellaneous,NPU_00172,miscellaneous,3050.76
BUD_NPU_00173_rent,NPU_00173,rent,483.62
BUD_NPU_00173_groceries,NPU_00173,groceries,32644.52
BUD_NPU_00173_restaurants_cafes,NPU_00173,restaurants_cafes,66739.91
BUD_NPU_00173_transport_public,NPU_00173,transport_public,30226.41
BUD_NPU_00173_transport_ride_hailing,NPU_00173,transport_ride_hailing,16926.79
BUD_NPU_00173_fuel,NPU_00173,fuel,10881.51
BUD_NPU_00173_internet_mobile,NPU_00173,internet_mobile,2901.74
BUD_NPU_00173_utilities,NPU_00173,utilities,2418.11
BUD_NPU_00173_education,NPU_00173,education,1692.68
BUD_NPU_00173_health,NPU_00173,health,4352.6
BUD_NPU_00173_family_support,NPU_00173,family_support,1209.06
BUD_NPU_00173_loan_emi,NPU_00173,loan_emi,725.43
BUD_NPU_00173_festivals_gifts,NPU_00173,festivals_gifts,1692.68
BUD_NPU_00173_clothing,NPU_00173,clothing,6770.72
BUD_NPU_00173_travel,NPU_00173,travel,1269.51
BUD_NPU_00173_subscriptions,NPU_00173,subscriptions,1934.49
BUD_NPU_00173_savings_investment,NPU_00173,savings_investment,967.25
BUD_NPU_00173_entertainment,NPU_00173,entertainment,25269.28
BUD_NPU_00173_miscellaneous,NPU_00173,miscellaneous,12090.56
BUD_NPU_00174_rent,NPU_00174,rent,70.98
BUD_NPU_00174_groceries,NPU_00174,groceries,4790.82
BUD_NPU_00174_restaurants_cafes,NPU_00174,restaurants_cafes,4897.29
BUD_NPU_00174_transport_public,NPU_00174,transport_public,8871.89
BUD_NPU_00174_transport_ride_hailing,NPU_00174,transport_ride_hailing,2484.13
BUD_NPU_00174_fuel,NPU_00174,fuel,1596.94
BUD_NPU_00174_internet_mobile,NPU_00174,internet_mobile,553.61
BUD_NPU_00174_utilities,NPU_00174,utilities,354.88
BUD_NPU_00174_education,NPU_00174,education,447.14
BUD_NPU_00174_health,NPU_00174,health,638.78
BUD_NPU_00174_family_support,NPU_00174,family_support,177.44
BUD_NPU_00174_loan_emi,NPU_00174,loan_emi,106.46
BUD_NPU_00174_festivals_gifts,NPU_00174,festivals_gifts,248.41
BUD_NPU_00174_clothing,NPU_00174,clothing,993.65
BUD_NPU_00174_travel,NPU_00174,travel,124.21
BUD_NPU_00174_subscriptions,NPU_00174,subscriptions,283.9
BUD_NPU_00174_savings_investment,NPU_00174,savings_investment,141.95
BUD_NPU_00174_entertainment,NPU_00174,entertainment,1951.82
BUD_NPU_00174_miscellaneous,NPU_00174,miscellaneous,1774.38
BUD_NPU_00175_rent,NPU_00175,rent,78.57
BUD_NPU_00175_groceries,NPU_00175,groceries,6894.69
BUD_NPU_00175_restaurants_cafes,NPU_00175,restaurants_cafes,4517.89
BUD_NPU_00175_transport_public,NPU_00175,transport_public,5892.9
BUD_NPU_00175_transport_ride_hailing,NPU_00175,transport_ride_hailing,2750.02
BUD_NPU_00175_fuel,NPU_00175,fuel,1767.87
BUD_NPU_00175_internet_mobile,NPU_00175,internet_mobile,565.72
BUD_NPU_00175_utilities,NPU_00175,utilities,392.86
BUD_NPU_00175_education,NPU_00175,education,275.0
BUD_NPU_00175_health,NPU_00175,health,707.15
BUD_NPU_00175_family_support,NPU_00175,family_support,196.43
BUD_NPU_00175_loan_emi,NPU_00175,loan_emi,117.86
BUD_NPU_00175_festivals_gifts,NPU_00175,festivals_gifts,275.0
BUD_NPU_00175_clothing,NPU_00175,clothing,1100.01
BUD_NPU_00175_travel,NPU_00175,travel,137.5
BUD_NPU_00175_subscriptions,NPU_00175,subscriptions,314.29
BUD_NPU_00175_savings_investment,NPU_00175,savings_investment,157.14
BUD_NPU_00175_entertainment,NPU_00175,entertainment,2160.73
BUD_NPU_00175_miscellaneous,NPU_00175,miscellaneous,1964.3
BUD_NPU_00176_rent,NPU_00176,rent,336.99
BUD_NPU_00176_groceries,NPU_00176,groceries,22747.03
BUD_NPU_00176_restaurants_cafes,NPU_00176,restaurants_cafes,19377.1
BUD_NPU_00176_transport_public,NPU_00176,transport_public,21062.06
BUD_NPU_00176_transport_ride_hailing,NPU_00176,transport_ride_hailing,11794.75
BUD_NPU_00176_fuel,NPU_00176,fuel,7582.34
BUD_NPU_00176_internet_mobile,NPU_00176,internet_mobile,2021.96
BUD_NPU_00176_utilities,NPU_00176,utilities,1684.96
BUD_NPU_00176_education,NPU_00176,education,1179.48
BUD_NPU_00176_health,NPU_00176,health,3032.94
BUD_NPU_00176_family_support,NPU_00176,family_support,842.48
BUD_NPU_00176_loan_emi,NPU_00176,loan_emi,505.49
BUD_NPU_00176_festivals_gifts,NPU_00176,festivals_gifts,2948.69
BUD_NPU_00176_clothing,NPU_00176,clothing,8020.43
BUD_NPU_00176_travel,NPU_00176,travel,825.63
BUD_NPU_00176_subscriptions,NPU_00176,subscriptions,1347.97
BUD_NPU_00176_savings_investment,NPU_00176,savings_investment,673.99
BUD_NPU_00176_entertainment,NPU_00176,entertainment,9267.31
BUD_NPU_00176_miscellaneous,NPU_00176,miscellaneous,8424.82
BUD_NPU_00177_rent,NPU_00177,rent,63.1
BUD_NPU_00177_groceries,NPU_00177,groceries,4259.39
BUD_NPU_00177_restaurants_cafes,NPU_00177,restaurants_cafes,4354.04
BUD_NPU_00177_transport_public,NPU_00177,transport_public,3943.88
BUD_NPU_00177_transport_ride_hailing,NPU_00177,transport_ride_hailing,2208.57
BUD_NPU_00177_fuel,NPU_00177,fuel,1419.8
BUD_NPU_00177_internet_mobile,NPU_00177,internet_mobile,567.92
BUD_NPU_00177_utilities,NPU_00177,utilities,315.51
BUD_NPU_00177_education,NPU_00177,education,220.86
BUD_NPU_00177_health,NPU_00177,health,567.92
BUD_NPU_00177_family_support,NPU_00177,family_support,157.76
BUD_NPU_00177_loan_emi,NPU_00177,loan_emi,94.65
BUD_NPU_00177_festivals_gifts,NPU_00177,festivals_gifts,220.86
BUD_NPU_00177_clothing,NPU_00177,clothing,883.43
BUD_NPU_00177_travel,NPU_00177,travel,110.43
BUD_NPU_00177_subscriptions,NPU_00177,subscriptions,403.85
BUD_NPU_00177_savings_investment,NPU_00177,savings_investment,126.2
BUD_NPU_00177_entertainment,NPU_00177,entertainment,1735.31
BUD_NPU_00177_miscellaneous,NPU_00177,miscellaneous,1577.55
BUD_NPU_00178_rent,NPU_00178,rent,84.38
BUD_NPU_00178_groceries,NPU_00178,groceries,7404.43
BUD_NPU_00178_restaurants_cafes,NPU_00178,restaurants_cafes,4851.91
BUD_NPU_00178_transport_public,NPU_00178,transport_public,6328.58
BUD_NPU_00178_transport_ride_hailing,NPU_00178,transport_ride_hailing,2953.34
BUD_NPU_00178_fuel,NPU_00178,fuel,1898.57
BUD_NPU_00178_internet_mobile,NPU_00178,internet_mobile,607.54
BUD_NPU_00178_utilities,NPU_00178,utilities,421.91
BUD_NPU_00178_education,NPU_00178,education,295.33
BUD_NPU_00178_health,NPU_00178,health,759.43
BUD_NPU_00178_family_support,NPU_00178,family_support,210.95
BUD_NPU_00178_loan_emi,NPU_00178,loan_emi,126.57
BUD_NPU_00178_festivals_gifts,NPU_00178,festivals_gifts,295.33
BUD_NPU_00178_clothing,NPU_00178,clothing,1181.33
BUD_NPU_00178_travel,NPU_00178,travel,147.67
BUD_NPU_00178_subscriptions,NPU_00178,subscriptions,337.52
BUD_NPU_00178_savings_investment,NPU_00178,savings_investment,168.76
BUD_NPU_00178_entertainment,NPU_00178,entertainment,2320.48
BUD_NPU_00178_miscellaneous,NPU_00178,miscellaneous,2109.53
BUD_NPU_00179_rent,NPU_00179,rent,172.34
BUD_NPU_00179_groceries,NPU_00179,groceries,11632.84
BUD_NPU_00179_restaurants_cafes,NPU_00179,restaurants_cafes,23782.69
BUD_NPU_00179_transport_public,NPU_00179,transport_public,10771.14
BUD_NPU_00179_transport_ride_hailing,NPU_00179,transport_ride_hailing,6031.84
BUD_NPU_00179_fuel,NPU_00179,fuel,3877.61
BUD_NPU_00179_internet_mobile,NPU_00179,internet_mobile,1034.03
BUD_NPU_00179_utilities,NPU_00179,utilities,861.69
BUD_NPU_00179_education,NPU_00179,education,603.18
BUD_NPU_00179_health,NPU_00179,health,1551.04
BUD_NPU_00179_family_support,NPU_00179,family_support,430.85
BUD_NPU_00179_loan_emi,NPU_00179,loan_emi,258.51
BUD_NPU_00179_festivals_gifts,NPU_00179,festivals_gifts,603.18
BUD_NPU_00179_clothing,NPU_00179,clothing,2412.74
BUD_NPU_00179_travel,NPU_00179,travel,452.39
BUD_NPU_00179_subscriptions,NPU_00179,subscriptions,689.35
BUD_NPU_00179_savings_investment,NPU_00179,savings_investment,344.68
BUD_NPU_00179_entertainment,NPU_00179,entertainment,9004.68
BUD_NPU_00179_miscellaneous,NPU_00179,miscellaneous,4308.46
BUD_NPU_00180_rent,NPU_00180,rent,300.75
BUD_NPU_00180_groceries,NPU_00180,groceries,20300.86
BUD_NPU_00180_restaurants_cafes,NPU_00180,restaurants_cafes,17293.33
BUD_NPU_00180_transport_public,NPU_00180,transport_public,18797.1
BUD_NPU_00180_transport_ride_hailing,NPU_00180,transport_ride_hailing,10526.37
BUD_NPU_00180_fuel,NPU_00180,fuel,6766.95
BUD_NPU_00180_internet_mobile,NPU_00180,internet_mobile,1804.52
BUD_NPU_00180_utilities,NPU_00180,utilities,1503.77
BUD_NPU_00180_education,NPU_00180,education,1473.69
BUD_NPU_00180_health,NPU_00180,health,3248.14
BUD_NPU_00180_family_support,NPU_00180,family_support,2105.27
BUD_NPU_00180_loan_emi,NPU_00180,loan_emi,451.13
BUD_NPU_00180_festivals_gifts,NPU_00180,festivals_gifts,1052.64
BUD_NPU_00180_clothing,NPU_00180,clothing,4210.55
BUD_NPU_00180_travel,NPU_00180,travel,526.32
BUD_NPU_00180_subscriptions,NPU_00180,subscriptions,1203.01
BUD_NPU_00180_savings_investment,NPU_00180,savings_investment,601.51
BUD_NPU_00180_entertainment,NPU_00180,entertainment,8270.72
BUD_NPU_00180_miscellaneous,NPU_00180,miscellaneous,7518.84
BUD_NPU_00181_rent,NPU_00181,rent,38.86
BUD_NPU_00181_groceries,NPU_00181,groceries,2622.71
BUD_NPU_00181_restaurants_cafes,NPU_00181,restaurants_cafes,2681.0
BUD_NPU_00181_transport_public,NPU_00181,transport_public,4856.88
BUD_NPU_00181_transport_ride_hailing,NPU_00181,transport_ride_hailing,1359.93
BUD_NPU_00181_fuel,NPU_00181,fuel,874.24
BUD_NPU_00181_internet_mobile,NPU_00181,internet_mobile,303.07
BUD_NPU_00181_utilities,NPU_00181,utilities,194.28
BUD_NPU_00181_education,NPU_00181,education,244.79
BUD_NPU_00181_health,NPU_00181,health,349.7
BUD_NPU_00181_family_support,NPU_00181,family_support,97.14
BUD_NPU_00181_loan_emi,NPU_00181,loan_emi,58.28
BUD_NPU_00181_festivals_gifts,NPU_00181,festivals_gifts,135.99
BUD_NPU_00181_clothing,NPU_00181,clothing,543.97
BUD_NPU_00181_travel,NPU_00181,travel,68.0
BUD_NPU_00181_subscriptions,NPU_00181,subscriptions,155.42
BUD_NPU_00181_savings_investment,NPU_00181,savings_investment,77.71
BUD_NPU_00181_entertainment,NPU_00181,entertainment,1068.51
BUD_NPU_00181_miscellaneous,NPU_00181,miscellaneous,971.38
BUD_NPU_00182_rent,NPU_00182,rent,148.15
BUD_NPU_00182_groceries,NPU_00182,groceries,10000.03
BUD_NPU_00182_restaurants_cafes,NPU_00182,restaurants_cafes,8518.54
BUD_NPU_00182_transport_public,NPU_00182,transport_public,9259.28
BUD_NPU_00182_transport_ride_hailing,NPU_00182,transport_ride_hailing,5185.2
BUD_NPU_00182_fuel,NPU_00182,fuel,3333.34
BUD_NPU_00182_internet_mobile,NPU_00182,internet_mobile,888.89
BUD_NPU_00182_utilities,NPU_00182,utilities,740.74
BUD_NPU_00182_education,NPU_00182,education,518.52
BUD_NPU_00182_health,NPU_00182,health,1333.34
BUD_NPU_00182_family_support,NPU_00182,family_support,370.37
BUD_NPU_00182_loan_emi,NPU_00182,loan_emi,222.22
BUD_NPU_00182_festivals_gifts,NPU_00182,festivals_gifts,1296.3
BUD_NPU_00182_clothing,NPU_00182,clothing,3525.94
BUD_NPU_00182_travel,NPU_00182,travel,362.96
BUD_NPU_00182_subscriptions,NPU_00182,subscriptions,592.59
BUD_NPU_00182_savings_investment,NPU_00182,savings_investment,296.3
BUD_NPU_00182_entertainment,NPU_00182,entertainment,4074.08
BUD_NPU_00182_miscellaneous,NPU_00182,miscellaneous,3703.71
BUD_NPU_00183_rent,NPU_00183,rent,434.7
BUD_NPU_00183_groceries,NPU_00183,groceries,29342.54
BUD_NPU_00183_restaurants_cafes,NPU_00183,restaurants_cafes,29994.6
BUD_NPU_00183_transport_public,NPU_00183,transport_public,27169.02
BUD_NPU_00183_transport_ride_hailing,NPU_00183,transport_ride_hailing,15214.65
BUD_NPU_00183_fuel,NPU_00183,fuel,9780.85
BUD_NPU_00183_internet_mobile,NPU_00183,internet_mobile,3912.34
BUD_NPU_00183_utilities,NPU_00183,utilities,2173.52
BUD_NPU_00183_education,NPU_00183,education,1521.47
BUD_NPU_00183_health,NPU_00183,health,3912.34
BUD_NPU_00183_family_support,NPU_00183,family_support,1086.76
BUD_NPU_00183_loan_emi,NPU_00183,loan_emi,652.06
BUD_NPU_00183_festivals_gifts,NPU_00183,festivals_gifts,1521.47
BUD_NPU_00183_clothing,NPU_00183,clothing,6085.86
BUD_NPU_00183_travel,NPU_00183,travel,760.73
BUD_NPU_00183_subscriptions,NPU_00183,subscriptions,2782.11
BUD_NPU_00183_savings_investment,NPU_00183,savings_investment,869.41
BUD_NPU_00183_entertainment,NPU_00183,entertainment,11954.37
BUD_NPU_00183_miscellaneous,NPU_00183,miscellaneous,10867.61
BUD_NPU_00184_rent,NPU_00184,rent,171.15
BUD_NPU_00184_groceries,NPU_00184,groceries,5251.1
BUD_NPU_00184_restaurants_cafes,NPU_00184,restaurants_cafes,4473.16
BUD_NPU_00184_transport_public,NPU_00184,transport_public,6320.77
BUD_NPU_00184_transport_ride_hailing,NPU_00184,transport_ride_hailing,2722.79
BUD_NPU_00184_fuel,NPU_00184,fuel,1750.37
BUD_NPU_00184_internet_mobile,NPU_00184,internet_mobile,466.76
BUD_NPU_00184_utilities,NPU_00184,utilities,544.56
BUD_NPU_00184_education,NPU_00184,education,272.28
BUD_NPU_00184_health,NPU_00184,health,700.15
BUD_NPU_00184_family_support,NPU_00184,family_support,194.49
BUD_NPU_00184_loan_emi,NPU_00184,loan_emi,116.69
BUD_NPU_00184_festivals_gifts,NPU_00184,festivals_gifts,272.28
BUD_NPU_00184_clothing,NPU_00184,clothing,1089.12
BUD_NPU_00184_travel,NPU_00184,travel,136.14
BUD_NPU_00184_subscriptions,NPU_00184,subscriptions,311.18
BUD_NPU_00184_savings_investment,NPU_00184,savings_investment,155.59
BUD_NPU_00184_entertainment,NPU_00184,entertainment,2139.34
BUD_NPU_00184_miscellaneous,NPU_00184,miscellaneous,1944.85
BUD_NPU_00185_rent,NPU_00185,rent,159.64
BUD_NPU_00185_groceries,NPU_00185,groceries,12930.54
BUD_NPU_00185_restaurants_cafes,NPU_00185,restaurants_cafes,9179.09
BUD_NPU_00185_transport_public,NPU_00185,transport_public,9977.27
BUD_NPU_00185_transport_ride_hailing,NPU_00185,transport_ride_hailing,5587.27
BUD_NPU_00185_fuel,NPU_00185,fuel,3591.82
BUD_NPU_00185_internet_mobile,NPU_00185,internet_mobile,957.82
BUD_NPU_00185_utilities,NPU_00185,utilities,798.18
BUD_NPU_00185_education,NPU_00185,education,558.73
BUD_NPU_00185_health,NPU_00185,health,1436.73
BUD_NPU_00185_family_support,NPU_00185,family_support,399.09
BUD_NPU_00185_loan_emi,NPU_00185,loan_emi,670.47
BUD_NPU_00185_festivals_gifts,NPU_00185,festivals_gifts,558.73
BUD_NPU_00185_clothing,NPU_00185,clothing,2234.91
BUD_NPU_00185_travel,NPU_00185,travel,279.36
BUD_NPU_00185_subscriptions,NPU_00185,subscriptions,638.55
BUD_NPU_00185_savings_investment,NPU_00185,savings_investment,319.27
BUD_NPU_00185_entertainment,NPU_00185,entertainment,4390.0
BUD_NPU_00185_miscellaneous,NPU_00185,miscellaneous,3990.91
BUD_NPU_00186_rent,NPU_00186,rent,295.29
BUD_NPU_00186_groceries,NPU_00186,groceries,19932.08
BUD_NPU_00186_restaurants_cafes,NPU_00186,restaurants_cafes,40750.02
BUD_NPU_00186_transport_public,NPU_00186,transport_public,18455.63
BUD_NPU_00186_transport_ride_hailing,NPU_00186,transport_ride_hailing,10335.15
BUD_NPU_00186_fuel,NPU_00186,fuel,6644.03
BUD_NPU_00186_internet_mobile,NPU_00186,internet_mobile,1771.74
BUD_NPU_00186_utilities,NPU_00186,utilities,1476.45
BUD_NPU_00186_education,NPU_00186,education,1033.52
BUD_NPU_00186_health,NPU_00186,health,2657.61
BUD_NPU_00186_family_support,NPU_00186,family_support,738.23
BUD_NPU_00186_loan_emi,NPU_00186,loan_emi,442.94
BUD_NPU_00186_festivals_gifts,NPU_00186,festivals_gifts,1033.52
BUD_NPU_00186_clothing,NPU_00186,clothing,4134.06
BUD_NPU_00186_travel,NPU_00186,travel,775.14
BUD_NPU_00186_subscriptions,NPU_00186,subscriptions,1181.16
BUD_NPU_00186_savings_investment,NPU_00186,savings_investment,590.58
BUD_NPU_00186_entertainment,NPU_00186,entertainment,15428.9
BUD_NPU_00186_miscellaneous,NPU_00186,miscellaneous,7382.25
BUD_NPU_00187_rent,NPU_00187,rent,168.0
BUD_NPU_00187_groceries,NPU_00187,groceries,11339.84
BUD_NPU_00187_restaurants_cafes,NPU_00187,restaurants_cafes,9659.87
BUD_NPU_00187_transport_public,NPU_00187,transport_public,10499.85
BUD_NPU_00187_transport_ride_hailing,NPU_00187,transport_ride_hailing,5879.92
BUD_NPU_00187_fuel,NPU_00187,fuel,3779.95
BUD_NPU_00187_internet_mobile,NPU_00187,internet_mobile,1007.99
BUD_NPU_00187_utilities,NPU_00187,utilities,839.99
BUD_NPU_00187_education,NPU_00187,education,587.99
BUD_NPU_00187_health,NPU_00187,health,1511.98
BUD_NPU_00187_family_support,NPU_00187,family_support,419.99
BUD_NPU_00187_loan_emi,NPU_00187,loan_emi,252.0
BUD_NPU_00187_festivals_gifts,NPU_00187,festivals_gifts,1469.98
BUD_NPU_00187_clothing,NPU_00187,clothing,3998.34
BUD_NPU_00187_travel,NPU_00187,travel,411.59
BUD_NPU_00187_subscriptions,NPU_00187,subscriptions,671.99
BUD_NPU_00187_savings_investment,NPU_00187,savings_investment,336.0
BUD_NPU_00187_entertainment,NPU_00187,entertainment,4619.94
BUD_NPU_00187_miscellaneous,NPU_00187,miscellaneous,4199.94
BUD_NPU_00188_rent,NPU_00188,rent,62.76
BUD_NPU_00188_groceries,NPU_00188,groceries,4236.19
BUD_NPU_00188_restaurants_cafes,NPU_00188,restaurants_cafes,4330.33
BUD_NPU_00188_transport_public,NPU_00188,transport_public,7844.79
BUD_NPU_00188_transport_ride_hailing,NPU_00188,transport_ride_hailing,2196.54
BUD_NPU_00188_fuel,NPU_00188,fuel,1412.06
BUD_NPU_00188_internet_mobile,NPU_00188,internet_mobile,489.52
BUD_NPU_00188_utilities,NPU_00188,utilities,313.79
BUD_NPU_00188_education,NPU_00188,education,395.38
BUD_NPU_00188_health,NPU_00188,health,564.83
BUD_NPU_00188_family_support,NPU_00188,family_support,156.9
BUD_NPU_00188_loan_emi,NPU_00188,loan_emi,94.14
BUD_NPU_00188_festivals_gifts,NPU_00188,festivals_gifts,219.65
BUD_NPU_00188_clothing,NPU_00188,clothing,878.62
BUD_NPU_00188_travel,NPU_00188,travel,109.83
BUD_NPU_00188_subscriptions,NPU_00188,subscriptions,251.03
BUD_NPU_00188_savings_investment,NPU_00188,savings_investment,125.52
BUD_NPU_00188_entertainment,NPU_00188,entertainment,1725.85
BUD_NPU_00188_miscellaneous,NPU_00188,miscellaneous,1568.96
BUD_NPU_00189_rent,NPU_00189,rent,118.2
BUD_NPU_00189_groceries,NPU_00189,groceries,7978.16
BUD_NPU_00189_restaurants_cafes,NPU_00189,restaurants_cafes,8155.46
BUD_NPU_00189_transport_public,NPU_00189,transport_public,14774.38
BUD_NPU_00189_transport_ride_hailing,NPU_00189,transport_ride_hailing,4136.83
BUD_NPU_00189_fuel,NPU_00189,fuel,2659.39
BUD_NPU_00189_internet_mobile,NPU_00189,internet_mobile,921.92
BUD_NPU_00189_utilities,NPU_00189,utilities,590.98
BUD_NPU_00189_education,NPU_00189,education,744.63
BUD_NPU_00189_health,NPU_00189,health,1063.76
BUD_NPU_00189_family_support,NPU_00189,family_support,295.49
BUD_NPU_00189_loan_emi,NPU_00189,loan_emi,177.29
BUD_NPU_00189_festivals_gifts,NPU_00189,festivals_gifts,413.68
BUD_NPU_00189_clothing,NPU_00189,clothing,1654.73
BUD_NPU_00189_travel,NPU_00189,travel,206.84
BUD_NPU_00189_subscriptions,NPU_00189,subscriptions,472.78
BUD_NPU_00189_savings_investment,NPU_00189,savings_investment,236.39
BUD_NPU_00189_entertainment,NPU_00189,entertainment,3250.36
BUD_NPU_00189_miscellaneous,NPU_00189,miscellaneous,2954.88
BUD_NPU_00190_rent,NPU_00190,rent,403.8
BUD_NPU_00190_groceries,NPU_00190,groceries,27256.59
BUD_NPU_00190_restaurants_cafes,NPU_00190,restaurants_cafes,32506.01
BUD_NPU_00190_transport_public,NPU_00190,transport_public,25237.59
BUD_NPU_00190_transport_ride_hailing,NPU_00190,transport_ride_hailing,14133.05
BUD_NPU_00190_fuel,NPU_00190,fuel,17262.51
BUD_NPU_00190_internet_mobile,NPU_00190,internet_mobile,2422.81
BUD_NPU_00190_utilities,NPU_00190,utilities,2019.01
BUD_NPU_00190_education,NPU_00190,education,1413.3
BUD_NPU_00190_health,NPU_00190,health,3634.21
BUD_NPU_00190_family_support,NPU_00190,family_support,1009.5
BUD_NPU_00190_loan_emi,NPU_00190,loan_emi,605.7
BUD_NPU_00190_festivals_gifts,NPU_00190,festivals_gifts,1413.3
BUD_NPU_00190_clothing,NPU_00190,clothing,5653.22
BUD_NPU_00190_travel,NPU_00190,travel,706.65
BUD_NPU_00190_subscriptions,NPU_00190,subscriptions,1615.21
BUD_NPU_00190_savings_investment,NPU_00190,savings_investment,807.6
BUD_NPU_00190_entertainment,NPU_00190,entertainment,11104.54
BUD_NPU_00190_miscellaneous,NPU_00190,miscellaneous,15142.55
BUD_NPU_00191_rent,NPU_00191,rent,463.24
BUD_NPU_00191_groceries,NPU_00191,groceries,31269.0
BUD_NPU_00191_restaurants_cafes,NPU_00191,restaurants_cafes,37291.18
BUD_NPU_00191_transport_public,NPU_00191,transport_public,28952.78
BUD_NPU_00191_transport_ride_hailing,NPU_00191,transport_ride_hailing,16213.56
BUD_NPU_00191_fuel,NPU_00191,fuel,19803.7
BUD_NPU_00191_internet_mobile,NPU_00191,internet_mobile,2779.47
BUD_NPU_00191_utilities,NPU_00191,utilities,2316.22
BUD_NPU_00191_education,NPU_00191,education,1621.36
BUD_NPU_00191_health,NPU_00191,health,4169.2
BUD_NPU_00191_family_support,NPU_00191,family_support,1158.11
BUD_NPU_00191_loan_emi,NPU_00191,loan_emi,694.87
BUD_NPU_00191_festivals_gifts,NPU_00191,festivals_gifts,1621.36
BUD_NPU_00191_clothing,NPU_00191,clothing,6485.42
BUD_NPU_00191_travel,NPU_00191,travel,810.68
BUD_NPU_00191_subscriptions,NPU_00191,subscriptions,1852.98
BUD_NPU_00191_savings_investment,NPU_00191,savings_investment,926.49
BUD_NPU_00191_entertainment,NPU_00191,entertainment,12739.22
BUD_NPU_00191_miscellaneous,NPU_00191,miscellaneous,17371.67
BUD_NPU_00192_rent,NPU_00192,rent,284.97
BUD_NPU_00192_groceries,NPU_00192,groceries,19235.66
BUD_NPU_00192_restaurants_cafes,NPU_00192,restaurants_cafes,19663.12
BUD_NPU_00192_transport_public,NPU_00192,transport_public,17810.8
BUD_NPU_00192_transport_ride_hailing,NPU_00192,transport_ride_hailing,9974.05
BUD_NPU_00192_fuel,NPU_00192,fuel,6411.89
BUD_NPU_00192_internet_mobile,NPU_00192,internet_mobile,2564.75
BUD_NPU_00192_utilities,NPU_00192,utilities,1424.86
BUD_NPU_00192_education,NPU_00192,education,997.4
BUD_NPU_00192_health,NPU_00192,health,2564.75
BUD_NPU_00192_family_support,NPU_00192,family_support,712.43
BUD_NPU_00192_loan_emi,NPU_00192,loan_emi,427.46
BUD_NPU_00192_festivals_gifts,NPU_00192,festivals_gifts,997.4
BUD_NPU_00192_clothing,NPU_00192,clothing,3989.62
BUD_NPU_00192_travel,NPU_00192,travel,498.7
BUD_NPU_00192_subscriptions,NPU_00192,subscriptions,1823.83
BUD_NPU_00192_savings_investment,NPU_00192,savings_investment,569.95
BUD_NPU_00192_entertainment,NPU_00192,entertainment,7836.75
BUD_NPU_00192_miscellaneous,NPU_00192,miscellaneous,7124.32
BUD_NPU_00193_rent,NPU_00193,rent,421.96
BUD_NPU_00193_groceries,NPU_00193,groceries,28482.35
BUD_NPU_00193_restaurants_cafes,NPU_00193,restaurants_cafes,24262.74
BUD_NPU_00193_transport_public,NPU_00193,transport_public,26372.55
BUD_NPU_00193_transport_ride_hailing,NPU_00193,transport_ride_hailing,14768.63
BUD_NPU_00193_fuel,NPU_00193,fuel,9494.12
BUD_NPU_00193_internet_mobile,NPU_00193,internet_mobile,2531.76
BUD_NPU_00193_utilities,NPU_00193,utilities,2109.8
BUD_NPU_00193_education,NPU_00193,education,2067.61
BUD_NPU_00193_health,NPU_00193,health,4557.18
BUD_NPU_00193_family_support,NPU_00193,family_support,2953.73
BUD_NPU_00193_loan_emi,NPU_00193,loan_emi,632.94
BUD_NPU_00193_festivals_gifts,NPU_00193,festivals_gifts,1476.86
BUD_NPU_00193_clothing,NPU_00193,clothing,5907.45
BUD_NPU_00193_travel,NPU_00193,travel,738.43
BUD_NPU_00193_subscriptions,NPU_00193,subscriptions,1687.84
BUD_NPU_00193_savings_investment,NPU_00193,savings_investment,843.92
BUD_NPU_00193_entertainment,NPU_00193,entertainment,11603.92
BUD_NPU_00193_miscellaneous,NPU_00193,miscellaneous,10549.02
BUD_NPU_00194_rent,NPU_00194,rent,389.62
BUD_NPU_00194_groceries,NPU_00194,groceries,26299.67
BUD_NPU_00194_restaurants_cafes,NPU_00194,restaurants_cafes,22403.42
BUD_NPU_00194_transport_public,NPU_00194,transport_public,24351.55
BUD_NPU_00194_transport_ride_hailing,NPU_00194,transport_ride_hailing,13636.87
BUD_NPU_00194_fuel,NPU_00194,fuel,8766.56
BUD_NPU_00194_internet_mobile,NPU_00194,internet_mobile,2337.75
BUD_NPU_00194_utilities,NPU_00194,utilities,1948.12
BUD_NPU_00194_education,NPU_00194,education,1909.16
BUD_NPU_00194_health,NPU_00194,health,4207.95
BUD_NPU_00194_family_support,NPU_00194,family_support,2727.37
BUD_NPU_00194_loan_emi,NPU_00194,loan_emi,584.44
BUD_NPU_00194_festivals_gifts,NPU_00194,festivals_gifts,1363.69
BUD_NPU_00194_clothing,NPU_00194,clothing,5454.75
BUD_NPU_00194_travel,NPU_00194,travel,681.84
BUD_NPU_00194_subscriptions,NPU_00194,subscriptions,1558.5
BUD_NPU_00194_savings_investment,NPU_00194,savings_investment,779.25
BUD_NPU_00194_entertainment,NPU_00194,entertainment,10714.68
BUD_NPU_00194_miscellaneous,NPU_00194,miscellaneous,9740.62
BUD_NPU_00195_rent,NPU_00195,rent,163.82
BUD_NPU_00195_groceries,NPU_00195,groceries,11057.67
BUD_NPU_00195_restaurants_cafes,NPU_00195,restaurants_cafes,9419.49
BUD_NPU_00195_transport_public,NPU_00195,transport_public,10238.58
BUD_NPU_00195_transport_ride_hailing,NPU_00195,transport_ride_hailing,5733.6
BUD_NPU_00195_fuel,NPU_00195,fuel,3685.89
BUD_NPU_00195_internet_mobile,NPU_00195,internet_mobile,982.9
BUD_NPU_00195_utilities,NPU_00195,utilities,819.09
BUD_NPU_00195_education,NPU_00195,education,802.7
BUD_NPU_00195_health,NPU_00195,health,1769.23
BUD_NPU_00195_family_support,NPU_00195,family_support,1146.72
BUD_NPU_00195_loan_emi,NPU_00195,loan_emi,245.73
BUD_NPU_00195_festivals_gifts,NPU_00195,festivals_gifts,573.36
BUD_NPU_00195_clothing,NPU_00195,clothing,2293.44
BUD_NPU_00195_travel,NPU_00195,travel,286.68
BUD_NPU_00195_subscriptions,NPU_00195,subscriptions,655.27
BUD_NPU_00195_savings_investment,NPU_00195,savings_investment,327.63
BUD_NPU_00195_entertainment,NPU_00195,entertainment,4504.98
BUD_NPU_00195_miscellaneous,NPU_00195,miscellaneous,4095.43
BUD_NPU_00196_rent,NPU_00196,rent,154.18
BUD_NPU_00196_groceries,NPU_00196,groceries,4730.65
BUD_NPU_00196_restaurants_cafes,NPU_00196,restaurants_cafes,4029.82
BUD_NPU_00196_transport_public,NPU_00196,transport_public,5694.3
BUD_NPU_00196_transport_ride_hailing,NPU_00196,transport_ride_hailing,2452.93
BUD_NPU_00196_fuel,NPU_00196,fuel,1576.88
BUD_NPU_00196_internet_mobile,NPU_00196,internet_mobile,420.5
BUD_NPU_00196_utilities,NPU_00196,utilities,490.59
BUD_NPU_00196_education,NPU_00196,education,245.29
BUD_NPU_00196_health,NPU_00196,health,630.75
BUD_NPU_00196_family_support,NPU_00196,family_support,175.21
BUD_NPU_00196_loan_emi,NPU_00196,loan_emi,105.13
BUD_NPU_00196_festivals_gifts,NPU_00196,festivals_gifts,245.29
BUD_NPU_00196_clothing,NPU_00196,clothing,981.17
BUD_NPU_00196_travel,NPU_00196,travel,122.65
BUD_NPU_00196_subscriptions,NPU_00196,subscriptions,280.33
BUD_NPU_00196_savings_investment,NPU_00196,savings_investment,140.17
BUD_NPU_00196_entertainment,NPU_00196,entertainment,1927.3
BUD_NPU_00196_miscellaneous,NPU_00196,miscellaneous,1752.09
BUD_NPU_00197_rent,NPU_00197,rent,499.62
BUD_NPU_00197_groceries,NPU_00197,groceries,33724.67
BUD_NPU_00197_restaurants_cafes,NPU_00197,restaurants_cafes,28728.42
BUD_NPU_00197_transport_public,NPU_00197,transport_public,31226.54
BUD_NPU_00197_transport_ride_hailing,NPU_00197,transport_ride_hailing,17486.86
BUD_NPU_00197_fuel,NPU_00197,fuel,11241.56
BUD_NPU_00197_internet_mobile,NPU_00197,internet_mobile,2997.75
BUD_NPU_00197_utilities,NPU_00197,utilities,2498.12
BUD_NPU_00197_education,NPU_00197,education,2448.16
BUD_NPU_00197_health,NPU_00197,health,5395.95
BUD_NPU_00197_family_support,NPU_00197,family_support,3497.37
BUD_NPU_00197_loan_emi,NPU_00197,loan_emi,749.44
BUD_NPU_00197_festivals_gifts,NPU_00197,festivals_gifts,1748.69
BUD_NPU_00197_clothing,NPU_00197,clothing,6994.75
BUD_NPU_00197_travel,NPU_00197,travel,874.34
BUD_NPU_00197_subscriptions,NPU_00197,subscriptions,1998.5
BUD_NPU_00197_savings_investment,NPU_00197,savings_investment,999.25
BUD_NPU_00197_entertainment,NPU_00197,entertainment,13739.68
BUD_NPU_00197_miscellaneous,NPU_00197,miscellaneous,12490.62
BUD_NPU_00198_rent,NPU_00198,rent,651.3
BUD_NPU_00198_groceries,NPU_00198,groceries,43962.5
BUD_NPU_00198_restaurants_cafes,NPU_00198,restaurants_cafes,44939.45
BUD_NPU_00198_transport_public,NPU_00198,transport_public,40706.02
BUD_NPU_00198_transport_ride_hailing,NPU_00198,transport_ride_hailing,22795.37
BUD_NPU_00198_fuel,NPU_00198,fuel,14654.17
BUD_NPU_00198_internet_mobile,NPU_00198,internet_mobile,5861.67
BUD_NPU_00198_utilities,NPU_00198,utilities,3256.48
BUD_NPU_00198_education,NPU_00198,education,2279.54
BUD_NPU_00198_health,NPU_00198,health,5861.67
BUD_NPU_00198_family_support,NPU_00198,family_support,1628.24
BUD_NPU_00198_loan_emi,NPU_00198,loan_emi,976.94
BUD_NPU_00198_festivals_gifts,NPU_00198,festivals_gifts,2279.54
BUD_NPU_00198_clothing,NPU_00198,clothing,9118.15
BUD_NPU_00198_travel,NPU_00198,travel,1139.77
BUD_NPU_00198_subscriptions,NPU_00198,subscriptions,4168.3
BUD_NPU_00198_savings_investment,NPU_00198,savings_investment,1302.59
BUD_NPU_00198_entertainment,NPU_00198,entertainment,17910.65
BUD_NPU_00198_miscellaneous,NPU_00198,miscellaneous,16282.41
BUD_NPU_00199_rent,NPU_00199,rent,105.22
BUD_NPU_00199_groceries,NPU_00199,groceries,9232.73
BUD_NPU_00199_restaurants_cafes,NPU_00199,restaurants_cafes,6049.93
BUD_NPU_00199_transport_public,NPU_00199,transport_public,7891.22
BUD_NPU_00199_transport_ride_hailing,NPU_00199,transport_ride_hailing,3682.57
BUD_NPU_00199_fuel,NPU_00199,fuel,2367.37
BUD_NPU_00199_internet_mobile,NPU_00199,internet_mobile,757.56
BUD_NPU_00199_utilities,NPU_00199,utilities,526.08
BUD_NPU_00199_education,NPU_00199,education,368.26
BUD_NPU_00199_health,NPU_00199,health,946.95
BUD_NPU_00199_family_support,NPU_00199,family_support,263.04
BUD_NPU_00199_loan_emi,NPU_00199,loan_emi,157.82
BUD_NPU_00199_festivals_gifts,NPU_00199,festivals_gifts,368.26
BUD_NPU_00199_clothing,NPU_00199,clothing,1473.03
BUD_NPU_00199_travel,NPU_00199,travel,184.13
BUD_NPU_00199_subscriptions,NPU_00199,subscriptions,420.87
BUD_NPU_00199_savings_investment,NPU_00199,savings_investment,210.43
BUD_NPU_00199_entertainment,NPU_00199,entertainment,2893.45
BUD_NPU_00199_miscellaneous,NPU_00199,miscellaneous,2630.41
BUD_NPU_00200_rent,NPU_00200,rent,156.58
BUD_NPU_00200_groceries,NPU_00200,groceries,10568.99
BUD_NPU_00200_restaurants_cafes,NPU_00200,restaurants_cafes,21607.7
BUD_NPU_00200_transport_public,NPU_00200,transport_public,9786.1
BUD_NPU_00200_transport_ride_hailing,NPU_00200,transport_ride_hailing,5480.21
BUD_NPU_00200_fuel,NPU_00200,fuel,3523.0
BUD_NPU_00200_internet_mobile,NPU_00200,internet_mobile,939.47
BUD_NPU_00200_utilities,NPU_00200,utilities,782.89
BUD_NPU_00200_education,NPU_00200,education,548.02
BUD_NPU_00200_health,NPU_00200,health,1409.2
BUD_NPU_00200_family_support,NPU_00200,family_support,391.44
BUD_NPU_00200_loan_emi,NPU_00200,loan_emi,234.87
BUD_NPU_00200_festivals_gifts,NPU_00200,festivals_gifts,548.02
BUD_NPU_00200_clothing,NPU_00200,clothing,2192.09
BUD_NPU_00200_travel,NPU_00200,travel,411.02
BUD_NPU_00200_subscriptions,NPU_00200,subscriptions,626.31
BUD_NPU_00200_savings_investment,NPU_00200,savings_investment,313.16
BUD_NPU_00200_entertainment,NPU_00200,entertainment,8181.18
BUD_NPU_00200_miscellaneous,NPU_00200,miscellaneous,3914.44
BUD_NPU_00201_rent,NPU_00201,rent,554.37
BUD_NPU_00201_groceries,NPU_00201,groceries,48645.65
BUD_NPU_00201_restaurants_cafes,NPU_00201,restaurants_cafes,31876.06
BUD_NPU_00201_transport_public,NPU_00201,transport_public,41577.47
BUD_NPU_00201_transport_ride_hailing,NPU_00201,transport_ride_hailing,19402.82
BUD_NPU_00201_fuel,NPU_00201,fuel,12473.24
BUD_NPU_00201_internet_mobile,NPU_00201,internet_mobile,3991.44
BUD_NPU_00201_utilities,NPU_00201,utilities,2771.83
BUD_NPU_00201_education,NPU_00201,education,1940.28
BUD_NPU_00201_health,NPU_00201,health,4989.3
BUD_NPU_00201_family_support,NPU_00201,family_support,1385.92
BUD_NPU_00201_loan_emi,NPU_00201,loan_emi,831.55
BUD_NPU_00201_festivals_gifts,NPU_00201,festivals_gifts,1940.28
BUD_NPU_00201_clothing,NPU_00201,clothing,7761.13
BUD_NPU_00201_travel,NPU_00201,travel,970.14
BUD_NPU_00201_subscriptions,NPU_00201,subscriptions,2217.47
BUD_NPU_00201_savings_investment,NPU_00201,savings_investment,1108.73
BUD_NPU_00201_entertainment,NPU_00201,entertainment,15245.07
BUD_NPU_00201_miscellaneous,NPU_00201,miscellaneous,13859.16
BUD_NPU_00202_rent,NPU_00202,rent,40.81
BUD_NPU_00202_groceries,NPU_00202,groceries,2754.56
BUD_NPU_00202_restaurants_cafes,NPU_00202,restaurants_cafes,2815.78
BUD_NPU_00202_transport_public,NPU_00202,transport_public,5101.04
BUD_NPU_00202_transport_ride_hailing,NPU_00202,transport_ride_hailing,1428.29
BUD_NPU_00202_fuel,NPU_00202,fuel,918.19
BUD_NPU_00202_internet_mobile,NPU_00202,internet_mobile,318.31
BUD_NPU_00202_utilities,NPU_00202,utilities,204.04
BUD_NPU_00202_education,NPU_00202,education,257.09
BUD_NPU_00202_health,NPU_00202,health,367.28
BUD_NPU_00202_family_support,NPU_00202,family_support,102.02
BUD_NPU_00202_loan_emi,NPU_00202,loan_emi,61.21
BUD_NPU_00202_festivals_gifts,NPU_00202,festivals_gifts,142.83
BUD_NPU_00202_clothing,NPU_00202,clothing,571.32
BUD_NPU_00202_travel,NPU_00202,travel,71.41
BUD_NPU_00202_subscriptions,NPU_00202,subscriptions,163.23
BUD_NPU_00202_savings_investment,NPU_00202,savings_investment,81.62
BUD_NPU_00202_entertainment,NPU_00202,entertainment,1122.23
BUD_NPU_00202_miscellaneous,NPU_00202,miscellaneous,1020.21
BUD_NPU_00203_rent,NPU_00203,rent,59.76
BUD_NPU_00203_groceries,NPU_00203,groceries,4033.99
BUD_NPU_00203_restaurants_cafes,NPU_00203,restaurants_cafes,4123.63
BUD_NPU_00203_transport_public,NPU_00203,transport_public,7470.35
BUD_NPU_00203_transport_ride_hailing,NPU_00203,transport_ride_hailing,2091.7
BUD_NPU_00203_fuel,NPU_00203,fuel,1344.66
BUD_NPU_00203_internet_mobile,NPU_00203,internet_mobile,466.15
BUD_NPU_00203_utilities,NPU_00203,utilities,298.81
BUD_NPU_00203_education,NPU_00203,education,376.51
BUD_NPU_00203_health,NPU_00203,health,537.86
BUD_NPU_00203_family_support,NPU_00203,family_support,149.41
BUD_NPU_00203_loan_emi,NPU_00203,loan_emi,89.64
BUD_NPU_00203_festivals_gifts,NPU_00203,festivals_gifts,209.17
BUD_NPU_00203_clothing,NPU_00203,clothing,836.68
BUD_NPU_00203_travel,NPU_00203,travel,104.58
BUD_NPU_00203_subscriptions,NPU_00203,subscriptions,239.05
BUD_NPU_00203_savings_investment,NPU_00203,savings_investment,119.53
BUD_NPU_00203_entertainment,NPU_00203,entertainment,1643.48
BUD_NPU_00203_miscellaneous,NPU_00203,miscellaneous,1494.07
BUD_NPU_00204_rent,NPU_00204,rent,275.69
BUD_NPU_00204_groceries,NPU_00204,groceries,18608.78
BUD_NPU_00204_restaurants_cafes,NPU_00204,restaurants_cafes,22192.69
BUD_NPU_00204_transport_public,NPU_00204,transport_public,17230.35
BUD_NPU_00204_transport_ride_hailing,NPU_00204,transport_ride_hailing,9649.0
BUD_NPU_00204_fuel,NPU_00204,fuel,11785.56
BUD_NPU_00204_internet_mobile,NPU_00204,internet_mobile,1654.11
BUD_NPU_00204_utilities,NPU_00204,utilities,1378.43
BUD_NPU_00204_education,NPU_00204,education,964.9
BUD_NPU_00204_health,NPU_00204,health,2481.17
BUD_NPU_00204_family_support,NPU_00204,family_support,689.21
BUD_NPU_00204_loan_emi,NPU_00204,loan_emi,413.53
BUD_NPU_00204_festivals_gifts,NPU_00204,festivals_gifts,964.9
BUD_NPU_00204_clothing,NPU_00204,clothing,3859.6
BUD_NPU_00204_travel,NPU_00204,travel,482.45
BUD_NPU_00204_subscriptions,NPU_00204,subscriptions,1102.74
BUD_NPU_00204_savings_investment,NPU_00204,savings_investment,551.37
BUD_NPU_00204_entertainment,NPU_00204,entertainment,7581.35
BUD_NPU_00204_miscellaneous,NPU_00204,miscellaneous,10338.21
BUD_NPU_00205_rent,NPU_00205,rent,97.55
BUD_NPU_00205_groceries,NPU_00205,groceries,6584.85
BUD_NPU_00205_restaurants_cafes,NPU_00205,restaurants_cafes,6731.18
BUD_NPU_00205_transport_public,NPU_00205,transport_public,12194.18
BUD_NPU_00205_transport_ride_hailing,NPU_00205,transport_ride_hailing,3414.37
BUD_NPU_00205_fuel,NPU_00205,fuel,2194.95
BUD_NPU_00205_internet_mobile,NPU_00205,internet_mobile,760.92
BUD_NPU_00205_utilities,NPU_00205,utilities,487.77
BUD_NPU_00205_education,NPU_00205,education,614.59
BUD_NPU_00205_health,NPU_00205,health,877.98
BUD_NPU_00205_family_support,NPU_00205,family_support,243.88
BUD_NPU_00205_loan_emi,NPU_00205,loan_emi,146.33
BUD_NPU_00205_festivals_gifts,NPU_00205,festivals_gifts,341.44
BUD_NPU_00205_clothing,NPU_00205,clothing,1365.75
BUD_NPU_00205_travel,NPU_00205,travel,170.72
BUD_NPU_00205_subscriptions,NPU_00205,subscriptions,390.21
BUD_NPU_00205_savings_investment,NPU_00205,savings_investment,195.11
BUD_NPU_00205_entertainment,NPU_00205,entertainment,2682.72
BUD_NPU_00205_miscellaneous,NPU_00205,miscellaneous,2438.84
BUD_NPU_00206_rent,NPU_00206,rent,21.87
BUD_NPU_00206_groceries,NPU_00206,groceries,1476.11
BUD_NPU_00206_restaurants_cafes,NPU_00206,restaurants_cafes,1508.91
BUD_NPU_00206_transport_public,NPU_00206,transport_public,2733.54
BUD_NPU_00206_transport_ride_hailing,NPU_00206,transport_ride_hailing,765.39
BUD_NPU_00206_fuel,NPU_00206,fuel,492.04
BUD_NPU_00206_internet_mobile,NPU_00206,internet_mobile,170.57
BUD_NPU_00206_utilities,NPU_00206,utilities,109.34
BUD_NPU_00206_education,NPU_00206,education,137.77
BUD_NPU_00206_health,NPU_00206,health,196.81
BUD_NPU_00206_family_support,NPU_00206,family_support,54.67
BUD_NPU_00206_loan_emi,NPU_00206,loan_emi,32.8
BUD_NPU_00206_festivals_gifts,NPU_00206,festivals_gifts,76.54
BUD_NPU_00206_clothing,NPU_00206,clothing,306.16
BUD_NPU_00206_travel,NPU_00206,travel,38.27
BUD_NPU_00206_subscriptions,NPU_00206,subscriptions,87.47
BUD_NPU_00206_savings_investment,NPU_00206,savings_investment,43.74
BUD_NPU_00206_entertainment,NPU_00206,entertainment,601.38
BUD_NPU_00206_miscellaneous,NPU_00206,miscellaneous,546.71
BUD_NPU_00207_rent,NPU_00207,rent,564.85
BUD_NPU_00207_groceries,NPU_00207,groceries,17330.7
BUD_NPU_00207_restaurants_cafes,NPU_00207,restaurants_cafes,14763.19
BUD_NPU_00207_transport_public,NPU_00207,transport_public,20861.02
BUD_NPU_00207_transport_ride_hailing,NPU_00207,transport_ride_hailing,8986.29
BUD_NPU_00207_fuel,NPU_00207,fuel,5776.9
BUD_NPU_00207_internet_mobile,NPU_00207,internet_mobile,1540.51
BUD_NPU_00207_utilities,NPU_00207,utilities,1797.26
BUD_NPU_00207_education,NPU_00207,education,898.63
BUD_NPU_00207_health,NPU_00207,health,2310.76
BUD_NPU_00207_family_support,NPU_00207,family_support,641.88
BUD_NPU_00207_loan_emi,NPU_00207,loan_emi,385.13
BUD_NPU_00207_festivals_gifts,NPU_00207,festivals_gifts,898.63
BUD_NPU_00207_clothing,NPU_00207,clothing,3594.51
BUD_NPU_00207_travel,NPU_00207,travel,449.31
BUD_NPU_00207_subscriptions,NPU_00207,subscriptions,1027.0
BUD_NPU_00207_savings_investment,NPU_00207,savings_investment,513.5
BUD_NPU_00207_entertainment,NPU_00207,entertainment,7060.65
BUD_NPU_00207_miscellaneous,NPU_00207,miscellaneous,6418.78
BUD_NPU_00208_rent,NPU_00208,rent,277.04
BUD_NPU_00208_groceries,NPU_00208,groceries,8500.24
BUD_NPU_00208_restaurants_cafes,NPU_00208,restaurants_cafes,7240.94
BUD_NPU_00208_transport_public,NPU_00208,transport_public,10231.77
BUD_NPU_00208_transport_ride_hailing,NPU_00208,transport_ride_hailing,4407.53
BUD_NPU_00208_fuel,NPU_00208,fuel,2833.41
BUD_NPU_00208_internet_mobile,NPU_00208,internet_mobile,755.58
BUD_NPU_00208_utilities,NPU_00208,utilities,881.51
BUD_NPU_00208_education,NPU_00208,education,440.75
BUD_NPU_00208_health,NPU_00208,health,1133.36
BUD_NPU_00208_family_support,NPU_00208,family_support,314.82
BUD_NPU_00208_loan_emi,NPU_00208,loan_emi,188.89
BUD_NPU_00208_festivals_gifts,NPU_00208,festivals_gifts,440.75
BUD_NPU_00208_clothing,NPU_00208,clothing,1763.01
BUD_NPU_00208_travel,NPU_00208,travel,220.38
BUD_NPU_00208_subscriptions,NPU_00208,subscriptions,503.72
BUD_NPU_00208_savings_investment,NPU_00208,savings_investment,251.86
BUD_NPU_00208_entertainment,NPU_00208,entertainment,3463.06
BUD_NPU_00208_miscellaneous,NPU_00208,miscellaneous,3148.24
BUD_NPU_00209_rent,NPU_00209,rent,344.78
BUD_NPU_00209_groceries,NPU_00209,groceries,23272.55
BUD_NPU_00209_restaurants_cafes,NPU_00209,restaurants_cafes,23789.72
BUD_NPU_00209_transport_public,NPU_00209,transport_public,21548.66
BUD_NPU_00209_transport_ride_hailing,NPU_00209,transport_ride_hailing,12067.25
BUD_NPU_00209_fuel,NPU_00209,fuel,7757.52
BUD_NPU_00209_internet_mobile,NPU_00209,internet_mobile,3103.01
BUD_NPU_00209_utilities,NPU_00209,utilities,1723.89
BUD_NPU_00209_education,NPU_00209,education,1206.72
BUD_NPU_00209_health,NPU_00209,health,3103.01
BUD_NPU_00209_family_support,NPU_00209,family_support,861.95
BUD_NPU_00209_loan_emi,NPU_00209,loan_emi,517.17
BUD_NPU_00209_festivals_gifts,NPU_00209,festivals_gifts,1206.72
BUD_NPU_00209_clothing,NPU_00209,clothing,4826.9
BUD_NPU_00209_travel,NPU_00209,travel,603.36
BUD_NPU_00209_subscriptions,NPU_00209,subscriptions,2206.58
BUD_NPU_00209_savings_investment,NPU_00209,savings_investment,689.56
BUD_NPU_00209_entertainment,NPU_00209,entertainment,9481.41
BUD_NPU_00209_miscellaneous,NPU_00209,miscellaneous,8619.46
BUD_NPU_00210_rent,NPU_00210,rent,110.66
BUD_NPU_00210_groceries,NPU_00210,groceries,7469.38
BUD_NPU_00210_restaurants_cafes,NPU_00210,restaurants_cafes,7635.36
BUD_NPU_00210_transport_public,NPU_00210,transport_public,13832.18
BUD_NPU_00210_transport_ride_hailing,NPU_00210,transport_ride_hailing,3873.01
BUD_NPU_00210_fuel,NPU_00210,fuel,2489.79
BUD_NPU_00210_internet_mobile,NPU_00210,internet_mobile,863.13
BUD_NPU_00210_utilities,NPU_00210,utilities,553.29
BUD_NPU_00210_education,NPU_00210,education,697.14
BUD_NPU_00210_health,NPU_00210,health,995.92
BUD_NPU_00210_family_support,NPU_00210,family_support,276.64
BUD_NPU_00210_loan_emi,NPU_00210,loan_emi,165.99
BUD_NPU_00210_festivals_gifts,NPU_00210,festivals_gifts,387.3
BUD_NPU_00210_clothing,NPU_00210,clothing,1549.2
BUD_NPU_00210_travel,NPU_00210,travel,193.65
BUD_NPU_00210_subscriptions,NPU_00210,subscriptions,442.63
BUD_NPU_00210_savings_investment,NPU_00210,savings_investment,221.31
BUD_NPU_00210_entertainment,NPU_00210,entertainment,3043.08
BUD_NPU_00210_miscellaneous,NPU_00210,miscellaneous,2766.44
BUD_NPU_00211_rent,NPU_00211,rent,353.56
BUD_NPU_00211_groceries,NPU_00211,groceries,10847.84
BUD_NPU_00211_restaurants_cafes,NPU_00211,restaurants_cafes,9240.75
BUD_NPU_00211_transport_public,NPU_00211,transport_public,13057.59
BUD_NPU_00211_transport_ride_hailing,NPU_00211,transport_ride_hailing,5624.81
BUD_NPU_00211_fuel,NPU_00211,fuel,3615.95
BUD_NPU_00211_internet_mobile,NPU_00211,internet_mobile,964.25
BUD_NPU_00211_utilities,NPU_00211,utilities,1124.96
BUD_NPU_00211_education,NPU_00211,education,562.48
BUD_NPU_00211_health,NPU_00211,health,1446.38
BUD_NPU_00211_family_support,NPU_00211,family_support,401.77
BUD_NPU_00211_loan_emi,NPU_00211,loan_emi,241.06
BUD_NPU_00211_festivals_gifts,NPU_00211,festivals_gifts,562.48
BUD_NPU_00211_clothing,NPU_00211,clothing,2249.92
BUD_NPU_00211_travel,NPU_00211,travel,281.24
BUD_NPU_00211_subscriptions,NPU_00211,subscriptions,642.84
BUD_NPU_00211_savings_investment,NPU_00211,savings_investment,321.42
BUD_NPU_00211_entertainment,NPU_00211,entertainment,4419.49
BUD_NPU_00211_miscellaneous,NPU_00211,miscellaneous,4017.72
BUD_NPU_00212_rent,NPU_00212,rent,235.8
BUD_NPU_00212_groceries,NPU_00212,groceries,15916.32
BUD_NPU_00212_restaurants_cafes,NPU_00212,restaurants_cafes,32540.03
BUD_NPU_00212_transport_public,NPU_00212,transport_public,14737.33
BUD_NPU_00212_transport_ride_hailing,NPU_00212,transport_ride_hailing,8252.91
BUD_NPU_00212_fuel,NPU_00212,fuel,5305.44
BUD_NPU_00212_internet_mobile,NPU_00212,internet_mobile,1414.78
BUD_NPU_00212_utilities,NPU_00212,utilities,1178.99
BUD_NPU_00212_education,NPU_00212,education,825.29
BUD_NPU_00212_health,NPU_00212,health,2122.18
BUD_NPU_00212_family_support,NPU_00212,family_support,589.49
BUD_NPU_00212_loan_emi,NPU_00212,loan_emi,353.7
BUD_NPU_00212_festivals_gifts,NPU_00212,festivals_gifts,825.29
BUD_NPU_00212_clothing,NPU_00212,clothing,3301.16
BUD_NPU_00212_travel,NPU_00212,travel,618.97
BUD_NPU_00212_subscriptions,NPU_00212,subscriptions,943.19
BUD_NPU_00212_savings_investment,NPU_00212,savings_investment,471.59
BUD_NPU_00212_entertainment,NPU_00212,entertainment,12320.41
BUD_NPU_00212_miscellaneous,NPU_00212,miscellaneous,5894.93
BUD_NPU_00213_rent,NPU_00213,rent,127.97
BUD_NPU_00213_groceries,NPU_00213,groceries,8637.72
BUD_NPU_00213_restaurants_cafes,NPU_00213,restaurants_cafes,7358.06
BUD_NPU_00213_transport_public,NPU_00213,transport_public,7997.89
BUD_NPU_00213_transport_ride_hailing,NPU_00213,transport_ride_hailing,4478.82
BUD_NPU_00213_fuel,NPU_00213,fuel,2879.24
BUD_NPU_00213_internet_mobile,NPU_00213,internet_mobile,767.8
BUD_NPU_00213_utilities,NPU_00213,utilities,639.83
BUD_NPU_00213_education,NPU_00213,education,627.03
BUD_NPU_00213_health,NPU_00213,health,1382.04
BUD_NPU_00213_family_support,NPU_00213,family_support,895.76
BUD_NPU_00213_loan_emi,NPU_00213,loan_emi,191.95
BUD_NPU_00213_festivals_gifts,NPU_00213,festivals_gifts,447.88
BUD_NPU_00213_clothing,NPU_00213,clothing,1791.53
BUD_NPU_00213_travel,NPU_00213,travel,223.94
BUD_NPU_00213_subscriptions,NPU_00213,subscriptions,511.86
BUD_NPU_00213_savings_investment,NPU_00213,savings_investment,255.93
BUD_NPU_00213_entertainment,NPU_00213,entertainment,3519.07
BUD_NPU_00213_miscellaneous,NPU_00213,miscellaneous,3199.16
BUD_NPU_00214_rent,NPU_00214,rent,89.72
BUD_NPU_00214_groceries,NPU_00214,groceries,6056.1
BUD_NPU_00214_restaurants_cafes,NPU_00214,restaurants_cafes,6190.68
BUD_NPU_00214_transport_public,NPU_00214,transport_public,11214.99
BUD_NPU_00214_transport_ride_hailing,NPU_00214,transport_ride_hailing,3140.2
BUD_NPU_00214_fuel,NPU_00214,fuel,2018.7
BUD_NPU_00214_internet_mobile,NPU_00214,internet_mobile,699.82
BUD_NPU_00214_utilities,NPU_00214,utilities,448.6
BUD_NPU_00214_education,NPU_00214,education,565.24
BUD_NPU_00214_health,NPU_00214,health,807.48
BUD_NPU_00214_family_support,NPU_00214,family_support,224.3
BUD_NPU_00214_loan_emi,NPU_00214,loan_emi,134.58
BUD_NPU_00214_festivals_gifts,NPU_00214,festivals_gifts,314.02
BUD_NPU_00214_clothing,NPU_00214,clothing,1256.08
BUD_NPU_00214_travel,NPU_00214,travel,157.01
BUD_NPU_00214_subscriptions,NPU_00214,subscriptions,358.88
BUD_NPU_00214_savings_investment,NPU_00214,savings_investment,179.44
BUD_NPU_00214_entertainment,NPU_00214,entertainment,2467.3
BUD_NPU_00214_miscellaneous,NPU_00214,miscellaneous,2243.0
BUD_NPU_00215_rent,NPU_00215,rent,186.07
BUD_NPU_00215_groceries,NPU_00215,groceries,15071.31
BUD_NPU_00215_restaurants_cafes,NPU_00215,restaurants_cafes,10698.77
BUD_NPU_00215_transport_public,NPU_00215,transport_public,11629.1
BUD_NPU_00215_transport_ride_hailing,NPU_00215,transport_ride_hailing,6512.3
BUD_NPU_00215_fuel,NPU_00215,fuel,4186.48
BUD_NPU_00215_internet_mobile,NPU_00215,internet_mobile,1116.39
BUD_NPU_00215_utilities,NPU_00215,utilities,930.33
BUD_NPU_00215_education,NPU_00215,education,651.23
BUD_NPU_00215_health,NPU_00215,health,1674.59
BUD_NPU_00215_family_support,NPU_00215,family_support,465.16
BUD_NPU_00215_loan_emi,NPU_00215,loan_emi,781.48
BUD_NPU_00215_festivals_gifts,NPU_00215,festivals_gifts,651.23
BUD_NPU_00215_clothing,NPU_00215,clothing,2604.92
BUD_NPU_00215_travel,NPU_00215,travel,325.61
BUD_NPU_00215_subscriptions,NPU_00215,subscriptions,744.26
BUD_NPU_00215_savings_investment,NPU_00215,savings_investment,372.13
BUD_NPU_00215_entertainment,NPU_00215,entertainment,5116.8
BUD_NPU_00215_miscellaneous,NPU_00215,miscellaneous,4651.64
BUD_NPU_00216_rent,NPU_00216,rent,113.7
BUD_NPU_00216_groceries,NPU_00216,groceries,9209.86
BUD_NPU_00216_restaurants_cafes,NPU_00216,restaurants_cafes,6537.86
BUD_NPU_00216_transport_public,NPU_00216,transport_public,7106.37
BUD_NPU_00216_transport_ride_hailing,NPU_00216,transport_ride_hailing,3979.57
BUD_NPU_00216_fuel,NPU_00216,fuel,2558.29
BUD_NPU_00216_internet_mobile,NPU_00216,internet_mobile,682.21
BUD_NPU_00216_utilities,NPU_00216,utilities,568.51
BUD_NPU_00216_education,NPU_00216,education,397.96
BUD_NPU_00216_health,NPU_00216,health,1023.32
BUD_NPU_00216_family_support,NPU_00216,family_support,284.25
BUD_NPU_00216_loan_emi,NPU_00216,loan_emi,477.55
BUD_NPU_00216_festivals_gifts,NPU_00216,festivals_gifts,397.96
BUD_NPU_00216_clothing,NPU_00216,clothing,1591.83
BUD_NPU_00216_travel,NPU_00216,travel,198.98
BUD_NPU_00216_subscriptions,NPU_00216,subscriptions,454.81
BUD_NPU_00216_savings_investment,NPU_00216,savings_investment,227.4
BUD_NPU_00216_entertainment,NPU_00216,entertainment,3126.8
BUD_NPU_00216_miscellaneous,NPU_00216,miscellaneous,2842.55
BUD_NPU_00217_rent,NPU_00217,rent,96.46
BUD_NPU_00217_groceries,NPU_00217,groceries,8464.66
BUD_NPU_00217_restaurants_cafes,NPU_00217,restaurants_cafes,5546.64
BUD_NPU_00217_transport_public,NPU_00217,transport_public,7234.75
BUD_NPU_00217_transport_ride_hailing,NPU_00217,transport_ride_hailing,3376.22
BUD_NPU_00217_fuel,NPU_00217,fuel,2170.43
BUD_NPU_00217_internet_mobile,NPU_00217,internet_mobile,694.54
BUD_NPU_00217_utilities,NPU_00217,utilities,482.32
BUD_NPU_00217_education,NPU_00217,education,337.62
BUD_NPU_00217_health,NPU_00217,health,868.17
BUD_NPU_00217_family_support,NPU_00217,family_support,241.16
BUD_NPU_00217_loan_emi,NPU_00217,loan_emi,144.7
BUD_NPU_00217_festivals_gifts,NPU_00217,festivals_gifts,337.62
BUD_NPU_00217_clothing,NPU_00217,clothing,1350.49
BUD_NPU_00217_travel,NPU_00217,travel,168.81
BUD_NPU_00217_subscriptions,NPU_00217,subscriptions,385.85
BUD_NPU_00217_savings_investment,NPU_00217,savings_investment,192.93
BUD_NPU_00217_entertainment,NPU_00217,entertainment,2652.74
BUD_NPU_00217_miscellaneous,NPU_00217,miscellaneous,2411.58
BUD_NPU_00218_rent,NPU_00218,rent,28.07
BUD_NPU_00218_groceries,NPU_00218,groceries,1894.92
BUD_NPU_00218_restaurants_cafes,NPU_00218,restaurants_cafes,1937.03
BUD_NPU_00218_transport_public,NPU_00218,transport_public,3509.11
BUD_NPU_00218_transport_ride_hailing,NPU_00218,transport_ride_hailing,982.55
BUD_NPU_00218_fuel,NPU_00218,fuel,631.64
BUD_NPU_00218_internet_mobile,NPU_00218,internet_mobile,218.97
BUD_NPU_00218_utilities,NPU_00218,utilities,140.36
BUD_NPU_00218_education,NPU_00218,education,176.86
BUD_NPU_00218_health,NPU_00218,health,252.66
BUD_NPU_00218_family_support,NPU_00218,family_support,70.18
BUD_NPU_00218_loan_emi,NPU_00218,loan_emi,42.11
BUD_NPU_00218_festivals_gifts,NPU_00218,festivals_gifts,98.25
BUD_NPU_00218_clothing,NPU_00218,clothing,393.02
BUD_NPU_00218_travel,NPU_00218,travel,49.13
BUD_NPU_00218_subscriptions,NPU_00218,subscriptions,112.29
BUD_NPU_00218_savings_investment,NPU_00218,savings_investment,56.15
BUD_NPU_00218_entertainment,NPU_00218,entertainment,772.0
BUD_NPU_00218_miscellaneous,NPU_00218,miscellaneous,701.82
BUD_NPU_00219_rent,NPU_00219,rent,130.27
BUD_NPU_00219_groceries,NPU_00219,groceries,8793.24
BUD_NPU_00219_restaurants_cafes,NPU_00219,restaurants_cafes,7490.53
BUD_NPU_00219_transport_public,NPU_00219,transport_public,8141.89
BUD_NPU_00219_transport_ride_hailing,NPU_00219,transport_ride_hailing,4559.46
BUD_NPU_00219_fuel,NPU_00219,fuel,2931.08
BUD_NPU_00219_internet_mobile,NPU_00219,internet_mobile,781.62
BUD_NPU_00219_utilities,NPU_00219,utilities,651.35
BUD_NPU_00219_education,NPU_00219,education,638.32
BUD_NPU_00219_health,NPU_00219,health,1406.92
BUD_NPU_00219_family_support,NPU_00219,family_support,911.89
BUD_NPU_00219_loan_emi,NPU_00219,loan_emi,195.41
BUD_NPU_00219_festivals_gifts,NPU_00219,festivals_gifts,455.95
BUD_NPU_00219_clothing,NPU_00219,clothing,1823.78
BUD_NPU_00219_travel,NPU_00219,travel,227.97
BUD_NPU_00219_subscriptions,NPU_00219,subscriptions,521.08
BUD_NPU_00219_savings_investment,NPU_00219,savings_investment,260.54
BUD_NPU_00219_entertainment,NPU_00219,entertainment,3582.43
BUD_NPU_00219_miscellaneous,NPU_00219,miscellaneous,3256.75
BUD_NPU_00220_rent,NPU_00220,rent,402.77
BUD_NPU_00220_groceries,NPU_00220,groceries,27187.11
BUD_NPU_00220_restaurants_cafes,NPU_00220,restaurants_cafes,27791.27
BUD_NPU_00220_transport_public,NPU_00220,transport_public,25173.25
BUD_NPU_00220_transport_ride_hailing,NPU_00220,transport_ride_hailing,14097.02
BUD_NPU_00220_fuel,NPU_00220,fuel,9062.37
BUD_NPU_00220_internet_mobile,NPU_00220,internet_mobile,3624.95
BUD_NPU_00220_utilities,NPU_00220,utilities,2013.86
BUD_NPU_00220_education,NPU_00220,education,1409.7
BUD_NPU_00220_health,NPU_00220,health,3624.95
BUD_NPU_00220_family_support,NPU_00220,family_support,1006.93
BUD_NPU_00220_loan_emi,NPU_00220,loan_emi,604.16
BUD_NPU_00220_festivals_gifts,NPU_00220,festivals_gifts,1409.7
BUD_NPU_00220_clothing,NPU_00220,clothing,5638.81
BUD_NPU_00220_travel,NPU_00220,travel,704.85
BUD_NPU_00220_subscriptions,NPU_00220,subscriptions,2577.74
BUD_NPU_00220_savings_investment,NPU_00220,savings_investment,805.54
BUD_NPU_00220_entertainment,NPU_00220,entertainment,11076.23
BUD_NPU_00220_miscellaneous,NPU_00220,miscellaneous,10069.3
BUD_NPU_00221_rent,NPU_00221,rent,42.11
BUD_NPU_00221_groceries,NPU_00221,groceries,2842.42
BUD_NPU_00221_restaurants_cafes,NPU_00221,restaurants_cafes,2905.58
BUD_NPU_00221_transport_public,NPU_00221,transport_public,5263.74
BUD_NPU_00221_transport_ride_hailing,NPU_00221,transport_ride_hailing,1473.85
BUD_NPU_00221_fuel,NPU_00221,fuel,947.47
BUD_NPU_00221_internet_mobile,NPU_00221,internet_mobile,328.46
BUD_NPU_00221_utilities,NPU_00221,utilities,210.55
BUD_NPU_00221_education,NPU_00221,education,265.29
BUD_NPU_00221_health,NPU_00221,health,378.99
BUD_NPU_00221_family_support,NPU_00221,family_support,105.27
BUD_NPU_00221_loan_emi,NPU_00221,loan_emi,63.16
BUD_NPU_00221_festivals_gifts,NPU_00221,festivals_gifts,147.38
BUD_NPU_00221_clothing,NPU_00221,clothing,589.54
BUD_NPU_00221_travel,NPU_00221,travel,73.69
BUD_NPU_00221_subscriptions,NPU_00221,subscriptions,168.44
BUD_NPU_00221_savings_investment,NPU_00221,savings_investment,84.22
BUD_NPU_00221_entertainment,NPU_00221,entertainment,1158.02
BUD_NPU_00221_miscellaneous,NPU_00221,miscellaneous,1052.75
BUD_NPU_00222_rent,NPU_00222,rent,202.17
BUD_NPU_00222_groceries,NPU_00222,groceries,13646.42
BUD_NPU_00222_restaurants_cafes,NPU_00222,restaurants_cafes,11624.73
BUD_NPU_00222_transport_public,NPU_00222,transport_public,12635.57
BUD_NPU_00222_transport_ride_hailing,NPU_00222,transport_ride_hailing,7075.92
BUD_NPU_00222_fuel,NPU_00222,fuel,4548.81
BUD_NPU_00222_internet_mobile,NPU_00222,internet_mobile,1213.01
BUD_NPU_00222_utilities,NPU_00222,utilities,1010.85
BUD_NPU_00222_education,NPU_00222,education,990.63
BUD_NPU_00222_health,NPU_00222,health,2183.43
BUD_NPU_00222_family_support,NPU_00222,family_support,1415.18
BUD_NPU_00222_loan_emi,NPU_00222,loan_emi,303.25
BUD_NPU_00222_festivals_gifts,NPU_00222,festivals_gifts,707.59
BUD_NPU_00222_clothing,NPU_00222,clothing,2830.37
BUD_NPU_00222_travel,NPU_00222,travel,353.8
BUD_NPU_00222_subscriptions,NPU_00222,subscriptions,808.68
BUD_NPU_00222_savings_investment,NPU_00222,savings_investment,404.34
BUD_NPU_00222_entertainment,NPU_00222,entertainment,5559.65
BUD_NPU_00222_miscellaneous,NPU_00222,miscellaneous,5054.23
BUD_NPU_00223_rent,NPU_00223,rent,128.25
BUD_NPU_00223_groceries,NPU_00223,groceries,8656.77
BUD_NPU_00223_restaurants_cafes,NPU_00223,restaurants_cafes,8849.14
BUD_NPU_00223_transport_public,NPU_00223,transport_public,8015.52
BUD_NPU_00223_transport_ride_hailing,NPU_00223,transport_ride_hailing,4488.69
BUD_NPU_00223_fuel,NPU_00223,fuel,2885.59
BUD_NPU_00223_internet_mobile,NPU_00223,internet_mobile,1154.24
BUD_NPU_00223_utilities,NPU_00223,utilities,641.24
BUD_NPU_00223_education,NPU_00223,education,448.87
BUD_NPU_00223_health,NPU_00223,health,1154.24
BUD_NPU_00223_family_support,NPU_00223,family_support,320.62
BUD_NPU_00223_loan_emi,NPU_00223,loan_emi,192.37
BUD_NPU_00223_festivals_gifts,NPU_00223,festivals_gifts,448.87
BUD_NPU_00223_clothing,NPU_00223,clothing,1795.48
BUD_NPU_00223_travel,NPU_00223,travel,224.43
BUD_NPU_00223_subscriptions,NPU_00223,subscriptions,820.79
BUD_NPU_00223_savings_investment,NPU_00223,savings_investment,256.5
BUD_NPU_00223_entertainment,NPU_00223,entertainment,3526.83
BUD_NPU_00223_miscellaneous,NPU_00223,miscellaneous,3206.21
BUD_NPU_00224_rent,NPU_00224,rent,243.51
BUD_NPU_00224_groceries,NPU_00224,groceries,16436.97
BUD_NPU_00224_restaurants_cafes,NPU_00224,restaurants_cafes,14001.86
BUD_NPU_00224_transport_public,NPU_00224,transport_public,15219.42
BUD_NPU_00224_transport_ride_hailing,NPU_00224,transport_ride_hailing,8522.87
BUD_NPU_00224_fuel,NPU_00224,fuel,5478.99
BUD_NPU_00224_internet_mobile,NPU_00224,internet_mobile,1461.06
BUD_NPU_00224_utilities,NPU_00224,utilities,1217.55
BUD_NPU_00224_education,NPU_00224,education,1193.2
BUD_NPU_00224_health,NPU_00224,health,2629.92
BUD_NPU_00224_family_support,NPU_00224,family_support,1704.57
BUD_NPU_00224_loan_emi,NPU_00224,loan_emi,365.27
BUD_NPU_00224_festivals_gifts,NPU_00224,festivals_gifts,852.29
BUD_NPU_00224_clothing,NPU_00224,clothing,3409.15
BUD_NPU_00224_travel,NPU_00224,travel,426.14
BUD_NPU_00224_subscriptions,NPU_00224,subscriptions,974.04
BUD_NPU_00224_savings_investment,NPU_00224,savings_investment,487.02
BUD_NPU_00224_entertainment,NPU_00224,entertainment,6696.54
BUD_NPU_00224_miscellaneous,NPU_00224,miscellaneous,6087.77
BUD_NPU_00225_rent,NPU_00225,rent,678.13
BUD_NPU_00225_groceries,NPU_00225,groceries,45773.91
BUD_NPU_00225_restaurants_cafes,NPU_00225,restaurants_cafes,38992.59
BUD_NPU_00225_transport_public,NPU_00225,transport_public,42383.25
BUD_NPU_00225_transport_ride_hailing,NPU_00225,transport_ride_hailing,23734.62
BUD_NPU_00225_fuel,NPU_00225,fuel,15257.97
BUD_NPU_00225_internet_mobile,NPU_00225,internet_mobile,4068.79
BUD_NPU_00225_utilities,NPU_00225,utilities,3390.66
BUD_NPU_00225_education,NPU_00225,education,3322.85
BUD_NPU_00225_health,NPU_00225,health,7323.83
BUD_NPU_00225_family_support,NPU_00225,family_support,4746.92
BUD_NPU_00225_loan_emi,NPU_00225,loan_emi,1017.2
BUD_NPU_00225_festivals_gifts,NPU_00225,festivals_gifts,2373.46
BUD_NPU_00225_clothing,NPU_00225,clothing,9493.85
BUD_NPU_00225_travel,NPU_00225,travel,1186.73
BUD_NPU_00225_subscriptions,NPU_00225,subscriptions,2712.53
BUD_NPU_00225_savings_investment,NPU_00225,savings_investment,1356.26
BUD_NPU_00225_entertainment,NPU_00225,entertainment,18648.63
BUD_NPU_00225_miscellaneous,NPU_00225,miscellaneous,16953.3
BUD_NPU_00226_rent,NPU_00226,rent,155.7
BUD_NPU_00226_groceries,NPU_00226,groceries,4777.23
BUD_NPU_00226_restaurants_cafes,NPU_00226,restaurants_cafes,4069.49
BUD_NPU_00226_transport_public,NPU_00226,transport_public,5750.37
BUD_NPU_00226_transport_ride_hailing,NPU_00226,transport_ride_hailing,2477.08
BUD_NPU_00226_fuel,NPU_00226,fuel,1592.41
BUD_NPU_00226_internet_mobile,NPU_00226,internet_mobile,424.64
BUD_NPU_00226_utilities,NPU_00226,utilities,495.42
BUD_NPU_00226_education,NPU_00226,education,247.71
BUD_NPU_00226_health,NPU_00226,health,636.96
BUD_NPU_00226_family_support,NPU_00226,family_support,176.93
BUD_NPU_00226_loan_emi,NPU_00226,loan_emi,106.16
BUD_NPU_00226_festivals_gifts,NPU_00226,festivals_gifts,247.71
BUD_NPU_00226_clothing,NPU_00226,clothing,990.83
BUD_NPU_00226_travel,NPU_00226,travel,123.85
BUD_NPU_00226_subscriptions,NPU_00226,subscriptions,283.1
BUD_NPU_00226_savings_investment,NPU_00226,savings_investment,141.55
BUD_NPU_00226_entertainment,NPU_00226,entertainment,1946.28
BUD_NPU_00226_miscellaneous,NPU_00226,miscellaneous,1769.34
BUD_NPU_00227_rent,NPU_00227,rent,629.96
BUD_NPU_00227_groceries,NPU_00227,groceries,42522.43
BUD_NPU_00227_restaurants_cafes,NPU_00227,restaurants_cafes,43467.37
BUD_NPU_00227_transport_public,NPU_00227,transport_public,39372.62
BUD_NPU_00227_transport_ride_hailing,NPU_00227,transport_ride_hailing,22048.67
BUD_NPU_00227_fuel,NPU_00227,fuel,14174.14
BUD_NPU_00227_internet_mobile,NPU_00227,internet_mobile,5669.66
BUD_NPU_00227_utilities,NPU_00227,utilities,3149.81
BUD_NPU_00227_education,NPU_00227,education,2204.87
BUD_NPU_00227_health,NPU_00227,health,5669.66
BUD_NPU_00227_family_support,NPU_00227,family_support,1574.9
BUD_NPU_00227_loan_emi,NPU_00227,loan_emi,944.94
BUD_NPU_00227_festivals_gifts,NPU_00227,festivals_gifts,2204.87
BUD_NPU_00227_clothing,NPU_00227,clothing,8819.47
BUD_NPU_00227_travel,NPU_00227,travel,1102.43
BUD_NPU_00227_subscriptions,NPU_00227,subscriptions,4031.76
BUD_NPU_00227_savings_investment,NPU_00227,savings_investment,1259.92
BUD_NPU_00227_entertainment,NPU_00227,entertainment,17323.95
BUD_NPU_00227_miscellaneous,NPU_00227,miscellaneous,15749.05
BUD_NPU_00228_rent,NPU_00228,rent,309.66
BUD_NPU_00228_groceries,NPU_00228,groceries,25082.25
BUD_NPU_00228_restaurants_cafes,NPU_00228,restaurants_cafes,17805.3
BUD_NPU_00228_transport_public,NPU_00228,transport_public,19353.58
BUD_NPU_00228_transport_ride_hailing,NPU_00228,transport_ride_hailing,10838.01
BUD_NPU_00228_fuel,NPU_00228,fuel,6967.29
BUD_NPU_00228_internet_mobile,NPU_00228,internet_mobile,1857.94
BUD_NPU_00228_utilities,NPU_00228,utilities,1548.29
BUD_NPU_00228_education,NPU_00228,education,1083.8
BUD_NPU_00228_health,NPU_00228,health,2786.92
BUD_NPU_00228_family_support,NPU_00228,family_support,774.14
BUD_NPU_00228_loan_emi,NPU_00228,loan_emi,1300.56
BUD_NPU_00228_festivals_gifts,NPU_00228,festivals_gifts,1083.8
BUD_NPU_00228_clothing,NPU_00228,clothing,4335.2
BUD_NPU_00228_travel,NPU_00228,travel,541.9
BUD_NPU_00228_subscriptions,NPU_00228,subscriptions,1238.63
BUD_NPU_00228_savings_investment,NPU_00228,savings_investment,619.31
BUD_NPU_00228_entertainment,NPU_00228,entertainment,8515.58
BUD_NPU_00228_miscellaneous,NPU_00228,miscellaneous,7741.43
BUD_NPU_00229_rent,NPU_00229,rent,182.93
BUD_NPU_00229_groceries,NPU_00229,groceries,12347.89
BUD_NPU_00229_restaurants_cafes,NPU_00229,restaurants_cafes,12622.29
BUD_NPU_00229_transport_public,NPU_00229,transport_public,11433.23
BUD_NPU_00229_transport_ride_hailing,NPU_00229,transport_ride_hailing,6402.61
BUD_NPU_00229_fuel,NPU_00229,fuel,4115.96
BUD_NPU_00229_internet_mobile,NPU_00229,internet_mobile,1646.39
BUD_NPU_00229_utilities,NPU_00229,utilities,914.66
BUD_NPU_00229_education,NPU_00229,education,640.26
BUD_NPU_00229_health,NPU_00229,health,1646.39
BUD_NPU_00229_family_support,NPU_00229,family_support,457.33
BUD_NPU_00229_loan_emi,NPU_00229,loan_emi,274.4
BUD_NPU_00229_festivals_gifts,NPU_00229,festivals_gifts,640.26
BUD_NPU_00229_clothing,NPU_00229,clothing,2561.04
BUD_NPU_00229_travel,NPU_00229,travel,320.13
BUD_NPU_00229_subscriptions,NPU_00229,subscriptions,1170.76
BUD_NPU_00229_savings_investment,NPU_00229,savings_investment,365.86
BUD_NPU_00229_entertainment,NPU_00229,entertainment,5030.62
BUD_NPU_00229_miscellaneous,NPU_00229,miscellaneous,4573.29
BUD_NPU_00230_rent,NPU_00230,rent,211.49
BUD_NPU_00230_groceries,NPU_00230,groceries,17130.43
BUD_NPU_00230_restaurants_cafes,NPU_00230,restaurants_cafes,12160.49
BUD_NPU_00230_transport_public,NPU_00230,transport_public,13217.92
BUD_NPU_00230_transport_ride_hailing,NPU_00230,transport_ride_hailing,7402.04
BUD_NPU_00230_fuel,NPU_00230,fuel,4758.45
BUD_NPU_00230_internet_mobile,NPU_00230,internet_mobile,1268.92
BUD_NPU_00230_utilities,NPU_00230,utilities,1057.43
BUD_NPU_00230_education,NPU_00230,education,740.2
BUD_NPU_00230_health,NPU_00230,health,1903.38
BUD_NPU_00230_family_support,NPU_00230,family_support,528.72
BUD_NPU_00230_loan_emi,NPU_00230,loan_emi,888.24
BUD_NPU_00230_festivals_gifts,NPU_00230,festivals_gifts,740.2
BUD_NPU_00230_clothing,NPU_00230,clothing,2960.81
BUD_NPU_00230_travel,NPU_00230,travel,370.1
BUD_NPU_00230_subscriptions,NPU_00230,subscriptions,845.95
BUD_NPU_00230_savings_investment,NPU_00230,savings_investment,422.97
BUD_NPU_00230_entertainment,NPU_00230,entertainment,5815.89
BUD_NPU_00230_miscellaneous,NPU_00230,miscellaneous,5287.17
BUD_NPU_00231_rent,NPU_00231,rent,501.7
BUD_NPU_00231_groceries,NPU_00231,groceries,44024.59
BUD_NPU_00231_restaurants_cafes,NPU_00231,restaurants_cafes,28848.02
BUD_NPU_00231_transport_public,NPU_00231,transport_public,37627.85
BUD_NPU_00231_transport_ride_hailing,NPU_00231,transport_ride_hailing,17559.66
BUD_NPU_00231_fuel,NPU_00231,fuel,11288.36
BUD_NPU_00231_internet_mobile,NPU_00231,internet_mobile,3612.27
BUD_NPU_00231_utilities,NPU_00231,utilities,2508.52
BUD_NPU_00231_education,NPU_00231,education,1755.97
BUD_NPU_00231_health,NPU_00231,health,4515.34
BUD_NPU_00231_family_support,NPU_00231,family_support,1254.26
BUD_NPU_00231_loan_emi,NPU_00231,loan_emi,752.56
BUD_NPU_00231_festivals_gifts,NPU_00231,festivals_gifts,1755.97
BUD_NPU_00231_clothing,NPU_00231,clothing,7023.87
BUD_NPU_00231_travel,NPU_00231,travel,877.98
BUD_NPU_00231_subscriptions,NPU_00231,subscriptions,2006.82
BUD_NPU_00231_savings_investment,NPU_00231,savings_investment,1003.41
BUD_NPU_00231_entertainment,NPU_00231,entertainment,13796.88
BUD_NPU_00231_miscellaneous,NPU_00231,miscellaneous,12542.62
BUD_NPU_00232_rent,NPU_00232,rent,338.17
BUD_NPU_00232_groceries,NPU_00232,groceries,22826.6
BUD_NPU_00232_restaurants_cafes,NPU_00232,restaurants_cafes,19444.88
BUD_NPU_00232_transport_public,NPU_00232,transport_public,21135.74
BUD_NPU_00232_transport_ride_hailing,NPU_00232,transport_ride_hailing,11836.01
BUD_NPU_00232_fuel,NPU_00232,fuel,7608.87
BUD_NPU_00232_internet_mobile,NPU_00232,internet_mobile,2029.03
BUD_NPU_00232_utilities,NPU_00232,utilities,1690.86
BUD_NPU_00232_education,NPU_00232,education,1657.04
BUD_NPU_00232_health,NPU_00232,health,3652.26
BUD_NPU_00232_family_support,NPU_00232,family_support,2367.2
BUD_NPU_00232_loan_emi,NPU_00232,loan_emi,507.26
BUD_NPU_00232_festivals_gifts,NPU_00232,festivals_gifts,1183.6
BUD_NPU_00232_clothing,NPU_00232,clothing,4734.41
BUD_NPU_00232_travel,NPU_00232,travel,591.8
BUD_NPU_00232_subscriptions,NPU_00232,subscriptions,1352.69
BUD_NPU_00232_savings_investment,NPU_00232,savings_investment,676.34
BUD_NPU_00232_entertainment,NPU_00232,entertainment,9299.73
BUD_NPU_00232_miscellaneous,NPU_00232,miscellaneous,8454.3
BUD_NPU_00233_rent,NPU_00233,rent,429.68
BUD_NPU_00233_groceries,NPU_00233,groceries,29003.42
BUD_NPU_00233_restaurants_cafes,NPU_00233,restaurants_cafes,24706.62
BUD_NPU_00233_transport_public,NPU_00233,transport_public,26855.02
BUD_NPU_00233_transport_ride_hailing,NPU_00233,transport_ride_hailing,15038.81
BUD_NPU_00233_fuel,NPU_00233,fuel,9667.81
BUD_NPU_00233_internet_mobile,NPU_00233,internet_mobile,2578.08
BUD_NPU_00233_utilities,NPU_00233,utilities,2148.4
BUD_NPU_00233_education,NPU_00233,education,2105.43
BUD_NPU_00233_health,NPU_00233,health,4640.55
BUD_NPU_00233_family_support,NPU_00233,family_support,3007.76
BUD_NPU_00233_loan_emi,NPU_00233,loan_emi,644.52
BUD_NPU_00233_festivals_gifts,NPU_00233,festivals_gifts,1503.88
BUD_NPU_00233_clothing,NPU_00233,clothing,6015.52
BUD_NPU_00233_travel,NPU_00233,travel,751.94
BUD_NPU_00233_subscriptions,NPU_00233,subscriptions,1718.72
BUD_NPU_00233_savings_investment,NPU_00233,savings_investment,859.36
BUD_NPU_00233_entertainment,NPU_00233,entertainment,11816.21
BUD_NPU_00233_miscellaneous,NPU_00233,miscellaneous,10742.01
BUD_NPU_00234_rent,NPU_00234,rent,428.59
BUD_NPU_00234_groceries,NPU_00234,groceries,28929.94
BUD_NPU_00234_restaurants_cafes,NPU_00234,restaurants_cafes,29572.83
BUD_NPU_00234_transport_public,NPU_00234,transport_public,26786.98
BUD_NPU_00234_transport_ride_hailing,NPU_00234,transport_ride_hailing,15000.71
BUD_NPU_00234_fuel,NPU_00234,fuel,9643.31
BUD_NPU_00234_internet_mobile,NPU_00234,internet_mobile,3857.33
BUD_NPU_00234_utilities,NPU_00234,utilities,2142.96
BUD_NPU_00234_education,NPU_00234,education,1500.07
BUD_NPU_00234_health,NPU_00234,health,3857.33
BUD_NPU_00234_family_support,NPU_00234,family_support,1071.48
BUD_NPU_00234_loan_emi,NPU_00234,loan_emi,642.89
BUD_NPU_00234_festivals_gifts,NPU_00234,festivals_gifts,1500.07
BUD_NPU_00234_clothing,NPU_00234,clothing,6000.28
BUD_NPU_00234_travel,NPU_00234,travel,750.04
BUD_NPU_00234_subscriptions,NPU_00234,subscriptions,2742.99
BUD_NPU_00234_savings_investment,NPU_00234,savings_investment,857.18
BUD_NPU_00234_entertainment,NPU_00234,entertainment,11786.27
BUD_NPU_00234_miscellaneous,NPU_00234,miscellaneous,10714.79
BUD_NPU_00235_rent,NPU_00235,rent,168.45
BUD_NPU_00235_groceries,NPU_00235,groceries,14781.5
BUD_NPU_00235_restaurants_cafes,NPU_00235,restaurants_cafes,9685.88
BUD_NPU_00235_transport_public,NPU_00235,transport_public,12633.76
BUD_NPU_00235_transport_ride_hailing,NPU_00235,transport_ride_hailing,5895.75
BUD_NPU_00235_fuel,NPU_00235,fuel,3790.13
BUD_NPU_00235_internet_mobile,NPU_00235,internet_mobile,1212.84
BUD_NPU_00235_utilities,NPU_00235,utilities,842.25
BUD_NPU_00235_education,NPU_00235,education,589.58
BUD_NPU_00235_health,NPU_00235,health,1516.05
BUD_NPU_00235_family_support,NPU_00235,family_support,421.13
BUD_NPU_00235_loan_emi,NPU_00235,loan_emi,252.68
BUD_NPU_00235_festivals_gifts,NPU_00235,festivals_gifts,589.58
BUD_NPU_00235_clothing,NPU_00235,clothing,2358.3
BUD_NPU_00235_travel,NPU_00235,travel,294.79
BUD_NPU_00235_subscriptions,NPU_00235,subscriptions,673.8
BUD_NPU_00235_savings_investment,NPU_00235,savings_investment,336.9
BUD_NPU_00235_entertainment,NPU_00235,entertainment,4632.38
BUD_NPU_00235_miscellaneous,NPU_00235,miscellaneous,4211.25
BUD_NPU_00236_rent,NPU_00236,rent,264.16
BUD_NPU_00236_groceries,NPU_00236,groceries,23180.02
BUD_NPU_00236_restaurants_cafes,NPU_00236,restaurants_cafes,15189.19
BUD_NPU_00236_transport_public,NPU_00236,transport_public,19811.99
BUD_NPU_00236_transport_ride_hailing,NPU_00236,transport_ride_hailing,9245.59
BUD_NPU_00236_fuel,NPU_00236,fuel,5943.6
BUD_NPU_00236_internet_mobile,NPU_00236,internet_mobile,1901.95
BUD_NPU_00236_utilities,NPU_00236,utilities,1320.8
BUD_NPU_00236_education,NPU_00236,education,924.56
BUD_NPU_00236_health,NPU_00236,health,2377.44
BUD_NPU_00236_family_support,NPU_00236,family_support,660.4
BUD_NPU_00236_loan_emi,NPU_00236,loan_emi,396.24
BUD_NPU_00236_festivals_gifts,NPU_00236,festivals_gifts,924.56
BUD_NPU_00236_clothing,NPU_00236,clothing,3698.24
BUD_NPU_00236_travel,NPU_00236,travel,462.28
BUD_NPU_00236_subscriptions,NPU_00236,subscriptions,1056.64
BUD_NPU_00236_savings_investment,NPU_00236,savings_investment,528.32
BUD_NPU_00236_entertainment,NPU_00236,entertainment,7264.39
BUD_NPU_00236_miscellaneous,NPU_00236,miscellaneous,6604.0
BUD_NPU_00237_rent,NPU_00237,rent,47.82
BUD_NPU_00237_groceries,NPU_00237,groceries,3228.06
BUD_NPU_00237_restaurants_cafes,NPU_00237,restaurants_cafes,3299.79
BUD_NPU_00237_transport_public,NPU_00237,transport_public,5977.88
BUD_NPU_00237_transport_ride_hailing,NPU_00237,transport_ride_hailing,1673.81
BUD_NPU_00237_fuel,NPU_00237,fuel,1076.02
BUD_NPU_00237_internet_mobile,NPU_00237,internet_mobile,373.02
BUD_NPU_00237_utilities,NPU_00237,utilities,239.12
BUD_NPU_00237_education,NPU_00237,education,301.29
BUD_NPU_00237_health,NPU_00237,health,430.41
BUD_NPU_00237_family_support,NPU_00237,family_support,119.56
BUD_NPU_00237_loan_emi,NPU_00237,loan_emi,71.73
BUD_NPU_00237_festivals_gifts,NPU_00237,festivals_gifts,167.38
BUD_NPU_00237_clothing,NPU_00237,clothing,669.52
BUD_NPU_00237_travel,NPU_00237,travel,83.69
BUD_NPU_00237_subscriptions,NPU_00237,subscriptions,191.29
BUD_NPU_00237_savings_investment,NPU_00237,savings_investment,95.65
BUD_NPU_00237_entertainment,NPU_00237,entertainment,1315.13
BUD_NPU_00237_miscellaneous,NPU_00237,miscellaneous,1195.58
BUD_NPU_00238_rent,NPU_00238,rent,51.3
BUD_NPU_00238_groceries,NPU_00238,groceries,3463.01
BUD_NPU_00238_restaurants_cafes,NPU_00238,restaurants_cafes,3539.97
BUD_NPU_00238_transport_public,NPU_00238,transport_public,6412.99
BUD_NPU_00238_transport_ride_hailing,NPU_00238,transport_ride_hailing,1795.64
BUD_NPU_00238_fuel,NPU_00238,fuel,1154.34
BUD_NPU_00238_internet_mobile,NPU_00238,internet_mobile,400.17
BUD_NPU_00238_utilities,NPU_00238,utilities,256.52
BUD_NPU_00238_education,NPU_00238,education,323.21
BUD_NPU_00238_health,NPU_00238,health,461.74
BUD_NPU_00238_family_support,NPU_00238,family_support,128.26
BUD_NPU_00238_loan_emi,NPU_00238,loan_emi,76.96
BUD_NPU_00238_festivals_gifts,NPU_00238,festivals_gifts,179.56
BUD_NPU_00238_clothing,NPU_00238,clothing,718.25
BUD_NPU_00238_travel,NPU_00238,travel,89.78
BUD_NPU_00238_subscriptions,NPU_00238,subscriptions,205.22
BUD_NPU_00238_savings_investment,NPU_00238,savings_investment,102.61
BUD_NPU_00238_entertainment,NPU_00238,entertainment,1410.86
BUD_NPU_00238_miscellaneous,NPU_00238,miscellaneous,1282.6
BUD_NPU_00239_rent,NPU_00239,rent,484.76
BUD_NPU_00239_groceries,NPU_00239,groceries,14873.19
BUD_NPU_00239_restaurants_cafes,NPU_00239,restaurants_cafes,12669.75
BUD_NPU_00239_transport_public,NPU_00239,transport_public,17902.91
BUD_NPU_00239_transport_ride_hailing,NPU_00239,transport_ride_hailing,7712.02
BUD_NPU_00239_fuel,NPU_00239,fuel,4957.73
BUD_NPU_00239_internet_mobile,NPU_00239,internet_mobile,1322.06
BUD_NPU_00239_utilities,NPU_00239,utilities,1542.4
BUD_NPU_00239_education,NPU_00239,education,771.2
BUD_NPU_00239_health,NPU_00239,health,1983.09
BUD_NPU_00239_family_support,NPU_00239,family_support,550.86
BUD_NPU_00239_loan_emi,NPU_00239,loan_emi,330.52
BUD_NPU_00239_festivals_gifts,NPU_00239,festivals_gifts,771.2
BUD_NPU_00239_clothing,NPU_00239,clothing,3084.81
BUD_NPU_00239_travel,NPU_00239,travel,385.6
BUD_NPU_00239_subscriptions,NPU_00239,subscriptions,881.37
BUD_NPU_00239_savings_investment,NPU_00239,savings_investment,440.69
BUD_NPU_00239_entertainment,NPU_00239,entertainment,6059.45
BUD_NPU_00239_miscellaneous,NPU_00239,miscellaneous,5508.59
BUD_NPU_00240_rent,NPU_00240,rent,462.98
BUD_NPU_00240_groceries,NPU_00240,groceries,14205.09
BUD_NPU_00240_restaurants_cafes,NPU_00240,restaurants_cafes,12100.63
BUD_NPU_00240_transport_public,NPU_00240,transport_public,17098.72
BUD_NPU_00240_transport_ride_hailing,NPU_00240,transport_ride_hailing,7365.6
BUD_NPU_00240_fuel,NPU_00240,fuel,4735.03
BUD_NPU_00240_internet_mobile,NPU_00240,internet_mobile,1262.67
BUD_NPU_00240_utilities,NPU_00240,utilities,1473.12
BUD_NPU_00240_education,NPU_00240,education,736.56
BUD_NPU_00240_health,NPU_00240,health,1894.01
BUD_NPU_00240_family_support,NPU_00240,family_support,526.11
BUD_NPU_00240_loan_emi,NPU_00240,loan_emi,315.67
BUD_NPU_00240_festivals_gifts,NPU_00240,festivals_gifts,736.56
BUD_NPU_00240_clothing,NPU_00240,clothing,2946.24
BUD_NPU_00240_travel,NPU_00240,travel,368.28
BUD_NPU_00240_subscriptions,NPU_00240,subscriptions,841.78
BUD_NPU_00240_savings_investment,NPU_00240,savings_investment,420.89
BUD_NPU_00240_entertainment,NPU_00240,entertainment,5787.26
BUD_NPU_00240_miscellaneous,NPU_00240,miscellaneous,5261.14
BUD_NPU_00241_rent,NPU_00241,rent,236.61
BUD_NPU_00241_groceries,NPU_00241,groceries,15971.05
BUD_NPU_00241_restaurants_cafes,NPU_00241,restaurants_cafes,32651.93
BUD_NPU_00241_transport_public,NPU_00241,transport_public,14788.01
BUD_NPU_00241_transport_ride_hailing,NPU_00241,transport_ride_hailing,8281.29
BUD_NPU_00241_fuel,NPU_00241,fuel,5323.68
BUD_NPU_00241_internet_mobile,NPU_00241,internet_mobile,1419.65
BUD_NPU_00241_utilities,NPU_00241,utilities,1183.04
BUD_NPU_00241_education,NPU_00241,education,828.13
BUD_NPU_00241_health,NPU_00241,health,2129.47
BUD_NPU_00241_family_support,NPU_00241,family_support,591.52
BUD_NPU_00241_loan_emi,NPU_00241,loan_emi,354.91
BUD_NPU_00241_festivals_gifts,NPU_00241,festivals_gifts,828.13
BUD_NPU_00241_clothing,NPU_00241,clothing,3312.52
BUD_NPU_00241_travel,NPU_00241,travel,621.1
BUD_NPU_00241_subscriptions,NPU_00241,subscriptions,946.43
BUD_NPU_00241_savings_investment,NPU_00241,savings_investment,473.22
BUD_NPU_00241_entertainment,NPU_00241,entertainment,12362.78
BUD_NPU_00241_miscellaneous,NPU_00241,miscellaneous,5915.21
BUD_NPU_00242_rent,NPU_00242,rent,155.18
BUD_NPU_00242_groceries,NPU_00242,groceries,13616.85
BUD_NPU_00242_restaurants_cafes,NPU_00242,restaurants_cafes,8922.72
BUD_NPU_00242_transport_public,NPU_00242,transport_public,11638.33
BUD_NPU_00242_transport_ride_hailing,NPU_00242,transport_ride_hailing,5431.22
BUD_NPU_00242_fuel,NPU_00242,fuel,3491.5
BUD_NPU_00242_internet_mobile,NPU_00242,internet_mobile,1117.28
BUD_NPU_00242_utilities,NPU_00242,utilities,775.89
BUD_NPU_00242_education,NPU_00242,education,543.12
BUD_NPU_00242_health,NPU_00242,health,1396.6
BUD_NPU_00242_family_support,NPU_00242,family_support,387.94
BUD_NPU_00242_loan_emi,NPU_00242,loan_emi,232.77
BUD_NPU_00242_festivals_gifts,NPU_00242,festivals_gifts,543.12
BUD_NPU_00242_clothing,NPU_00242,clothing,2172.49
BUD_NPU_00242_travel,NPU_00242,travel,271.56
BUD_NPU_00242_subscriptions,NPU_00242,subscriptions,620.71
BUD_NPU_00242_savings_investment,NPU_00242,savings_investment,310.36
BUD_NPU_00242_entertainment,NPU_00242,entertainment,4267.39
BUD_NPU_00242_miscellaneous,NPU_00242,miscellaneous,3879.44
BUD_NPU_00243_rent,NPU_00243,rent,156.74
BUD_NPU_00243_groceries,NPU_00243,groceries,10579.91
BUD_NPU_00243_restaurants_cafes,NPU_00243,restaurants_cafes,21630.04
BUD_NPU_00243_transport_public,NPU_00243,transport_public,9796.21
BUD_NPU_00243_transport_ride_hailing,NPU_00243,transport_ride_hailing,5485.88
BUD_NPU_00243_fuel,NPU_00243,fuel,3526.64
BUD_NPU_00243_internet_mobile,NPU_00243,internet_mobile,940.44
BUD_NPU_00243_utilities,NPU_00243,utilities,783.7
BUD_NPU_00243_education,NPU_00243,education,548.59
BUD_NPU_00243_health,NPU_00243,health,1410.65
BUD_NPU_00243_family_support,NPU_00243,family_support,391.85
BUD_NPU_00243_loan_emi,NPU_00243,loan_emi,235.11
BUD_NPU_00243_festivals_gifts,NPU_00243,festivals_gifts,548.59
BUD_NPU_00243_clothing,NPU_00243,clothing,2194.35
BUD_NPU_00243_travel,NPU_00243,travel,411.44
BUD_NPU_00243_subscriptions,NPU_00243,subscriptions,626.96
BUD_NPU_00243_savings_investment,NPU_00243,savings_investment,313.48
BUD_NPU_00243_entertainment,NPU_00243,entertainment,8189.63
BUD_NPU_00243_miscellaneous,NPU_00243,miscellaneous,3918.49
BUD_NPU_00244_rent,NPU_00244,rent,143.48
BUD_NPU_00244_groceries,NPU_00244,groceries,9684.58
BUD_NPU_00244_restaurants_cafes,NPU_00244,restaurants_cafes,8249.83
BUD_NPU_00244_transport_public,NPU_00244,transport_public,8967.21
BUD_NPU_00244_transport_ride_hailing,NPU_00244,transport_ride_hailing,5021.63
BUD_NPU_00244_fuel,NPU_00244,fuel,3228.19
BUD_NPU_00244_internet_mobile,NPU_00244,internet_mobile,860.85
BUD_NPU_00244_utilities,NPU_00244,utilities,717.38
BUD_NPU_00244_education,NPU_00244,education,703.03
BUD_NPU_00244_health,NPU_00244,health,1549.53
BUD_NPU_00244_family_support,NPU_00244,family_support,1004.33
BUD_NPU_00244_loan_emi,NPU_00244,loan_emi,215.21
BUD_NPU_00244_festivals_gifts,NPU_00244,festivals_gifts,502.16
BUD_NPU_00244_clothing,NPU_00244,clothing,2008.65
BUD_NPU_00244_travel,NPU_00244,travel,251.08
BUD_NPU_00244_subscriptions,NPU_00244,subscriptions,573.9
BUD_NPU_00244_savings_investment,NPU_00244,savings_investment,286.95
BUD_NPU_00244_entertainment,NPU_00244,entertainment,3945.57
BUD_NPU_00244_miscellaneous,NPU_00244,miscellaneous,3586.88
BUD_NPU_00245_rent,NPU_00245,rent,486.69
BUD_NPU_00245_groceries,NPU_00245,groceries,42707.11
BUD_NPU_00245_restaurants_cafes,NPU_00245,restaurants_cafes,27984.71
BUD_NPU_00245_transport_public,NPU_00245,transport_public,36501.8
BUD_NPU_00245_transport_ride_hailing,NPU_00245,transport_ride_hailing,17034.17
BUD_NPU_00245_fuel,NPU_00245,fuel,10950.54
BUD_NPU_00245_internet_mobile,NPU_00245,internet_mobile,3504.17
BUD_NPU_00245_utilities,NPU_00245,utilities,2433.45
BUD_NPU_00245_education,NPU_00245,education,1703.42
BUD_NPU_00245_health,NPU_00245,health,4380.22
BUD_NPU_00245_family_support,NPU_00245,family_support,1216.73
BUD_NPU_00245_loan_emi,NPU_00245,loan_emi,730.04
BUD_NPU_00245_festivals_gifts,NPU_00245,festivals_gifts,1703.42
BUD_NPU_00245_clothing,NPU_00245,clothing,6813.67
BUD_NPU_00245_travel,NPU_00245,travel,851.71
BUD_NPU_00245_subscriptions,NPU_00245,subscriptions,1946.76
BUD_NPU_00245_savings_investment,NPU_00245,savings_investment,973.38
BUD_NPU_00245_entertainment,NPU_00245,entertainment,13383.99
BUD_NPU_00245_miscellaneous,NPU_00245,miscellaneous,12167.27
BUD_NPU_00246_rent,NPU_00246,rent,339.74
BUD_NPU_00246_groceries,NPU_00246,groceries,22932.38
BUD_NPU_00246_restaurants_cafes,NPU_00246,restaurants_cafes,27348.99
BUD_NPU_00246_transport_public,NPU_00246,transport_public,21233.69
BUD_NPU_00246_transport_ride_hailing,NPU_00246,transport_ride_hailing,11890.86
BUD_NPU_00246_fuel,NPU_00246,fuel,14523.84
BUD_NPU_00246_internet_mobile,NPU_00246,internet_mobile,2038.43
BUD_NPU_00246_utilities,NPU_00246,utilities,1698.69
BUD_NPU_00246_education,NPU_00246,education,1189.09
BUD_NPU_00246_health,NPU_00246,health,3057.65
BUD_NPU_00246_family_support,NPU_00246,family_support,849.35
BUD_NPU_00246_loan_emi,NPU_00246,loan_emi,509.61
BUD_NPU_00246_festivals_gifts,NPU_00246,festivals_gifts,1189.09
BUD_NPU_00246_clothing,NPU_00246,clothing,4756.35
BUD_NPU_00246_travel,NPU_00246,travel,594.54
BUD_NPU_00246_subscriptions,NPU_00246,subscriptions,1358.96
BUD_NPU_00246_savings_investment,NPU_00246,savings_investment,679.48
BUD_NPU_00246_entertainment,NPU_00246,entertainment,9342.82
BUD_NPU_00246_miscellaneous,NPU_00246,miscellaneous,12740.21
BUD_NPU_00247_rent,NPU_00247,rent,44.73
BUD_NPU_00247_groceries,NPU_00247,groceries,3019.42
BUD_NPU_00247_restaurants_cafes,NPU_00247,restaurants_cafes,3086.52
BUD_NPU_00247_transport_public,NPU_00247,transport_public,5591.52
BUD_NPU_00247_transport_ride_hailing,NPU_00247,transport_ride_hailing,1565.62
BUD_NPU_00247_fuel,NPU_00247,fuel,1006.47
BUD_NPU_00247_internet_mobile,NPU_00247,internet_mobile,348.91
BUD_NPU_00247_utilities,NPU_00247,utilities,223.66
BUD_NPU_00247_education,NPU_00247,education,281.81
BUD_NPU_00247_health,NPU_00247,health,402.59
BUD_NPU_00247_family_support,NPU_00247,family_support,111.83
BUD_NPU_00247_loan_emi,NPU_00247,loan_emi,67.1
BUD_NPU_00247_festivals_gifts,NPU_00247,festivals_gifts,156.56
BUD_NPU_00247_clothing,NPU_00247,clothing,626.25
BUD_NPU_00247_travel,NPU_00247,travel,78.28
BUD_NPU_00247_subscriptions,NPU_00247,subscriptions,178.93
BUD_NPU_00247_savings_investment,NPU_00247,savings_investment,89.46
BUD_NPU_00247_entertainment,NPU_00247,entertainment,1230.13
BUD_NPU_00247_miscellaneous,NPU_00247,miscellaneous,1118.3
BUD_NPU_00248_rent,NPU_00248,rent,237.23
BUD_NPU_00248_groceries,NPU_00248,groceries,20816.5
BUD_NPU_00248_restaurants_cafes,NPU_00248,restaurants_cafes,13640.44
BUD_NPU_00248_transport_public,NPU_00248,transport_public,17791.88
BUD_NPU_00248_transport_ride_hailing,NPU_00248,transport_ride_hailing,8302.88
BUD_NPU_00248_fuel,NPU_00248,fuel,5337.56
BUD_NPU_00248_internet_mobile,NPU_00248,internet_mobile,1708.02
BUD_NPU_00248_utilities,NPU_00248,utilities,1186.13
BUD_NPU_00248_education,NPU_00248,education,830.29
BUD_NPU_00248_health,NPU_00248,health,2135.03
BUD_NPU_00248_family_support,NPU_00248,family_support,593.06
BUD_NPU_00248_loan_emi,NPU_00248,loan_emi,355.84
BUD_NPU_00248_festivals_gifts,NPU_00248,festivals_gifts,830.29
BUD_NPU_00248_clothing,NPU_00248,clothing,3321.15
BUD_NPU_00248_travel,NPU_00248,travel,415.14
BUD_NPU_00248_subscriptions,NPU_00248,subscriptions,948.9
BUD_NPU_00248_savings_investment,NPU_00248,savings_investment,474.45
BUD_NPU_00248_entertainment,NPU_00248,entertainment,6523.69
BUD_NPU_00248_miscellaneous,NPU_00248,miscellaneous,5930.63
BUD_NPU_00249_rent,NPU_00249,rent,287.41
BUD_NPU_00249_groceries,NPU_00249,groceries,23279.85
BUD_NPU_00249_restaurants_cafes,NPU_00249,restaurants_cafes,16525.82
BUD_NPU_00249_transport_public,NPU_00249,transport_public,17962.85
BUD_NPU_00249_transport_ride_hailing,NPU_00249,transport_ride_hailing,10059.2
BUD_NPU_00249_fuel,NPU_00249,fuel,6466.63
BUD_NPU_00249_internet_mobile,NPU_00249,internet_mobile,1724.43
BUD_NPU_00249_utilities,NPU_00249,utilities,1437.03
BUD_NPU_00249_education,NPU_00249,education,1005.92
BUD_NPU_00249_health,NPU_00249,health,2586.65
BUD_NPU_00249_family_support,NPU_00249,family_support,718.51
BUD_NPU_00249_loan_emi,NPU_00249,loan_emi,1207.1
BUD_NPU_00249_festivals_gifts,NPU_00249,festivals_gifts,1005.92
BUD_NPU_00249_clothing,NPU_00249,clothing,4023.68
BUD_NPU_00249_travel,NPU_00249,travel,502.96
BUD_NPU_00249_subscriptions,NPU_00249,subscriptions,1149.62
BUD_NPU_00249_savings_investment,NPU_00249,savings_investment,574.81
BUD_NPU_00249_entertainment,NPU_00249,entertainment,7903.65
BUD_NPU_00249_miscellaneous,NPU_00249,miscellaneous,7185.14
BUD_NPU_00250_rent,NPU_00250,rent,205.52
BUD_NPU_00250_groceries,NPU_00250,groceries,13872.46
BUD_NPU_00250_restaurants_cafes,NPU_00250,restaurants_cafes,11817.28
BUD_NPU_00250_transport_public,NPU_00250,transport_public,12844.87
BUD_NPU_00250_transport_ride_hailing,NPU_00250,transport_ride_hailing,7193.13
BUD_NPU_00250_fuel,NPU_00250,fuel,4624.15
BUD_NPU_00250_internet_mobile,NPU_00250,internet_mobile,1233.11
BUD_NPU_00250_utilities,NPU_00250,utilities,1027.59
BUD_NPU_00250_education,NPU_00250,education,1007.04
BUD_NPU_00250_health,NPU_00250,health,2219.59
BUD_NPU_00250_family_support,NPU_00250,family_support,1438.63
BUD_NPU_00250_loan_emi,NPU_00250,loan_emi,308.28
BUD_NPU_00250_festivals_gifts,NPU_00250,festivals_gifts,719.31
BUD_NPU_00250_clothing,NPU_00250,clothing,2877.25
BUD_NPU_00250_travel,NPU_00250,travel,359.66
BUD_NPU_00250_subscriptions,NPU_00250,subscriptions,822.07
BUD_NPU_00250_savings_investment,NPU_00250,savings_investment,411.04
BUD_NPU_00250_entertainment,NPU_00250,entertainment,5651.74
BUD_NPU_00250_miscellaneous,NPU_00250,miscellaneous,5137.95
BUD_NPU_00251_rent,NPU_00251,rent,98.6
BUD_NPU_00251_groceries,NPU_00251,groceries,6655.52
BUD_NPU_00251_restaurants_cafes,NPU_00251,restaurants_cafes,6803.42
BUD_NPU_00251_transport_public,NPU_00251,transport_public,12325.05
BUD_NPU_00251_transport_ride_hailing,NPU_00251,transport_ride_hailing,3451.01
BUD_NPU_00251_fuel,NPU_00251,fuel,2218.51
BUD_NPU_00251_internet_mobile,NPU_00251,internet_mobile,769.08
BUD_NPU_00251_utilities,NPU_00251,utilities,493.0
BUD_NPU_00251_education,NPU_00251,education,621.18
BUD_NPU_00251_health,NPU_00251,health,887.4
BUD_NPU_00251_family_support,NPU_00251,family_support,246.5
BUD_NPU_00251_loan_emi,NPU_00251,loan_emi,147.9
BUD_NPU_00251_festivals_gifts,NPU_00251,festivals_gifts,345.1
BUD_NPU_00251_clothing,NPU_00251,clothing,1380.41
BUD_NPU_00251_travel,NPU_00251,travel,172.55
BUD_NPU_00251_subscriptions,NPU_00251,subscriptions,394.4
BUD_NPU_00251_savings_investment,NPU_00251,savings_investment,197.2
BUD_NPU_00251_entertainment,NPU_00251,entertainment,2711.51
BUD_NPU_00251_miscellaneous,NPU_00251,miscellaneous,2465.01
BUD_NPU_00252_rent,NPU_00252,rent,551.52
BUD_NPU_00252_groceries,NPU_00252,groceries,16921.72
BUD_NPU_00252_restaurants_cafes,NPU_00252,restaurants_cafes,14414.8
BUD_NPU_00252_transport_public,NPU_00252,transport_public,20368.73
BUD_NPU_00252_transport_ride_hailing,NPU_00252,transport_ride_hailing,8774.22
BUD_NPU_00252_fuel,NPU_00252,fuel,5640.57
BUD_NPU_00252_internet_mobile,NPU_00252,internet_mobile,1504.15
BUD_NPU_00252_utilities,NPU_00252,utilities,1754.84
BUD_NPU_00252_education,NPU_00252,education,877.42
BUD_NPU_00252_health,NPU_00252,health,2256.23
BUD_NPU_00252_family_support,NPU_00252,family_support,626.73
BUD_NPU_00252_loan_emi,NPU_00252,loan_emi,376.04
BUD_NPU_00252_festivals_gifts,NPU_00252,festivals_gifts,877.42
BUD_NPU_00252_clothing,NPU_00252,clothing,3509.69
BUD_NPU_00252_travel,NPU_00252,travel,438.71
BUD_NPU_00252_subscriptions,NPU_00252,subscriptions,1002.77
BUD_NPU_00252_savings_investment,NPU_00252,savings_investment,501.38
BUD_NPU_00252_entertainment,NPU_00252,entertainment,6894.03
BUD_NPU_00252_miscellaneous,NPU_00252,miscellaneous,6267.3
BUD_NPU_00253_rent,NPU_00253,rent,249.06
BUD_NPU_00253_groceries,NPU_00253,groceries,16811.38
BUD_NPU_00253_restaurants_cafes,NPU_00253,restaurants_cafes,17184.97
BUD_NPU_00253_transport_public,NPU_00253,transport_public,15566.09
BUD_NPU_00253_transport_ride_hailing,NPU_00253,transport_ride_hailing,8717.01
BUD_NPU_00253_fuel,NPU_00253,fuel,5603.79
BUD_NPU_00253_internet_mobile,NPU_00253,internet_mobile,2241.52
BUD_NPU_00253_utilities,NPU_00253,utilities,1245.29
BUD_NPU_00253_education,NPU_00253,education,871.7
BUD_NPU_00253_health,NPU_00253,health,2241.52
BUD_NPU_00253_family_support,NPU_00253,family_support,622.64
BUD_NPU_00253_loan_emi,NPU_00253,loan_emi,373.59
BUD_NPU_00253_festivals_gifts,NPU_00253,festivals_gifts,871.7
BUD_NPU_00253_clothing,NPU_00253,clothing,3486.8
BUD_NPU_00253_travel,NPU_00253,travel,435.85
BUD_NPU_00253_subscriptions,NPU_00253,subscriptions,1593.97
BUD_NPU_00253_savings_investment,NPU_00253,savings_investment,498.11
BUD_NPU_00253_entertainment,NPU_00253,entertainment,6849.08
BUD_NPU_00253_miscellaneous,NPU_00253,miscellaneous,6226.44
BUD_NPU_00254_rent,NPU_00254,rent,163.22
BUD_NPU_00254_groceries,NPU_00254,groceries,13221.17
BUD_NPU_00254_restaurants_cafes,NPU_00254,restaurants_cafes,9385.4
BUD_NPU_00254_transport_public,NPU_00254,transport_public,10201.52
BUD_NPU_00254_transport_ride_hailing,NPU_00254,transport_ride_hailing,5712.85
BUD_NPU_00254_fuel,NPU_00254,fuel,3672.55
BUD_NPU_00254_internet_mobile,NPU_00254,internet_mobile,979.35
BUD_NPU_00254_utilities,NPU_00254,utilities,816.12
BUD_NPU_00254_education,NPU_00254,education,571.29
BUD_NPU_00254_health,NPU_00254,health,1469.02
BUD_NPU_00254_family_support,NPU_00254,family_support,408.06
BUD_NPU_00254_loan_emi,NPU_00254,loan_emi,685.54
BUD_NPU_00254_festivals_gifts,NPU_00254,festivals_gifts,571.29
BUD_NPU_00254_clothing,NPU_00254,clothing,2285.14
BUD_NPU_00254_travel,NPU_00254,travel,285.64
BUD_NPU_00254_subscriptions,NPU_00254,subscriptions,652.9
BUD_NPU_00254_savings_investment,NPU_00254,savings_investment,326.45
BUD_NPU_00254_entertainment,NPU_00254,entertainment,4488.67
BUD_NPU_00254_miscellaneous,NPU_00254,miscellaneous,4080.61
BUD_NPU_00255_rent,NPU_00255,rent,83.15
BUD_NPU_00255_groceries,NPU_00255,groceries,5612.8
BUD_NPU_00255_restaurants_cafes,NPU_00255,restaurants_cafes,5737.53
BUD_NPU_00255_transport_public,NPU_00255,transport_public,10394.08
BUD_NPU_00255_transport_ride_hailing,NPU_00255,transport_ride_hailing,2910.34
BUD_NPU_00255_fuel,NPU_00255,fuel,1870.93
BUD_NPU_00255_internet_mobile,NPU_00255,internet_mobile,648.59
BUD_NPU_00255_utilities,NPU_00255,utilities,415.76
BUD_NPU_00255_education,NPU_00255,education,523.86
BUD_NPU_00255_health,NPU_00255,health,748.37
BUD_NPU_00255_family_support,NPU_00255,family_support,207.88
BUD_NPU_00255_loan_emi,NPU_00255,loan_emi,124.73
BUD_NPU_00255_festivals_gifts,NPU_00255,festivals_gifts,291.03
BUD_NPU_00255_clothing,NPU_00255,clothing,1164.14
BUD_NPU_00255_travel,NPU_00255,travel,145.52
BUD_NPU_00255_subscriptions,NPU_00255,subscriptions,332.61
BUD_NPU_00255_savings_investment,NPU_00255,savings_investment,166.31
BUD_NPU_00255_entertainment,NPU_00255,entertainment,2286.7
BUD_NPU_00255_miscellaneous,NPU_00255,miscellaneous,2078.82
BUD_NPU_00256_rent,NPU_00256,rent,246.54
BUD_NPU_00256_groceries,NPU_00256,groceries,16641.34
BUD_NPU_00256_restaurants_cafes,NPU_00256,restaurants_cafes,14175.95
BUD_NPU_00256_transport_public,NPU_00256,transport_public,15408.65
BUD_NPU_00256_transport_ride_hailing,NPU_00256,transport_ride_hailing,8628.84
BUD_NPU_00256_fuel,NPU_00256,fuel,5547.11
BUD_NPU_00256_internet_mobile,NPU_00256,internet_mobile,1479.23
BUD_NPU_00256_utilities,NPU_00256,utilities,1232.69
BUD_NPU_00256_education,NPU_00256,education,862.88
BUD_NPU_00256_health,NPU_00256,health,2218.85
BUD_NPU_00256_family_support,NPU_00256,family_support,616.35
BUD_NPU_00256_loan_emi,NPU_00256,loan_emi,369.81
BUD_NPU_00256_festivals_gifts,NPU_00256,festivals_gifts,2157.21
BUD_NPU_00256_clothing,NPU_00256,clothing,5867.61
BUD_NPU_00256_travel,NPU_00256,travel,604.02
BUD_NPU_00256_subscriptions,NPU_00256,subscriptions,986.15
BUD_NPU_00256_savings_investment,NPU_00256,savings_investment,493.08
BUD_NPU_00256_entertainment,NPU_00256,entertainment,6779.8
BUD_NPU_00256_miscellaneous,NPU_00256,miscellaneous,6163.46
BUD_NPU_00257_rent,NPU_00257,rent,562.73
BUD_NPU_00257_groceries,NPU_00257,groceries,17265.58
BUD_NPU_00257_restaurants_cafes,NPU_00257,restaurants_cafes,14707.72
BUD_NPU_00257_transport_public,NPU_00257,transport_public,20782.64
BUD_NPU_00257_transport_ride_hailing,NPU_00257,transport_ride_hailing,8952.52
BUD_NPU_00257_fuel,NPU_00257,fuel,5755.19
BUD_NPU_00257_internet_mobile,NPU_00257,internet_mobile,1534.72
BUD_NPU_00257_utilities,NPU_00257,utilities,1790.5
BUD_NPU_00257_education,NPU_00257,education,895.25
BUD_NPU_00257_health,NPU_00257,health,2302.08
BUD_NPU_00257_family_support,NPU_00257,family_support,639.47
BUD_NPU_00257_loan_emi,NPU_00257,loan_emi,383.68
BUD_NPU_00257_festivals_gifts,NPU_00257,festivals_gifts,895.25
BUD_NPU_00257_clothing,NPU_00257,clothing,3581.01
BUD_NPU_00257_travel,NPU_00257,travel,447.63
BUD_NPU_00257_subscriptions,NPU_00257,subscriptions,1023.15
BUD_NPU_00257_savings_investment,NPU_00257,savings_investment,511.57
BUD_NPU_00257_entertainment,NPU_00257,entertainment,7034.13
BUD_NPU_00257_miscellaneous,NPU_00257,miscellaneous,6394.66
BUD_NPU_00258_rent,NPU_00258,rent,547.73
BUD_NPU_00258_groceries,NPU_00258,groceries,36971.64
BUD_NPU_00258_restaurants_cafes,NPU_00258,restaurants_cafes,31494.36
BUD_NPU_00258_transport_public,NPU_00258,transport_public,34233.0
BUD_NPU_00258_transport_ride_hailing,NPU_00258,transport_ride_hailing,19170.48
BUD_NPU_00258_fuel,NPU_00258,fuel,12323.88
BUD_NPU_00258_internet_mobile,NPU_00258,internet_mobile,3286.37
BUD_NPU_00258_utilities,NPU_00258,utilities,2738.64
BUD_NPU_00258_education,NPU_00258,education,2683.87
BUD_NPU_00258_health,NPU_00258,health,5915.46
BUD_NPU_00258_family_support,NPU_00258,family_support,3834.1
BUD_NPU_00258_loan_emi,NPU_00258,loan_emi,821.59
BUD_NPU_00258_festivals_gifts,NPU_00258,festivals_gifts,1917.05
BUD_NPU_00258_clothing,NPU_00258,clothing,7668.19
BUD_NPU_00258_travel,NPU_00258,travel,958.52
BUD_NPU_00258_subscriptions,NPU_00258,subscriptions,2190.91
BUD_NPU_00258_savings_investment,NPU_00258,savings_investment,1095.46
BUD_NPU_00258_entertainment,NPU_00258,entertainment,15062.52
BUD_NPU_00258_miscellaneous,NPU_00258,miscellaneous,13693.2
BUD_NPU_00259_rent,NPU_00259,rent,728.42
BUD_NPU_00259_groceries,NPU_00259,groceries,49168.03
BUD_NPU_00259_restaurants_cafes,NPU_00259,restaurants_cafes,41883.88
BUD_NPU_00259_transport_public,NPU_00259,transport_public,45525.95
BUD_NPU_00259_transport_ride_hailing,NPU_00259,transport_ride_hailing,25494.53
BUD_NPU_00259_fuel,NPU_00259,fuel,16389.34
BUD_NPU_00259_internet_mobile,NPU_00259,internet_mobile,4370.49
BUD_NPU_00259_utilities,NPU_00259,utilities,3642.08
BUD_NPU_00259_education,NPU_00259,education,3569.23
BUD_NPU_00259_health,NPU_00259,health,7866.88
BUD_NPU_00259_family_support,NPU_00259,family_support,5098.91
BUD_NPU_00259_loan_emi,NPU_00259,loan_emi,1092.62
BUD_NPU_00259_festivals_gifts,NPU_00259,festivals_gifts,2549.45
BUD_NPU_00259_clothing,NPU_00259,clothing,10197.81
BUD_NPU_00259_travel,NPU_00259,travel,1274.73
BUD_NPU_00259_subscriptions,NPU_00259,subscriptions,2913.66
BUD_NPU_00259_savings_investment,NPU_00259,savings_investment,1456.83
BUD_NPU_00259_entertainment,NPU_00259,entertainment,20031.42
BUD_NPU_00259_miscellaneous,NPU_00259,miscellaneous,18210.38
BUD_NPU_00260_rent,NPU_00260,rent,223.48
BUD_NPU_00260_groceries,NPU_00260,groceries,18101.99
BUD_NPU_00260_restaurants_cafes,NPU_00260,restaurants_cafes,12850.18
BUD_NPU_00260_transport_public,NPU_00260,transport_public,13967.59
BUD_NPU_00260_transport_ride_hailing,NPU_00260,transport_ride_hailing,7821.85
BUD_NPU_00260_fuel,NPU_00260,fuel,5028.33
BUD_NPU_00260_internet_mobile,NPU_00260,internet_mobile,1340.89
BUD_NPU_00260_utilities,NPU_00260,utilities,1117.41
BUD_NPU_00260_education,NPU_00260,education,782.18
BUD_NPU_00260_health,NPU_00260,health,2011.33
BUD_NPU_00260_family_support,NPU_00260,family_support,558.7
BUD_NPU_00260_loan_emi,NPU_00260,loan_emi,938.62
BUD_NPU_00260_festivals_gifts,NPU_00260,festivals_gifts,782.18
BUD_NPU_00260_clothing,NPU_00260,clothing,3128.74
BUD_NPU_00260_travel,NPU_00260,travel,391.09
BUD_NPU_00260_subscriptions,NPU_00260,subscriptions,893.93
BUD_NPU_00260_savings_investment,NPU_00260,savings_investment,446.96
BUD_NPU_00260_entertainment,NPU_00260,entertainment,6145.74
BUD_NPU_00260_miscellaneous,NPU_00260,miscellaneous,5587.03
BUD_NPU_00261_rent,NPU_00261,rent,133.43
BUD_NPU_00261_groceries,NPU_00261,groceries,11708.6
BUD_NPU_00261_restaurants_cafes,NPU_00261,restaurants_cafes,7672.3
BUD_NPU_00261_transport_public,NPU_00261,transport_public,10007.35
BUD_NPU_00261_transport_ride_hailing,NPU_00261,transport_ride_hailing,4670.1
BUD_NPU_00261_fuel,NPU_00261,fuel,3002.2
BUD_NPU_00261_internet_mobile,NPU_00261,internet_mobile,960.71
BUD_NPU_00261_utilities,NPU_00261,utilities,667.16
BUD_NPU_00261_education,NPU_00261,education,467.01
BUD_NPU_00261_health,NPU_00261,health,1200.88
BUD_NPU_00261_family_support,NPU_00261,family_support,333.58
BUD_NPU_00261_loan_emi,NPU_00261,loan_emi,200.15
BUD_NPU_00261_festivals_gifts,NPU_00261,festivals_gifts,467.01
BUD_NPU_00261_clothing,NPU_00261,clothing,1868.04
BUD_NPU_00261_travel,NPU_00261,travel,233.5
BUD_NPU_00261_subscriptions,NPU_00261,subscriptions,533.73
BUD_NPU_00261_savings_investment,NPU_00261,savings_investment,266.86
BUD_NPU_00261_entertainment,NPU_00261,entertainment,3669.36
BUD_NPU_00261_miscellaneous,NPU_00261,miscellaneous,3335.78
BUD_NPU_00262_rent,NPU_00262,rent,221.27
BUD_NPU_00262_groceries,NPU_00262,groceries,14935.79
BUD_NPU_00262_restaurants_cafes,NPU_00262,restaurants_cafes,12723.08
BUD_NPU_00262_transport_public,NPU_00262,transport_public,13829.44
BUD_NPU_00262_transport_ride_hailing,NPU_00262,transport_ride_hailing,7744.49
BUD_NPU_00262_fuel,NPU_00262,fuel,4978.6
BUD_NPU_00262_internet_mobile,NPU_00262,internet_mobile,1327.63
BUD_NPU_00262_utilities,NPU_00262,utilities,1106.36
BUD_NPU_00262_education,NPU_00262,education,774.45
BUD_NPU_00262_health,NPU_00262,health,1991.44
BUD_NPU_00262_family_support,NPU_00262,family_support,553.18
BUD_NPU_00262_loan_emi,NPU_00262,loan_emi,331.91
BUD_NPU_00262_festivals_gifts,NPU_00262,festivals_gifts,1936.12
BUD_NPU_00262_clothing,NPU_00262,clothing,5266.25
BUD_NPU_00262_travel,NPU_00262,travel,542.11
BUD_NPU_00262_subscriptions,NPU_00262,subscriptions,885.08
BUD_NPU_00262_savings_investment,NPU_00262,savings_investment,442.54
BUD_NPU_00262_entertainment,NPU_00262,entertainment,6084.95
BUD_NPU_00262_miscellaneous,NPU_00262,miscellaneous,5531.78
BUD_NPU_00263_rent,NPU_00263,rent,425.02
BUD_NPU_00263_groceries,NPU_00263,groceries,28688.92
BUD_NPU_00263_restaurants_cafes,NPU_00263,restaurants_cafes,29326.45
BUD_NPU_00263_transport_public,NPU_00263,transport_public,26563.82
BUD_NPU_00263_transport_ride_hailing,NPU_00263,transport_ride_hailing,14875.74
BUD_NPU_00263_fuel,NPU_00263,fuel,9562.97
BUD_NPU_00263_internet_mobile,NPU_00263,internet_mobile,3825.19
BUD_NPU_00263_utilities,NPU_00263,utilities,2125.11
BUD_NPU_00263_education,NPU_00263,education,1487.57
BUD_NPU_00263_health,NPU_00263,health,3825.19
BUD_NPU_00263_family_support,NPU_00263,family_support,1062.55
BUD_NPU_00263_loan_emi,NPU_00263,loan_emi,637.53
BUD_NPU_00263_festivals_gifts,NPU_00263,festivals_gifts,1487.57
BUD_NPU_00263_clothing,NPU_00263,clothing,5950.3
BUD_NPU_00263_travel,NPU_00263,travel,743.79
BUD_NPU_00263_subscriptions,NPU_00263,subscriptions,2720.13
BUD_NPU_00263_savings_investment,NPU_00263,savings_investment,850.04
BUD_NPU_00263_entertainment,NPU_00263,entertainment,11688.08
BUD_NPU_00263_miscellaneous,NPU_00263,miscellaneous,10625.53
BUD_NPU_00264_rent,NPU_00264,rent,223.56
BUD_NPU_00264_groceries,NPU_00264,groceries,15090.05
BUD_NPU_00264_restaurants_cafes,NPU_00264,restaurants_cafes,12854.49
BUD_NPU_00264_transport_public,NPU_00264,transport_public,13972.27
BUD_NPU_00264_transport_ride_hailing,NPU_00264,transport_ride_hailing,7824.47
BUD_NPU_00264_fuel,NPU_00264,fuel,5030.02
BUD_NPU_00264_internet_mobile,NPU_00264,internet_mobile,1341.34
BUD_NPU_00264_utilities,NPU_00264,utilities,1117.78
BUD_NPU_00264_education,NPU_00264,education,1095.43
BUD_NPU_00264_health,NPU_00264,health,2414.41
BUD_NPU_00264_family_support,NPU_00264,family_support,1564.89
BUD_NPU_00264_loan_emi,NPU_00264,loan_emi,335.33
BUD_NPU_00264_festivals_gifts,NPU_00264,festivals_gifts,782.45
BUD_NPU_00264_clothing,NPU_00264,clothing,3129.79
BUD_NPU_00264_travel,NPU_00264,travel,391.22
BUD_NPU_00264_subscriptions,NPU_00264,subscriptions,894.23
BUD_NPU_00264_savings_investment,NPU_00264,savings_investment,447.11
BUD_NPU_00264_entertainment,NPU_00264,entertainment,6147.8
BUD_NPU_00264_miscellaneous,NPU_00264,miscellaneous,5588.91
BUD_NPU_00265_rent,NPU_00265,rent,214.17
BUD_NPU_00265_groceries,NPU_00265,groceries,18793.49
BUD_NPU_00265_restaurants_cafes,NPU_00265,restaurants_cafes,12314.82
BUD_NPU_00265_transport_public,NPU_00265,transport_public,16062.81
BUD_NPU_00265_transport_ride_hailing,NPU_00265,transport_ride_hailing,7495.98
BUD_NPU_00265_fuel,NPU_00265,fuel,4818.84
BUD_NPU_00265_internet_mobile,NPU_00265,internet_mobile,1542.03
BUD_NPU_00265_utilities,NPU_00265,utilities,1070.85
BUD_NPU_00265_education,NPU_00265,education,749.6
BUD_NPU_00265_health,NPU_00265,health,1927.54
BUD_NPU_00265_family_support,NPU_00265,family_support,535.43
BUD_NPU_00265_loan_emi,NPU_00265,loan_emi,321.26
BUD_NPU_00265_festivals_gifts,NPU_00265,festivals_gifts,749.6
BUD_NPU_00265_clothing,NPU_00265,clothing,2998.39
BUD_NPU_00265_travel,NPU_00265,travel,374.8
BUD_NPU_00265_subscriptions,NPU_00265,subscriptions,856.68
BUD_NPU_00265_savings_investment,NPU_00265,savings_investment,428.34
BUD_NPU_00265_entertainment,NPU_00265,entertainment,5889.7
BUD_NPU_00265_miscellaneous,NPU_00265,miscellaneous,5354.27
BUD_NPU_00266_rent,NPU_00266,rent,178.32
BUD_NPU_00266_groceries,NPU_00266,groceries,12036.35
BUD_NPU_00266_restaurants_cafes,NPU_00266,restaurants_cafes,24607.66
BUD_NPU_00266_transport_public,NPU_00266,transport_public,11144.77
BUD_NPU_00266_transport_ride_hailing,NPU_00266,transport_ride_hailing,6241.07
BUD_NPU_00266_fuel,NPU_00266,fuel,4012.12
BUD_NPU_00266_internet_mobile,NPU_00266,internet_mobile,1069.9
BUD_NPU_00266_utilities,NPU_00266,utilities,891.58
BUD_NPU_00266_education,NPU_00266,education,624.11
BUD_NPU_00266_health,NPU_00266,health,1604.85
BUD_NPU_00266_family_support,NPU_00266,family_support,445.79
BUD_NPU_00266_loan_emi,NPU_00266,loan_emi,267.47
BUD_NPU_00266_festivals_gifts,NPU_00266,festivals_gifts,624.11
BUD_NPU_00266_clothing,NPU_00266,clothing,2496.43
BUD_NPU_00266_travel,NPU_00266,travel,468.08
BUD_NPU_00266_subscriptions,NPU_00266,subscriptions,713.27
BUD_NPU_00266_savings_investment,NPU_00266,savings_investment,356.63
BUD_NPU_00266_entertainment,NPU_00266,entertainment,9317.03
BUD_NPU_00266_miscellaneous,NPU_00266,miscellaneous,4457.91
BUD_NPU_00267_rent,NPU_00267,rent,241.59
BUD_NPU_00267_groceries,NPU_00267,groceries,16307.28
BUD_NPU_00267_restaurants_cafes,NPU_00267,restaurants_cafes,13891.39
BUD_NPU_00267_transport_public,NPU_00267,transport_public,15099.33
BUD_NPU_00267_transport_ride_hailing,NPU_00267,transport_ride_hailing,8455.63
BUD_NPU_00267_fuel,NPU_00267,fuel,5435.76
BUD_NPU_00267_internet_mobile,NPU_00267,internet_mobile,1449.54
BUD_NPU_00267_utilities,NPU_00267,utilities,1207.95
BUD_NPU_00267_education,NPU_00267,education,1183.79
BUD_NPU_00267_health,NPU_00267,health,2609.16
BUD_NPU_00267_family_support,NPU_00267,family_support,1691.13
BUD_NPU_00267_loan_emi,NPU_00267,loan_emi,362.38
BUD_NPU_00267_festivals_gifts,NPU_00267,festivals_gifts,845.56
BUD_NPU_00267_clothing,NPU_00267,clothing,3382.25
BUD_NPU_00267_travel,NPU_00267,travel,422.78
BUD_NPU_00267_subscriptions,NPU_00267,subscriptions,966.36
BUD_NPU_00267_savings_investment,NPU_00267,savings_investment,483.18
BUD_NPU_00267_entertainment,NPU_00267,entertainment,6643.71
BUD_NPU_00267_miscellaneous,NPU_00267,miscellaneous,6039.73
BUD_NPU_00268_rent,NPU_00268,rent,397.07
BUD_NPU_00268_groceries,NPU_00268,groceries,26802.14
BUD_NPU_00268_restaurants_cafes,NPU_00268,restaurants_cafes,22831.45
BUD_NPU_00268_transport_public,NPU_00268,transport_public,24816.8
BUD_NPU_00268_transport_ride_hailing,NPU_00268,transport_ride_hailing,13897.41
BUD_NPU_00268_fuel,NPU_00268,fuel,8934.05
BUD_NPU_00268_internet_mobile,NPU_00268,internet_mobile,2382.41
BUD_NPU_00268_utilities,NPU_00268,utilities,1985.34
BUD_NPU_00268_education,NPU_00268,education,1945.64
BUD_NPU_00268_health,NPU_00268,health,4288.34
BUD_NPU_00268_family_support,NPU_00268,family_support,2779.48
BUD_NPU_00268_loan_emi,NPU_00268,loan_emi,595.6
BUD_NPU_00268_festivals_gifts,NPU_00268,festivals_gifts,1389.74
BUD_NPU_00268_clothing,NPU_00268,clothing,5558.96
BUD_NPU_00268_travel,NPU_00268,travel,694.87
BUD_NPU_00268_subscriptions,NPU_00268,subscriptions,1588.28
BUD_NPU_00268_savings_investment,NPU_00268,savings_investment,794.14
BUD_NPU_00268_entertainment,NPU_00268,entertainment,10919.39
BUD_NPU_00268_miscellaneous,NPU_00268,miscellaneous,9926.72
BUD_NPU_00269_rent,NPU_00269,rent,1381.17
BUD_NPU_00269_groceries,NPU_00269,groceries,93228.98
BUD_NPU_00269_restaurants_cafes,NPU_00269,restaurants_cafes,111184.19
BUD_NPU_00269_transport_public,NPU_00269,transport_public,86323.13
BUD_NPU_00269_transport_ride_hailing,NPU_00269,transport_ride_hailing,48340.95
BUD_NPU_00269_fuel,NPU_00269,fuel,59045.02
BUD_NPU_00269_internet_mobile,NPU_00269,internet_mobile,8287.02
BUD_NPU_00269_utilities,NPU_00269,utilities,6905.85
BUD_NPU_00269_education,NPU_00269,education,4834.1
BUD_NPU_00269_health,NPU_00269,health,12430.53
BUD_NPU_00269_family_support,NPU_00269,family_support,3452.93
BUD_NPU_00269_loan_emi,NPU_00269,loan_emi,2071.76
BUD_NPU_00269_festivals_gifts,NPU_00269,festivals_gifts,4834.1
BUD_NPU_00269_clothing,NPU_00269,clothing,19336.38
BUD_NPU_00269_travel,NPU_00269,travel,2417.05
BUD_NPU_00269_subscriptions,NPU_00269,subscriptions,5524.68
BUD_NPU_00269_savings_investment,NPU_00269,savings_investment,2762.34
BUD_NPU_00269_entertainment,NPU_00269,entertainment,37982.18
BUD_NPU_00269_miscellaneous,NPU_00269,miscellaneous,51793.88
BUD_NPU_00270_rent,NPU_00270,rent,36.75
BUD_NPU_00270_groceries,NPU_00270,groceries,2480.61
BUD_NPU_00270_restaurants_cafes,NPU_00270,restaurants_cafes,2535.74
BUD_NPU_00270_transport_public,NPU_00270,transport_public,4593.73
BUD_NPU_00270_transport_ride_hailing,NPU_00270,transport_ride_hailing,1286.24
BUD_NPU_00270_fuel,NPU_00270,fuel,826.87
BUD_NPU_00270_internet_mobile,NPU_00270,internet_mobile,286.65
BUD_NPU_00270_utilities,NPU_00270,utilities,183.75
BUD_NPU_00270_education,NPU_00270,education,231.52
BUD_NPU_00270_health,NPU_00270,health,330.75
BUD_NPU_00270_family_support,NPU_00270,family_support,91.87
BUD_NPU_00270_loan_emi,NPU_00270,loan_emi,55.12
BUD_NPU_00270_festivals_gifts,NPU_00270,festivals_gifts,128.62
BUD_NPU_00270_clothing,NPU_00270,clothing,514.5
BUD_NPU_00270_travel,NPU_00270,travel,64.31
BUD_NPU_00270_subscriptions,NPU_00270,subscriptions,147.0
BUD_NPU_00270_savings_investment,NPU_00270,savings_investment,73.5
BUD_NPU_00270_entertainment,NPU_00270,entertainment,1010.62
BUD_NPU_00270_miscellaneous,NPU_00270,miscellaneous,918.75
BUD_NPU_00271_rent,NPU_00271,rent,506.41
BUD_NPU_00271_groceries,NPU_00271,groceries,34182.96
BUD_NPU_00271_restaurants_cafes,NPU_00271,restaurants_cafes,40766.34
BUD_NPU_00271_transport_public,NPU_00271,transport_public,31650.89
BUD_NPU_00271_transport_ride_hailing,NPU_00271,transport_ride_hailing,17724.5
BUD_NPU_00271_fuel,NPU_00271,fuel,21649.21
BUD_NPU_00271_internet_mobile,NPU_00271,internet_mobile,3038.49
BUD_NPU_00271_utilities,NPU_00271,utilities,2532.07
BUD_NPU_00271_education,NPU_00271,education,1772.45
BUD_NPU_00271_health,NPU_00271,health,4557.73
BUD_NPU_00271_family_support,NPU_00271,family_support,1266.04
BUD_NPU_00271_loan_emi,NPU_00271,loan_emi,759.62
BUD_NPU_00271_festivals_gifts,NPU_00271,festivals_gifts,1772.45
BUD_NPU_00271_clothing,NPU_00271,clothing,7089.8
BUD_NPU_00271_travel,NPU_00271,travel,886.22
BUD_NPU_00271_subscriptions,NPU_00271,subscriptions,2025.66
BUD_NPU_00271_savings_investment,NPU_00271,savings_investment,1012.83
BUD_NPU_00271_entertainment,NPU_00271,entertainment,13926.39
BUD_NPU_00271_miscellaneous,NPU_00271,miscellaneous,18990.53
BUD_NPU_00272_rent,NPU_00272,rent,287.81
BUD_NPU_00272_groceries,NPU_00272,groceries,23312.43
BUD_NPU_00272_restaurants_cafes,NPU_00272,restaurants_cafes,16548.95
BUD_NPU_00272_transport_public,NPU_00272,transport_public,17987.98
BUD_NPU_00272_transport_ride_hailing,NPU_00272,transport_ride_hailing,10073.27
BUD_NPU_00272_fuel,NPU_00272,fuel,6475.67
BUD_NPU_00272_internet_mobile,NPU_00272,internet_mobile,1726.85
BUD_NPU_00272_utilities,NPU_00272,utilities,1439.04
BUD_NPU_00272_education,NPU_00272,education,1007.33
BUD_NPU_00272_health,NPU_00272,health,2590.27
BUD_NPU_00272_family_support,NPU_00272,family_support,719.52
BUD_NPU_00272_loan_emi,NPU_00272,loan_emi,1208.79
BUD_NPU_00272_festivals_gifts,NPU_00272,festivals_gifts,1007.33
BUD_NPU_00272_clothing,NPU_00272,clothing,4029.31
BUD_NPU_00272_travel,NPU_00272,travel,503.66
BUD_NPU_00272_subscriptions,NPU_00272,subscriptions,1151.23
BUD_NPU_00272_savings_investment,NPU_00272,savings_investment,575.62
BUD_NPU_00272_entertainment,NPU_00272,entertainment,7914.71
BUD_NPU_00272_miscellaneous,NPU_00272,miscellaneous,7195.19
BUD_NPU_00273_rent,NPU_00273,rent,85.3
BUD_NPU_00273_groceries,NPU_00273,groceries,5757.62
BUD_NPU_00273_restaurants_cafes,NPU_00273,restaurants_cafes,11771.13
BUD_NPU_00273_transport_public,NPU_00273,transport_public,5331.13
BUD_NPU_00273_transport_ride_hailing,NPU_00273,transport_ride_hailing,2985.43
BUD_NPU_00273_fuel,NPU_00273,fuel,1919.21
BUD_NPU_00273_internet_mobile,NPU_00273,internet_mobile,511.79
BUD_NPU_00273_utilities,NPU_00273,utilities,426.49
BUD_NPU_00273_education,NPU_00273,education,298.54
BUD_NPU_00273_health,NPU_00273,health,767.68
BUD_NPU_00273_family_support,NPU_00273,family_support,213.25
BUD_NPU_00273_loan_emi,NPU_00273,loan_emi,127.95
BUD_NPU_00273_festivals_gifts,NPU_00273,festivals_gifts,298.54
BUD_NPU_00273_clothing,NPU_00273,clothing,1194.17
BUD_NPU_00273_travel,NPU_00273,travel,223.91
BUD_NPU_00273_subscriptions,NPU_00273,subscriptions,341.19
BUD_NPU_00273_savings_investment,NPU_00273,savings_investment,170.6
BUD_NPU_00273_entertainment,NPU_00273,entertainment,4456.82
BUD_NPU_00273_miscellaneous,NPU_00273,miscellaneous,2132.45
BUD_NPU_00274_rent,NPU_00274,rent,396.53
BUD_NPU_00274_groceries,NPU_00274,groceries,26765.76
BUD_NPU_00274_restaurants_cafes,NPU_00274,restaurants_cafes,31920.64
BUD_NPU_00274_transport_public,NPU_00274,transport_public,24783.11
BUD_NPU_00274_transport_ride_hailing,NPU_00274,transport_ride_hailing,13878.54
BUD_NPU_00274_fuel,NPU_00274,fuel,16951.65
BUD_NPU_00274_internet_mobile,NPU_00274,internet_mobile,2379.18
BUD_NPU_00274_utilities,NPU_00274,utilities,1982.65
BUD_NPU_00274_education,NPU_00274,education,1387.85
BUD_NPU_00274_health,NPU_00274,health,3568.77
BUD_NPU_00274_family_support,NPU_00274,family_support,991.32
BUD_NPU_00274_loan_emi,NPU_00274,loan_emi,594.79
BUD_NPU_00274_festivals_gifts,NPU_00274,festivals_gifts,1387.85
BUD_NPU_00274_clothing,NPU_00274,clothing,5551.42
BUD_NPU_00274_travel,NPU_00274,travel,693.93
BUD_NPU_00274_subscriptions,NPU_00274,subscriptions,1586.12
BUD_NPU_00274_savings_investment,NPU_00274,savings_investment,793.06
BUD_NPU_00274_entertainment,NPU_00274,entertainment,10904.57
BUD_NPU_00274_miscellaneous,NPU_00274,miscellaneous,14869.87
BUD_NPU_00275_rent,NPU_00275,rent,495.87
BUD_NPU_00275_groceries,NPU_00275,groceries,33471.23
BUD_NPU_00275_restaurants_cafes,NPU_00275,restaurants_cafes,28512.53
BUD_NPU_00275_transport_public,NPU_00275,transport_public,30991.88
BUD_NPU_00275_transport_ride_hailing,NPU_00275,transport_ride_hailing,17355.45
BUD_NPU_00275_fuel,NPU_00275,fuel,11157.08
BUD_NPU_00275_internet_mobile,NPU_00275,internet_mobile,2975.22
BUD_NPU_00275_utilities,NPU_00275,utilities,2479.35
BUD_NPU_00275_education,NPU_00275,education,1735.55
BUD_NPU_00275_health,NPU_00275,health,4462.83
BUD_NPU_00275_family_support,NPU_00275,family_support,1239.68
BUD_NPU_00275_loan_emi,NPU_00275,loan_emi,743.81
BUD_NPU_00275_festivals_gifts,NPU_00275,festivals_gifts,4338.86
BUD_NPU_00275_clothing,NPU_00275,clothing,11801.71
BUD_NPU_00275_travel,NPU_00275,travel,1214.88
BUD_NPU_00275_subscriptions,NPU_00275,subscriptions,1983.48
BUD_NPU_00275_savings_investment,NPU_00275,savings_investment,991.74
BUD_NPU_00275_entertainment,NPU_00275,entertainment,13636.43
BUD_NPU_00275_miscellaneous,NPU_00275,miscellaneous,12396.75
BUD_NPU_00276_rent,NPU_00276,rent,169.03
BUD_NPU_00276_groceries,NPU_00276,groceries,11409.2
BUD_NPU_00276_restaurants_cafes,NPU_00276,restaurants_cafes,23325.47
BUD_NPU_00276_transport_public,NPU_00276,transport_public,10564.07
BUD_NPU_00276_transport_ride_hailing,NPU_00276,transport_ride_hailing,5915.88
BUD_NPU_00276_fuel,NPU_00276,fuel,3803.07
BUD_NPU_00276_internet_mobile,NPU_00276,internet_mobile,1014.15
BUD_NPU_00276_utilities,NPU_00276,utilities,845.13
BUD_NPU_00276_education,NPU_00276,education,591.59
BUD_NPU_00276_health,NPU_00276,health,1521.23
BUD_NPU_00276_family_support,NPU_00276,family_support,422.56
BUD_NPU_00276_loan_emi,NPU_00276,loan_emi,253.54
BUD_NPU_00276_festivals_gifts,NPU_00276,festivals_gifts,591.59
BUD_NPU_00276_clothing,NPU_00276,clothing,2366.35
BUD_NPU_00276_travel,NPU_00276,travel,443.69
BUD_NPU_00276_subscriptions,NPU_00276,subscriptions,676.1
BUD_NPU_00276_savings_investment,NPU_00276,savings_investment,338.05
BUD_NPU_00276_entertainment,NPU_00276,entertainment,8831.56
BUD_NPU_00276_miscellaneous,NPU_00276,miscellaneous,4225.63
BUD_NPU_00277_rent,NPU_00277,rent,106.81
BUD_NPU_00277_groceries,NPU_00277,groceries,9373.0
BUD_NPU_00277_restaurants_cafes,NPU_00277,restaurants_cafes,6141.85
BUD_NPU_00277_transport_public,NPU_00277,transport_public,8011.11
BUD_NPU_00277_transport_ride_hailing,NPU_00277,transport_ride_hailing,3738.52
BUD_NPU_00277_fuel,NPU_00277,fuel,2403.33
BUD_NPU_00277_internet_mobile,NPU_00277,internet_mobile,769.07
BUD_NPU_00277_utilities,NPU_00277,utilities,534.07
BUD_NPU_00277_education,NPU_00277,education,373.85
BUD_NPU_00277_health,NPU_00277,health,961.33
BUD_NPU_00277_family_support,NPU_00277,family_support,267.04
BUD_NPU_00277_loan_emi,NPU_00277,loan_emi,160.22
BUD_NPU_00277_festivals_gifts,NPU_00277,festivals_gifts,373.85
BUD_NPU_00277_clothing,NPU_00277,clothing,1495.41
BUD_NPU_00277_travel,NPU_00277,travel,186.93
BUD_NPU_00277_subscriptions,NPU_00277,subscriptions,427.26
BUD_NPU_00277_savings_investment,NPU_00277,savings_investment,213.63
BUD_NPU_00277_entertainment,NPU_00277,entertainment,2937.41
BUD_NPU_00277_miscellaneous,NPU_00277,miscellaneous,2670.37
BUD_NPU_00278_rent,NPU_00278,rent,54.79
BUD_NPU_00278_groceries,NPU_00278,groceries,3698.18
BUD_NPU_00278_restaurants_cafes,NPU_00278,restaurants_cafes,3780.36
BUD_NPU_00278_transport_public,NPU_00278,transport_public,6848.48
BUD_NPU_00278_transport_ride_hailing,NPU_00278,transport_ride_hailing,1917.57
BUD_NPU_00278_fuel,NPU_00278,fuel,1232.73
BUD_NPU_00278_internet_mobile,NPU_00278,internet_mobile,427.35
BUD_NPU_00278_utilities,NPU_00278,utilities,273.94
BUD_NPU_00278_education,NPU_00278,education,345.16
BUD_NPU_00278_health,NPU_00278,health,493.09
BUD_NPU_00278_family_support,NPU_00278,family_support,136.97
BUD_NPU_00278_loan_emi,NPU_00278,loan_emi,82.18
BUD_NPU_00278_festivals_gifts,NPU_00278,festivals_gifts,191.76
BUD_NPU_00278_clothing,NPU_00278,clothing,767.03
BUD_NPU_00278_travel,NPU_00278,travel,95.88
BUD_NPU_00278_subscriptions,NPU_00278,subscriptions,219.15
BUD_NPU_00278_savings_investment,NPU_00278,savings_investment,109.58
BUD_NPU_00278_entertainment,NPU_00278,entertainment,1506.67
BUD_NPU_00278_miscellaneous,NPU_00278,miscellaneous,1369.7
BUD_NPU_00279_rent,NPU_00279,rent,149.22
BUD_NPU_00279_groceries,NPU_00279,groceries,10072.36
BUD_NPU_00279_restaurants_cafes,NPU_00279,restaurants_cafes,8580.16
BUD_NPU_00279_transport_public,NPU_00279,transport_public,9326.26
BUD_NPU_00279_transport_ride_hailing,NPU_00279,transport_ride_hailing,5222.71
BUD_NPU_00279_fuel,NPU_00279,fuel,3357.45
BUD_NPU_00279_internet_mobile,NPU_00279,internet_mobile,895.32
BUD_NPU_00279_utilities,NPU_00279,utilities,746.1
BUD_NPU_00279_education,NPU_00279,education,731.18
BUD_NPU_00279_health,NPU_00279,health,1611.58
BUD_NPU_00279_family_support,NPU_00279,family_support,1044.54
BUD_NPU_00279_loan_emi,NPU_00279,loan_emi,223.83
BUD_NPU_00279_festivals_gifts,NPU_00279,festivals_gifts,522.27
BUD_NPU_00279_clothing,NPU_00279,clothing,2089.08
BUD_NPU_00279_travel,NPU_00279,travel,261.14
BUD_NPU_00279_subscriptions,NPU_00279,subscriptions,596.88
BUD_NPU_00279_savings_investment,NPU_00279,savings_investment,298.44
BUD_NPU_00279_entertainment,NPU_00279,entertainment,4103.56
BUD_NPU_00279_miscellaneous,NPU_00279,miscellaneous,3730.5
BUD_NPU_00280_rent,NPU_00280,rent,279.38
BUD_NPU_00280_groceries,NPU_00280,groceries,18857.85
BUD_NPU_00280_restaurants_cafes,NPU_00280,restaurants_cafes,16064.09
BUD_NPU_00280_transport_public,NPU_00280,transport_public,17460.97
BUD_NPU_00280_transport_ride_hailing,NPU_00280,transport_ride_hailing,9778.14
BUD_NPU_00280_fuel,NPU_00280,fuel,6285.95
BUD_NPU_00280_internet_mobile,NPU_00280,internet_mobile,1676.25
BUD_NPU_00280_utilities,NPU_00280,utilities,1396.88
BUD_NPU_00280_education,NPU_00280,education,1368.94
BUD_NPU_00280_health,NPU_00280,health,3017.26
BUD_NPU_00280_family_support,NPU_00280,family_support,1955.63
BUD_NPU_00280_loan_emi,NPU_00280,loan_emi,419.06
BUD_NPU_00280_festivals_gifts,NPU_00280,festivals_gifts,977.81
BUD_NPU_00280_clothing,NPU_00280,clothing,3911.26
BUD_NPU_00280_travel,NPU_00280,travel,488.91
BUD_NPU_00280_subscriptions,NPU_00280,subscriptions,1117.5
BUD_NPU_00280_savings_investment,NPU_00280,savings_investment,558.75
BUD_NPU_00280_entertainment,NPU_00280,entertainment,7682.83
BUD_NPU_00280_miscellaneous,NPU_00280,miscellaneous,6984.39
BUD_NPU_00281_rent,NPU_00281,rent,73.0
BUD_NPU_00281_groceries,NPU_00281,groceries,4927.7
BUD_NPU_00281_restaurants_cafes,NPU_00281,restaurants_cafes,5037.2
BUD_NPU_00281_transport_public,NPU_00281,transport_public,9125.37
BUD_NPU_00281_transport_ride_hailing,NPU_00281,transport_ride_hailing,2555.1
BUD_NPU_00281_fuel,NPU_00281,fuel,1642.57
BUD_NPU_00281_internet_mobile,NPU_00281,internet_mobile,569.42
BUD_NPU_00281_utilities,NPU_00281,utilities,365.01
BUD_NPU_00281_education,NPU_00281,education,459.92
BUD_NPU_00281_health,NPU_00281,health,657.03
BUD_NPU_00281_family_support,NPU_00281,family_support,182.51
BUD_NPU_00281_loan_emi,NPU_00281,loan_emi,109.5
BUD_NPU_00281_festivals_gifts,NPU_00281,festivals_gifts,255.51
BUD_NPU_00281_clothing,NPU_00281,clothing,1022.04
BUD_NPU_00281_travel,NPU_00281,travel,127.76
BUD_NPU_00281_subscriptions,NPU_00281,subscriptions,292.01
BUD_NPU_00281_savings_investment,NPU_00281,savings_investment,146.01
BUD_NPU_00281_entertainment,NPU_00281,entertainment,2007.58
BUD_NPU_00281_miscellaneous,NPU_00281,miscellaneous,1825.07
BUD_NPU_00282_rent,NPU_00282,rent,151.54
BUD_NPU_00282_groceries,NPU_00282,groceries,10228.83
BUD_NPU_00282_restaurants_cafes,NPU_00282,restaurants_cafes,8713.45
BUD_NPU_00282_transport_public,NPU_00282,transport_public,9471.14
BUD_NPU_00282_transport_ride_hailing,NPU_00282,transport_ride_hailing,5303.84
BUD_NPU_00282_fuel,NPU_00282,fuel,3409.61
BUD_NPU_00282_internet_mobile,NPU_00282,internet_mobile,909.23
BUD_NPU_00282_utilities,NPU_00282,utilities,757.69
BUD_NPU_00282_education,NPU_00282,education,530.38
BUD_NPU_00282_health,NPU_00282,health,1363.84
BUD_NPU_00282_family_support,NPU_00282,family_support,378.85
BUD_NPU_00282_loan_emi,NPU_00282,loan_emi,227.31
BUD_NPU_00282_festivals_gifts,NPU_00282,festivals_gifts,1325.96
BUD_NPU_00282_clothing,NPU_00282,clothing,3606.61
BUD_NPU_00282_travel,NPU_00282,travel,371.27
BUD_NPU_00282_subscriptions,NPU_00282,subscriptions,606.15
BUD_NPU_00282_savings_investment,NPU_00282,savings_investment,303.08
BUD_NPU_00282_entertainment,NPU_00282,entertainment,4167.3
BUD_NPU_00282_miscellaneous,NPU_00282,miscellaneous,3788.46
BUD_NPU_00283_rent,NPU_00283,rent,198.53
BUD_NPU_00283_groceries,NPU_00283,groceries,13400.84
BUD_NPU_00283_restaurants_cafes,NPU_00283,restaurants_cafes,13698.63
BUD_NPU_00283_transport_public,NPU_00283,transport_public,12408.18
BUD_NPU_00283_transport_ride_hailing,NPU_00283,transport_ride_hailing,6948.58
BUD_NPU_00283_fuel,NPU_00283,fuel,4466.95
BUD_NPU_00283_internet_mobile,NPU_00283,internet_mobile,1786.78
BUD_NPU_00283_utilities,NPU_00283,utilities,992.65
BUD_NPU_00283_education,NPU_00283,education,694.86
BUD_NPU_00283_health,NPU_00283,health,1786.78
BUD_NPU_00283_family_support,NPU_00283,family_support,496.33
BUD_NPU_00283_loan_emi,NPU_00283,loan_emi,297.8
BUD_NPU_00283_festivals_gifts,NPU_00283,festivals_gifts,694.86
BUD_NPU_00283_clothing,NPU_00283,clothing,2779.43
BUD_NPU_00283_travel,NPU_00283,travel,347.43
BUD_NPU_00283_subscriptions,NPU_00283,subscriptions,1270.6
BUD_NPU_00283_savings_investment,NPU_00283,savings_investment,397.06
BUD_NPU_00283_entertainment,NPU_00283,entertainment,5459.6
BUD_NPU_00283_miscellaneous,NPU_00283,miscellaneous,4963.27
BUD_NPU_00284_rent,NPU_00284,rent,65.94
BUD_NPU_00284_groceries,NPU_00284,groceries,4450.82
BUD_NPU_00284_restaurants_cafes,NPU_00284,restaurants_cafes,4549.72
BUD_NPU_00284_transport_public,NPU_00284,transport_public,8242.25
BUD_NPU_00284_transport_ride_hailing,NPU_00284,transport_ride_hailing,2307.83
BUD_NPU_00284_fuel,NPU_00284,fuel,1483.61
BUD_NPU_00284_internet_mobile,NPU_00284,internet_mobile,514.32
BUD_NPU_00284_utilities,NPU_00284,utilities,329.69
BUD_NPU_00284_education,NPU_00284,education,415.41
BUD_NPU_00284_health,NPU_00284,health,593.44
BUD_NPU_00284_family_support,NPU_00284,family_support,164.85
BUD_NPU_00284_loan_emi,NPU_00284,loan_emi,98.91
BUD_NPU_00284_festivals_gifts,NPU_00284,festivals_gifts,230.78
BUD_NPU_00284_clothing,NPU_00284,clothing,923.13
BUD_NPU_00284_travel,NPU_00284,travel,115.39
BUD_NPU_00284_subscriptions,NPU_00284,subscriptions,263.75
BUD_NPU_00284_savings_investment,NPU_00284,savings_investment,131.88
BUD_NPU_00284_entertainment,NPU_00284,entertainment,1813.3
BUD_NPU_00284_miscellaneous,NPU_00284,miscellaneous,1648.45
BUD_NPU_00285_rent,NPU_00285,rent,705.66
BUD_NPU_00285_groceries,NPU_00285,groceries,47631.75
BUD_NPU_00285_restaurants_cafes,NPU_00285,restaurants_cafes,48690.23
BUD_NPU_00285_transport_public,NPU_00285,transport_public,44103.47
BUD_NPU_00285_transport_ride_hailing,NPU_00285,transport_ride_hailing,24697.94
BUD_NPU_00285_fuel,NPU_00285,fuel,15877.25
BUD_NPU_00285_internet_mobile,NPU_00285,internet_mobile,6350.9
BUD_NPU_00285_utilities,NPU_00285,utilities,3528.28
BUD_NPU_00285_education,NPU_00285,education,2469.79
BUD_NPU_00285_health,NPU_00285,health,6350.9
BUD_NPU_00285_family_support,NPU_00285,family_support,1764.14
BUD_NPU_00285_loan_emi,NPU_00285,loan_emi,1058.48
BUD_NPU_00285_festivals_gifts,NPU_00285,festivals_gifts,2469.79
BUD_NPU_00285_clothing,NPU_00285,clothing,9879.18
BUD_NPU_00285_travel,NPU_00285,travel,1234.9
BUD_NPU_00285_subscriptions,NPU_00285,subscriptions,4516.2
BUD_NPU_00285_savings_investment,NPU_00285,savings_investment,1411.31
BUD_NPU_00285_entertainment,NPU_00285,entertainment,19405.53
BUD_NPU_00285_miscellaneous,NPU_00285,miscellaneous,17641.39
BUD_NPU_00286_rent,NPU_00286,rent,219.79
BUD_NPU_00286_groceries,NPU_00286,groceries,17802.77
BUD_NPU_00286_restaurants_cafes,NPU_00286,restaurants_cafes,12637.77
BUD_NPU_00286_transport_public,NPU_00286,transport_public,13736.7
BUD_NPU_00286_transport_ride_hailing,NPU_00286,transport_ride_hailing,7692.55
BUD_NPU_00286_fuel,NPU_00286,fuel,4945.21
BUD_NPU_00286_internet_mobile,NPU_00286,internet_mobile,1318.72
BUD_NPU_00286_utilities,NPU_00286,utilities,1098.94
BUD_NPU_00286_education,NPU_00286,education,769.26
BUD_NPU_00286_health,NPU_00286,health,1978.09
BUD_NPU_00286_family_support,NPU_00286,family_support,549.47
BUD_NPU_00286_loan_emi,NPU_00286,loan_emi,923.11
BUD_NPU_00286_festivals_gifts,NPU_00286,festivals_gifts,769.26
BUD_NPU_00286_clothing,NPU_00286,clothing,3077.02
BUD_NPU_00286_travel,NPU_00286,travel,384.63
BUD_NPU_00286_subscriptions,NPU_00286,subscriptions,879.15
BUD_NPU_00286_savings_investment,NPU_00286,savings_investment,439.57
BUD_NPU_00286_entertainment,NPU_00286,entertainment,6044.15
BUD_NPU_00286_miscellaneous,NPU_00286,miscellaneous,5494.68
BUD_NPU_00287_rent,NPU_00287,rent,123.21
BUD_NPU_00287_groceries,NPU_00287,groceries,10811.7
BUD_NPU_00287_restaurants_cafes,NPU_00287,restaurants_cafes,7084.59
BUD_NPU_00287_transport_public,NPU_00287,transport_public,9240.77
BUD_NPU_00287_transport_ride_hailing,NPU_00287,transport_ride_hailing,4312.36
BUD_NPU_00287_fuel,NPU_00287,fuel,2772.23
BUD_NPU_00287_internet_mobile,NPU_00287,internet_mobile,887.11
BUD_NPU_00287_utilities,NPU_00287,utilities,616.05
BUD_NPU_00287_education,NPU_00287,education,431.24
BUD_NPU_00287_health,NPU_00287,health,1108.89
BUD_NPU_00287_family_support,NPU_00287,family_support,308.03
BUD_NPU_00287_loan_emi,NPU_00287,loan_emi,184.82
BUD_NPU_00287_festivals_gifts,NPU_00287,festivals_gifts,431.24
BUD_NPU_00287_clothing,NPU_00287,clothing,1724.94
BUD_NPU_00287_travel,NPU_00287,travel,215.62
BUD_NPU_00287_subscriptions,NPU_00287,subscriptions,492.84
BUD_NPU_00287_savings_investment,NPU_00287,savings_investment,246.42
BUD_NPU_00287_entertainment,NPU_00287,entertainment,3388.28
BUD_NPU_00287_miscellaneous,NPU_00287,miscellaneous,3080.26
BUD_NPU_00288_rent,NPU_00288,rent,112.62
BUD_NPU_00288_groceries,NPU_00288,groceries,9881.98
BUD_NPU_00288_restaurants_cafes,NPU_00288,restaurants_cafes,6475.37
BUD_NPU_00288_transport_public,NPU_00288,transport_public,8446.13
BUD_NPU_00288_transport_ride_hailing,NPU_00288,transport_ride_hailing,3941.53
BUD_NPU_00288_fuel,NPU_00288,fuel,2533.84
BUD_NPU_00288_internet_mobile,NPU_00288,internet_mobile,810.83
BUD_NPU_00288_utilities,NPU_00288,utilities,563.08
BUD_NPU_00288_education,NPU_00288,education,394.15
BUD_NPU_00288_health,NPU_00288,health,1013.54
BUD_NPU_00288_family_support,NPU_00288,family_support,281.54
BUD_NPU_00288_loan_emi,NPU_00288,loan_emi,168.92
BUD_NPU_00288_festivals_gifts,NPU_00288,festivals_gifts,394.15
BUD_NPU_00288_clothing,NPU_00288,clothing,1576.61
BUD_NPU_00288_travel,NPU_00288,travel,197.08
BUD_NPU_00288_subscriptions,NPU_00288,subscriptions,450.46
BUD_NPU_00288_savings_investment,NPU_00288,savings_investment,225.23
BUD_NPU_00288_entertainment,NPU_00288,entertainment,3096.92
BUD_NPU_00288_miscellaneous,NPU_00288,miscellaneous,2815.38
BUD_NPU_00289_rent,NPU_00289,rent,209.02
BUD_NPU_00289_groceries,NPU_00289,groceries,6413.26
BUD_NPU_00289_restaurants_cafes,NPU_00289,restaurants_cafes,5463.14
BUD_NPU_00289_transport_public,NPU_00289,transport_public,7719.66
BUD_NPU_00289_transport_ride_hailing,NPU_00289,transport_ride_hailing,3325.39
BUD_NPU_00289_fuel,NPU_00289,fuel,2137.75
BUD_NPU_00289_internet_mobile,NPU_00289,internet_mobile,570.07
BUD_NPU_00289_utilities,NPU_00289,utilities,665.08
BUD_NPU_00289_education,NPU_00289,education,332.54
BUD_NPU_00289_health,NPU_00289,health,855.1
BUD_NPU_00289_family_support,NPU_00289,family_support,237.53
BUD_NPU_00289_loan_emi,NPU_00289,loan_emi,142.52
BUD_NPU_00289_festivals_gifts,NPU_00289,festivals_gifts,332.54
BUD_NPU_00289_clothing,NPU_00289,clothing,1330.16
BUD_NPU_00289_travel,NPU_00289,travel,166.27
BUD_NPU_00289_subscriptions,NPU_00289,subscriptions,380.04
BUD_NPU_00289_savings_investment,NPU_00289,savings_investment,190.02
BUD_NPU_00289_entertainment,NPU_00289,entertainment,2612.81
BUD_NPU_00289_miscellaneous,NPU_00289,miscellaneous,2375.28
BUD_NPU_00290_rent,NPU_00290,rent,167.69
BUD_NPU_00290_groceries,NPU_00290,groceries,11318.79
BUD_NPU_00290_restaurants_cafes,NPU_00290,restaurants_cafes,9641.94
BUD_NPU_00290_transport_public,NPU_00290,transport_public,10480.36
BUD_NPU_00290_transport_ride_hailing,NPU_00290,transport_ride_hailing,5869.0
BUD_NPU_00290_fuel,NPU_00290,fuel,3772.93
BUD_NPU_00290_internet_mobile,NPU_00290,internet_mobile,1006.12
BUD_NPU_00290_utilities,NPU_00290,utilities,838.43
BUD_NPU_00290_education,NPU_00290,education,586.9
BUD_NPU_00290_health,NPU_00290,health,1509.17
BUD_NPU_00290_family_support,NPU_00290,family_support,419.21
BUD_NPU_00290_loan_emi,NPU_00290,loan_emi,251.53
BUD_NPU_00290_festivals_gifts,NPU_00290,festivals_gifts,1467.25
BUD_NPU_00290_clothing,NPU_00290,clothing,3990.92
BUD_NPU_00290_travel,NPU_00290,travel,410.83
BUD_NPU_00290_subscriptions,NPU_00290,subscriptions,670.74
BUD_NPU_00290_savings_investment,NPU_00290,savings_investment,335.37
BUD_NPU_00290_entertainment,NPU_00290,entertainment,4611.36
BUD_NPU_00290_miscellaneous,NPU_00290,miscellaneous,4192.15
BUD_NPU_00291_rent,NPU_00291,rent,189.08
BUD_NPU_00291_groceries,NPU_00291,groceries,16591.51
BUD_NPU_00291_restaurants_cafes,NPU_00291,restaurants_cafes,10871.93
BUD_NPU_00291_transport_public,NPU_00291,transport_public,14180.78
BUD_NPU_00291_transport_ride_hailing,NPU_00291,transport_ride_hailing,6617.7
BUD_NPU_00291_fuel,NPU_00291,fuel,4254.23
BUD_NPU_00291_internet_mobile,NPU_00291,internet_mobile,1361.35
BUD_NPU_00291_utilities,NPU_00291,utilities,945.39
BUD_NPU_00291_education,NPU_00291,education,661.77
BUD_NPU_00291_health,NPU_00291,health,1701.69
BUD_NPU_00291_family_support,NPU_00291,family_support,472.69
BUD_NPU_00291_loan_emi,NPU_00291,loan_emi,283.62
BUD_NPU_00291_festivals_gifts,NPU_00291,festivals_gifts,661.77
BUD_NPU_00291_clothing,NPU_00291,clothing,2647.08
BUD_NPU_00291_travel,NPU_00291,travel,330.88
BUD_NPU_00291_subscriptions,NPU_00291,subscriptions,756.31
BUD_NPU_00291_savings_investment,NPU_00291,savings_investment,378.15
BUD_NPU_00291_entertainment,NPU_00291,entertainment,5199.62
BUD_NPU_00291_miscellaneous,NPU_00291,miscellaneous,4726.93
BUD_NPU_00292_rent,NPU_00292,rent,255.61
BUD_NPU_00292_groceries,NPU_00292,groceries,17253.5
BUD_NPU_00292_restaurants_cafes,NPU_00292,restaurants_cafes,35273.83
BUD_NPU_00292_transport_public,NPU_00292,transport_public,15975.47
BUD_NPU_00292_transport_ride_hailing,NPU_00292,transport_ride_hailing,8946.26
BUD_NPU_00292_fuel,NPU_00292,fuel,5751.17
BUD_NPU_00292_internet_mobile,NPU_00292,internet_mobile,1533.64
BUD_NPU_00292_utilities,NPU_00292,utilities,1278.04
BUD_NPU_00292_education,NPU_00292,education,894.63
BUD_NPU_00292_health,NPU_00292,health,2300.47
BUD_NPU_00292_family_support,NPU_00292,family_support,639.02
BUD_NPU_00292_loan_emi,NPU_00292,loan_emi,383.41
BUD_NPU_00292_festivals_gifts,NPU_00292,festivals_gifts,894.63
BUD_NPU_00292_clothing,NPU_00292,clothing,3578.5
BUD_NPU_00292_travel,NPU_00292,travel,670.97
BUD_NPU_00292_subscriptions,NPU_00292,subscriptions,1022.43
BUD_NPU_00292_savings_investment,NPU_00292,savings_investment,511.21
BUD_NPU_00292_entertainment,NPU_00292,entertainment,13355.49
BUD_NPU_00292_miscellaneous,NPU_00292,miscellaneous,6390.19
BUD_NPU_00293_rent,NPU_00293,rent,24.71
BUD_NPU_00293_groceries,NPU_00293,groceries,1668.21
BUD_NPU_00293_restaurants_cafes,NPU_00293,restaurants_cafes,1705.28
BUD_NPU_00293_transport_public,NPU_00293,transport_public,3089.27
BUD_NPU_00293_transport_ride_hailing,NPU_00293,transport_ride_hailing,865.0
BUD_NPU_00293_fuel,NPU_00293,fuel,556.07
BUD_NPU_00293_internet_mobile,NPU_00293,internet_mobile,192.77
BUD_NPU_00293_utilities,NPU_00293,utilities,123.57
BUD_NPU_00293_education,NPU_00293,education,155.7
BUD_NPU_00293_health,NPU_00293,health,222.43
BUD_NPU_00293_family_support,NPU_00293,family_support,61.79
BUD_NPU_00293_loan_emi,NPU_00293,loan_emi,37.07
BUD_NPU_00293_festivals_gifts,NPU_00293,festivals_gifts,86.5
BUD_NPU_00293_clothing,NPU_00293,clothing,346.0
BUD_NPU_00293_travel,NPU_00293,travel,43.25
BUD_NPU_00293_subscriptions,NPU_00293,subscriptions,98.86
BUD_NPU_00293_savings_investment,NPU_00293,savings_investment,49.43
BUD_NPU_00293_entertainment,NPU_00293,entertainment,679.64
BUD_NPU_00293_miscellaneous,NPU_00293,miscellaneous,617.85
BUD_NPU_00294_rent,NPU_00294,rent,242.9
BUD_NPU_00294_groceries,NPU_00294,groceries,16395.67
BUD_NPU_00294_restaurants_cafes,NPU_00294,restaurants_cafes,33520.04
BUD_NPU_00294_transport_public,NPU_00294,transport_public,15181.18
BUD_NPU_00294_transport_ride_hailing,NPU_00294,transport_ride_hailing,8501.46
BUD_NPU_00294_fuel,NPU_00294,fuel,5465.22
BUD_NPU_00294_internet_mobile,NPU_00294,internet_mobile,1457.39
BUD_NPU_00294_utilities,NPU_00294,utilities,1214.49
BUD_NPU_00294_education,NPU_00294,education,850.15
BUD_NPU_00294_health,NPU_00294,health,2186.09
BUD_NPU_00294_family_support,NPU_00294,family_support,607.25
BUD_NPU_00294_loan_emi,NPU_00294,loan_emi,364.35
BUD_NPU_00294_festivals_gifts,NPU_00294,festivals_gifts,850.15
BUD_NPU_00294_clothing,NPU_00294,clothing,3400.58
BUD_NPU_00294_travel,NPU_00294,travel,637.61
BUD_NPU_00294_subscriptions,NPU_00294,subscriptions,971.6
BUD_NPU_00294_savings_investment,NPU_00294,savings_investment,485.8
BUD_NPU_00294_entertainment,NPU_00294,entertainment,12691.46
BUD_NPU_00294_miscellaneous,NPU_00294,miscellaneous,6072.47
BUD_NPU_00295_rent,NPU_00295,rent,173.63
BUD_NPU_00295_groceries,NPU_00295,groceries,15235.95
BUD_NPU_00295_restaurants_cafes,NPU_00295,restaurants_cafes,9983.67
BUD_NPU_00295_transport_public,NPU_00295,transport_public,13022.18
BUD_NPU_00295_transport_ride_hailing,NPU_00295,transport_ride_hailing,6077.02
BUD_NPU_00295_fuel,NPU_00295,fuel,3906.65
BUD_NPU_00295_internet_mobile,NPU_00295,internet_mobile,1250.13
BUD_NPU_00295_utilities,NPU_00295,utilities,868.15
BUD_NPU_00295_education,NPU_00295,education,607.7
BUD_NPU_00295_health,NPU_00295,health,1562.66
BUD_NPU_00295_family_support,NPU_00295,family_support,434.07
BUD_NPU_00295_loan_emi,NPU_00295,loan_emi,260.44
BUD_NPU_00295_festivals_gifts,NPU_00295,festivals_gifts,607.7
BUD_NPU_00295_clothing,NPU_00295,clothing,2430.81
BUD_NPU_00295_travel,NPU_00295,travel,303.85
BUD_NPU_00295_subscriptions,NPU_00295,subscriptions,694.52
BUD_NPU_00295_savings_investment,NPU_00295,savings_investment,347.26
BUD_NPU_00295_entertainment,NPU_00295,entertainment,4774.8
BUD_NPU_00295_miscellaneous,NPU_00295,miscellaneous,4340.73
BUD_NPU_00296_rent,NPU_00296,rent,475.66
BUD_NPU_00296_groceries,NPU_00296,groceries,32106.84
BUD_NPU_00296_restaurants_cafes,NPU_00296,restaurants_cafes,38290.37
BUD_NPU_00296_transport_public,NPU_00296,transport_public,29728.55
BUD_NPU_00296_transport_ride_hailing,NPU_00296,transport_ride_hailing,16647.99
BUD_NPU_00296_fuel,NPU_00296,fuel,20334.33
BUD_NPU_00296_internet_mobile,NPU_00296,internet_mobile,2853.94
BUD_NPU_00296_utilities,NPU_00296,utilities,2378.28
BUD_NPU_00296_education,NPU_00296,education,1664.8
BUD_NPU_00296_health,NPU_00296,health,4280.91
BUD_NPU_00296_family_support,NPU_00296,family_support,1189.14
BUD_NPU_00296_loan_emi,NPU_00296,loan_emi,713.49
BUD_NPU_00296_festivals_gifts,NPU_00296,festivals_gifts,1664.8
BUD_NPU_00296_clothing,NPU_00296,clothing,6659.2
BUD_NPU_00296_travel,NPU_00296,travel,832.4
BUD_NPU_00296_subscriptions,NPU_00296,subscriptions,1902.63
BUD_NPU_00296_savings_investment,NPU_00296,savings_investment,951.31
BUD_NPU_00296_entertainment,NPU_00296,entertainment,13080.56
BUD_NPU_00296_miscellaneous,NPU_00296,miscellaneous,17837.13
BUD_NPU_00297_rent,NPU_00297,rent,150.32
BUD_NPU_00297_groceries,NPU_00297,groceries,13190.54
BUD_NPU_00297_restaurants_cafes,NPU_00297,restaurants_cafes,8643.37
BUD_NPU_00297_transport_public,NPU_00297,transport_public,11273.96
BUD_NPU_00297_transport_ride_hailing,NPU_00297,transport_ride_hailing,5261.18
BUD_NPU_00297_fuel,NPU_00297,fuel,3382.19
BUD_NPU_00297_internet_mobile,NPU_00297,internet_mobile,1082.3
BUD_NPU_00297_utilities,NPU_00297,utilities,751.6
BUD_NPU_00297_education,NPU_00297,education,526.12
BUD_NPU_00297_health,NPU_00297,health,1352.88
BUD_NPU_00297_family_support,NPU_00297,family_support,375.8
BUD_NPU_00297_loan_emi,NPU_00297,loan_emi,225.48
BUD_NPU_00297_festivals_gifts,NPU_00297,festivals_gifts,526.12
BUD_NPU_00297_clothing,NPU_00297,clothing,2104.47
BUD_NPU_00297_travel,NPU_00297,travel,263.06
BUD_NPU_00297_subscriptions,NPU_00297,subscriptions,601.28
BUD_NPU_00297_savings_investment,NPU_00297,savings_investment,300.64
BUD_NPU_00297_entertainment,NPU_00297,entertainment,4133.79
BUD_NPU_00297_miscellaneous,NPU_00297,miscellaneous,3757.99
BUD_NPU_00298_rent,NPU_00298,rent,279.03
BUD_NPU_00298_groceries,NPU_00298,groceries,24484.6
BUD_NPU_00298_restaurants_cafes,NPU_00298,restaurants_cafes,16044.04
BUD_NPU_00298_transport_public,NPU_00298,transport_public,20927.01
BUD_NPU_00298_transport_ride_hailing,NPU_00298,transport_ride_hailing,9765.94
BUD_NPU_00298_fuel,NPU_00298,fuel,6278.1
BUD_NPU_00298_internet_mobile,NPU_00298,internet_mobile,2008.99
BUD_NPU_00298_utilities,NPU_00298,utilities,1395.13
BUD_NPU_00298_education,NPU_00298,education,976.59
BUD_NPU_00298_health,NPU_00298,health,2511.24
BUD_NPU_00298_family_support,NPU_00298,family_support,697.57
BUD_NPU_00298_loan_emi,NPU_00298,loan_emi,418.54
BUD_NPU_00298_festivals_gifts,NPU_00298,festivals_gifts,976.59
BUD_NPU_00298_clothing,NPU_00298,clothing,3906.37
BUD_NPU_00298_travel,NPU_00298,travel,488.3
BUD_NPU_00298_subscriptions,NPU_00298,subscriptions,1116.11
BUD_NPU_00298_savings_investment,NPU_00298,savings_investment,558.05
BUD_NPU_00298_entertainment,NPU_00298,entertainment,7673.24
BUD_NPU_00298_miscellaneous,NPU_00298,miscellaneous,6975.67
BUD_NPU_00299_rent,NPU_00299,rent,162.34
BUD_NPU_00299_groceries,NPU_00299,groceries,10957.97
BUD_NPU_00299_restaurants_cafes,NPU_00299,restaurants_cafes,22402.96
BUD_NPU_00299_transport_public,NPU_00299,transport_public,10146.27
BUD_NPU_00299_transport_ride_hailing,NPU_00299,transport_ride_hailing,5681.91
BUD_NPU_00299_fuel,NPU_00299,fuel,3652.66
BUD_NPU_00299_internet_mobile,NPU_00299,internet_mobile,974.04
BUD_NPU_00299_utilities,NPU_00299,utilities,811.7
BUD_NPU_00299_education,NPU_00299,education,568.19
BUD_NPU_00299_health,NPU_00299,health,1461.06
BUD_NPU_00299_family_support,NPU_00299,family_support,405.85
BUD_NPU_00299_loan_emi,NPU_00299,loan_emi,243.51
BUD_NPU_00299_festivals_gifts,NPU_00299,festivals_gifts,568.19
BUD_NPU_00299_clothing,NPU_00299,clothing,2272.76
BUD_NPU_00299_travel,NPU_00299,travel,426.14
BUD_NPU_00299_subscriptions,NPU_00299,subscriptions,649.36
BUD_NPU_00299_savings_investment,NPU_00299,savings_investment,324.68
BUD_NPU_00299_entertainment,NPU_00299,entertainment,8482.28
BUD_NPU_00299_miscellaneous,NPU_00299,miscellaneous,4058.51
BUD_NPU_00300_rent,NPU_00300,rent,107.35
BUD_NPU_00300_groceries,NPU_00300,groceries,7246.33
BUD_NPU_00300_restaurants_cafes,NPU_00300,restaurants_cafes,6172.8
BUD_NPU_00300_transport_public,NPU_00300,transport_public,6709.57
BUD_NPU_00300_transport_ride_hailing,NPU_00300,transport_ride_hailing,3757.36
BUD_NPU_00300_fuel,NPU_00300,fuel,2415.44
BUD_NPU_00300_internet_mobile,NPU_00300,internet_mobile,644.12
BUD_NPU_00300_utilities,NPU_00300,utilities,536.77
BUD_NPU_00300_education,NPU_00300,education,526.03
BUD_NPU_00300_health,NPU_00300,health,1159.41
BUD_NPU_00300_family_support,NPU_00300,family_support,751.47
BUD_NPU_00300_loan_emi,NPU_00300,loan_emi,161.03
BUD_NPU_00300_festivals_gifts,NPU_00300,festivals_gifts,375.74
BUD_NPU_00300_clothing,NPU_00300,clothing,1502.94
BUD_NPU_00300_travel,NPU_00300,travel,187.87
BUD_NPU_00300_subscriptions,NPU_00300,subscriptions,429.41
BUD_NPU_00300_savings_investment,NPU_00300,savings_investment,214.71
BUD_NPU_00300_entertainment,NPU_00300,entertainment,2952.21
BUD_NPU_00300_miscellaneous,NPU_00300,miscellaneous,2683.83
