income_id,user_id,income_date,income_amount_npr,income_source,is_expected
INC_NPU_00001_202301,NPU_00001,2023-01-02,145157.15,salary,True
INC_NPU_00001_202302,NPU_00001,2023-02-01,145686.52,salary,True
INC_NPU_00001_202303,NPU_00001,2023-03-04,144052.25,salary,True
INC_NPU_00001_202304,NPU_00001,2023-04-01,136771.87,salary,True
INC_NPU_00001_202305,NPU_00001,2023-05-04,144576.43,salary,True
INC_NPU_00001_202306,NPU_00001,2023-06-02,139998.96,salary,True
INC_NPU_00001_202307,NPU_00001,2023-07-01,143918.84,salary,True
INC_NPU_00001_202308,NPU_00001,2023-08-05,144312.41,salary,True
INC_NPU_00001_202309,NPU_00001,2023-09-02,138433.82,salary,True
INC_NPU_00001_202310,NPU_00001,2023-10-02,143523.77,salary,True
INC_NPU_00001_202311,NPU_00001,2023-11-04,139277.9,salary,True
INC_NPU_00001_202312,NPU_00001,2023-12-01,136571.51,salary,True
INC_NPU_00001_202401,NPU_00001,2024-01-02,139217.66,salary,True
INC_NPU_00001_202402,NPU_00001,2024-02-02,143157.99,salary,True
INC_NPU_00001_202403,NPU_00001,2024-03-03,142987.26,salary,True
INC_NPU_00001_202404,NPU_00001,2024-04-01,142046.05,salary,True
INC_NPU_00001_202405,NPU_00001,2024-05-03,145039.17,salary,True
INC_NPU_00001_202406,NPU_00001,2024-06-01,142821.4,salary,True
INC_NPU_00001_202407,NPU_00001,2024-07-05,144614.92,salary,True
INC_NPU_00001_202408,NPU_00001,2024-08-04,145657.66,salary,True
INC_NPU_00001_202409,NPU_00001,2024-09-01,150350.55,salary,True
INC_NPU_00001_202410,NPU_00001,2024-10-02,143205.36,salary,True
INC_NPU_00001_202411,NPU_00001,2024-11-01,146919.29,salary,True
INC_NPU_00001_202412,NPU_00001,2024-12-04,144142.79,salary,True
INC_NPU_00001_202501,NPU_00001,2025-01-03,144309.21,salary,True
INC_NPU_00001_202502,NPU_00001,2025-02-05,143243.65,salary,True
INC_NPU_00001_202503,NPU_00001,2025-03-01,143887.8,salary,True
INC_NPU_00001_202504,NPU_00001,2025-04-01,142847.31,salary,True
INC_NPU_00001_202505,NPU_00001,2025-05-03,146337.09,salary,True
INC_NPU_00001_202506,NPU_00001,2025-06-01,141416.34,salary,True
INC_NPU_00001_202507,NPU_00001,2025-07-03,139193.08,salary,True
INC_NPU_00001_202508,NPU_00001,2025-08-02,141956.48,salary,True
INC_NPU_00001_202509,NPU_00001,2025-09-01,141664.63,salary,True
INC_NPU_00001_202510,NPU_00001,2025-10-01,141955.03,salary,True
INC_NPU_00001_202511,NPU_00001,2025-11-05,143094.19,salary,True
INC_NPU_00001_202512,NPU_00001,2025-12-03,141965.09,salary,True
INC_NPU_00002_202301,NPU_00002,2023-01-04,93807.82,salary,True
INC_NPU_00002_202302,NPU_00002,2023-02-01,93099.01,salary,True
INC_NPU_00002_202303,NPU_00002,2023-03-03,94872.02,salary,True
INC_NPU_00002_202304,NPU_00002,2023-04-01,98569.01,salary,True
INC_NPU_00002_202305,NPU_00002,2023-05-05,94483.24,salary,True
INC_NPU_00002_202306,NPU_00002,2023-06-02,93171.42,salary,True
INC_NPU_00002_202307,NPU_00002,2023-07-02,89723.65,salary,True
INC_NPU_00002_202308,NPU_00002,2023-08-02,97681.27,salary,True
INC_NPU_00002_202309,NPU_00002,2023-09-01,94588.96,salary,True
INC_NPU_00002_202310,NPU_00002,2023-10-04,93791.44,salary,True
INC_NPU_00002_202311,NPU_00002,2023-11-02,89817.06,salary,True
INC_NPU_00002_202312,NPU_00002,2023-12-05,93887.02,salary,True
INC_NPU_00002_202401,NPU_00002,2024-01-05,94338.26,salary,True
INC_NPU_00002_202402,NPU_00002,2024-02-01,93105.5,salary,True
INC_NPU_00002_202403,NPU_00002,2024-03-01,91581.16,salary,True
INC_NPU_00002_202404,NPU_00002,2024-04-01,91469.55,salary,True
INC_NPU_00002_202405,NPU_00002,2024-05-01,97718.98,salary,True
INC_NPU_00002_202406,NPU_00002,2024-06-04,94283.69,salary,True
INC_NPU_00002_202407,NPU_00002,2024-07-03,93103.91,salary,True
INC_NPU_00002_202408,NPU_00002,2024-08-04,94170.62,salary,True
INC_NPU_00002_202409,NPU_00002,2024-09-02,94041.97,salary,True
INC_NPU_00002_202410,NPU_00002,2024-10-02,91386.2,salary,True
INC_NPU_00002_202411,NPU_00002,2024-11-02,95821.32,salary,True
INC_NPU_00002_202412,NPU_00002,2024-12-03,93743.26,salary,True
INC_NPU_00002_202501,NPU_00002,2025-01-01,94309.56,salary,True
INC_NPU_00002_202502,NPU_00002,2025-02-04,96880.45,salary,True
INC_NPU_00002_202503,NPU_00002,2025-03-03,91631.19,salary,True
INC_NPU_00002_202504,NPU_00002,2025-04-01,92642.11,salary,True
INC_NPU_00002_202505,NPU_00002,2025-05-01,94690.61,salary,True
INC_NPU_00002_202506,NPU_00002,2025-06-03,95780.35,salary,True
INC_NPU_00002_202507,NPU_00002,2025-07-01,92935.14,salary,True
INC_NPU_00002_202508,NPU_00002,2025-08-01,93035.47,salary,True
INC_NPU_00002_202509,NPU_00002,2025-09-02,95283.39,salary,True
INC_NPU_00002_202510,NPU_00002,2025-10-02,98367.71,salary,True
INC_NPU_00002_202511,NPU_00002,2025-11-03,94232.53,salary,True
INC_NPU_00002_202512,NPU_00002,2025-12-03,92636.55,salary,True
INC_NPU_00003_202301,NPU_00003,2023-01-02,136452.65,salary,True
INC_NPU_00003_202302,NPU_00003,2023-02-01,138997.74,salary,True
INC_NPU_00003_202303,NPU_00003,2023-03-02,141747.85,salary,True
INC_NPU_00003_202304,NPU_00003,2023-04-01,147233.08,salary,True
INC_NPU_00003_202305,NPU_00003,2023-05-02,138532.96,salary,True
INC_NPU_00003_202306,NPU_00003,2023-06-02,139600.79,salary,True
INC_NPU_00003_202307,NPU_00003,2023-07-02,144156.58,salary,True
INC_NPU_00003_202308,NPU_00003,2023-08-02,140227.8,salary,True
INC_NPU_00003_202309,NPU_00003,2023-09-02,139987.34,salary,True
INC_NPU_00003_202310,NPU_00003,2023-10-01,143477.05,salary,True
INC_NPU_00003_202311,NPU_00003,2023-11-02,139666.08,salary,True
INC_NPU_00003_202312,NPU_00003,2023-12-02,136658.24,salary,True
INC_NPU_00003_202401,NPU_00003,2024-01-05,142781.52,salary,True
INC_NPU_00003_202402,NPU_00003,2024-02-01,134961.47,salary,True
INC_NPU_00003_202403,NPU_00003,2024-03-01,142231.26,salary,True
INC_NPU_00003_202404,NPU_00003,2024-04-02,139377.96,salary,True
INC_NPU_00003_202405,NPU_00003,2024-05-03,138561.47,salary,True
INC_NPU_00003_202406,NPU_00003,2024-06-02,138491.95,salary,True
INC_NPU_00003_202407,NPU_00003,2024-07-05,138987.17,salary,True
INC_NPU_00003_202408,NPU_00003,2024-08-02,138164.88,salary,True
INC_NPU_00003_202409,NPU_00003,2024-09-03,140633.56,salary,True
INC_NPU_00003_202410,NPU_00003,2024-10-03,138257.9,salary,True
INC_NPU_00003_202411,NPU_00003,2024-11-04,134044.49,salary,True
INC_NPU_00003_202412,NPU_00003,2024-12-03,139398.43,salary,True
INC_NPU_00003_202501,NPU_00003,2025-01-05,142078.53,salary,True
INC_NPU_00003_202502,NPU_00003,2025-02-01,133896.95,salary,True
INC_NPU_00003_202503,NPU_00003,2025-03-01,139380.16,salary,True
INC_NPU_00003_202504,NPU_00003,2025-04-05,138111.59,salary,True
INC_NPU_00003_202505,NPU_00003,2025-05-02,142000.2,salary,True
INC_NPU_00003_202506,NPU_00003,2025-06-04,138672.81,salary,True
INC_NPU_00003_202507,NPU_00003,2025-07-01,141544.63,salary,True
INC_NPU_00003_202508,NPU_00003,2025-08-04,141197.03,salary,True
INC_NPU_00003_202509,NPU_00003,2025-09-02,141278.54,salary,True
INC_NPU_00003_202510,NPU_00003,2025-10-05,143745.98,salary,True
INC_NPU_00003_202511,NPU_00003,2025-11-03,138768.64,salary,True
INC_NPU_00003_202512,NPU_00003,2025-12-01,139560.06,salary,True
INC_NPU_00004_202301,NPU_00004,2023-01-02,18653.41,salary,True
INC_NPU_00004_202302,NPU_00004,2023-02-02,18532.55,salary,True
INC_NPU_00004_202303,NPU_00004,2023-03-03,18404.28,salary,True
INC_NPU_00004_202304,NPU_00004,2023-04-01,18166.74,salary,True
INC_NPU_00004_202305,NPU_00004,2023-05-01,18504.06,salary,True
INC_NPU_00004_202306,NPU_00004,2023-06-02,17945.97,salary,True
INC_NPU_00004_202307,NPU_00004,2023-07-03,17746.04,salary,True
INC_NPU_00004_202308,NPU_00004,2023-08-01,18086.23,salary,True
INC_NPU_00004_202309,NPU_00004,2023-09-01,18744.71,salary,True
INC_NPU_00004_202310,NPU_00004,2023-10-01,18585.57,salary,True
INC_NPU_00004_202311,NPU_00004,2023-11-01,18748.68,salary,True
INC_NPU_00004_202312,NPU_00004,2023-12-01,18243.98,salary,True
INC_NPU_00004_202401,NPU_00004,2024-01-01,18886.19,salary,True
INC_NPU_00004_202402,NPU_00004,2024-02-02,17983.12,salary,True
INC_NPU_00004_202403,NPU_00004,2024-03-01,18098.69,salary,True
INC_NPU_00004_202404,NPU_00004,2024-04-04,18878.92,salary,True
INC_NPU_00004_202405,NPU_00004,2024-05-01,18558.18,salary,True
INC_NPU_00004_202406,NPU_00004,2024-06-02,18751.05,salary,True
INC_NPU_00004_202407,NPU_00004,2024-07-01,18587.16,salary,True
INC_NPU_00004_202408,NPU_00004,2024-08-03,18292.13,salary,True
INC_NPU_00004_202409,NPU_00004,2024-09-05,18058.08,salary,True
INC_NPU_00004_202410,NPU_00004,2024-10-01,17823.49,salary,True
INC_NPU_00004_202411,NPU_00004,2024-11-01,19169.3,salary,True
INC_NPU_00004_202412,NPU_00004,2024-12-01,17898.35,salary,True
INC_NPU_00004_202501,NPU_00004,2025-01-03,19026.18,salary,True
INC_NPU_00004_202502,NPU_00004,2025-02-02,18537.54,salary,True
INC_NPU_00004_202503,NPU_00004,2025-03-02,18598.69,salary,True
INC_NPU_00004_202504,NPU_00004,2025-04-04,18573.86,salary,True
INC_NPU_00004_202505,NPU_00004,2025-05-01,18700.86,salary,True
INC_NPU_00004_202506,NPU_00004,2025-06-02,18210.22,salary,True
INC_NPU_00004_202507,NPU_00004,2025-07-01,17702.27,salary,True
INC_NPU_00004_202508,NPU_00004,2025-08-02,18284.81,salary,True
INC_NPU_00004_202509,NPU_00004,2025-09-01,18667.62,salary,True
INC_NPU_00004_202510,NPU_00004,2025-10-05,18101.98,salary,True
INC_NPU_00004_202511,NPU_00004,2025-11-05,18896.38,salary,True
INC_NPU_00004_202512,NPU_00004,2025-12-05,18451.89,salary,True
INC_NPU_00005_202301,NPU_00005,2023-01-01,59779.04,salary,True
INC_NPU_00005_202302,NPU_00005,2023-02-05,61380.32,salary,True
INC_NPU_00005_202303,NPU_00005,2023-03-05,61733.0,salary,True
INC_NPU_00005_202304,NPU_00005,2023-04-01,61824.02,salary,True
INC_NPU_00005_202305,NPU_00005,2023-05-02,57629.4,salary,True
INC_NPU_00005_202306,NPU_00005,2023-06-02,57469.7,salary,True
INC_NPU_00005_202307,NPU_00005,2023-07-01,62455.03,salary,True
INC_NPU_00005_202308,NPU_00005,2023-08-01,59405.39,salary,True
INC_NPU_00005_202309,NPU_00005,2023-09-04,62456.93,salary,True
INC_NPU_00005_202310,NPU_00005,2023-10-02,62581.89,salary,True
INC_NPU_00005_202311,NPU_00005,2023-11-05,59740.51,salary,True
INC_NPU_00005_202312,NPU_00005,2023-12-01,59954.92,salary,True
INC_NPU_00005_202401,NPU_00005,2024-01-01,62096.49,salary,True
INC_NPU_00005_202402,NPU_00005,2024-02-05,60706.0,salary,True
INC_NPU_00005_202403,NPU_00005,2024-03-01,62783.26,salary,True
INC_NPU_00005_202404,NPU_00005,2024-04-01,63163.58,salary,True
INC_NPU_00005_202405,NPU_00005,2024-05-01,59777.79,salary,True
INC_NPU_00005_202406,NPU_00005,2024-06-05,60218.82,salary,True
INC_NPU_00005_202407,NPU_00005,2024-07-03,61316.07,salary,True
INC_NPU_00005_202408,NPU_00005,2024-08-01,58531.23,salary,True
INC_NPU_00005_202409,NPU_00005,2024-09-03,58993.3,salary,True
INC_NPU_00005_202410,NPU_00005,2024-10-01,60087.26,salary,True
INC_NPU_00005_202411,NPU_00005,2024-11-03,63649.18,salary,True
INC_NPU_00005_202412,NPU_00005,2024-12-01,61500.33,salary,True
INC_NPU_00005_202501,NPU_00005,2025-01-02,60399.55,salary,True
INC_NPU_00005_202502,NPU_00005,2025-02-02,59945.98,salary,True
INC_NPU_00005_202503,NPU_00005,2025-03-03,59727.9,salary,True
INC_NPU_00005_202504,NPU_00005,2025-04-04,60482.67,salary,True
INC_NPU_00005_202505,NPU_00005,2025-05-01,60416.04,salary,True
INC_NPU_00005_202506,NPU_00005,2025-06-03,60910.98,salary,True
INC_NPU_00005_202507,NPU_00005,2025-07-01,61793.75,salary,True
INC_NPU_00005_202508,NPU_00005,2025-08-02,61091.54,salary,True
INC_NPU_00005_202509,NPU_00005,2025-09-02,62174.97,salary,True
INC_NPU_00005_202510,NPU_00005,2025-10-01,60824.6,salary,True
INC_NPU_00005_202511,NPU_00005,2025-11-01,63276.62,salary,True
INC_NPU_00005_202512,NPU_00005,2025-12-01,62142.3,salary,True
INC_NPU_00006_202301,NPU_00006,2023-01-01,162201.79,salary,True
INC_NPU_00006_202302,NPU_00006,2023-02-01,163078.4,salary,True
INC_NPU_00006_202303,NPU_00006,2023-03-01,159689.75,salary,True
INC_NPU_00006_202304,NPU_00006,2023-04-02,160685.84,salary,True
INC_NPU_00006_202305,NPU_00006,2023-05-02,160563.7,salary,True
INC_NPU_00006_202306,NPU_00006,2023-06-02,159021.89,salary,True
INC_NPU_00006_202307,NPU_00006,2023-07-03,157106.41,salary,True
INC_NPU_00006_202308,NPU_00006,2023-08-01,163261.39,salary,True
INC_NPU_00006_202309,NPU_00006,2023-09-03,164617.5,salary,True
INC_NPU_00006_202310,NPU_00006,2023-10-03,162766.2,salary,True
INC_NPU_00006_202311,NPU_00006,2023-11-05,161204.33,salary,True
INC_NPU_00006_202312,NPU_00006,2023-12-01,168651.71,salary,True
INC_NPU_00006_202401,NPU_00006,2024-01-02,159349.21,salary,True
INC_NPU_00006_202402,NPU_00006,2024-02-01,162313.49,salary,True
INC_NPU_00006_202403,NPU_00006,2024-03-01,165126.25,salary,True
INC_NPU_00006_202404,NPU_00006,2024-04-04,157911.69,salary,True
INC_NPU_00006_202405,NPU_00006,2024-05-02,163520.93,salary,True
INC_NPU_00006_202406,NPU_00006,2024-06-02,167240.3,salary,True
INC_NPU_00006_202407,NPU_00006,2024-07-05,161467.07,salary,True
INC_NPU_00006_202408,NPU_00006,2024-08-02,162014.53,salary,True
INC_NPU_00006_202409,NPU_00006,2024-09-02,159367.23,salary,True
INC_NPU_00006_202410,NPU_00006,2024-10-02,163039.43,salary,True
INC_NPU_00006_202411,NPU_00006,2024-11-01,158948.34,salary,True
INC_NPU_00006_202412,NPU_00006,2024-12-04,161274.55,salary,True
INC_NPU_00006_202501,NPU_00006,2025-01-01,156746.05,salary,True
INC_NPU_00006_202502,NPU_00006,2025-02-01,153095.9,salary,True
INC_NPU_00006_202503,NPU_00006,2025-03-05,159955.79,salary,True
INC_NPU_00006_202504,NPU_00006,2025-04-01,159906.1,salary,True
INC_NPU_00006_202505,NPU_00006,2025-05-01,160217.97,salary,True
INC_NPU_00006_202506,NPU_00006,2025-06-03,163879.98,salary,True
INC_NPU_00006_202507,NPU_00006,2025-07-03,164718.87,salary,True
INC_NPU_00006_202508,NPU_00006,2025-08-01,162451.53,salary,True
INC_NPU_00006_202509,NPU_00006,2025-09-03,163631.92,salary,True
INC_NPU_00006_202510,NPU_00006,2025-10-01,159034.09,salary,True
INC_NPU_00006_202511,NPU_00006,2025-11-02,158288.3,salary,True
INC_NPU_00006_202512,NPU_00006,2025-12-04,163108.29,salary,True
INC_NPU_00007_202301,NPU_00007,2023-01-01,159143.65,salary,True
INC_NPU_00007_202302,NPU_00007,2023-02-01,158812.36,salary,True
INC_NPU_00007_202303,NPU_00007,2023-03-03,172103.82,salary,True
INC_NPU_00007_202304,NPU_00007,2023-04-04,162975.13,salary,True
INC_NPU_00007_202305,NPU_00007,2023-05-02,161195.25,salary,True
INC_NPU_00007_202306,NPU_00007,2023-06-03,160837.55,salary,True
INC_NPU_00007_202307,NPU_00007,2023-07-01,158088.55,salary,True
INC_NPU_00007_202308,NPU_00007,2023-08-02,163688.44,salary,True
INC_NPU_00007_202309,NPU_00007,2023-09-01,161793.82,salary,True
INC_NPU_00007_202310,NPU_00007,2023-10-01,165940.58,salary,True
INC_NPU_00007_202311,NPU_00007,2023-11-01,164527.94,salary,True
INC_NPU_00007_202312,NPU_00007,2023-12-01,161685.95,salary,True
INC_NPU_00007_202401,NPU_00007,2024-01-01,156360.45,salary,True
INC_NPU_00007_202402,NPU_00007,2024-02-01,162983.95,salary,True
INC_NPU_00007_202403,NPU_00007,2024-03-01,162687.75,salary,True
INC_NPU_00007_202404,NPU_00007,2024-04-01,155780.04,salary,True
INC_NPU_00007_202405,NPU_00007,2024-05-01,164126.05,salary,True
INC_NPU_00007_202406,NPU_00007,2024-06-03,159043.63,salary,True
INC_NPU_00007_202407,NPU_00007,2024-07-05,166128.96,salary,True
INC_NPU_00007_202408,NPU_00007,2024-08-02,162489.75,salary,True
INC_NPU_00007_202409,NPU_00007,2024-09-03,160750.85,salary,True
INC_NPU_00007_202410,NPU_00007,2024-10-04,163435.26,salary,True
INC_NPU_00007_202411,NPU_00007,2024-11-02,163229.38,salary,True
INC_NPU_00007_202412,NPU_00007,2024-12-04,163107.99,salary,True
INC_NPU_00007_202501,NPU_00007,2025-01-05,165635.4,salary,True
INC_NPU_00007_202502,NPU_00007,2025-02-05,156912.68,salary,True
INC_NPU_00007_202503,NPU_00007,2025-03-01,163635.68,salary,True
INC_NPU_00007_202504,NPU_00007,2025-04-01,160475.8,salary,True
INC_NPU_00007_202505,NPU_00007,2025-05-03,161889.37,salary,True
INC_NPU_00007_202506,NPU_00007,2025-06-04,167361.27,salary,True
INC_NPU_00007_202507,NPU_00007,2025-07-01,160201.21,salary,True
INC_NPU_00007_202508,NPU_00007,2025-08-01,164071.32,salary,True
INC_NPU_00007_202509,NPU_00007,2025-09-01,165766.99,salary,True
INC_NPU_00007_202510,NPU_00007,2025-10-02,164393.43,salary,True
INC_NPU_00007_202511,NPU_00007,2025-11-01,163004.15,salary,True
INC_NPU_00007_202512,NPU_00007,2025-12-02,163500.36,salary,True
INC_NPU_00008_202301,NPU_00008,2023-01-16,246873.97,business,True
INC_NPU_00008_202302,NPU_00008,2023-02-11,163955.73,business,True
INC_NPU_00008_202303,NPU_00008,2023-03-06,213286.35,business,True
INC_NPU_00008_202304,NPU_00008,2023-04-11,221470.35,business,True
INC_NPU_00008_202305,NPU_00008,2023-05-16,405163.97,business,True
INC_NPU_00008_202306,NPU_00008,2023-06-11,237227.82,business,True
INC_NPU_00008_202307,NPU_00008,2023-07-21,287974.77,business,True
INC_NPU_00008_202308,NPU_00008,2023-08-06,421444.37,business,True
INC_NPU_00008_202309,NPU_00008,2023-09-11,186591.64,business,True
INC_NPU_00008_202310,NPU_00008,2023-10-21,164464.14,business,True
INC_NPU_00008_202311,NPU_00008,2023-11-21,188081.77,business,True
INC_NPU_00008_202312,NPU_00008,2023-12-11,269407.6,business,True
INC_NPU_00008_202401,NPU_00008,2024-01-06,229996.18,business,True
INC_NPU_00008_202402,NPU_00008,2024-02-11,203129.69,business,True
INC_NPU_00008_202403,NPU_00008,2024-03-21,189177.12,business,True
INC_NPU_00008_202404,NPU_00008,2024-04-01,235239.83,business,True
INC_NPU_00008_202405,NPU_00008,2024-05-06,168424.87,business,True
INC_NPU_00008_202406,NPU_00008,2024-06-01,157516.51,business,True
INC_NPU_00008_202407,NPU_00008,2024-07-01,276802.72,business,True
INC_NPU_00008_202408,NPU_00008,2024-08-01,217140.15,business,True
INC_NPU_00008_202409,NPU_00008,2024-09-01,205055.7,business,True
INC_NPU_00008_202410,NPU_00008,2024-10-16,162115.82,business,True
INC_NPU_00008_202411,NPU_00008,2024-11-06,151360.22,business,True
INC_NPU_00008_202412,NPU_00008,2024-12-21,250290.45,business,True
INC_NPU_00008_202501,NPU_00008,2025-01-01,230925.22,business,True
INC_NPU_00008_202502,NPU_00008,2025-02-11,256103.0,business,True
INC_NPU_00008_202503,NPU_00008,2025-03-11,167197.54,business,True
INC_NPU_00008_202504,NPU_00008,2025-04-01,157456.34,business,True
INC_NPU_00008_202505,NPU_00008,2025-05-06,308796.28,business,True
INC_NPU_00008_202506,NPU_00008,2025-06-11,250593.54,business,True
INC_NPU_00008_202507,NPU_00008,2025-07-21,303838.92,business,True
INC_NPU_00008_202508,NPU_00008,2025-08-01,125156.68,business,True
INC_NPU_00008_202509,NPU_00008,2025-09-06,167472.85,business,True
INC_NPU_00008_202510,NPU_00008,2025-10-06,161917.73,business,True
INC_NPU_00008_202511,NPU_00008,2025-11-16,151268.93,business,True
INC_NPU_00008_202512,NPU_00008,2025-12-11,145089.84,business,True
INC_NPU_00009_202301,NPU_00009,2023-01-01,142246.83,salary,True
INC_NPU_00009_202302,NPU_00009,2023-02-01,142659.39,salary,True
INC_NPU_00009_202303,NPU_00009,2023-03-03,143004.1,salary,True
INC_NPU_00009_202304,NPU_00009,2023-04-03,147294.35,salary,True
INC_NPU_00009_202305,NPU_00009,2023-05-05,136036.62,salary,True
INC_NPU_00009_202306,NPU_00009,2023-06-04,136381.34,salary,True
INC_NPU_00009_202307,NPU_00009,2023-07-01,140955.78,salary,True
INC_NPU_00009_202308,NPU_00009,2023-08-02,146982.88,salary,True
INC_NPU_00009_202309,NPU_00009,2023-09-01,143351.95,salary,True
INC_NPU_00009_202310,NPU_00009,2023-10-01,138476.42,salary,True
INC_NPU_00009_202311,NPU_00009,2023-11-01,141788.92,salary,True
INC_NPU_00009_202312,NPU_00009,2023-12-02,140790.45,salary,True
INC_NPU_00009_202401,NPU_00009,2024-01-01,140691.99,salary,True
INC_NPU_00009_202402,NPU_00009,2024-02-03,139775.27,salary,True
INC_NPU_00009_202403,NPU_00009,2024-03-02,141556.6,salary,True
INC_NPU_00009_202404,NPU_00009,2024-04-02,144354.5,salary,True
INC_NPU_00009_202405,NPU_00009,2024-05-03,140010.9,salary,True
INC_NPU_00009_202406,NPU_00009,2024-06-02,143026.25,salary,True
INC_NPU_00009_202407,NPU_00009,2024-07-05,143533.65,salary,True
INC_NPU_00009_202408,NPU_00009,2024-08-01,144950.31,salary,True
INC_NPU_00009_202409,NPU_00009,2024-09-01,138851.51,salary,True
INC_NPU_00009_202410,NPU_00009,2024-10-02,141331.87,salary,True
INC_NPU_00009_202411,NPU_00009,2024-11-04,139465.18,salary,True
INC_NPU_00009_202412,NPU_00009,2024-12-02,141561.91,salary,True
INC_NPU_00009_202501,NPU_00009,2025-01-04,141543.02,salary,True
INC_NPU_00009_202502,NPU_00009,2025-02-01,138192.37,salary,True
INC_NPU_00009_202503,NPU_00009,2025-03-01,141726.5,salary,True
INC_NPU_00009_202504,NPU_00009,2025-04-03,147477.25,salary,True
INC_NPU_00009_202505,NPU_00009,2025-05-01,142670.84,salary,True
INC_NPU_00009_202506,NPU_00009,2025-06-03,137663.2,salary,True
INC_NPU_00009_202507,NPU_00009,2025-07-01,138690.25,salary,True
INC_NPU_00009_202508,NPU_00009,2025-08-03,141189.51,salary,True
INC_NPU_00009_202509,NPU_00009,2025-09-01,138749.52,salary,True
INC_NPU_00009_202510,NPU_00009,2025-10-03,144774.22,salary,True
INC_NPU_00009_202511,NPU_00009,2025-11-01,137361.48,salary,True
INC_NPU_00009_202512,NPU_00009,2025-12-01,142691.23,salary,True
INC_NPU_00010_202301,NPU_00010,2023-01-01,41251.99,salary,True
INC_NPU_00010_202302,NPU_00010,2023-02-03,42553.39,salary,True
INC_NPU_00010_202303,NPU_00010,2023-03-03,41716.83,salary,True
INC_NPU_00010_202304,NPU_00010,2023-04-02,43175.22,salary,True
INC_NPU_00010_202305,NPU_00010,2023-05-01,43480.79,salary,True
INC_NPU_00010_202306,NPU_00010,2023-06-02,42882.86,salary,True
INC_NPU_00010_202307,NPU_00010,2023-07-04,43524.07,salary,True
INC_NPU_00010_202308,NPU_00010,2023-08-01,40574.55,salary,True
INC_NPU_00010_202309,NPU_00010,2023-09-01,42717.75,salary,True
INC_NPU_00010_202310,NPU_00010,2023-10-01,43006.92,salary,True
INC_NPU_00010_202311,NPU_00010,2023-11-03,43118.4,salary,True
INC_NPU_00010_202312,NPU_00010,2023-12-04,41026.92,salary,True
INC_NPU_00010_202401,NPU_00010,2024-01-01,42954.75,salary,True
INC_NPU_00010_202402,NPU_00010,2024-02-01,43137.85,salary,True
INC_NPU_00010_202403,NPU_00010,2024-03-05,42708.09,salary,True
INC_NPU_00010_202404,NPU_00010,2024-04-01,41511.07,salary,True
INC_NPU_00010_202405,NPU_00010,2024-05-02,42134.35,salary,True
INC_NPU_00010_202406,NPU_00010,2024-06-01,43652.43,salary,True
INC_NPU_00010_202407,NPU_00010,2024-07-01,43541.41,salary,True
INC_NPU_00010_202408,NPU_00010,2024-08-03,42990.69,salary,True
INC_NPU_00010_202409,NPU_00010,2024-09-01,43194.26,salary,True
INC_NPU_00010_202410,NPU_00010,2024-10-01,43427.3,salary,True
INC_NPU_00010_202411,NPU_00010,2024-11-01,42980.56,salary,True
INC_NPU_00010_202412,NPU_00010,2024-12-01,43624.7,salary,True
INC_NPU_00010_202501,NPU_00010,2025-01-01,43592.53,salary,True
INC_NPU_00010_202502,NPU_00010,2025-02-04,44791.78,salary,True
INC_NPU_00010_202503,NPU_00010,2025-03-01,42167.69,salary,True
INC_NPU_00010_202504,NPU_00010,2025-04-04,42182.33,salary,True
INC_NPU_00010_202505,NPU_00010,2025-05-02,40246.2,salary,True
INC_NPU_00010_202506,NPU_00010,2025-06-03,42914.69,salary,True
INC_NPU_00010_202507,NPU_00010,2025-07-02,44248.94,salary,True
INC_NPU_00010_202508,NPU_00010,2025-08-01,43699.96,salary,True
INC_NPU_00010_202509,NPU_00010,2025-09-01,43304.1,salary,True
INC_NPU_00010_202510,NPU_00010,2025-10-04,43766.2,salary,True
INC_NPU_00010_202511,NPU_00010,2025-11-03,43022.69,salary,True
INC_NPU_00010_202512,NPU_00010,2025-12-02,42354.38,salary,True
INC_NPU_00011_202301,NPU_00011,2023-01-09,575339.02,freelance,True
INC_NPU_00011_202302,NPU_00011,2023-02-13,370734.5,freelance,True
INC_NPU_00011_202303,NPU_00011,2023-03-21,74064.47,freelance,True
INC_NPU_00011_202304,NPU_00011,2023-04-09,77534.44,freelance,True
INC_NPU_00011_202305,NPU_00011,2023-05-11,227181.42,freelance,True
INC_NPU_00011_202306,NPU_00011,2023-06-17,36636.14,freelance,True
INC_NPU_00011_202307,NPU_00011,2023-07-03,207340.86,freelance,True
INC_NPU_00011_202308,NPU_00011,2023-08-02,255957.06,freelance,True
INC_NPU_00011_202309,NPU_00011,2023-09-03,337565.66,freelance,True
INC_NPU_00011_202310,NPU_00011,2023-10-02,193243.95,freelance,True
INC_NPU_00011_202311,NPU_00011,2023-11-08,193373.18,freelance,True
INC_NPU_00011_202312,NPU_00011,2023-12-15,194439.48,freelance,True
INC_NPU_00011_202401,NPU_00011,2024-01-10,413806.64,freelance,True
INC_NPU_00011_202402,NPU_00011,2024-02-14,278441.02,freelance,True
INC_NPU_00011_202403,NPU_00011,2024-03-10,230070.55,freelance,True
INC_NPU_00011_202404,NPU_00011,2024-04-20,225207.49,freelance,True
INC_NPU_00011_202405,NPU_00011,2024-05-13,362728.53,freelance,True
INC_NPU_00011_202406,NPU_00011,2024-06-23,134340.15,freelance,True
INC_NPU_00011_202407,NPU_00011,2024-07-23,91451.97,freelance,True
INC_NPU_00011_202408,NPU_00011,2024-08-12,348352.32,freelance,True
INC_NPU_00011_202409,NPU_00011,2024-09-21,49512.43,freelance,True
INC_NPU_00011_202410,NPU_00011,2024-10-23,189083.61,freelance,True
INC_NPU_00011_202411,NPU_00011,2024-11-04,431081.04,freelance,True
INC_NPU_00011_202412,NPU_00011,2024-12-22,264141.71,freelance,True
INC_NPU_00011_202501,NPU_00011,2025-01-07,214577.21,freelance,True
INC_NPU_00011_202502,NPU_00011,2025-02-19,300407.21,freelance,True
INC_NPU_00011_202503,NPU_00011,2025-03-23,166805.63,freelance,True
INC_NPU_00011_202504,NPU_00011,2025-04-17,102056.1,freelance,True
INC_NPU_00011_202505,NPU_00011,2025-05-17,348932.41,freelance,True
INC_NPU_00011_202506,NPU_00011,2025-06-19,289215.49,freelance,True
INC_NPU_00011_202507,NPU_00011,2025-07-09,241880.87,freelance,True
INC_NPU_00011_202508,NPU_00011,2025-08-12,172539.49,freelance,True
INC_NPU_00011_202509,NPU_00011,2025-09-19,157526.22,freelance,True
INC_NPU_00011_202510,NPU_00011,2025-10-15,327199.98,freelance,True
INC_NPU_00011_202511,NPU_00011,2025-11-20,153789.52,freelance,True
INC_NPU_00011_202512,NPU_00011,2025-12-15,49898.48,freelance,True
INC_NPU_00012_202301,NPU_00012,2023-01-02,131862.3,salary,True
INC_NPU_00012_202302,NPU_00012,2023-02-03,124880.1,salary,True
INC_NPU_00012_202303,NPU_00012,2023-03-02,128737.49,salary,True
INC_NPU_00012_202304,NPU_00012,2023-04-03,126635.31,salary,True
INC_NPU_00012_202305,NPU_00012,2023-05-02,134010.34,salary,True
INC_NPU_00012_202306,NPU_00012,2023-06-01,129146.65,salary,True
INC_NPU_00012_202307,NPU_00012,2023-07-04,132715.77,salary,True
INC_NPU_00012_202308,NPU_00012,2023-08-02,126219.95,salary,True
INC_NPU_00012_202309,NPU_00012,2023-09-01,135163.81,salary,True
INC_NPU_00012_202310,NPU_00012,2023-10-01,131364.66,salary,True
INC_NPU_00012_202311,NPU_00012,2023-11-05,136624.25,salary,True
INC_NPU_00012_202312,NPU_00012,2023-12-01,131055.85,salary,True
INC_NPU_00012_202401,NPU_00012,2024-01-01,127108.79,salary,True
INC_NPU_00012_202402,NPU_00012,2024-02-01,128429.98,salary,True
INC_NPU_00012_202403,NPU_00012,2024-03-04,130463.85,salary,True
INC_NPU_00012_202404,NPU_00012,2024-04-02,128522.31,salary,True
INC_NPU_00012_202405,NPU_00012,2024-05-05,133710.3,salary,True
INC_NPU_00012_202406,NPU_00012,2024-06-02,131283.84,salary,True
INC_NPU_00012_202407,NPU_00012,2024-07-01,128552.42,salary,True
INC_NPU_00012_202408,NPU_00012,2024-08-02,133248.32,salary,True
INC_NPU_00012_202409,NPU_00012,2024-09-03,130113.85,salary,True
INC_NPU_00012_202410,NPU_00012,2024-10-04,133116.23,salary,True
INC_NPU_00012_202411,NPU_00012,2024-11-01,129697.0,salary,True
INC_NPU_00012_202412,NPU_00012,2024-12-05,132518.85,salary,True
INC_NPU_00012_202501,NPU_00012,2025-01-03,130023.58,salary,True
INC_NPU_00012_202502,NPU_00012,2025-02-02,133711.35,salary,True
INC_NPU_00012_202503,NPU_00012,2025-03-01,126269.27,salary,True
INC_NPU_00012_202504,NPU_00012,2025-04-04,127797.82,salary,True
INC_NPU_00012_202505,NPU_00012,2025-05-01,130694.61,salary,True
INC_NPU_00012_202506,NPU_00012,2025-06-01,129257.38,salary,True
INC_NPU_00012_202507,NPU_00012,2025-07-02,129944.99,salary,True
INC_NPU_00012_202508,NPU_00012,2025-08-02,132835.63,salary,True
INC_NPU_00012_202509,NPU_00012,2025-09-01,129891.19,salary,True
INC_NPU_00012_202510,NPU_00012,2025-10-04,131959.35,salary,True
INC_NPU_00012_202511,NPU_00012,2025-11-02,128720.23,salary,True
INC_NPU_00012_202512,NPU_00012,2025-12-02,125773.09,salary,True
INC_NPU_00013_202301,NPU_00013,2023-01-01,30964.91,salary,True
INC_NPU_00013_202302,NPU_00013,2023-02-02,31608.08,salary,True
INC_NPU_00013_202303,NPU_00013,2023-03-01,30632.64,salary,True
INC_NPU_00013_202304,NPU_00013,2023-04-02,30438.82,salary,True
INC_NPU_00013_202305,NPU_00013,2023-05-02,30565.33,salary,True
INC_NPU_00013_202306,NPU_00013,2023-06-01,31340.42,salary,True
INC_NPU_00013_202307,NPU_00013,2023-07-01,30640.18,salary,True
INC_NPU_00013_202308,NPU_00013,2023-08-01,30997.34,salary,True
INC_NPU_00013_202309,NPU_00013,2023-09-01,30967.23,salary,True
INC_NPU_00013_202310,NPU_00013,2023-10-02,31165.3,salary,True
INC_NPU_00013_202311,NPU_00013,2023-11-05,30425.53,salary,True
INC_NPU_00013_202312,NPU_00013,2023-12-03,30165.68,salary,True
INC_NPU_00013_202401,NPU_00013,2024-01-01,30837.38,salary,True
INC_NPU_00013_202402,NPU_00013,2024-02-01,31115.29,salary,True
INC_NPU_00013_202403,NPU_00013,2024-03-03,31242.81,salary,True
INC_NPU_00013_202404,NPU_00013,2024-04-02,31428.24,salary,True
INC_NPU_00013_202405,NPU_00013,2024-05-01,31052.21,salary,True
INC_NPU_00013_202406,NPU_00013,2024-06-01,30133.11,salary,True
INC_NPU_00013_202407,NPU_00013,2024-07-05,30631.88,salary,True
INC_NPU_00013_202408,NPU_00013,2024-08-02,30575.48,salary,True
INC_NPU_00013_202409,NPU_00013,2024-09-04,30506.7,salary,True
INC_NPU_00013_202410,NPU_00013,2024-10-02,30838.7,salary,True
INC_NPU_00013_202411,NPU_00013,2024-11-04,30368.7,salary,True
INC_NPU_00013_202412,NPU_00013,2024-12-04,30369.58,salary,True
INC_NPU_00013_202501,NPU_00013,2025-01-01,31654.76,salary,True
INC_NPU_00013_202502,NPU_00013,2025-02-02,30457.29,salary,True
INC_NPU_00013_202503,NPU_00013,2025-03-01,31160.23,salary,True
INC_NPU_00013_202504,NPU_00013,2025-04-02,31200.44,salary,True
INC_NPU_00013_202505,NPU_00013,2025-05-04,30649.26,salary,True
INC_NPU_00013_202506,NPU_00013,2025-06-01,30393.27,salary,True
INC_NPU_00013_202507,NPU_00013,2025-07-04,29969.33,salary,True
INC_NPU_00013_202508,NPU_00013,2025-08-02,29510.63,salary,True
INC_NPU_00013_202509,NPU_00013,2025-09-05,30885.06,salary,True
INC_NPU_00013_202510,NPU_00013,2025-10-03,30748.71,salary,True
INC_NPU_00013_202511,NPU_00013,2025-11-03,30980.36,salary,True
INC_NPU_00013_202512,NPU_00013,2025-12-01,30202.86,salary,True
INC_NPU_00014_202301,NPU_00014,2023-01-01,21328.46,salary,True
INC_NPU_00014_202302,NPU_00014,2023-02-01,20704.91,salary,True
INC_NPU_00014_202303,NPU_00014,2023-03-04,20455.62,salary,True
INC_NPU_00014_202304,NPU_00014,2023-04-03,19645.14,salary,True
INC_NPU_00014_202305,NPU_00014,2023-05-02,20344.18,salary,True
INC_NPU_00014_202306,NPU_00014,2023-06-04,20844.22,salary,True
INC_NPU_00014_202307,NPU_00014,2023-07-04,21110.95,salary,True
INC_NPU_00014_202308,NPU_00014,2023-08-05,20518.88,salary,True
INC_NPU_00014_202309,NPU_00014,2023-09-05,21189.78,salary,True
INC_NPU_00014_202310,NPU_00014,2023-10-02,20113.97,salary,True
INC_NPU_00014_202311,NPU_00014,2023-11-01,20680.2,salary,True
INC_NPU_00014_202312,NPU_00014,2023-12-01,20692.44,salary,True
INC_NPU_00014_202401,NPU_00014,2024-01-02,20762.37,salary,True
INC_NPU_00014_202402,NPU_00014,2024-02-02,20575.0,salary,True
INC_NPU_00014_202403,NPU_00014,2024-03-02,20656.32,salary,True
INC_NPU_00014_202404,NPU_00014,2024-04-01,20104.85,salary,True
INC_NPU_00014_202405,NPU_00014,2024-05-01,21062.66,salary,True
INC_NPU_00014_202406,NPU_00014,2024-06-03,20896.88,salary,True
INC_NPU_00014_202407,NPU_00014,2024-07-04,20639.32,salary,True
INC_NPU_00014_202408,NPU_00014,2024-08-04,20907.68,salary,True
INC_NPU_00014_202409,NPU_00014,2024-09-03,21078.17,salary,True
INC_NPU_00014_202410,NPU_00014,2024-10-04,20755.92,salary,True
INC_NPU_00014_202411,NPU_00014,2024-11-02,21385.05,salary,True
INC_NPU_00014_202412,NPU_00014,2024-12-03,20792.33,salary,True
INC_NPU_00014_202501,NPU_00014,2025-01-05,20162.69,salary,True
INC_NPU_00014_202502,NPU_00014,2025-02-02,20617.63,salary,True
INC_NPU_00014_202503,NPU_00014,2025-03-01,20925.7,salary,True
INC_NPU_00014_202504,NPU_00014,2025-04-01,21078.64,salary,True
INC_NPU_00014_202505,NPU_00014,2025-05-01,20583.93,salary,True
INC_NPU_00014_202506,NPU_00014,2025-06-04,20132.03,salary,True
INC_NPU_00014_202507,NPU_00014,2025-07-01,20419.44,salary,True
INC_NPU_00014_202508,NPU_00014,2025-08-02,19954.34,salary,True
INC_NPU_00014_202509,NPU_00014,2025-09-02,20837.73,salary,True
INC_NPU_00014_202510,NPU_00014,2025-10-02,20339.19,salary,True
INC_NPU_00014_202511,NPU_00014,2025-11-02,20221.62,salary,True
INC_NPU_00014_202512,NPU_00014,2025-12-04,20881.45,salary,True
INC_NPU_00015_202301,NPU_00015,2023-01-01,82755.12,salary,True
INC_NPU_00015_202302,NPU_00015,2023-02-04,79005.69,salary,True
INC_NPU_00015_202303,NPU_00015,2023-03-02,80438.76,salary,True
INC_NPU_00015_202304,NPU_00015,2023-04-03,79851.48,salary,True
INC_NPU_00015_202305,NPU_00015,2023-05-03,82448.86,salary,True
INC_NPU_00015_202306,NPU_00015,2023-06-02,80032.02,salary,True
INC_NPU_00015_202307,NPU_00015,2023-07-01,78520.04,salary,True
INC_NPU_00015_202308,NPU_00015,2023-08-05,80108.53,salary,True
INC_NPU_00015_202309,NPU_00015,2023-09-01,82034.29,salary,True
INC_NPU_00015_202310,NPU_00015,2023-10-04,79757.25,salary,True
INC_NPU_00015_202311,NPU_00015,2023-11-02,79162.53,salary,True
INC_NPU_00015_202312,NPU_00015,2023-12-04,79959.17,salary,True
INC_NPU_00015_202401,NPU_00015,2024-01-02,78567.15,salary,True
INC_NPU_00015_202402,NPU_00015,2024-02-01,79849.41,salary,True
INC_NPU_00015_202403,NPU_00015,2024-03-03,79277.15,salary,True
INC_NPU_00015_202404,NPU_00015,2024-04-01,83933.07,salary,True
INC_NPU_00015_202405,NPU_00015,2024-05-04,77059.7,salary,True
INC_NPU_00015_202406,NPU_00015,2024-06-02,78775.45,salary,True
INC_NPU_00015_202407,NPU_00015,2024-07-01,79161.36,salary,True
INC_NPU_00015_202408,NPU_00015,2024-08-02,78577.24,salary,True
INC_NPU_00015_202409,NPU_00015,2024-09-01,80820.6,salary,True
INC_NPU_00015_202410,NPU_00015,2024-10-01,78978.47,salary,True
INC_NPU_00015_202411,NPU_00015,2024-11-03,77811.04,salary,True
INC_NPU_00015_202412,NPU_00015,2024-12-01,80290.31,salary,True
INC_NPU_00015_202501,NPU_00015,2025-01-01,79665.25,salary,True
INC_NPU_00015_202502,NPU_00015,2025-02-02,79049.5,salary,True
INC_NPU_00015_202503,NPU_00015,2025-03-01,82400.44,salary,True
INC_NPU_00015_202504,NPU_00015,2025-04-01,80877.29,salary,True
INC_NPU_00015_202505,NPU_00015,2025-05-03,80685.51,salary,True
INC_NPU_00015_202506,NPU_00015,2025-06-01,80914.87,salary,True
INC_NPU_00015_202507,NPU_00015,2025-07-01,80827.3,salary,True
INC_NPU_00015_202508,NPU_00015,2025-08-01,79745.0,salary,True
INC_NPU_00015_202509,NPU_00015,2025-09-01,78994.43,salary,True
INC_NPU_00015_202510,NPU_00015,2025-10-02,80326.15,salary,True
INC_NPU_00015_202511,NPU_00015,2025-11-01,79715.89,salary,True
INC_NPU_00015_202512,NPU_00015,2025-12-04,77040.56,salary,True
INC_NPU_00016_202301,NPU_00016,2023-01-04,24288.11,salary,True
INC_NPU_00016_202302,NPU_00016,2023-02-04,24618.6,salary,True
INC_NPU_00016_202303,NPU_00016,2023-03-03,25273.36,salary,True
INC_NPU_00016_202304,NPU_00016,2023-04-03,24872.23,salary,True
INC_NPU_00016_202305,NPU_00016,2023-05-01,24372.46,salary,True
INC_NPU_00016_202306,NPU_00016,2023-06-01,24248.43,salary,True
INC_NPU_00016_202307,NPU_00016,2023-07-02,25388.33,salary,True
INC_NPU_00016_202308,NPU_00016,2023-08-04,24712.6,salary,True
INC_NPU_00016_202309,NPU_00016,2023-09-01,23380.69,salary,True
INC_NPU_00016_202310,NPU_00016,2023-10-04,24743.78,salary,True
INC_NPU_00016_202311,NPU_00016,2023-11-03,25150.44,salary,True
INC_NPU_00016_202312,NPU_00016,2023-12-03,24234.46,salary,True
INC_NPU_00016_202401,NPU_00016,2024-01-01,24833.51,salary,True
INC_NPU_00016_202402,NPU_00016,2024-02-01,24880.31,salary,True
INC_NPU_00016_202403,NPU_00016,2024-03-02,24261.33,salary,True
INC_NPU_00016_202404,NPU_00016,2024-04-01,25439.81,salary,True
INC_NPU_00016_202405,NPU_00016,2024-05-03,24889.1,salary,True
INC_NPU_00016_202406,NPU_00016,2024-06-05,24616.13,salary,True
INC_NPU_00016_202407,NPU_00016,2024-07-04,24715.9,salary,True
INC_NPU_00016_202408,NPU_00016,2024-08-03,24172.84,salary,True
INC_NPU_00016_202409,NPU_00016,2024-09-04,24154.24,salary,True
INC_NPU_00016_202410,NPU_00016,2024-10-02,24570.68,salary,True
INC_NPU_00016_202411,NPU_00016,2024-11-03,24600.22,salary,True
INC_NPU_00016_202412,NPU_00016,2024-12-05,24683.37,salary,True
INC_NPU_00016_202501,NPU_00016,2025-01-01,25490.47,salary,True
INC_NPU_00016_202502,NPU_00016,2025-02-01,25121.2,salary,True
INC_NPU_00016_202503,NPU_00016,2025-03-01,23918.92,salary,True
INC_NPU_00016_202504,NPU_00016,2025-04-01,25375.41,salary,True
INC_NPU_00016_202505,NPU_00016,2025-05-01,24566.95,salary,True
INC_NPU_00016_202506,NPU_00016,2025-06-01,25171.88,salary,True
INC_NPU_00016_202507,NPU_00016,2025-07-02,24604.76,salary,True
INC_NPU_00016_202508,NPU_00016,2025-08-02,24856.48,salary,True
INC_NPU_00016_202509,NPU_00016,2025-09-05,24206.0,salary,True
INC_NPU_00016_202510,NPU_00016,2025-10-03,24964.44,salary,True
INC_NPU_00016_202511,NPU_00016,2025-11-05,25232.5,salary,True
INC_NPU_00016_202512,NPU_00016,2025-12-03,23997.99,salary,True
INC_NPU_00017_202301,NPU_00017,2023-01-01,95366.22,salary,True
INC_NPU_00017_202302,NPU_00017,2023-02-03,92399.36,salary,True
INC_NPU_00017_202303,NPU_00017,2023-03-02,96984.46,salary,True
INC_NPU_00017_202304,NPU_00017,2023-04-04,95142.79,salary,True
INC_NPU_00017_202305,NPU_00017,2023-05-03,94780.75,salary,True
INC_NPU_00017_202306,NPU_00017,2023-06-01,93393.11,salary,True
INC_NPU_00017_202307,NPU_00017,2023-07-01,98637.5,salary,True
INC_NPU_00017_202308,NPU_00017,2023-08-02,92830.84,salary,True
INC_NPU_00017_202309,NPU_00017,2023-09-01,91805.63,salary,True
INC_NPU_00017_202310,NPU_00017,2023-10-02,92461.16,salary,True
INC_NPU_00017_202311,NPU_00017,2023-11-01,95697.64,salary,True
INC_NPU_00017_202312,NPU_00017,2023-12-01,93877.04,salary,True
INC_NPU_00017_202401,NPU_00017,2024-01-02,93594.23,salary,True
INC_NPU_00017_202402,NPU_00017,2024-02-01,92857.67,salary,True
INC_NPU_00017_202403,NPU_00017,2024-03-05,93496.6,salary,True
INC_NPU_00017_202404,NPU_00017,2024-04-02,92732.46,salary,True
INC_NPU_00017_202405,NPU_00017,2024-05-02,94966.09,salary,True
INC_NPU_00017_202406,NPU_00017,2024-06-01,93217.41,salary,True
INC_NPU_00017_202407,NPU_00017,2024-07-02,92493.97,salary,True
INC_NPU_00017_202408,NPU_00017,2024-08-02,95517.41,salary,True
INC_NPU_00017_202409,NPU_00017,2024-09-05,91859.9,salary,True
INC_NPU_00017_202410,NPU_00017,2024-10-02,93903.71,salary,True
INC_NPU_00017_202411,NPU_00017,2024-11-01,90110.23,salary,True
INC_NPU_00017_202412,NPU_00017,2024-12-01,91121.29,salary,True
INC_NPU_00017_202501,NPU_00017,2025-01-02,93017.06,salary,True
INC_NPU_00017_202502,NPU_00017,2025-02-01,92699.67,salary,True
INC_NPU_00017_202503,NPU_00017,2025-03-01,92696.93,salary,True
INC_NPU_00017_202504,NPU_00017,2025-04-01,95161.48,salary,True
INC_NPU_00017_202505,NPU_00017,2025-05-01,95280.11,salary,True
INC_NPU_00017_202506,NPU_00017,2025-06-05,94260.17,salary,True
INC_NPU_00017_202507,NPU_00017,2025-07-01,91767.53,salary,True
INC_NPU_00017_202508,NPU_00017,2025-08-05,93482.12,salary,True
INC_NPU_00017_202509,NPU_00017,2025-09-02,97306.51,salary,True
INC_NPU_00017_202510,NPU_00017,2025-10-01,98373.62,salary,True
INC_NPU_00017_202511,NPU_00017,2025-11-01,95537.78,salary,True
INC_NPU_00017_202512,NPU_00017,2025-12-02,91834.08,salary,True
INC_NPU_00018_202301,NPU_00018,2023-01-05,44903.22,salary,True
INC_NPU_00018_202302,NPU_00018,2023-02-05,45207.61,salary,True
INC_NPU_00018_202303,NPU_00018,2023-03-03,45067.86,salary,True
INC_NPU_00018_202304,NPU_00018,2023-04-01,45986.46,salary,True
INC_NPU_00018_202305,NPU_00018,2023-05-02,45658.63,salary,True
INC_NPU_00018_202306,NPU_00018,2023-06-01,44059.26,salary,True
INC_NPU_00018_202307,NPU_00018,2023-07-03,44441.26,salary,True
INC_NPU_00018_202308,NPU_00018,2023-08-01,45878.39,salary,True
INC_NPU_00018_202309,NPU_00018,2023-09-04,46287.83,salary,True
INC_NPU_00018_202310,NPU_00018,2023-10-03,45219.06,salary,True
INC_NPU_00018_202311,NPU_00018,2023-11-01,46417.84,salary,True
INC_NPU_00018_202312,NPU_00018,2023-12-03,45113.55,salary,True
INC_NPU_00018_202401,NPU_00018,2024-01-02,44199.19,salary,True
INC_NPU_00018_202402,NPU_00018,2024-02-02,45569.58,salary,True
INC_NPU_00018_202403,NPU_00018,2024-03-03,47753.58,salary,True
INC_NPU_00018_202404,NPU_00018,2024-04-01,43868.36,salary,True
INC_NPU_00018_202405,NPU_00018,2024-05-04,46376.38,salary,True
INC_NPU_00018_202406,NPU_00018,2024-06-02,45515.02,salary,True
INC_NPU_00018_202407,NPU_00018,2024-07-01,44390.24,salary,True
INC_NPU_00018_202408,NPU_00018,2024-08-01,43294.46,salary,True
INC_NPU_00018_202409,NPU_00018,2024-09-01,42981.46,salary,True
INC_NPU_00018_202410,NPU_00018,2024-10-01,44516.53,salary,True
INC_NPU_00018_202411,NPU_00018,2024-11-02,45356.77,salary,True
INC_NPU_00018_202412,NPU_00018,2024-12-03,45804.42,salary,True
INC_NPU_00018_202501,NPU_00018,2025-01-04,46026.73,salary,True
INC_NPU_00018_202502,NPU_00018,2025-02-03,45273.12,salary,True
INC_NPU_00018_202503,NPU_00018,2025-03-04,45127.49,salary,True
INC_NPU_00018_202504,NPU_00018,2025-04-01,44700.8,salary,True
INC_NPU_00018_202505,NPU_00018,2025-05-01,45379.46,salary,True
INC_NPU_00018_202506,NPU_00018,2025-06-05,44403.14,salary,True
INC_NPU_00018_202507,NPU_00018,2025-07-02,43910.64,salary,True
INC_NPU_00018_202508,NPU_00018,2025-08-02,45070.76,salary,True
INC_NPU_00018_202509,NPU_00018,2025-09-01,45727.69,salary,True
INC_NPU_00018_202510,NPU_00018,2025-10-01,43734.15,salary,True
INC_NPU_00018_202511,NPU_00018,2025-11-03,44516.61,salary,True
INC_NPU_00018_202512,NPU_00018,2025-12-05,45037.06,salary,True
INC_NPU_00019_202301,NPU_00019,2023-01-11,318609.48,business,True
INC_NPU_00019_202302,NPU_00019,2023-02-21,372828.32,business,True
INC_NPU_00019_202303,NPU_00019,2023-03-06,273816.46,business,True
INC_NPU_00019_202304,NPU_00019,2023-04-16,316593.63,business,True
INC_NPU_00019_202305,NPU_00019,2023-05-21,161975.37,business,True
INC_NPU_00019_202306,NPU_00019,2023-06-06,567553.09,business,True
INC_NPU_00019_202307,NPU_00019,2023-07-01,508126.81,business,True
INC_NPU_00019_202308,NPU_00019,2023-08-01,233230.42,business,True
INC_NPU_00019_202309,NPU_00019,2023-09-21,416380.99,business,True
INC_NPU_00019_202310,NPU_00019,2023-10-11,338743.02,business,True
INC_NPU_00019_202311,NPU_00019,2023-11-16,216170.88,business,True
INC_NPU_00019_202312,NPU_00019,2023-12-16,258547.89,business,True
INC_NPU_00019_202401,NPU_00019,2024-01-21,414685.97,business,True
INC_NPU_00019_202402,NPU_00019,2024-02-11,344123.59,business,True
INC_NPU_00019_202403,NPU_00019,2024-03-21,211204.85,business,True
INC_NPU_00019_202404,NPU_00019,2024-04-16,253184.89,business,True
INC_NPU_00019_202405,NPU_00019,2024-05-16,411108.71,business,True
INC_NPU_00019_202406,NPU_00019,2024-06-01,434793.25,business,True
INC_NPU_00019_202407,NPU_00019,2024-07-11,252494.41,business,True
INC_NPU_00019_202408,NPU_00019,2024-08-06,186394.68,business,True
INC_NPU_00019_202409,NPU_00019,2024-09-06,485142.69,business,True
INC_NPU_00019_202410,NPU_00019,2024-10-16,252835.12,business,True
INC_NPU_00019_202411,NPU_00019,2024-11-06,518403.06,business,True
INC_NPU_00019_202412,NPU_00019,2024-12-01,319031.41,business,True
INC_NPU_00019_202501,NPU_00019,2025-01-06,290015.4,business,True
INC_NPU_00019_202502,NPU_00019,2025-02-21,339035.15,business,True
INC_NPU_00019_202503,NPU_00019,2025-03-11,511818.02,business,True
INC_NPU_00019_202504,NPU_00019,2025-04-06,393768.69,business,True
INC_NPU_00019_202505,NPU_00019,2025-05-06,449769.84,business,True
INC_NPU_00019_202506,NPU_00019,2025-06-01,397189.51,business,True
INC_NPU_00019_202507,NPU_00019,2025-07-06,289914.0,business,True
INC_NPU_00019_202508,NPU_00019,2025-08-16,167252.41,business,True
INC_NPU_00019_202509,NPU_00019,2025-09-01,233345.38,business,True
INC_NPU_00019_202510,NPU_00019,2025-10-06,327698.78,business,True
INC_NPU_00019_202511,NPU_00019,2025-11-21,334710.16,business,True
INC_NPU_00019_202512,NPU_00019,2025-12-21,216421.54,business,True
INC_NPU_00020_202301,NPU_00020,2023-01-03,53870.43,salary,True
INC_NPU_00020_202302,NPU_00020,2023-02-01,53106.3,salary,True
INC_NPU_00020_202303,NPU_00020,2023-03-05,52175.25,salary,True
INC_NPU_00020_202304,NPU_00020,2023-04-02,53165.22,salary,True
INC_NPU_00020_202305,NPU_00020,2023-05-01,53864.99,salary,True
INC_NPU_00020_202306,NPU_00020,2023-06-01,53842.54,salary,True
INC_NPU_00020_202307,NPU_00020,2023-07-03,53270.42,salary,True
INC_NPU_00020_202308,NPU_00020,2023-08-03,54242.8,salary,True
INC_NPU_00020_202309,NPU_00020,2023-09-02,52450.55,salary,True
INC_NPU_00020_202310,NPU_00020,2023-10-04,53765.2,salary,True
INC_NPU_00020_202311,NPU_00020,2023-11-04,56379.04,salary,True
INC_NPU_00020_202312,NPU_00020,2023-12-03,55565.76,salary,True
INC_NPU_00020_202401,NPU_00020,2024-01-02,54179.51,salary,True
INC_NPU_00020_202402,NPU_00020,2024-02-01,53418.06,salary,True
INC_NPU_00020_202403,NPU_00020,2024-03-01,55609.71,salary,True
INC_NPU_00020_202404,NPU_00020,2024-04-02,55391.65,salary,True
INC_NPU_00020_202405,NPU_00020,2024-05-04,55654.34,salary,True
INC_NPU_00020_202406,NPU_00020,2024-06-02,56476.66,salary,True
INC_NPU_00020_202407,NPU_00020,2024-07-01,53073.75,salary,True
INC_NPU_00020_202408,NPU_00020,2024-08-02,56412.84,salary,True
INC_NPU_00020_202409,NPU_00020,2024-09-05,53539.82,salary,True
INC_NPU_00020_202410,NPU_00020,2024-10-03,54641.33,salary,True
INC_NPU_00020_202411,NPU_00020,2024-11-04,52231.44,salary,True
INC_NPU_00020_202412,NPU_00020,2024-12-02,53401.4,salary,True
INC_NPU_00020_202501,NPU_00020,2025-01-01,55043.03,salary,True
INC_NPU_00020_202502,NPU_00020,2025-02-01,54697.32,salary,True
INC_NPU_00020_202503,NPU_00020,2025-03-03,53519.2,salary,True
INC_NPU_00020_202504,NPU_00020,2025-04-01,54027.92,salary,True
INC_NPU_00020_202505,NPU_00020,2025-05-02,53289.08,salary,True
INC_NPU_00020_202506,NPU_00020,2025-06-04,55039.65,salary,True
INC_NPU_00020_202507,NPU_00020,2025-07-05,51695.78,salary,True
INC_NPU_00020_202508,NPU_00020,2025-08-01,55518.33,salary,True
INC_NPU_00020_202509,NPU_00020,2025-09-01,53078.35,salary,True
INC_NPU_00020_202510,NPU_00020,2025-10-05,53914.27,salary,True
INC_NPU_00020_202511,NPU_00020,2025-11-05,52435.79,salary,True
INC_NPU_00020_202512,NPU_00020,2025-12-03,54194.25,salary,True
INC_NPU_00021_202301,NPU_00021,2023-01-01,47436.4,salary,True
INC_NPU_00021_202302,NPU_00021,2023-02-01,47234.99,salary,True
INC_NPU_00021_202303,NPU_00021,2023-03-01,47356.64,salary,True
INC_NPU_00021_202304,NPU_00021,2023-04-03,46810.06,salary,True
INC_NPU_00021_202305,NPU_00021,2023-05-02,46832.47,salary,True
INC_NPU_00021_202306,NPU_00021,2023-06-01,46788.35,salary,True
INC_NPU_00021_202307,NPU_00021,2023-07-01,46438.27,salary,True
INC_NPU_00021_202308,NPU_00021,2023-08-01,46549.64,salary,True
INC_NPU_00021_202309,NPU_00021,2023-09-01,47390.43,salary,True
INC_NPU_00021_202310,NPU_00021,2023-10-01,48235.3,salary,True
INC_NPU_00021_202311,NPU_00021,2023-11-02,46023.68,salary,True
INC_NPU_00021_202312,NPU_00021,2023-12-03,46828.93,salary,True
INC_NPU_00021_202401,NPU_00021,2024-01-02,45832.25,salary,True
INC_NPU_00021_202402,NPU_00021,2024-02-01,46454.91,salary,True
INC_NPU_00021_202403,NPU_00021,2024-03-03,46603.79,salary,True
INC_NPU_00021_202404,NPU_00021,2024-04-04,47086.89,salary,True
INC_NPU_00021_202405,NPU_00021,2024-05-03,47059.94,salary,True
INC_NPU_00021_202406,NPU_00021,2024-06-01,46903.88,salary,True
INC_NPU_00021_202407,NPU_00021,2024-07-05,47308.27,salary,True
INC_NPU_00021_202408,NPU_00021,2024-08-04,46107.09,salary,True
INC_NPU_00021_202409,NPU_00021,2024-09-03,47094.87,salary,True
INC_NPU_00021_202410,NPU_00021,2024-10-04,47622.92,salary,True
INC_NPU_00021_202411,NPU_00021,2024-11-01,46095.97,salary,True
INC_NPU_00021_202412,NPU_00021,2024-12-01,45281.62,salary,True
INC_NPU_00021_202501,NPU_00021,2025-01-01,47883.05,salary,True
INC_NPU_00021_202502,NPU_00021,2025-02-01,45859.94,salary,True
INC_NPU_00021_202503,NPU_00021,2025-03-04,46409.98,salary,True
INC_NPU_00021_202504,NPU_00021,2025-04-05,47593.49,salary,True
INC_NPU_00021_202505,NPU_00021,2025-05-01,46050.77,salary,True
INC_NPU_00021_202506,NPU_00021,2025-06-02,47809.31,salary,True
INC_NPU_00021_202507,NPU_00021,2025-07-01,46276.17,salary,True
INC_NPU_00021_202508,NPU_00021,2025-08-01,46164.47,salary,True
INC_NPU_00021_202509,NPU_00021,2025-09-05,45836.52,salary,True
INC_NPU_00021_202510,NPU_00021,2025-10-03,46284.22,salary,True
INC_NPU_00021_202511,NPU_00021,2025-11-03,47454.66,salary,True
INC_NPU_00021_202512,NPU_00021,2025-12-04,46410.14,salary,True
INC_NPU_00022_202301,NPU_00022,2023-01-01,215646.37,salary,True
INC_NPU_00022_202302,NPU_00022,2023-02-05,211388.64,salary,True
INC_NPU_00022_202303,NPU_00022,2023-03-02,211756.72,salary,True
INC_NPU_00022_202304,NPU_00022,2023-04-01,207766.0,salary,True
INC_NPU_00022_202305,NPU_00022,2023-05-03,216334.2,salary,True
INC_NPU_00022_202306,NPU_00022,2023-06-01,214492.73,salary,True
INC_NPU_00022_202307,NPU_00022,2023-07-01,214362.99,salary,True
INC_NPU_00022_202308,NPU_00022,2023-08-02,210552.75,salary,True
INC_NPU_00022_202309,NPU_00022,2023-09-03,205925.31,salary,True
INC_NPU_00022_202310,NPU_00022,2023-10-02,211983.61,salary,True
INC_NPU_00022_202311,NPU_00022,2023-11-01,213506.78,salary,True
INC_NPU_00022_202312,NPU_00022,2023-12-03,213551.15,salary,True
INC_NPU_00022_202401,NPU_00022,2024-01-04,212944.05,salary,True
INC_NPU_00022_202402,NPU_00022,2024-02-05,212761.64,salary,True
INC_NPU_00022_202403,NPU_00022,2024-03-01,208371.27,salary,True
INC_NPU_00022_202404,NPU_00022,2024-04-01,208565.9,salary,True
INC_NPU_00022_202405,NPU_00022,2024-05-01,206448.3,salary,True
INC_NPU_00022_202406,NPU_00022,2024-06-03,215701.45,salary,True
INC_NPU_00022_202407,NPU_00022,2024-07-01,219530.56,salary,True
INC_NPU_00022_202408,NPU_00022,2024-08-01,224006.16,salary,True
INC_NPU_00022_202409,NPU_00022,2024-09-01,212277.94,salary,True
INC_NPU_00022_202410,NPU_00022,2024-10-04,212772.7,salary,True
INC_NPU_00022_202411,NPU_00022,2024-11-03,210718.82,salary,True
INC_NPU_00022_202412,NPU_00022,2024-12-04,212210.17,salary,True
INC_NPU_00022_202501,NPU_00022,2025-01-01,207360.39,salary,True
INC_NPU_00022_202502,NPU_00022,2025-02-02,210633.87,salary,True
INC_NPU_00022_202503,NPU_00022,2025-03-01,207920.17,salary,True
INC_NPU_00022_202504,NPU_00022,2025-04-01,210087.07,salary,True
INC_NPU_00022_202505,NPU_00022,2025-05-01,208250.71,salary,True
INC_NPU_00022_202506,NPU_00022,2025-06-01,213509.12,salary,True
INC_NPU_00022_202507,NPU_00022,2025-07-01,214058.02,salary,True
INC_NPU_00022_202508,NPU_00022,2025-08-02,212638.02,salary,True
INC_NPU_00022_202509,NPU_00022,2025-09-01,208582.63,salary,True
INC_NPU_00022_202510,NPU_00022,2025-10-02,206180.25,salary,True
INC_NPU_00022_202511,NPU_00022,2025-11-04,214108.7,salary,True
INC_NPU_00022_202512,NPU_00022,2025-12-02,211366.06,salary,True
INC_NPU_00023_202301,NPU_00023,2023-01-02,178290.27,salary,True
INC_NPU_00023_202302,NPU_00023,2023-02-02,185454.63,salary,True
INC_NPU_00023_202303,NPU_00023,2023-03-04,186204.57,salary,True
INC_NPU_00023_202304,NPU_00023,2023-04-01,179263.24,salary,True
INC_NPU_00023_202305,NPU_00023,2023-05-01,186887.93,salary,True
INC_NPU_00023_202306,NPU_00023,2023-06-03,179744.09,salary,True
INC_NPU_00023_202307,NPU_00023,2023-07-02,182126.92,salary,True
INC_NPU_00023_202308,NPU_00023,2023-08-01,179765.86,salary,True
INC_NPU_00023_202309,NPU_00023,2023-09-03,181762.5,salary,True
INC_NPU_00023_202310,NPU_00023,2023-10-01,180436.52,salary,True
INC_NPU_00023_202311,NPU_00023,2023-11-02,188712.41,salary,True
INC_NPU_00023_202312,NPU_00023,2023-12-03,184036.98,salary,True
INC_NPU_00023_202401,NPU_00023,2024-01-04,183254.08,salary,True
INC_NPU_00023_202402,NPU_00023,2024-02-02,189100.28,salary,True
INC_NPU_00023_202403,NPU_00023,2024-03-01,188882.21,salary,True
INC_NPU_00023_202404,NPU_00023,2024-04-01,183532.85,salary,True
INC_NPU_00023_202405,NPU_00023,2024-05-01,185984.38,salary,True
INC_NPU_00023_202406,NPU_00023,2024-06-02,182773.31,salary,True
INC_NPU_00023_202407,NPU_00023,2024-07-02,184572.64,salary,True
INC_NPU_00023_202408,NPU_00023,2024-08-02,181010.94,salary,True
INC_NPU_00023_202409,NPU_00023,2024-09-03,186523.55,salary,True
INC_NPU_00023_202410,NPU_00023,2024-10-02,189265.74,salary,True
INC_NPU_00023_202411,NPU_00023,2024-11-05,188502.78,salary,True
INC_NPU_00023_202412,NPU_00023,2024-12-02,185115.53,salary,True
INC_NPU_00023_202501,NPU_00023,2025-01-01,177984.13,salary,True
INC_NPU_00023_202502,NPU_00023,2025-02-01,182612.05,salary,True
INC_NPU_00023_202503,NPU_00023,2025-03-05,184568.09,salary,True
INC_NPU_00023_202504,NPU_00023,2025-04-01,180002.56,salary,True
INC_NPU_00023_202505,NPU_00023,2025-05-01,179430.61,salary,True
INC_NPU_00023_202506,NPU_00023,2025-06-01,190380.48,salary,True
INC_NPU_00023_202507,NPU_00023,2025-07-05,188014.64,salary,True
INC_NPU_00023_202508,NPU_00023,2025-08-02,186817.25,salary,True
INC_NPU_00023_202509,NPU_00023,2025-09-01,187539.78,salary,True
INC_NPU_00023_202510,NPU_00023,2025-10-01,180543.71,salary,True
INC_NPU_00023_202511,NPU_00023,2025-11-01,181648.45,salary,True
INC_NPU_00023_202512,NPU_00023,2025-12-02,185754.48,salary,True
INC_NPU_00024_202301,NPU_00024,2023-01-04,64703.4,freelance,True
INC_NPU_00024_202302,NPU_00024,2023-02-20,82330.37,freelance,True
INC_NPU_00024_202303,NPU_00024,2023-03-22,93261.07,freelance,True
INC_NPU_00024_202304,NPU_00024,2023-04-13,85879.19,freelance,True
INC_NPU_00024_202305,NPU_00024,2023-05-02,64850.51,freelance,True
INC_NPU_00024_202306,NPU_00024,2023-06-06,37477.06,freelance,True
INC_NPU_00024_202307,NPU_00024,2023-07-20,58354.42,freelance,True
INC_NPU_00024_202308,NPU_00024,2023-08-08,114840.35,freelance,True
INC_NPU_00024_202309,NPU_00024,2023-09-05,66419.95,freelance,True
INC_NPU_00024_202310,NPU_00024,2023-10-03,48294.33,freelance,True
INC_NPU_00024_202311,NPU_00024,2023-11-22,90453.5,freelance,True
INC_NPU_00024_202312,NPU_00024,2023-12-19,16422.04,freelance,True
INC_NPU_00024_202401,NPU_00024,2024-01-01,33407.8,freelance,True
INC_NPU_00024_202402,NPU_00024,2024-02-08,39383.28,freelance,True
INC_NPU_00024_202403,NPU_00024,2024-03-14,121852.71,freelance,True
INC_NPU_00024_202404,NPU_00024,2024-04-17,100004.42,freelance,True
INC_NPU_00024_202405,NPU_00024,2024-05-21,87555.96,freelance,True
INC_NPU_00024_202406,NPU_00024,2024-06-15,46313.02,freelance,True
INC_NPU_00024_202407,NPU_00024,2024-07-10,50424.07,freelance,True
INC_NPU_00024_202408,NPU_00024,2024-08-04,24969.13,freelance,True
INC_NPU_00024_202409,NPU_00024,2024-09-01,73504.81,freelance,True
INC_NPU_00024_202410,NPU_00024,2024-10-04,15954.47,freelance,True
INC_NPU_00024_202411,NPU_00024,2024-11-13,71221.69,freelance,True
INC_NPU_00024_202412,NPU_00024,2024-12-11,86261.09,freelance,True
INC_NPU_00024_202501,NPU_00024,2025-01-16,70130.97,freelance,True
INC_NPU_00024_202502,NPU_00024,2025-02-14,35309.38,freelance,True
INC_NPU_00024_202503,NPU_00024,2025-03-13,44274.42,freelance,True
INC_NPU_00024_202504,NPU_00024,2025-04-11,59168.17,freelance,True
INC_NPU_00024_202505,NPU_00024,2025-05-16,81990.31,freelance,True
INC_NPU_00024_202506,NPU_00024,2025-06-01,32434.89,freelance,True
INC_NPU_00024_202507,NPU_00024,2025-07-02,26987.33,freelance,True
INC_NPU_00024_202508,NPU_00024,2025-08-17,78937.51,freelance,True
INC_NPU_00024_202509,NPU_00024,2025-09-12,63177.04,freelance,True
INC_NPU_00024_202510,NPU_00024,2025-10-22,41056.53,freelance,True
INC_NPU_00024_202511,NPU_00024,2025-11-22,19627.02,freelance,True
INC_NPU_00024_202512,NPU_00024,2025-12-13,16272.78,freelance,True
INC_NPU_00025_202301,NPU_00025,2023-01-13,36300.15,freelance,True
INC_NPU_00025_202302,NPU_00025,2023-02-02,25353.27,freelance,True
INC_NPU_00025_202303,NPU_00025,2023-03-18,35225.2,freelance,True
INC_NPU_00025_202304,NPU_00025,2023-04-02,58580.15,freelance,True
INC_NPU_00025_202305,NPU_00025,2023-05-03,12988.32,freelance,True
INC_NPU_00025_202306,NPU_00025,2023-06-10,18380.74,freelance,True
INC_NPU_00025_202307,NPU_00025,2023-07-17,42421.81,freelance,True
INC_NPU_00025_202308,NPU_00025,2023-08-23,28670.4,freelance,True
INC_NPU_00025_202309,NPU_00025,2023-09-11,4271.21,freelance,True
INC_NPU_00025_202310,NPU_00025,2023-10-06,32539.4,freelance,True
INC_NPU_00025_202311,NPU_00025,2023-11-11,44387.76,freelance,True
INC_NPU_00025_202312,NPU_00025,2023-12-01,45395.68,freelance,True
INC_NPU_00025_202401,NPU_00025,2024-01-22,51264.49,freelance,True
INC_NPU_00025_202402,NPU_00025,2024-02-09,36270.86,freelance,True
INC_NPU_00025_202403,NPU_00025,2024-03-07,43577.98,freelance,True
INC_NPU_00025_202404,NPU_00025,2024-04-08,21193.5,freelance,True
INC_NPU_00025_202405,NPU_00025,2024-05-01,41046.78,freelance,True
INC_NPU_00025_202406,NPU_00025,2024-06-01,36335.27,freelance,True
INC_NPU_00025_202407,NPU_00025,2024-07-01,36353.66,freelance,True
INC_NPU_00025_202408,NPU_00025,2024-08-01,95938.64,freelance,True
INC_NPU_00025_202409,NPU_00025,2024-09-10,39859.98,freelance,True
INC_NPU_00025_202410,NPU_00025,2024-10-07,32889.72,freelance,True
INC_NPU_00025_202411,NPU_00025,2024-11-12,32738.86,freelance,True
INC_NPU_00025_202412,NPU_00025,2024-12-08,28800.21,freelance,True
INC_NPU_00025_202501,NPU_00025,2025-01-12,53578.2,freelance,True
INC_NPU_00025_202502,NPU_00025,2025-02-10,36647.14,freelance,True
INC_NPU_00025_202503,NPU_00025,2025-03-05,32982.77,freelance,True
INC_NPU_00025_202504,NPU_00025,2025-04-23,29891.29,freelance,True
INC_NPU_00025_202505,NPU_00025,2025-05-22,20829.64,freelance,True
INC_NPU_00025_202506,NPU_00025,2025-06-14,87395.41,freelance,True
INC_NPU_00025_202507,NPU_00025,2025-07-23,40458.8,freelance,True
INC_NPU_00025_202508,NPU_00025,2025-08-21,43670.49,freelance,True
INC_NPU_00025_202509,NPU_00025,2025-09-18,25048.46,freelance,True
INC_NPU_00025_202510,NPU_00025,2025-10-19,63018.31,freelance,True
INC_NPU_00025_202511,NPU_00025,2025-11-10,71608.64,freelance,True
INC_NPU_00025_202512,NPU_00025,2025-12-01,66511.76,freelance,True
INC_NPU_00026_202301,NPU_00026,2023-01-04,116086.16,salary,True
INC_NPU_00026_202302,NPU_00026,2023-02-01,110737.06,salary,True
INC_NPU_00026_202303,NPU_00026,2023-03-03,114025.95,salary,True
INC_NPU_00026_202304,NPU_00026,2023-04-05,106372.09,salary,True
INC_NPU_00026_202305,NPU_00026,2023-05-03,109150.71,salary,True
INC_NPU_00026_202306,NPU_00026,2023-06-01,107088.2,salary,True
INC_NPU_00026_202307,NPU_00026,2023-07-03,108468.28,salary,True
INC_NPU_00026_202308,NPU_00026,2023-08-04,109275.55,salary,True
INC_NPU_00026_202309,NPU_00026,2023-09-01,114257.01,salary,True
INC_NPU_00026_202310,NPU_00026,2023-10-02,110040.62,salary,True
INC_NPU_00026_202311,NPU_00026,2023-11-01,112331.0,salary,True
INC_NPU_00026_202312,NPU_00026,2023-12-02,108973.9,salary,True
INC_NPU_00026_202401,NPU_00026,2024-01-01,108716.82,salary,True
INC_NPU_00026_202402,NPU_00026,2024-02-01,106424.28,salary,True
INC_NPU_00026_202403,NPU_00026,2024-03-03,114166.03,salary,True
INC_NPU_00026_202404,NPU_00026,2024-04-02,113113.03,salary,True
INC_NPU_00026_202405,NPU_00026,2024-05-01,110419.44,salary,True
INC_NPU_00026_202406,NPU_00026,2024-06-02,109399.37,salary,True
INC_NPU_00026_202407,NPU_00026,2024-07-01,110123.8,salary,True
INC_NPU_00026_202408,NPU_00026,2024-08-02,107009.57,salary,True
INC_NPU_00026_202409,NPU_00026,2024-09-05,110980.21,salary,True
INC_NPU_00026_202410,NPU_00026,2024-10-04,112894.68,salary,True
INC_NPU_00026_202411,NPU_00026,2024-11-02,113023.52,salary,True
INC_NPU_00026_202412,NPU_00026,2024-12-02,106503.43,salary,True
INC_NPU_00026_202501,NPU_00026,2025-01-03,112307.96,salary,True
INC_NPU_00026_202502,NPU_00026,2025-02-05,107022.61,salary,True
INC_NPU_00026_202503,NPU_00026,2025-03-02,105201.77,salary,True
INC_NPU_00026_202504,NPU_00026,2025-04-02,112401.23,salary,True
INC_NPU_00026_202505,NPU_00026,2025-05-01,108803.34,salary,True
INC_NPU_00026_202506,NPU_00026,2025-06-04,112042.5,salary,True
INC_NPU_00026_202507,NPU_00026,2025-07-02,111821.8,salary,True
INC_NPU_00026_202508,NPU_00026,2025-08-01,111510.93,salary,True
INC_NPU_00026_202509,NPU_00026,2025-09-01,110096.74,salary,True
INC_NPU_00026_202510,NPU_00026,2025-10-02,107235.21,salary,True
INC_NPU_00026_202511,NPU_00026,2025-11-01,109280.13,salary,True
INC_NPU_00026_202512,NPU_00026,2025-12-01,113066.91,salary,True
INC_NPU_00027_202301,NPU_00027,2023-01-01,52737.59,salary,True
INC_NPU_00027_202302,NPU_00027,2023-02-03,51460.68,salary,True
INC_NPU_00027_202303,NPU_00027,2023-03-03,51448.19,salary,True
INC_NPU_00027_202304,NPU_00027,2023-04-04,52357.46,salary,True
INC_NPU_00027_202305,NPU_00027,2023-05-02,51867.02,salary,True
INC_NPU_00027_202306,NPU_00027,2023-06-01,51512.61,salary,True
INC_NPU_00027_202307,NPU_00027,2023-07-01,52264.44,salary,True
INC_NPU_00027_202308,NPU_00027,2023-08-01,52228.07,salary,True
INC_NPU_00027_202309,NPU_00027,2023-09-05,51053.1,salary,True
INC_NPU_00027_202310,NPU_00027,2023-10-02,52068.89,salary,True
INC_NPU_00027_202311,NPU_00027,2023-11-01,52161.64,salary,True
INC_NPU_00027_202312,NPU_00027,2023-12-01,51713.01,salary,True
INC_NPU_00027_202401,NPU_00027,2024-01-01,50947.9,salary,True
INC_NPU_00027_202402,NPU_00027,2024-02-01,51377.11,salary,True
INC_NPU_00027_202403,NPU_00027,2024-03-01,50748.25,salary,True
INC_NPU_00027_202404,NPU_00027,2024-04-01,52097.8,salary,True
INC_NPU_00027_202405,NPU_00027,2024-05-04,50107.27,salary,True
INC_NPU_00027_202406,NPU_00027,2024-06-03,53314.27,salary,True
INC_NPU_00027_202407,NPU_00027,2024-07-01,53051.44,salary,True
INC_NPU_00027_202408,NPU_00027,2024-08-05,52187.27,salary,True
INC_NPU_00027_202409,NPU_00027,2024-09-01,52669.4,salary,True
INC_NPU_00027_202410,NPU_00027,2024-10-04,52592.44,salary,True
INC_NPU_00027_202411,NPU_00027,2024-11-02,51883.07,salary,True
INC_NPU_00027_202412,NPU_00027,2024-12-03,51540.73,salary,True
INC_NPU_00027_202501,NPU_00027,2025-01-01,51424.55,salary,True
INC_NPU_00027_202502,NPU_00027,2025-02-05,53360.07,salary,True
INC_NPU_00027_202503,NPU_00027,2025-03-02,50913.27,salary,True
INC_NPU_00027_202504,NPU_00027,2025-04-01,50932.07,salary,True
INC_NPU_00027_202505,NPU_00027,2025-05-01,52768.96,salary,True
INC_NPU_00027_202506,NPU_00027,2025-06-02,52658.37,salary,True
INC_NPU_00027_202507,NPU_00027,2025-07-01,51481.26,salary,True
INC_NPU_00027_202508,NPU_00027,2025-08-01,52300.96,salary,True
INC_NPU_00027_202509,NPU_00027,2025-09-03,52442.13,salary,True
INC_NPU_00027_202510,NPU_00027,2025-10-01,50401.24,salary,True
INC_NPU_00027_202511,NPU_00027,2025-11-04,53128.24,salary,True
INC_NPU_00027_202512,NPU_00027,2025-12-01,52441.74,salary,True
INC_NPU_00028_202301,NPU_00028,2023-01-01,30900.25,salary,True
INC_NPU_00028_202302,NPU_00028,2023-02-01,31044.13,salary,True
INC_NPU_00028_202303,NPU_00028,2023-03-02,30822.32,salary,True
INC_NPU_00028_202304,NPU_00028,2023-04-01,30572.45,salary,True
INC_NPU_00028_202305,NPU_00028,2023-05-04,29438.46,salary,True
INC_NPU_00028_202306,NPU_00028,2023-06-03,30713.86,salary,True
INC_NPU_00028_202307,NPU_00028,2023-07-02,29781.42,salary,True
INC_NPU_00028_202308,NPU_00028,2023-08-01,31857.38,salary,True
INC_NPU_00028_202309,NPU_00028,2023-09-02,30562.26,salary,True
INC_NPU_00028_202310,NPU_00028,2023-10-02,31843.79,salary,True
INC_NPU_00028_202311,NPU_00028,2023-11-01,30724.36,salary,True
INC_NPU_00028_202312,NPU_00028,2023-12-04,30265.23,salary,True
INC_NPU_00028_202401,NPU_00028,2024-01-02,31424.56,salary,True
INC_NPU_00028_202402,NPU_00028,2024-02-01,30874.26,salary,True
INC_NPU_00028_202403,NPU_00028,2024-03-01,32125.56,salary,True
INC_NPU_00028_202404,NPU_00028,2024-04-02,30250.46,salary,True
INC_NPU_00028_202405,NPU_00028,2024-05-01,31454.41,salary,True
INC_NPU_00028_202406,NPU_00028,2024-06-05,32079.7,salary,True
INC_NPU_00028_202407,NPU_00028,2024-07-01,31492.4,salary,True
INC_NPU_00028_202408,NPU_00028,2024-08-02,31093.33,salary,True
INC_NPU_00028_202409,NPU_00028,2024-09-02,31498.47,salary,True
INC_NPU_00028_202410,NPU_00028,2024-10-02,30576.19,salary,True
INC_NPU_00028_202411,NPU_00028,2024-11-01,30131.52,salary,True
INC_NPU_00028_202412,NPU_00028,2024-12-02,30316.37,salary,True
INC_NPU_00028_202501,NPU_00028,2025-01-01,30681.27,salary,True
INC_NPU_00028_202502,NPU_00028,2025-02-03,31127.4,salary,True
INC_NPU_00028_202503,NPU_00028,2025-03-01,30170.78,salary,True
INC_NPU_00028_202504,NPU_00028,2025-04-03,30437.49,salary,True
INC_NPU_00028_202505,NPU_00028,2025-05-03,30215.92,salary,True
INC_NPU_00028_202506,NPU_00028,2025-06-03,31243.87,salary,True
INC_NPU_00028_202507,NPU_00028,2025-07-03,31837.53,salary,True
INC_NPU_00028_202508,NPU_00028,2025-08-04,30033.24,salary,True
INC_NPU_00028_202509,NPU_00028,2025-09-04,30986.05,salary,True
INC_NPU_00028_202510,NPU_00028,2025-10-02,31328.65,salary,True
INC_NPU_00028_202511,NPU_00028,2025-11-02,30522.12,salary,True
INC_NPU_00028_202512,NPU_00028,2025-12-02,29810.06,salary,True
INC_NPU_00029_202301,NPU_00029,2023-01-03,165816.51,salary,True
INC_NPU_00029_202302,NPU_00029,2023-02-01,157152.22,salary,True
INC_NPU_00029_202303,NPU_00029,2023-03-03,166877.23,salary,True
INC_NPU_00029_202304,NPU_00029,2023-04-04,159408.87,salary,True
INC_NPU_00029_202305,NPU_00029,2023-05-02,156728.3,salary,True
INC_NPU_00029_202306,NPU_00029,2023-06-05,160230.44,salary,True
INC_NPU_00029_202307,NPU_00029,2023-07-03,161666.84,salary,True
INC_NPU_00029_202308,NPU_00029,2023-08-02,162329.12,salary,True
INC_NPU_00029_202309,NPU_00029,2023-09-01,163822.67,salary,True
INC_NPU_00029_202310,NPU_00029,2023-10-02,162623.83,salary,True
INC_NPU_00029_202311,NPU_00029,2023-11-03,167686.85,salary,True
INC_NPU_00029_202312,NPU_00029,2023-12-04,161513.91,salary,True
INC_NPU_00029_202401,NPU_00029,2024-01-01,162799.88,salary,True
INC_NPU_00029_202402,NPU_00029,2024-02-02,162516.63,salary,True
INC_NPU_00029_202403,NPU_00029,2024-03-03,156390.29,salary,True
INC_NPU_00029_202404,NPU_00029,2024-04-01,157945.17,salary,True
INC_NPU_00029_202405,NPU_00029,2024-05-01,161942.1,salary,True
INC_NPU_00029_202406,NPU_00029,2024-06-01,163201.23,salary,True
INC_NPU_00029_202407,NPU_00029,2024-07-01,155257.74,salary,True
INC_NPU_00029_202408,NPU_00029,2024-08-01,167874.47,salary,True
INC_NPU_00029_202409,NPU_00029,2024-09-03,163473.02,salary,True
INC_NPU_00029_202410,NPU_00029,2024-10-01,161757.34,salary,True
INC_NPU_00029_202411,NPU_00029,2024-11-02,163313.78,salary,True
INC_NPU_00029_202412,NPU_00029,2024-12-05,160052.02,salary,True
INC_NPU_00029_202501,NPU_00029,2025-01-04,162364.91,salary,True
INC_NPU_00029_202502,NPU_00029,2025-02-02,162880.76,salary,True
INC_NPU_00029_202503,NPU_00029,2025-03-01,165861.05,salary,True
INC_NPU_00029_202504,NPU_00029,2025-04-05,161223.49,salary,True
INC_NPU_00029_202505,NPU_00029,2025-05-04,157229.01,salary,True
INC_NPU_00029_202506,NPU_00029,2025-06-01,158949.09,salary,True
INC_NPU_00029_202507,NPU_00029,2025-07-05,160964.95,salary,True
INC_NPU_00029_202508,NPU_00029,2025-08-01,157537.54,salary,True
INC_NPU_00029_202509,NPU_00029,2025-09-03,158620.36,salary,True
INC_NPU_00029_202510,NPU_00029,2025-10-01,158976.75,salary,True
INC_NPU_00029_202511,NPU_00029,2025-11-01,160750.23,salary,True
INC_NPU_00029_202512,NPU_00029,2025-12-03,163428.14,salary,True
INC_NPU_00030_202301,NPU_00030,2023-01-03,43357.36,salary,True
INC_NPU_00030_202302,NPU_00030,2023-02-01,44182.67,salary,True
INC_NPU_00030_202303,NPU_00030,2023-03-01,43670.29,salary,True
INC_NPU_00030_202304,NPU_00030,2023-04-01,42849.48,salary,True
INC_NPU_00030_202305,NPU_00030,2023-05-01,43987.99,salary,True
INC_NPU_00030_202306,NPU_00030,2023-06-02,43844.9,salary,True
INC_NPU_00030_202307,NPU_00030,2023-07-03,44207.27,salary,True
INC_NPU_00030_202308,NPU_00030,2023-08-01,44394.59,salary,True
INC_NPU_00030_202309,NPU_00030,2023-09-01,44809.46,salary,True
INC_NPU_00030_202310,NPU_00030,2023-10-01,44151.43,salary,True
INC_NPU_00030_202311,NPU_00030,2023-11-01,43815.39,salary,True
INC_NPU_00030_202312,NPU_00030,2023-12-04,44211.58,salary,True
INC_NPU_00030_202401,NPU_00030,2024-01-02,43273.18,salary,True
INC_NPU_00030_202402,NPU_00030,2024-02-01,43210.91,salary,True
INC_NPU_00030_202403,NPU_00030,2024-03-02,44946.76,salary,True
INC_NPU_00030_202404,NPU_00030,2024-04-01,43186.6,salary,True
INC_NPU_00030_202405,NPU_00030,2024-05-02,42939.36,salary,True
INC_NPU_00030_202406,NPU_00030,2024-06-02,44150.93,salary,True
INC_NPU_00030_202407,NPU_00030,2024-07-02,43280.26,salary,True
INC_NPU_00030_202408,NPU_00030,2024-08-02,44384.8,salary,True
INC_NPU_00030_202409,NPU_00030,2024-09-01,44733.03,salary,True
INC_NPU_00030_202410,NPU_00030,2024-10-01,43049.06,salary,True
INC_NPU_00030_202411,NPU_00030,2024-11-03,44260.78,salary,True
INC_NPU_00030_202412,NPU_00030,2024-12-02,43166.86,salary,True
INC_NPU_00030_202501,NPU_00030,2025-01-03,43473.72,salary,True
INC_NPU_00030_202502,NPU_00030,2025-02-01,43946.21,salary,True
INC_NPU_00030_202503,NPU_00030,2025-03-02,43212.73,salary,True
INC_NPU_00030_202504,NPU_00030,2025-04-01,43864.26,salary,True
INC_NPU_00030_202505,NPU_00030,2025-05-02,43543.28,salary,True
INC_NPU_00030_202506,NPU_00030,2025-06-04,44406.34,salary,True
INC_NPU_00030_202507,NPU_00030,2025-07-03,44408.82,salary,True
INC_NPU_00030_202508,NPU_00030,2025-08-02,43216.79,salary,True
INC_NPU_00030_202509,NPU_00030,2025-09-03,43966.56,salary,True
INC_NPU_00030_202510,NPU_00030,2025-10-05,44550.89,salary,True
INC_NPU_00030_202511,NPU_00030,2025-11-02,42809.59,salary,True
INC_NPU_00030_202512,NPU_00030,2025-12-02,43537.94,salary,True
INC_NPU_00031_202301,NPU_00031,2023-01-01,159789.84,salary,True
INC_NPU_00031_202302,NPU_00031,2023-02-01,155601.65,salary,True
INC_NPU_00031_202303,NPU_00031,2023-03-05,164388.52,salary,True
INC_NPU_00031_202304,NPU_00031,2023-04-01,157555.17,salary,True
INC_NPU_00031_202305,NPU_00031,2023-05-01,164250.05,salary,True
INC_NPU_00031_202306,NPU_00031,2023-06-03,157087.32,salary,True
INC_NPU_00031_202307,NPU_00031,2023-07-03,157411.17,salary,True
INC_NPU_00031_202308,NPU_00031,2023-08-05,153914.5,salary,True
INC_NPU_00031_202309,NPU_00031,2023-09-05,160566.89,salary,True
INC_NPU_00031_202310,NPU_00031,2023-10-05,155252.16,salary,True
INC_NPU_00031_202311,NPU_00031,2023-11-01,158441.7,salary,True
INC_NPU_00031_202312,NPU_00031,2023-12-02,156224.97,salary,True
INC_NPU_00031_202401,NPU_00031,2024-01-05,159555.13,salary,True
INC_NPU_00031_202402,NPU_00031,2024-02-01,150273.03,salary,True
INC_NPU_00031_202403,NPU_00031,2024-03-01,159104.65,salary,True
INC_NPU_00031_202404,NPU_00031,2024-04-01,159879.51,salary,True
INC_NPU_00031_202405,NPU_00031,2024-05-03,157632.96,salary,True
INC_NPU_00031_202406,NPU_00031,2024-06-01,157821.27,salary,True
INC_NPU_00031_202407,NPU_00031,2024-07-04,157255.55,salary,True
INC_NPU_00031_202408,NPU_00031,2024-08-02,158400.78,salary,True
INC_NPU_00031_202409,NPU_00031,2024-09-02,163549.43,salary,True
INC_NPU_00031_202410,NPU_00031,2024-10-04,161641.33,salary,True
INC_NPU_00031_202411,NPU_00031,2024-11-01,158397.77,salary,True
INC_NPU_00031_202412,NPU_00031,2024-12-02,157556.24,salary,True
INC_NPU_00031_202501,NPU_00031,2025-01-03,161309.65,salary,True
INC_NPU_00031_202502,NPU_00031,2025-02-01,159346.34,salary,True
INC_NPU_00031_202503,NPU_00031,2025-03-01,155531.12,salary,True
INC_NPU_00031_202504,NPU_00031,2025-04-01,158035.94,salary,True
INC_NPU_00031_202505,NPU_00031,2025-05-02,163139.45,salary,True
INC_NPU_00031_202506,NPU_00031,2025-06-01,160433.91,salary,True
INC_NPU_00031_202507,NPU_00031,2025-07-02,157589.17,salary,True
INC_NPU_00031_202508,NPU_00031,2025-08-02,154213.95,salary,True
INC_NPU_00031_202509,NPU_00031,2025-09-02,159539.02,salary,True
INC_NPU_00031_202510,NPU_00031,2025-10-01,158872.79,salary,True
INC_NPU_00031_202511,NPU_00031,2025-11-02,158301.88,salary,True
INC_NPU_00031_202512,NPU_00031,2025-12-01,161348.11,salary,True
INC_NPU_00032_202301,NPU_00032,2023-01-01,59090.41,salary,True
INC_NPU_00032_202302,NPU_00032,2023-02-01,56818.75,salary,True
INC_NPU_00032_202303,NPU_00032,2023-03-01,58506.9,salary,True
INC_NPU_00032_202304,NPU_00032,2023-04-04,57057.78,salary,True
INC_NPU_00032_202305,NPU_00032,2023-05-02,57923.25,salary,True
INC_NPU_00032_202306,NPU_00032,2023-06-05,56981.27,salary,True
INC_NPU_00032_202307,NPU_00032,2023-07-01,57017.37,salary,True
INC_NPU_00032_202308,NPU_00032,2023-08-05,56395.99,salary,True
INC_NPU_00032_202309,NPU_00032,2023-09-01,58887.49,salary,True
INC_NPU_00032_202310,NPU_00032,2023-10-01,58767.97,salary,True
INC_NPU_00032_202311,NPU_00032,2023-11-03,58420.48,salary,True
INC_NPU_00032_202312,NPU_00032,2023-12-01,57827.52,salary,True
INC_NPU_00032_202401,NPU_00032,2024-01-02,56906.47,salary,True
INC_NPU_00032_202402,NPU_00032,2024-02-02,57928.36,salary,True
INC_NPU_00032_202403,NPU_00032,2024-03-05,58773.24,salary,True
INC_NPU_00032_202404,NPU_00032,2024-04-02,58746.18,salary,True
INC_NPU_00032_202405,NPU_00032,2024-05-01,60042.93,salary,True
INC_NPU_00032_202406,NPU_00032,2024-06-01,59843.39,salary,True
INC_NPU_00032_202407,NPU_00032,2024-07-02,58465.58,salary,True
INC_NPU_00032_202408,NPU_00032,2024-08-01,57916.91,salary,True
INC_NPU_00032_202409,NPU_00032,2024-09-02,57552.2,salary,True
INC_NPU_00032_202410,NPU_00032,2024-10-01,56749.01,salary,True
INC_NPU_00032_202411,NPU_00032,2024-11-01,57166.19,salary,True
INC_NPU_00032_202412,NPU_00032,2024-12-05,56532.95,salary,True
INC_NPU_00032_202501,NPU_00032,2025-01-05,60491.77,salary,True
INC_NPU_00032_202502,NPU_00032,2025-02-01,58774.98,salary,True
INC_NPU_00032_202503,NPU_00032,2025-03-01,59173.83,salary,True
INC_NPU_00032_202504,NPU_00032,2025-04-01,58130.12,salary,True
INC_NPU_00032_202505,NPU_00032,2025-05-01,61257.3,salary,True
INC_NPU_00032_202506,NPU_00032,2025-06-03,57176.12,salary,True
INC_NPU_00032_202507,NPU_00032,2025-07-04,56651.9,salary,True
INC_NPU_00032_202508,NPU_00032,2025-08-02,61229.42,salary,True
INC_NPU_00032_202509,NPU_00032,2025-09-02,56857.75,salary,True
INC_NPU_00032_202510,NPU_00032,2025-10-01,58114.88,salary,True
INC_NPU_00032_202511,NPU_00032,2025-11-01,57639.29,salary,True
INC_NPU_00032_202512,NPU_00032,2025-12-05,58861.56,salary,True
INC_NPU_00033_202301,NPU_00033,2023-01-02,58626.97,salary,True
INC_NPU_00033_202302,NPU_00033,2023-02-01,59785.68,salary,True
INC_NPU_00033_202303,NPU_00033,2023-03-01,60048.26,salary,True
INC_NPU_00033_202304,NPU_00033,2023-04-01,57322.32,salary,True
INC_NPU_00033_202305,NPU_00033,2023-05-01,58108.46,salary,True
INC_NPU_00033_202306,NPU_00033,2023-06-03,59891.2,salary,True
INC_NPU_00033_202307,NPU_00033,2023-07-03,60297.04,salary,True
INC_NPU_00033_202308,NPU_00033,2023-08-02,59246.21,salary,True
INC_NPU_00033_202309,NPU_00033,2023-09-02,59554.28,salary,True
INC_NPU_00033_202310,NPU_00033,2023-10-03,60746.93,salary,True
INC_NPU_00033_202311,NPU_00033,2023-11-01,58640.88,salary,True
INC_NPU_00033_202312,NPU_00033,2023-12-01,59233.32,salary,True
INC_NPU_00033_202401,NPU_00033,2024-01-01,60459.72,salary,True
INC_NPU_00033_202402,NPU_00033,2024-02-02,60543.34,salary,True
INC_NPU_00033_202403,NPU_00033,2024-03-01,58934.57,salary,True
INC_NPU_00033_202404,NPU_00033,2024-04-02,58142.15,salary,True
INC_NPU_00033_202405,NPU_00033,2024-05-01,58921.89,salary,True
INC_NPU_00033_202406,NPU_00033,2024-06-03,59030.64,salary,True
INC_NPU_00033_202407,NPU_00033,2024-07-03,58103.36,salary,True
INC_NPU_00033_202408,NPU_00033,2024-08-02,58257.84,salary,True
INC_NPU_00033_202409,NPU_00033,2024-09-04,60545.24,salary,True
INC_NPU_00033_202410,NPU_00033,2024-10-05,59610.05,salary,True
INC_NPU_00033_202411,NPU_00033,2024-11-04,58717.42,salary,True
INC_NPU_00033_202412,NPU_00033,2024-12-03,57826.17,salary,True
INC_NPU_00033_202501,NPU_00033,2025-01-02,58270.7,salary,True
INC_NPU_00033_202502,NPU_00033,2025-02-03,57154.83,salary,True
INC_NPU_00033_202503,NPU_00033,2025-03-03,59276.82,salary,True
INC_NPU_00033_202504,NPU_00033,2025-04-01,58211.36,salary,True
INC_NPU_00033_202505,NPU_00033,2025-05-03,59369.0,salary,True
INC_NPU_00033_202506,NPU_00033,2025-06-01,59878.31,salary,True
INC_NPU_00033_202507,NPU_00033,2025-07-02,59386.35,salary,True
INC_NPU_00033_202508,NPU_00033,2025-08-02,58578.11,salary,True
INC_NPU_00033_202509,NPU_00033,2025-09-02,58049.02,salary,True
INC_NPU_00033_202510,NPU_00033,2025-10-01,57673.71,salary,True
INC_NPU_00033_202511,NPU_00033,2025-11-01,60412.02,salary,True
INC_NPU_00033_202512,NPU_00033,2025-12-05,59334.46,salary,True
INC_NPU_00034_202301,NPU_00034,2023-01-02,173535.21,salary,True
INC_NPU_00034_202302,NPU_00034,2023-02-01,176701.82,salary,True
INC_NPU_00034_202303,NPU_00034,2023-03-03,178132.72,salary,True
INC_NPU_00034_202304,NPU_00034,2023-04-01,172331.58,salary,True
INC_NPU_00034_202305,NPU_00034,2023-05-01,175484.19,salary,True
INC_NPU_00034_202306,NPU_00034,2023-06-02,175554.44,salary,True
INC_NPU_00034_202307,NPU_00034,2023-07-04,179592.82,salary,True
INC_NPU_00034_202308,NPU_00034,2023-08-03,173489.45,salary,True
INC_NPU_00034_202309,NPU_00034,2023-09-01,171673.64,salary,True
INC_NPU_00034_202310,NPU_00034,2023-10-01,175862.71,salary,True
INC_NPU_00034_202311,NPU_00034,2023-11-03,176998.84,salary,True
INC_NPU_00034_202312,NPU_00034,2023-12-02,175196.98,salary,True
INC_NPU_00034_202401,NPU_00034,2024-01-04,179868.45,salary,True
INC_NPU_00034_202402,NPU_00034,2024-02-02,173479.14,salary,True
INC_NPU_00034_202403,NPU_00034,2024-03-01,175282.27,salary,True
INC_NPU_00034_202404,NPU_00034,2024-04-04,169862.75,salary,True
INC_NPU_00034_202405,NPU_00034,2024-05-02,171501.23,salary,True
INC_NPU_00034_202406,NPU_00034,2024-06-03,172351.77,salary,True
INC_NPU_00034_202407,NPU_00034,2024-07-01,174010.1,salary,True
INC_NPU_00034_202408,NPU_00034,2024-08-01,170324.73,salary,True
INC_NPU_00034_202409,NPU_00034,2024-09-02,176650.7,salary,True
INC_NPU_00034_202410,NPU_00034,2024-10-04,172069.79,salary,True
INC_NPU_00034_202411,NPU_00034,2024-11-02,182278.38,salary,True
INC_NPU_00034_202412,NPU_00034,2024-12-02,172179.39,salary,True
INC_NPU_00034_202501,NPU_00034,2025-01-01,174921.88,salary,True
INC_NPU_00034_202502,NPU_00034,2025-02-04,174490.51,salary,True
INC_NPU_00034_202503,NPU_00034,2025-03-03,171238.49,salary,True
INC_NPU_00034_202504,NPU_00034,2025-04-02,174022.88,salary,True
INC_NPU_00034_202505,NPU_00034,2025-05-01,173981.87,salary,True
INC_NPU_00034_202506,NPU_00034,2025-06-01,177705.83,salary,True
INC_NPU_00034_202507,NPU_00034,2025-07-03,175993.67,salary,True
INC_NPU_00034_202508,NPU_00034,2025-08-02,176597.76,salary,True
INC_NPU_00034_202509,NPU_00034,2025-09-02,177623.43,salary,True
INC_NPU_00034_202510,NPU_00034,2025-10-01,176655.86,salary,True
INC_NPU_00034_202511,NPU_00034,2025-11-01,175455.33,salary,True
INC_NPU_00034_202512,NPU_00034,2025-12-01,172322.96,salary,True
INC_NPU_00035_202301,NPU_00035,2023-01-01,35127.0,salary,True
INC_NPU_00035_202302,NPU_00035,2023-02-01,34423.13,salary,True
INC_NPU_00035_202303,NPU_00035,2023-03-01,34934.2,salary,True
INC_NPU_00035_202304,NPU_00035,2023-04-02,34846.28,salary,True
INC_NPU_00035_202305,NPU_00035,2023-05-02,34887.79,salary,True
INC_NPU_00035_202306,NPU_00035,2023-06-03,34148.94,salary,True
INC_NPU_00035_202307,NPU_00035,2023-07-01,33171.46,salary,True
INC_NPU_00035_202308,NPU_00035,2023-08-02,34723.05,salary,True
INC_NPU_00035_202309,NPU_00035,2023-09-05,35775.37,salary,True
INC_NPU_00035_202310,NPU_00035,2023-10-04,35054.5,salary,True
INC_NPU_00035_202311,NPU_00035,2023-11-01,35718.33,salary,True
INC_NPU_00035_202312,NPU_00035,2023-12-02,34427.21,salary,True
INC_NPU_00035_202401,NPU_00035,2024-01-04,34691.08,salary,True
INC_NPU_00035_202402,NPU_00035,2024-02-01,36593.58,salary,True
INC_NPU_00035_202403,NPU_00035,2024-03-02,34464.25,salary,True
INC_NPU_00035_202404,NPU_00035,2024-04-03,35386.37,salary,True
INC_NPU_00035_202405,NPU_00035,2024-05-04,35385.24,salary,True
INC_NPU_00035_202406,NPU_00035,2024-06-02,35305.4,salary,True
INC_NPU_00035_202407,NPU_00035,2024-07-04,35395.46,salary,True
INC_NPU_00035_202408,NPU_00035,2024-08-01,34455.31,salary,True
INC_NPU_00035_202409,NPU_00035,2024-09-04,34753.82,salary,True
INC_NPU_00035_202410,NPU_00035,2024-10-02,33306.97,salary,True
INC_NPU_00035_202411,NPU_00035,2024-11-03,36028.13,salary,True
INC_NPU_00035_202412,NPU_00035,2024-12-01,35391.14,salary,True
INC_NPU_00035_202501,NPU_00035,2025-01-01,34550.05,salary,True
INC_NPU_00035_202502,NPU_00035,2025-02-01,34433.96,salary,True
INC_NPU_00035_202503,NPU_00035,2025-03-01,35788.86,salary,True
INC_NPU_00035_202504,NPU_00035,2025-04-01,34505.54,salary,True
INC_NPU_00035_202505,NPU_00035,2025-05-01,34548.08,salary,True
INC_NPU_00035_202506,NPU_00035,2025-06-03,34300.01,salary,True
INC_NPU_00035_202507,NPU_00035,2025-07-01,35522.79,salary,True
INC_NPU_00035_202508,NPU_00035,2025-08-01,35707.04,salary,True
INC_NPU_00035_202509,NPU_00035,2025-09-04,34850.3,salary,True
INC_NPU_00035_202510,NPU_00035,2025-10-01,35712.02,salary,True
INC_NPU_00035_202511,NPU_00035,2025-11-01,35244.84,salary,True
INC_NPU_00035_202512,NPU_00035,2025-12-01,34263.05,salary,True
INC_NPU_00036_202301,NPU_00036,2023-01-03,36379.07,salary,True
INC_NPU_00036_202302,NPU_00036,2023-02-01,34685.52,salary,True
INC_NPU_00036_202303,NPU_00036,2023-03-04,35296.55,salary,True
INC_NPU_00036_202304,NPU_00036,2023-04-03,35250.53,salary,True
INC_NPU_00036_202305,NPU_00036,2023-05-04,35130.52,salary,True
INC_NPU_00036_202306,NPU_00036,2023-06-02,34096.55,salary,True
INC_NPU_00036_202307,NPU_00036,2023-07-01,36812.06,salary,True
INC_NPU_00036_202308,NPU_00036,2023-08-01,34172.82,salary,True
INC_NPU_00036_202309,NPU_00036,2023-09-04,36429.8,salary,True
INC_NPU_00036_202310,NPU_00036,2023-10-01,34806.09,salary,True
INC_NPU_00036_202311,NPU_00036,2023-11-02,35003.73,salary,True
INC_NPU_00036_202312,NPU_00036,2023-12-01,36347.44,salary,True
INC_NPU_00036_202401,NPU_00036,2024-01-02,35722.86,salary,True
INC_NPU_00036_202402,NPU_00036,2024-02-01,34459.82,salary,True
INC_NPU_00036_202403,NPU_00036,2024-03-04,34447.41,salary,True
INC_NPU_00036_202404,NPU_00036,2024-04-04,35615.34,salary,True
INC_NPU_00036_202405,NPU_00036,2024-05-02,34674.82,salary,True
INC_NPU_00036_202406,NPU_00036,2024-06-04,35756.58,salary,True
INC_NPU_00036_202407,NPU_00036,2024-07-03,35829.79,salary,True
INC_NPU_00036_202408,NPU_00036,2024-08-04,34871.69,salary,True
INC_NPU_00036_202409,NPU_00036,2024-09-01,35038.3,salary,True
INC_NPU_00036_202410,NPU_00036,2024-10-04,35638.33,salary,True
INC_NPU_00036_202411,NPU_00036,2024-11-03,34843.74,salary,True
INC_NPU_00036_202412,NPU_00036,2024-12-01,35456.08,salary,True
INC_NPU_00036_202501,NPU_00036,2025-01-01,37067.92,salary,True
INC_NPU_00036_202502,NPU_00036,2025-02-01,35672.11,salary,True
INC_NPU_00036_202503,NPU_00036,2025-03-01,35139.74,salary,True
INC_NPU_00036_202504,NPU_00036,2025-04-02,36902.15,salary,True
INC_NPU_00036_202505,NPU_00036,2025-05-01,35981.93,salary,True
INC_NPU_00036_202506,NPU_00036,2025-06-02,34689.65,salary,True
INC_NPU_00036_202507,NPU_00036,2025-07-02,34803.06,salary,True
INC_NPU_00036_202508,NPU_00036,2025-08-02,34239.31,salary,True
INC_NPU_00036_202509,NPU_00036,2025-09-03,35625.35,salary,True
INC_NPU_00036_202510,NPU_00036,2025-10-03,33991.67,salary,True
INC_NPU_00036_202511,NPU_00036,2025-11-01,36901.02,salary,True
INC_NPU_00036_202512,NPU_00036,2025-12-01,35217.82,salary,True
INC_NPU_00037_202301,NPU_00037,2023-01-01,72056.99,salary,True
INC_NPU_00037_202302,NPU_00037,2023-02-02,70313.55,salary,True
INC_NPU_00037_202303,NPU_00037,2023-03-03,71225.67,salary,True
INC_NPU_00037_202304,NPU_00037,2023-04-04,70611.56,salary,True
INC_NPU_00037_202305,NPU_00037,2023-05-02,70872.24,salary,True
INC_NPU_00037_202306,NPU_00037,2023-06-03,72512.68,salary,True
INC_NPU_00037_202307,NPU_00037,2023-07-01,73234.26,salary,True
INC_NPU_00037_202308,NPU_00037,2023-08-02,73098.13,salary,True
INC_NPU_00037_202309,NPU_00037,2023-09-01,75431.77,salary,True
INC_NPU_00037_202310,NPU_00037,2023-10-02,69823.89,salary,True
INC_NPU_00037_202311,NPU_00037,2023-11-03,71362.48,salary,True
INC_NPU_00037_202312,NPU_00037,2023-12-05,69853.58,salary,True
INC_NPU_00037_202401,NPU_00037,2024-01-05,72446.05,salary,True
INC_NPU_00037_202402,NPU_00037,2024-02-02,69439.23,salary,True
INC_NPU_00037_202403,NPU_00037,2024-03-01,72540.72,salary,True
INC_NPU_00037_202404,NPU_00037,2024-04-01,71089.36,salary,True
INC_NPU_00037_202405,NPU_00037,2024-05-04,70688.51,salary,True
INC_NPU_00037_202406,NPU_00037,2024-06-01,70844.09,salary,True
INC_NPU_00037_202407,NPU_00037,2024-07-01,69212.41,salary,True
INC_NPU_00037_202408,NPU_00037,2024-08-05,69315.19,salary,True
INC_NPU_00037_202409,NPU_00037,2024-09-04,71114.54,salary,True
INC_NPU_00037_202410,NPU_00037,2024-10-04,71104.93,salary,True
INC_NPU_00037_202411,NPU_00037,2024-11-01,69911.71,salary,True
INC_NPU_00037_202412,NPU_00037,2024-12-01,70420.92,salary,True
INC_NPU_00037_202501,NPU_00037,2025-01-03,71483.06,salary,True
INC_NPU_00037_202502,NPU_00037,2025-02-01,69680.6,salary,True
INC_NPU_00037_202503,NPU_00037,2025-03-03,68339.81,salary,True
INC_NPU_00037_202504,NPU_00037,2025-04-02,72939.77,salary,True
INC_NPU_00037_202505,NPU_00037,2025-05-05,71213.21,salary,True
INC_NPU_00037_202506,NPU_00037,2025-06-02,70139.03,salary,True
INC_NPU_00037_202507,NPU_00037,2025-07-01,69849.65,salary,True
INC_NPU_00037_202508,NPU_00037,2025-08-01,69668.14,salary,True
INC_NPU_00037_202509,NPU_00037,2025-09-02,72439.68,salary,True
INC_NPU_00037_202510,NPU_00037,2025-10-02,68999.91,salary,True
INC_NPU_00037_202511,NPU_00037,2025-11-03,71358.75,salary,True
INC_NPU_00037_202512,NPU_00037,2025-12-04,71357.51,salary,True
INC_NPU_00038_202301,NPU_00038,2023-01-21,189895.24,business,True
INC_NPU_00038_202302,NPU_00038,2023-02-11,134711.01,business,True
INC_NPU_00038_202303,NPU_00038,2023-03-06,113191.34,business,True
INC_NPU_00038_202304,NPU_00038,2023-04-11,70446.6,business,True
INC_NPU_00038_202305,NPU_00038,2023-05-11,191708.33,business,True
INC_NPU_00038_202306,NPU_00038,2023-06-06,133421.75,business,True
INC_NPU_00038_202307,NPU_00038,2023-07-01,250713.77,business,True
INC_NPU_00038_202308,NPU_00038,2023-08-11,123050.72,business,True
INC_NPU_00038_202309,NPU_00038,2023-09-06,145111.02,business,True
INC_NPU_00038_202310,NPU_00038,2023-10-11,132166.25,business,True
INC_NPU_00038_202311,NPU_00038,2023-11-11,94109.56,business,True
INC_NPU_00038_202312,NPU_00038,2023-12-11,221631.82,business,True
INC_NPU_00038_202401,NPU_00038,2024-01-06,154323.4,business,True
INC_NPU_00038_202402,NPU_00038,2024-02-01,139517.63,business,True
INC_NPU_00038_202403,NPU_00038,2024-03-16,123812.47,business,True
INC_NPU_00038_202404,NPU_00038,2024-04-16,142616.59,business,True
INC_NPU_00038_202405,NPU_00038,2024-05-16,132106.23,business,True
INC_NPU_00038_202406,NPU_00038,2024-06-11,121499.39,business,True
INC_NPU_00038_202407,NPU_00038,2024-07-11,126241.81,business,True
INC_NPU_00038_202408,NPU_00038,2024-08-06,150912.23,business,True
INC_NPU_00038_202409,NPU_00038,2024-09-11,163122.39,business,True
INC_NPU_00038_202410,NPU_00038,2024-10-06,166916.19,business,True
INC_NPU_00038_202411,NPU_00038,2024-11-06,73936.1,business,True
INC_NPU_00038_202412,NPU_00038,2024-12-01,152624.61,business,True
INC_NPU_00038_202501,NPU_00038,2025-01-21,152879.86,business,True
INC_NPU_00038_202502,NPU_00038,2025-02-01,149607.3,business,True
INC_NPU_00038_202503,NPU_00038,2025-03-06,148536.95,business,True
INC_NPU_00038_202504,NPU_00038,2025-04-06,128251.49,business,True
INC_NPU_00038_202505,NPU_00038,2025-05-06,113557.74,business,True
INC_NPU_00038_202506,NPU_00038,2025-06-06,121736.65,business,True
INC_NPU_00038_202507,NPU_00038,2025-07-11,155502.26,business,True
INC_NPU_00038_202508,NPU_00038,2025-08-01,156265.72,business,True
INC_NPU_00038_202509,NPU_00038,2025-09-06,114051.45,business,True
INC_NPU_00038_202510,NPU_00038,2025-10-01,206466.21,business,True
INC_NPU_00038_202511,NPU_00038,2025-11-21,173854.76,business,True
INC_NPU_00038_202512,NPU_00038,2025-12-21,88699.65,business,True
INC_NPU_00039_202301,NPU_00039,2023-01-02,111553.0,salary,True
INC_NPU_00039_202302,NPU_00039,2023-02-01,110889.46,salary,True
INC_NPU_00039_202303,NPU_00039,2023-03-01,108842.42,salary,True
INC_NPU_00039_202304,NPU_00039,2023-04-01,107926.22,salary,True
INC_NPU_00039_202305,NPU_00039,2023-05-04,107662.49,salary,True
INC_NPU_00039_202306,NPU_00039,2023-06-02,103212.91,salary,True
INC_NPU_00039_202307,NPU_00039,2023-07-02,107425.46,salary,True
INC_NPU_00039_202308,NPU_00039,2023-08-01,106394.18,salary,True
INC_NPU_00039_202309,NPU_00039,2023-09-05,105676.64,salary,True
INC_NPU_00039_202310,NPU_00039,2023-10-03,108476.14,salary,True
INC_NPU_00039_202311,NPU_00039,2023-11-01,107170.39,salary,True
INC_NPU_00039_202312,NPU_00039,2023-12-02,107791.39,salary,True
INC_NPU_00039_202401,NPU_00039,2024-01-04,105389.4,salary,True
INC_NPU_00039_202402,NPU_00039,2024-02-02,109416.16,salary,True
INC_NPU_00039_202403,NPU_00039,2024-03-05,106636.19,salary,True
INC_NPU_00039_202404,NPU_00039,2024-04-01,108358.5,salary,True
INC_NPU_00039_202405,NPU_00039,2024-05-03,106804.4,salary,True
INC_NPU_00039_202406,NPU_00039,2024-06-01,102894.85,salary,True
INC_NPU_00039_202407,NPU_00039,2024-07-01,108564.76,salary,True
INC_NPU_00039_202408,NPU_00039,2024-08-01,107304.69,salary,True
INC_NPU_00039_202409,NPU_00039,2024-09-03,104254.26,salary,True
INC_NPU_00039_202410,NPU_00039,2024-10-01,105154.68,salary,True
INC_NPU_00039_202411,NPU_00039,2024-11-05,109484.41,salary,True
INC_NPU_00039_202412,NPU_00039,2024-12-02,104342.38,salary,True
INC_NPU_00039_202501,NPU_00039,2025-01-01,106583.31,salary,True
INC_NPU_00039_202502,NPU_00039,2025-02-01,111785.13,salary,True
INC_NPU_00039_202503,NPU_00039,2025-03-01,108621.8,salary,True
INC_NPU_00039_202504,NPU_00039,2025-04-02,109154.33,salary,True
INC_NPU_00039_202505,NPU_00039,2025-05-04,106990.25,salary,True
INC_NPU_00039_202506,NPU_00039,2025-06-01,104094.4,salary,True
INC_NPU_00039_202507,NPU_00039,2025-07-01,107992.5,salary,True
INC_NPU_00039_202508,NPU_00039,2025-08-02,105285.7,salary,True
INC_NPU_00039_202509,NPU_00039,2025-09-03,105099.59,salary,True
INC_NPU_00039_202510,NPU_00039,2025-10-02,107742.0,salary,True
INC_NPU_00039_202511,NPU_00039,2025-11-02,105417.72,salary,True
INC_NPU_00039_202512,NPU_00039,2025-12-01,107495.66,salary,True
INC_NPU_00040_202301,NPU_00040,2023-01-01,61741.62,salary,True
INC_NPU_00040_202302,NPU_00040,2023-02-01,62496.93,salary,True
INC_NPU_00040_202303,NPU_00040,2023-03-02,61932.37,salary,True
INC_NPU_00040_202304,NPU_00040,2023-04-01,62530.54,salary,True
INC_NPU_00040_202305,NPU_00040,2023-05-01,64388.28,salary,True
INC_NPU_00040_202306,NPU_00040,2023-06-01,63534.52,salary,True
INC_NPU_00040_202307,NPU_00040,2023-07-01,62393.61,salary,True
INC_NPU_00040_202308,NPU_00040,2023-08-02,64147.47,salary,True
INC_NPU_00040_202309,NPU_00040,2023-09-04,63059.55,salary,True
INC_NPU_00040_202310,NPU_00040,2023-10-02,64047.74,salary,True
INC_NPU_00040_202311,NPU_00040,2023-11-03,60820.0,salary,True
INC_NPU_00040_202312,NPU_00040,2023-12-02,61343.13,salary,True
INC_NPU_00040_202401,NPU_00040,2024-01-01,62813.66,salary,True
INC_NPU_00040_202402,NPU_00040,2024-02-02,62363.69,salary,True
INC_NPU_00040_202403,NPU_00040,2024-03-01,62533.45,salary,True
INC_NPU_00040_202404,NPU_00040,2024-04-04,63262.09,salary,True
INC_NPU_00040_202405,NPU_00040,2024-05-01,62826.18,salary,True
INC_NPU_00040_202406,NPU_00040,2024-06-01,63661.54,salary,True
INC_NPU_00040_202407,NPU_00040,2024-07-02,63624.22,salary,True
INC_NPU_00040_202408,NPU_00040,2024-08-01,61394.98,salary,True
INC_NPU_00040_202409,NPU_00040,2024-09-01,59897.87,salary,True
INC_NPU_00040_202410,NPU_00040,2024-10-01,61322.63,salary,True
INC_NPU_00040_202411,NPU_00040,2024-11-03,61250.67,salary,True
INC_NPU_00040_202412,NPU_00040,2024-12-03,62624.2,salary,True
INC_NPU_00040_202501,NPU_00040,2025-01-03,62608.43,salary,True
INC_NPU_00040_202502,NPU_00040,2025-02-03,62290.9,salary,True
INC_NPU_00040_202503,NPU_00040,2025-03-03,63108.48,salary,True
INC_NPU_00040_202504,NPU_00040,2025-04-01,65691.43,salary,True
INC_NPU_00040_202505,NPU_00040,2025-05-04,62264.72,salary,True
INC_NPU_00040_202506,NPU_00040,2025-06-03,62865.57,salary,True
INC_NPU_00040_202507,NPU_00040,2025-07-01,62533.17,salary,True
INC_NPU_00040_202508,NPU_00040,2025-08-02,61827.54,salary,True
INC_NPU_00040_202509,NPU_00040,2025-09-04,63274.2,salary,True
INC_NPU_00040_202510,NPU_00040,2025-10-01,62205.7,salary,True
INC_NPU_00040_202511,NPU_00040,2025-11-01,61577.11,salary,True
INC_NPU_00040_202512,NPU_00040,2025-12-01,61660.73,salary,True
INC_NPU_00041_202301,NPU_00041,2023-01-01,52006.34,salary,True
INC_NPU_00041_202302,NPU_00041,2023-02-03,51623.87,salary,True
INC_NPU_00041_202303,NPU_00041,2023-03-05,50572.01,salary,True
INC_NPU_00041_202304,NPU_00041,2023-04-03,51497.87,salary,True
INC_NPU_00041_202305,NPU_00041,2023-05-04,51057.16,salary,True
INC_NPU_00041_202306,NPU_00041,2023-06-04,51334.43,salary,True
INC_NPU_00041_202307,NPU_00041,2023-07-02,50444.88,salary,True
INC_NPU_00041_202308,NPU_00041,2023-08-01,50026.47,salary,True
INC_NPU_00041_202309,NPU_00041,2023-09-05,50772.71,salary,True
INC_NPU_00041_202310,NPU_00041,2023-10-01,50176.64,salary,True
INC_NPU_00041_202311,NPU_00041,2023-11-01,50108.85,salary,True
INC_NPU_00041_202312,NPU_00041,2023-12-05,49696.74,salary,True
INC_NPU_00041_202401,NPU_00041,2024-01-03,48900.28,salary,True
INC_NPU_00041_202402,NPU_00041,2024-02-01,50588.78,salary,True
INC_NPU_00041_202403,NPU_00041,2024-03-01,52209.49,salary,True
INC_NPU_00041_202404,NPU_00041,2024-04-05,51914.48,salary,True
INC_NPU_00041_202405,NPU_00041,2024-05-01,52736.81,salary,True
INC_NPU_00041_202406,NPU_00041,2024-06-02,50069.78,salary,True
INC_NPU_00041_202407,NPU_00041,2024-07-01,51718.85,salary,True
INC_NPU_00041_202408,NPU_00041,2024-08-02,50926.93,salary,True
INC_NPU_00041_202409,NPU_00041,2024-09-02,50334.84,salary,True
INC_NPU_00041_202410,NPU_00041,2024-10-05,52075.63,salary,True
INC_NPU_00041_202411,NPU_00041,2024-11-04,50936.88,salary,True
INC_NPU_00041_202412,NPU_00041,2024-12-02,49322.93,salary,True
INC_NPU_00041_202501,NPU_00041,2025-01-01,51902.62,salary,True
INC_NPU_00041_202502,NPU_00041,2025-02-01,51425.36,salary,True
INC_NPU_00041_202503,NPU_00041,2025-03-02,51176.58,salary,True
INC_NPU_00041_202504,NPU_00041,2025-04-01,49886.56,salary,True
INC_NPU_00041_202505,NPU_00041,2025-05-01,51292.86,salary,True
INC_NPU_00041_202506,NPU_00041,2025-06-03,52562.97,salary,True
INC_NPU_00041_202507,NPU_00041,2025-07-01,51396.52,salary,True
INC_NPU_00041_202508,NPU_00041,2025-08-01,49568.13,salary,True
INC_NPU_00041_202509,NPU_00041,2025-09-01,51474.4,salary,True
INC_NPU_00041_202510,NPU_00041,2025-10-05,51407.33,salary,True
INC_NPU_00041_202511,NPU_00041,2025-11-01,51805.75,salary,True
INC_NPU_00041_202512,NPU_00041,2025-12-02,51378.32,salary,True
INC_NPU_00042_202301,NPU_00042,2023-01-04,21084.28,salary,True
INC_NPU_00042_202302,NPU_00042,2023-02-01,21509.12,salary,True
INC_NPU_00042_202303,NPU_00042,2023-03-04,21369.36,salary,True
INC_NPU_00042_202304,NPU_00042,2023-04-01,21558.76,salary,True
INC_NPU_00042_202305,NPU_00042,2023-05-01,21927.83,salary,True
INC_NPU_00042_202306,NPU_00042,2023-06-04,21203.97,salary,True
INC_NPU_00042_202307,NPU_00042,2023-07-01,22265.85,salary,True
INC_NPU_00042_202308,NPU_00042,2023-08-02,21654.68,salary,True
INC_NPU_00042_202309,NPU_00042,2023-09-01,21840.34,salary,True
INC_NPU_00042_202310,NPU_00042,2023-10-01,21776.98,salary,True
INC_NPU_00042_202311,NPU_00042,2023-11-01,21636.95,salary,True
INC_NPU_00042_202312,NPU_00042,2023-12-01,21715.52,salary,True
INC_NPU_00042_202401,NPU_00042,2024-01-01,20178.6,salary,True
INC_NPU_00042_202402,NPU_00042,2024-02-04,21776.13,salary,True
INC_NPU_00042_202403,NPU_00042,2024-03-01,21113.74,salary,True
INC_NPU_00042_202404,NPU_00042,2024-04-03,21455.89,salary,True
INC_NPU_00042_202405,NPU_00042,2024-05-02,21633.89,salary,True
INC_NPU_00042_202406,NPU_00042,2024-06-03,21949.13,salary,True
INC_NPU_00042_202407,NPU_00042,2024-07-01,21113.85,salary,True
INC_NPU_00042_202408,NPU_00042,2024-08-04,21294.84,salary,True
INC_NPU_00042_202409,NPU_00042,2024-09-03,21348.17,salary,True
INC_NPU_00042_202410,NPU_00042,2024-10-02,21563.95,salary,True
INC_NPU_00042_202411,NPU_00042,2024-11-03,21373.06,salary,True
INC_NPU_00042_202412,NPU_00042,2024-12-02,21717.53,salary,True
INC_NPU_00042_202501,NPU_00042,2025-01-01,20766.15,salary,True
INC_NPU_00042_202502,NPU_00042,2025-02-01,21422.63,salary,True
INC_NPU_00042_202503,NPU_00042,2025-03-02,22164.74,salary,True
INC_NPU_00042_202504,NPU_00042,2025-04-01,21374.14,salary,True
INC_NPU_00042_202505,NPU_00042,2025-05-01,21656.33,salary,True
INC_NPU_00042_202506,NPU_00042,2025-06-04,21873.54,salary,True
INC_NPU_00042_202507,NPU_00042,2025-07-01,21642.03,salary,True
INC_NPU_00042_202508,NPU_00042,2025-08-02,22312.9,salary,True
INC_NPU_00042_202509,NPU_00042,2025-09-01,21518.98,salary,True
INC_NPU_00042_202510,NPU_00042,2025-10-02,21739.68,salary,True
INC_NPU_00042_202511,NPU_00042,2025-11-02,21581.55,salary,True
INC_NPU_00042_202512,NPU_00042,2025-12-01,22057.73,salary,True
INC_NPU_00043_202301,NPU_00043,2023-01-01,33210.49,salary,True
INC_NPU_00043_202302,NPU_00043,2023-02-02,34833.96,salary,True
INC_NPU_00043_202303,NPU_00043,2023-03-04,33053.77,salary,True
INC_NPU_00043_202304,NPU_00043,2023-04-01,34611.46,salary,True
INC_NPU_00043_202305,NPU_00043,2023-05-03,32828.17,salary,True
INC_NPU_00043_202306,NPU_00043,2023-06-01,33895.89,salary,True
INC_NPU_00043_202307,NPU_00043,2023-07-02,33471.91,salary,True
INC_NPU_00043_202308,NPU_00043,2023-08-01,34066.9,salary,True
INC_NPU_00043_202309,NPU_00043,2023-09-01,33760.33,salary,True
INC_NPU_00043_202310,NPU_00043,2023-10-01,34027.35,salary,True
INC_NPU_00043_202311,NPU_00043,2023-11-02,32807.66,salary,True
INC_NPU_00043_202312,NPU_00043,2023-12-01,32451.36,salary,True
INC_NPU_00043_202401,NPU_00043,2024-01-02,32710.88,salary,True
INC_NPU_00043_202402,NPU_00043,2024-02-02,32696.4,salary,True
INC_NPU_00043_202403,NPU_00043,2024-03-02,32800.58,salary,True
INC_NPU_00043_202404,NPU_00043,2024-04-05,33094.35,salary,True
INC_NPU_00043_202405,NPU_00043,2024-05-05,33088.93,salary,True
INC_NPU_00043_202406,NPU_00043,2024-06-02,33487.28,salary,True
INC_NPU_00043_202407,NPU_00043,2024-07-02,32940.3,salary,True
INC_NPU_00043_202408,NPU_00043,2024-08-01,32987.39,salary,True
INC_NPU_00043_202409,NPU_00043,2024-09-02,33341.71,salary,True
INC_NPU_00043_202410,NPU_00043,2024-10-03,34164.57,salary,True
INC_NPU_00043_202411,NPU_00043,2024-11-01,33199.8,salary,True
INC_NPU_00043_202412,NPU_00043,2024-12-02,33443.84,salary,True
INC_NPU_00043_202501,NPU_00043,2025-01-01,33547.23,salary,True
INC_NPU_00043_202502,NPU_00043,2025-02-01,32866.89,salary,True
INC_NPU_00043_202503,NPU_00043,2025-03-03,33259.73,salary,True
INC_NPU_00043_202504,NPU_00043,2025-04-05,33034.58,salary,True
INC_NPU_00043_202505,NPU_00043,2025-05-02,34093.41,salary,True
INC_NPU_00043_202506,NPU_00043,2025-06-04,34032.81,salary,True
INC_NPU_00043_202507,NPU_00043,2025-07-03,32972.71,salary,True
INC_NPU_00043_202508,NPU_00043,2025-08-03,33431.44,salary,True
INC_NPU_00043_202509,NPU_00043,2025-09-01,33874.01,salary,True
INC_NPU_00043_202510,NPU_00043,2025-10-05,33684.57,salary,True
INC_NPU_00043_202511,NPU_00043,2025-11-01,33755.98,salary,True
INC_NPU_00043_202512,NPU_00043,2025-12-02,32870.49,salary,True
INC_NPU_00044_202301,NPU_00044,2023-01-03,28903.9,salary,True
INC_NPU_00044_202302,NPU_00044,2023-02-01,27650.99,salary,True
INC_NPU_00044_202303,NPU_00044,2023-03-02,27636.49,salary,True
INC_NPU_00044_202304,NPU_00044,2023-04-03,27281.44,salary,True
INC_NPU_00044_202305,NPU_00044,2023-05-02,27890.8,salary,True
INC_NPU_00044_202306,NPU_00044,2023-06-02,28620.01,salary,True
INC_NPU_00044_202307,NPU_00044,2023-07-03,28148.58,salary,True
INC_NPU_00044_202308,NPU_00044,2023-08-05,27932.22,salary,True
INC_NPU_00044_202309,NPU_00044,2023-09-01,28401.07,salary,True
INC_NPU_00044_202310,NPU_00044,2023-10-02,28604.31,salary,True
INC_NPU_00044_202311,NPU_00044,2023-11-02,28443.99,salary,True
INC_NPU_00044_202312,NPU_00044,2023-12-01,26984.95,salary,True
INC_NPU_00044_202401,NPU_00044,2024-01-03,28406.18,salary,True
INC_NPU_00044_202402,NPU_00044,2024-02-02,28236.42,salary,True
INC_NPU_00044_202403,NPU_00044,2024-03-02,27548.22,salary,True
INC_NPU_00044_202404,NPU_00044,2024-04-04,28238.81,salary,True
INC_NPU_00044_202405,NPU_00044,2024-05-01,28621.28,salary,True
INC_NPU_00044_202406,NPU_00044,2024-06-03,27673.23,salary,True
INC_NPU_00044_202407,NPU_00044,2024-07-04,28486.41,salary,True
INC_NPU_00044_202408,NPU_00044,2024-08-01,28160.93,salary,True
INC_NPU_00044_202409,NPU_00044,2024-09-01,26462.46,salary,True
INC_NPU_00044_202410,NPU_00044,2024-10-02,27971.53,salary,True
INC_NPU_00044_202411,NPU_00044,2024-11-02,28138.38,salary,True
INC_NPU_00044_202412,NPU_00044,2024-12-01,27819.94,salary,True
INC_NPU_00044_202501,NPU_00044,2025-01-03,28181.92,salary,True
INC_NPU_00044_202502,NPU_00044,2025-02-03,27912.6,salary,True
INC_NPU_00044_202503,NPU_00044,2025-03-03,29255.43,salary,True
INC_NPU_00044_202504,NPU_00044,2025-04-01,27782.53,salary,True
INC_NPU_00044_202505,NPU_00044,2025-05-05,27562.56,salary,True
INC_NPU_00044_202506,NPU_00044,2025-06-02,28455.42,salary,True
INC_NPU_00044_202507,NPU_00044,2025-07-01,27848.42,salary,True
INC_NPU_00044_202508,NPU_00044,2025-08-04,27941.32,salary,True
INC_NPU_00044_202509,NPU_00044,2025-09-03,27894.72,salary,True
INC_NPU_00044_202510,NPU_00044,2025-10-01,28421.8,salary,True
INC_NPU_00044_202511,NPU_00044,2025-11-01,27411.63,salary,True
INC_NPU_00044_202512,NPU_00044,2025-12-02,28485.18,salary,True
INC_NPU_00045_202301,NPU_00045,2023-01-01,40808.26,salary,True
INC_NPU_00045_202302,NPU_00045,2023-02-02,41842.24,salary,True
INC_NPU_00045_202303,NPU_00045,2023-03-02,40535.91,salary,True
INC_NPU_00045_202304,NPU_00045,2023-04-03,39602.52,salary,True
INC_NPU_00045_202305,NPU_00045,2023-05-01,40544.77,salary,True
INC_NPU_00045_202306,NPU_00045,2023-06-02,40643.31,salary,True
INC_NPU_00045_202307,NPU_00045,2023-07-01,41374.18,salary,True
INC_NPU_00045_202308,NPU_00045,2023-08-04,39600.73,salary,True
INC_NPU_00045_202309,NPU_00045,2023-09-03,39189.53,salary,True
INC_NPU_00045_202310,NPU_00045,2023-10-05,40561.6,salary,True
INC_NPU_00045_202311,NPU_00045,2023-11-01,41885.6,salary,True
INC_NPU_00045_202312,NPU_00045,2023-12-01,40928.39,salary,True
INC_NPU_00045_202401,NPU_00045,2024-01-02,40977.72,salary,True
INC_NPU_00045_202402,NPU_00045,2024-02-02,39344.77,salary,True
INC_NPU_00045_202403,NPU_00045,2024-03-03,40425.51,salary,True
INC_NPU_00045_202404,NPU_00045,2024-04-01,41391.65,salary,True
INC_NPU_00045_202405,NPU_00045,2024-05-04,40653.04,salary,True
INC_NPU_00045_202406,NPU_00045,2024-06-02,39142.17,salary,True
INC_NPU_00045_202407,NPU_00045,2024-07-01,40409.62,salary,True
INC_NPU_00045_202408,NPU_00045,2024-08-01,40868.05,salary,True
INC_NPU_00045_202409,NPU_00045,2024-09-02,37886.73,salary,True
INC_NPU_00045_202410,NPU_00045,2024-10-05,40322.26,salary,True
INC_NPU_00045_202411,NPU_00045,2024-11-04,39688.38,salary,True
INC_NPU_00045_202412,NPU_00045,2024-12-05,41083.71,salary,True
INC_NPU_00045_202501,NPU_00045,2025-01-01,40055.72,salary,True
INC_NPU_00045_202502,NPU_00045,2025-02-01,40730.22,salary,True
INC_NPU_00045_202503,NPU_00045,2025-03-02,40388.42,salary,True
INC_NPU_00045_202504,NPU_00045,2025-04-01,40026.76,salary,True
INC_NPU_00045_202505,NPU_00045,2025-05-03,41997.4,salary,True
INC_NPU_00045_202506,NPU_00045,2025-06-03,39940.7,salary,True
INC_NPU_00045_202507,NPU_00045,2025-07-03,40454.28,salary,True
INC_NPU_00045_202508,NPU_00045,2025-08-02,40385.91,salary,True
INC_NPU_00045_202509,NPU_00045,2025-09-01,40541.25,salary,True
INC_NPU_00045_202510,NPU_00045,2025-10-02,41919.75,salary,True
INC_NPU_00045_202511,NPU_00045,2025-11-04,40869.14,salary,True
INC_NPU_00045_202512,NPU_00045,2025-12-02,40019.43,salary,True
INC_NPU_00046_202301,NPU_00046,2023-01-02,139997.65,salary,True
INC_NPU_00046_202302,NPU_00046,2023-02-02,138061.98,salary,True
INC_NPU_00046_202303,NPU_00046,2023-03-03,134768.88,salary,True
INC_NPU_00046_202304,NPU_00046,2023-04-01,139492.06,salary,True
INC_NPU_00046_202305,NPU_00046,2023-05-01,132421.4,salary,True
INC_NPU_00046_202306,NPU_00046,2023-06-01,133041.99,salary,True
INC_NPU_00046_202307,NPU_00046,2023-07-04,131608.61,salary,True
INC_NPU_00046_202308,NPU_00046,2023-08-01,130519.98,salary,True
INC_NPU_00046_202309,NPU_00046,2023-09-01,139265.14,salary,True
INC_NPU_00046_202310,NPU_00046,2023-10-02,136509.91,salary,True
INC_NPU_00046_202311,NPU_00046,2023-11-01,131821.85,salary,True
INC_NPU_00046_202312,NPU_00046,2023-12-01,135882.47,salary,True
INC_NPU_00046_202401,NPU_00046,2024-01-01,138454.44,salary,True
INC_NPU_00046_202402,NPU_00046,2024-02-02,133993.85,salary,True
INC_NPU_00046_202403,NPU_00046,2024-03-01,135125.95,salary,True
INC_NPU_00046_202404,NPU_00046,2024-04-02,141540.99,salary,True
INC_NPU_00046_202405,NPU_00046,2024-05-02,135361.68,salary,True
INC_NPU_00046_202406,NPU_00046,2024-06-04,132012.78,salary,True
INC_NPU_00046_202407,NPU_00046,2024-07-04,134561.02,salary,True
INC_NPU_00046_202408,NPU_00046,2024-08-01,131659.0,salary,True
INC_NPU_00046_202409,NPU_00046,2024-09-01,137812.3,salary,True
INC_NPU_00046_202410,NPU_00046,2024-10-02,133632.58,salary,True
INC_NPU_00046_202411,NPU_00046,2024-11-04,133553.52,salary,True
INC_NPU_00046_202412,NPU_00046,2024-12-01,141857.43,salary,True
INC_NPU_00046_202501,NPU_00046,2025-01-03,132769.93,salary,True
INC_NPU_00046_202502,NPU_00046,2025-02-02,132323.12,salary,True
INC_NPU_00046_202503,NPU_00046,2025-03-01,133168.15,salary,True
INC_NPU_00046_202504,NPU_00046,2025-04-01,138548.56,salary,True
INC_NPU_00046_202505,NPU_00046,2025-05-01,137422.55,salary,True
INC_NPU_00046_202506,NPU_00046,2025-06-03,134527.62,salary,True
INC_NPU_00046_202507,NPU_00046,2025-07-01,134290.97,salary,True
INC_NPU_00046_202508,NPU_00046,2025-08-03,137200.5,salary,True
INC_NPU_00046_202509,NPU_00046,2025-09-03,136614.88,salary,True
INC_NPU_00046_202510,NPU_00046,2025-10-01,135532.54,salary,True
INC_NPU_00046_202511,NPU_00046,2025-11-01,137521.49,salary,True
INC_NPU_00046_202512,NPU_00046,2025-12-01,133002.19,salary,True
INC_NPU_00047_202301,NPU_00047,2023-01-02,49046.87,salary,True
INC_NPU_00047_202302,NPU_00047,2023-02-02,50513.41,salary,True
INC_NPU_00047_202303,NPU_00047,2023-03-04,50207.56,salary,True
INC_NPU_00047_202304,NPU_00047,2023-04-04,47821.92,salary,True
INC_NPU_00047_202305,NPU_00047,2023-05-02,49925.72,salary,True
INC_NPU_00047_202306,NPU_00047,2023-06-02,52002.03,salary,True
INC_NPU_00047_202307,NPU_00047,2023-07-02,50683.49,salary,True
INC_NPU_00047_202308,NPU_00047,2023-08-01,49388.03,salary,True
INC_NPU_00047_202309,NPU_00047,2023-09-01,49126.14,salary,True
INC_NPU_00047_202310,NPU_00047,2023-10-02,50256.2,salary,True
INC_NPU_00047_202311,NPU_00047,2023-11-04,51094.42,salary,True
INC_NPU_00047_202312,NPU_00047,2023-12-04,48174.39,salary,True
INC_NPU_00047_202401,NPU_00047,2024-01-01,50180.64,salary,True
INC_NPU_00047_202402,NPU_00047,2024-02-01,49563.2,salary,True
INC_NPU_00047_202403,NPU_00047,2024-03-01,50086.77,salary,True
INC_NPU_00047_202404,NPU_00047,2024-04-01,48487.66,salary,True
INC_NPU_00047_202405,NPU_00047,2024-05-01,51093.59,salary,True
INC_NPU_00047_202406,NPU_00047,2024-06-01,51392.72,salary,True
INC_NPU_00047_202407,NPU_00047,2024-07-02,50582.26,salary,True
INC_NPU_00047_202408,NPU_00047,2024-08-04,51627.97,salary,True
INC_NPU_00047_202409,NPU_00047,2024-09-02,49514.93,salary,True
INC_NPU_00047_202410,NPU_00047,2024-10-02,50156.27,salary,True
INC_NPU_00047_202411,NPU_00047,2024-11-01,50598.27,salary,True
INC_NPU_00047_202412,NPU_00047,2024-12-01,50269.87,salary,True
INC_NPU_00047_202501,NPU_00047,2025-01-05,49636.11,salary,True
INC_NPU_00047_202502,NPU_00047,2025-02-02,49739.09,salary,True
INC_NPU_00047_202503,NPU_00047,2025-03-01,51282.29,salary,True
INC_NPU_00047_202504,NPU_00047,2025-04-01,49874.76,salary,True
INC_NPU_00047_202505,NPU_00047,2025-05-02,51027.71,salary,True
INC_NPU_00047_202506,NPU_00047,2025-06-05,49822.72,salary,True
INC_NPU_00047_202507,NPU_00047,2025-07-02,51020.86,salary,True
INC_NPU_00047_202508,NPU_00047,2025-08-01,49979.92,salary,True
INC_NPU_00047_202509,NPU_00047,2025-09-01,50507.67,salary,True
INC_NPU_00047_202510,NPU_00047,2025-10-02,49237.98,salary,True
INC_NPU_00047_202511,NPU_00047,2025-11-05,50154.05,salary,True
INC_NPU_00047_202512,NPU_00047,2025-12-03,49251.69,salary,True
INC_NPU_00048_202301,NPU_00048,2023-01-05,98883.53,salary,True
INC_NPU_00048_202302,NPU_00048,2023-02-02,99036.87,salary,True
INC_NPU_00048_202303,NPU_00048,2023-03-01,99344.86,salary,True
INC_NPU_00048_202304,NPU_00048,2023-04-05,101672.19,salary,True
INC_NPU_00048_202305,NPU_00048,2023-05-03,98809.95,salary,True
INC_NPU_00048_202306,NPU_00048,2023-06-04,99995.47,salary,True
INC_NPU_00048_202307,NPU_00048,2023-07-02,101946.77,salary,True
INC_NPU_00048_202308,NPU_00048,2023-08-01,100869.65,salary,True
INC_NPU_00048_202309,NPU_00048,2023-09-04,96287.19,salary,True
INC_NPU_00048_202310,NPU_00048,2023-10-01,96831.08,salary,True
INC_NPU_00048_202311,NPU_00048,2023-11-02,100477.58,salary,True
INC_NPU_00048_202312,NPU_00048,2023-12-01,98713.81,salary,True
INC_NPU_00048_202401,NPU_00048,2024-01-03,96588.63,salary,True
INC_NPU_00048_202402,NPU_00048,2024-02-01,98575.63,salary,True
INC_NPU_00048_202403,NPU_00048,2024-03-02,100554.92,salary,True
INC_NPU_00048_202404,NPU_00048,2024-04-01,99015.55,salary,True
INC_NPU_00048_202405,NPU_00048,2024-05-02,99799.18,salary,True
INC_NPU_00048_202406,NPU_00048,2024-06-02,99185.64,salary,True
INC_NPU_00048_202407,NPU_00048,2024-07-02,98310.86,salary,True
INC_NPU_00048_202408,NPU_00048,2024-08-02,100167.88,salary,True
INC_NPU_00048_202409,NPU_00048,2024-09-04,96406.86,salary,True
INC_NPU_00048_202410,NPU_00048,2024-10-01,98074.32,salary,True
INC_NPU_00048_202411,NPU_00048,2024-11-01,101257.18,salary,True
INC_NPU_00048_202412,NPU_00048,2024-12-04,96885.39,salary,True
INC_NPU_00048_202501,NPU_00048,2025-01-01,99698.75,salary,True
INC_NPU_00048_202502,NPU_00048,2025-02-01,98864.03,salary,True
INC_NPU_00048_202503,NPU_00048,2025-03-02,98682.18,salary,True
INC_NPU_00048_202504,NPU_00048,2025-04-01,101461.52,salary,True
INC_NPU_00048_202505,NPU_00048,2025-05-01,101880.51,salary,True
INC_NPU_00048_202506,NPU_00048,2025-06-04,97619.56,salary,True
INC_NPU_00048_202507,NPU_00048,2025-07-04,94467.41,salary,True
INC_NPU_00048_202508,NPU_00048,2025-08-03,99360.78,salary,True
INC_NPU_00048_202509,NPU_00048,2025-09-02,95938.71,salary,True
INC_NPU_00048_202510,NPU_00048,2025-10-01,101336.27,salary,True
INC_NPU_00048_202511,NPU_00048,2025-11-01,99594.87,salary,True
INC_NPU_00048_202512,NPU_00048,2025-12-02,96766.34,salary,True
INC_NPU_00049_202301,NPU_00049,2023-01-05,56120.87,salary,True
INC_NPU_00049_202302,NPU_00049,2023-02-01,55718.48,salary,True
INC_NPU_00049_202303,NPU_00049,2023-03-03,56060.3,salary,True
INC_NPU_00049_202304,NPU_00049,2023-04-01,54938.61,salary,True
INC_NPU_00049_202305,NPU_00049,2023-05-01,58564.52,salary,True
INC_NPU_00049_202306,NPU_00049,2023-06-03,55849.37,salary,True
INC_NPU_00049_202307,NPU_00049,2023-07-04,56996.58,salary,True
INC_NPU_00049_202308,NPU_00049,2023-08-01,57477.89,salary,True
INC_NPU_00049_202309,NPU_00049,2023-09-01,58248.48,salary,True
INC_NPU_00049_202310,NPU_00049,2023-10-02,57035.54,salary,True
INC_NPU_00049_202311,NPU_00049,2023-11-03,56689.05,salary,True
INC_NPU_00049_202312,NPU_00049,2023-12-01,57083.07,salary,True
INC_NPU_00049_202401,NPU_00049,2024-01-01,55804.79,salary,True
INC_NPU_00049_202402,NPU_00049,2024-02-01,55886.92,salary,True
INC_NPU_00049_202403,NPU_00049,2024-03-04,56663.38,salary,True
INC_NPU_00049_202404,NPU_00049,2024-04-02,54584.22,salary,True
INC_NPU_00049_202405,NPU_00049,2024-05-01,56228.23,salary,True
INC_NPU_00049_202406,NPU_00049,2024-06-04,56454.89,salary,True
INC_NPU_00049_202407,NPU_00049,2024-07-02,59181.72,salary,True
INC_NPU_00049_202408,NPU_00049,2024-08-03,58412.29,salary,True
INC_NPU_00049_202409,NPU_00049,2024-09-01,57473.58,salary,True
INC_NPU_00049_202410,NPU_00049,2024-10-01,57966.55,salary,True
INC_NPU_00049_202411,NPU_00049,2024-11-01,55878.18,salary,True
INC_NPU_00049_202412,NPU_00049,2024-12-01,57113.67,salary,True
INC_NPU_00049_202501,NPU_00049,2025-01-01,57809.71,salary,True
INC_NPU_00049_202502,NPU_00049,2025-02-02,55887.54,salary,True
INC_NPU_00049_202503,NPU_00049,2025-03-05,55362.69,salary,True
INC_NPU_00049_202504,NPU_00049,2025-04-02,57347.32,salary,True
INC_NPU_00049_202505,NPU_00049,2025-05-01,55472.16,salary,True
INC_NPU_00049_202506,NPU_00049,2025-06-01,57580.54,salary,True
INC_NPU_00049_202507,NPU_00049,2025-07-01,58226.3,salary,True
INC_NPU_00049_202508,NPU_00049,2025-08-01,55920.35,salary,True
INC_NPU_00049_202509,NPU_00049,2025-09-02,55999.36,salary,True
INC_NPU_00049_202510,NPU_00049,2025-10-01,58188.29,salary,True
INC_NPU_00049_202511,NPU_00049,2025-11-01,57041.68,salary,True
INC_NPU_00049_202512,NPU_00049,2025-12-04,58014.63,salary,True
INC_NPU_00050_202301,NPU_00050,2023-01-05,89667.1,freelance,True
INC_NPU_00050_202302,NPU_00050,2023-02-10,90686.06,freelance,True
INC_NPU_00050_202303,NPU_00050,2023-03-10,144177.95,freelance,True
INC_NPU_00050_202304,NPU_00050,2023-04-03,50643.33,freelance,True
INC_NPU_00050_202305,NPU_00050,2023-05-03,73305.04,freelance,True
INC_NPU_00050_202306,NPU_00050,2023-06-08,53141.36,freelance,True
INC_NPU_00050_202307,NPU_00050,2023-07-11,33988.17,freelance,True
INC_NPU_00050_202308,NPU_00050,2023-08-05,125094.06,freelance,True
INC_NPU_00050_202309,NPU_00050,2023-09-10,113486.03,freelance,True
INC_NPU_00050_202310,NPU_00050,2023-10-07,101342.58,freelance,True
INC_NPU_00050_202311,NPU_00050,2023-11-09,54485.64,freelance,True
INC_NPU_00050_202312,NPU_00050,2023-12-11,121413.75,freelance,True
INC_NPU_00050_202401,NPU_00050,2024-01-10,77598.26,freelance,True
INC_NPU_00050_202402,NPU_00050,2024-02-04,9698.66,freelance,True
INC_NPU_00050_202403,NPU_00050,2024-03-22,163806.07,freelance,True
INC_NPU_00050_202404,NPU_00050,2024-04-21,205717.92,freelance,True
INC_NPU_00050_202405,NPU_00050,2024-05-15,100897.53,freelance,True
INC_NPU_00050_202406,NPU_00050,2024-06-20,97090.03,freelance,True
INC_NPU_00050_202407,NPU_00050,2024-07-23,64893.76,freelance,True
INC_NPU_00050_202408,NPU_00050,2024-08-18,75328.86,freelance,True
INC_NPU_00050_202409,NPU_00050,2024-09-24,76117.93,freelance,True
INC_NPU_00050_202410,NPU_00050,2024-10-24,18123.7,freelance,True
INC_NPU_00050_202411,NPU_00050,2024-11-15,109146.69,freelance,True
INC_NPU_00050_202412,NPU_00050,2024-12-14,43073.56,freelance,True
INC_NPU_00050_202501,NPU_00050,2025-01-14,159251.35,freelance,True
INC_NPU_00050_202502,NPU_00050,2025-02-21,96710.23,freelance,True
INC_NPU_00050_202503,NPU_00050,2025-03-16,65543.58,freelance,True
INC_NPU_00050_202504,NPU_00050,2025-04-06,261170.06,freelance,True
INC_NPU_00050_202505,NPU_00050,2025-05-19,46052.4,freelance,True
INC_NPU_00050_202506,NPU_00050,2025-06-18,97242.46,freelance,True
INC_NPU_00050_202507,NPU_00050,2025-07-24,388170.99,freelance,True
INC_NPU_00050_202508,NPU_00050,2025-08-05,133028.96,freelance,True
INC_NPU_00050_202509,NPU_00050,2025-09-07,141440.47,freelance,True
INC_NPU_00050_202510,NPU_00050,2025-10-16,37011.73,freelance,True
INC_NPU_00050_202511,NPU_00050,2025-11-01,116811.16,freelance,True
INC_NPU_00050_202512,NPU_00050,2025-12-10,153664.75,freelance,True
INC_NPU_00051_202301,NPU_00051,2023-01-01,62793.12,salary,True
INC_NPU_00051_202302,NPU_00051,2023-02-01,64017.55,salary,True
INC_NPU_00051_202303,NPU_00051,2023-03-05,63684.86,salary,True
INC_NPU_00051_202304,NPU_00051,2023-04-01,62771.98,salary,True
INC_NPU_00051_202305,NPU_00051,2023-05-03,63997.85,salary,True
INC_NPU_00051_202306,NPU_00051,2023-06-01,63013.32,salary,True
INC_NPU_00051_202307,NPU_00051,2023-07-03,62582.01,salary,True
INC_NPU_00051_202308,NPU_00051,2023-08-03,65251.93,salary,True
INC_NPU_00051_202309,NPU_00051,2023-09-01,63737.98,salary,True
INC_NPU_00051_202310,NPU_00051,2023-10-01,63381.8,salary,True
INC_NPU_00051_202311,NPU_00051,2023-11-02,65838.7,salary,True
INC_NPU_00051_202312,NPU_00051,2023-12-01,65073.59,salary,True
INC_NPU_00051_202401,NPU_00051,2024-01-03,61757.22,salary,True
INC_NPU_00051_202402,NPU_00051,2024-02-01,64804.19,salary,True
INC_NPU_00051_202403,NPU_00051,2024-03-03,64797.89,salary,True
INC_NPU_00051_202404,NPU_00051,2024-04-03,63945.95,salary,True
INC_NPU_00051_202405,NPU_00051,2024-05-05,63899.09,salary,True
INC_NPU_00051_202406,NPU_00051,2024-06-02,62259.82,salary,True
INC_NPU_00051_202407,NPU_00051,2024-07-04,66929.64,salary,True
INC_NPU_00051_202408,NPU_00051,2024-08-01,63993.05,salary,True
INC_NPU_00051_202409,NPU_00051,2024-09-04,64731.9,salary,True
INC_NPU_00051_202410,NPU_00051,2024-10-05,64061.3,salary,True
INC_NPU_00051_202411,NPU_00051,2024-11-03,63401.39,salary,True
INC_NPU_00051_202412,NPU_00051,2024-12-01,65357.39,salary,True
INC_NPU_00051_202501,NPU_00051,2025-01-05,64480.74,salary,True
INC_NPU_00051_202502,NPU_00051,2025-02-02,64003.53,salary,True
INC_NPU_00051_202503,NPU_00051,2025-03-03,64717.79,salary,True
INC_NPU_00051_202504,NPU_00051,2025-04-03,64175.18,salary,True
INC_NPU_00051_202505,NPU_00051,2025-05-04,66498.46,salary,True
INC_NPU_00051_202506,NPU_00051,2025-06-03,65309.76,salary,True
INC_NPU_00051_202507,NPU_00051,2025-07-01,64926.49,salary,True
INC_NPU_00051_202508,NPU_00051,2025-08-03,62387.11,salary,True
INC_NPU_00051_202509,NPU_00051,2025-09-01,64972.83,salary,True
INC_NPU_00051_202510,NPU_00051,2025-10-05,64939.32,salary,True
INC_NPU_00051_202511,NPU_00051,2025-11-01,63033.74,salary,True
INC_NPU_00051_202512,NPU_00051,2025-12-02,62361.85,salary,True
INC_NPU_00052_202301,NPU_00052,2023-01-15,84849.49,freelance,True
INC_NPU_00052_202302,NPU_00052,2023-02-10,100117.67,freelance,True
INC_NPU_00052_202303,NPU_00052,2023-03-13,79299.34,freelance,True
INC_NPU_00052_202304,NPU_00052,2023-04-17,22494.19,freelance,True
INC_NPU_00052_202305,NPU_00052,2023-05-10,49876.49,freelance,True
INC_NPU_00052_202306,NPU_00052,2023-06-18,72231.9,freelance,True
INC_NPU_00052_202307,NPU_00052,2023-07-22,91497.11,freelance,True
INC_NPU_00052_202308,NPU_00052,2023-08-07,39741.24,freelance,True
INC_NPU_00052_202309,NPU_00052,2023-09-08,32298.81,freelance,True
INC_NPU_00052_202310,NPU_00052,2023-10-12,14209.75,freelance,True
INC_NPU_00052_202311,NPU_00052,2023-11-24,181263.58,freelance,True
INC_NPU_00052_202312,NPU_00052,2023-12-10,15250.61,freelance,True
INC_NPU_00052_202401,NPU_00052,2024-01-04,80350.16,freelance,True
INC_NPU_00052_202402,NPU_00052,2024-02-16,42237.44,freelance,True
INC_NPU_00052_202403,NPU_00052,2024-03-01,103937.28,freelance,True
INC_NPU_00052_202404,NPU_00052,2024-04-09,64597.04,freelance,True
INC_NPU_00052_202405,NPU_00052,2024-05-07,111668.62,freelance,True
INC_NPU_00052_202406,NPU_00052,2024-06-03,38185.42,freelance,True
INC_NPU_00052_202407,NPU_00052,2024-07-02,56138.18,freelance,True
INC_NPU_00052_202408,NPU_00052,2024-08-04,85554.75,freelance,True
INC_NPU_00052_202409,NPU_00052,2024-09-12,25492.86,freelance,True
INC_NPU_00052_202410,NPU_00052,2024-10-07,30588.56,freelance,True
INC_NPU_00052_202411,NPU_00052,2024-11-02,41652.92,freelance,True
INC_NPU_00052_202412,NPU_00052,2024-12-01,52875.12,freelance,True
INC_NPU_00052_202501,NPU_00052,2025-01-15,26969.82,freelance,True
INC_NPU_00052_202502,NPU_00052,2025-02-13,72757.4,freelance,True
INC_NPU_00052_202503,NPU_00052,2025-03-16,45475.52,freelance,True
INC_NPU_00052_202504,NPU_00052,2025-04-17,86978.79,freelance,True
INC_NPU_00052_202505,NPU_00052,2025-05-08,70058.11,freelance,True
INC_NPU_00052_202506,NPU_00052,2025-06-20,66539.8,freelance,True
INC_NPU_00052_202507,NPU_00052,2025-07-09,8581.06,freelance,True
INC_NPU_00052_202508,NPU_00052,2025-08-16,35647.83,freelance,True
INC_NPU_00052_202509,NPU_00052,2025-09-02,76285.52,freelance,True
INC_NPU_00052_202510,NPU_00052,2025-10-04,69467.99,freelance,True
INC_NPU_00052_202511,NPU_00052,2025-11-03,41907.1,freelance,True
INC_NPU_00052_202512,NPU_00052,2025-12-01,25441.69,freelance,True
INC_NPU_00053_202301,NPU_00053,2023-01-04,21811.11,salary,True
INC_NPU_00053_202302,NPU_00053,2023-02-02,21779.28,salary,True
INC_NPU_00053_202303,NPU_00053,2023-03-01,22846.4,salary,True
INC_NPU_00053_202304,NPU_00053,2023-04-01,22128.35,salary,True
INC_NPU_00053_202305,NPU_00053,2023-05-04,21757.99,salary,True
INC_NPU_00053_202306,NPU_00053,2023-06-05,22002.34,salary,True
INC_NPU_00053_202307,NPU_00053,2023-07-01,22330.09,salary,True
INC_NPU_00053_202308,NPU_00053,2023-08-01,21971.12,salary,True
INC_NPU_00053_202309,NPU_00053,2023-09-01,22033.35,salary,True
INC_NPU_00053_202310,NPU_00053,2023-10-04,21994.23,salary,True
INC_NPU_00053_202311,NPU_00053,2023-11-01,22610.79,salary,True
INC_NPU_00053_202312,NPU_00053,2023-12-03,21889.66,salary,True
INC_NPU_00053_202401,NPU_00053,2024-01-01,22539.07,salary,True
INC_NPU_00053_202402,NPU_00053,2024-02-02,21705.82,salary,True
INC_NPU_00053_202403,NPU_00053,2024-03-01,22672.11,salary,True
INC_NPU_00053_202404,NPU_00053,2024-04-01,21449.19,salary,True
INC_NPU_00053_202405,NPU_00053,2024-05-01,21590.53,salary,True
INC_NPU_00053_202406,NPU_00053,2024-06-02,22705.94,salary,True
INC_NPU_00053_202407,NPU_00053,2024-07-03,21287.7,salary,True
INC_NPU_00053_202408,NPU_00053,2024-08-04,22126.42,salary,True
INC_NPU_00053_202409,NPU_00053,2024-09-01,22192.48,salary,True
INC_NPU_00053_202410,NPU_00053,2024-10-04,22257.36,salary,True
INC_NPU_00053_202411,NPU_00053,2024-11-04,21224.24,salary,True
INC_NPU_00053_202412,NPU_00053,2024-12-01,21862.68,salary,True
INC_NPU_00053_202501,NPU_00053,2025-01-03,21417.69,salary,True
INC_NPU_00053_202502,NPU_00053,2025-02-02,22103.96,salary,True
INC_NPU_00053_202503,NPU_00053,2025-03-01,21302.49,salary,True
INC_NPU_00053_202504,NPU_00053,2025-04-02,21522.5,salary,True
INC_NPU_00053_202505,NPU_00053,2025-05-02,22341.98,salary,True
INC_NPU_00053_202506,NPU_00053,2025-06-01,21764.59,salary,True
INC_NPU_00053_202507,NPU_00053,2025-07-02,22598.8,salary,True
INC_NPU_00053_202508,NPU_00053,2025-08-02,22269.43,salary,True
INC_NPU_00053_202509,NPU_00053,2025-09-01,21886.16,salary,True
INC_NPU_00053_202510,NPU_00053,2025-10-01,22414.9,salary,True
INC_NPU_00053_202511,NPU_00053,2025-11-04,21921.53,salary,True
INC_NPU_00053_202512,NPU_00053,2025-12-01,22314.84,salary,True
INC_NPU_00054_202301,NPU_00054,2023-01-01,57107.25,salary,True
INC_NPU_00054_202302,NPU_00054,2023-02-01,59065.4,salary,True
INC_NPU_00054_202303,NPU_00054,2023-03-01,56154.34,salary,True
INC_NPU_00054_202304,NPU_00054,2023-04-01,56641.79,salary,True
INC_NPU_00054_202305,NPU_00054,2023-05-01,56813.17,salary,True
INC_NPU_00054_202306,NPU_00054,2023-06-04,57217.62,salary,True
INC_NPU_00054_202307,NPU_00054,2023-07-01,58274.26,salary,True
INC_NPU_00054_202308,NPU_00054,2023-08-04,57893.32,salary,True
INC_NPU_00054_202309,NPU_00054,2023-09-01,58742.78,salary,True
INC_NPU_00054_202310,NPU_00054,2023-10-03,59245.29,salary,True
INC_NPU_00054_202311,NPU_00054,2023-11-03,56044.57,salary,True
INC_NPU_00054_202312,NPU_00054,2023-12-01,59400.71,salary,True
INC_NPU_00054_202401,NPU_00054,2024-01-03,57668.78,salary,True
INC_NPU_00054_202402,NPU_00054,2024-02-05,59935.49,salary,True
INC_NPU_00054_202403,NPU_00054,2024-03-01,57059.99,salary,True
INC_NPU_00054_202404,NPU_00054,2024-04-02,55750.73,salary,True
INC_NPU_00054_202405,NPU_00054,2024-05-03,58622.82,salary,True
INC_NPU_00054_202406,NPU_00054,2024-06-01,58546.3,salary,True
INC_NPU_00054_202407,NPU_00054,2024-07-02,56668.87,salary,True
INC_NPU_00054_202408,NPU_00054,2024-08-02,56770.68,salary,True
INC_NPU_00054_202409,NPU_00054,2024-09-02,58834.25,salary,True
INC_NPU_00054_202410,NPU_00054,2024-10-01,58330.51,salary,True
INC_NPU_00054_202411,NPU_00054,2024-11-04,57555.91,salary,True
INC_NPU_00054_202412,NPU_00054,2024-12-02,58448.51,salary,True
INC_NPU_00054_202501,NPU_00054,2025-01-02,58211.72,salary,True
INC_NPU_00054_202502,NPU_00054,2025-02-03,56879.08,salary,True
INC_NPU_00054_202503,NPU_00054,2025-03-03,58926.79,salary,True
INC_NPU_00054_202504,NPU_00054,2025-04-03,58676.57,salary,True
INC_NPU_00054_202505,NPU_00054,2025-05-01,57919.11,salary,True
INC_NPU_00054_202506,NPU_00054,2025-06-04,58835.07,salary,True
INC_NPU_00054_202507,NPU_00054,2025-07-01,60110.38,salary,True
INC_NPU_00054_202508,NPU_00054,2025-08-01,56758.36,salary,True
INC_NPU_00054_202509,NPU_00054,2025-09-02,57605.29,salary,True
INC_NPU_00054_202510,NPU_00054,2025-10-02,57659.8,salary,True
INC_NPU_00054_202511,NPU_00054,2025-11-03,58807.59,salary,True
INC_NPU_00054_202512,NPU_00054,2025-12-01,57204.39,salary,True
INC_NPU_00055_202301,NPU_00055,2023-01-01,83896.28,salary,True
INC_NPU_00055_202302,NPU_00055,2023-02-01,81884.54,salary,True
INC_NPU_00055_202303,NPU_00055,2023-03-03,80896.05,salary,True
INC_NPU_00055_202304,NPU_00055,2023-04-03,82822.67,salary,True
INC_NPU_00055_202305,NPU_00055,2023-05-02,81850.75,salary,True
INC_NPU_00055_202306,NPU_00055,2023-06-03,82983.02,salary,True
INC_NPU_00055_202307,NPU_00055,2023-07-01,83365.51,salary,True
INC_NPU_00055_202308,NPU_00055,2023-08-01,80151.07,salary,True
INC_NPU_00055_202309,NPU_00055,2023-09-01,82026.31,salary,True
INC_NPU_00055_202310,NPU_00055,2023-10-02,82824.02,salary,True
INC_NPU_00055_202311,NPU_00055,2023-11-01,84043.21,salary,True
INC_NPU_00055_202312,NPU_00055,2023-12-01,83822.08,salary,True
INC_NPU_00055_202401,NPU_00055,2024-01-03,81366.76,salary,True
INC_NPU_00055_202402,NPU_00055,2024-02-03,82434.74,salary,True
INC_NPU_00055_202403,NPU_00055,2024-03-01,83452.91,salary,True
INC_NPU_00055_202404,NPU_00055,2024-04-01,82323.42,salary,True
INC_NPU_00055_202405,NPU_00055,2024-05-03,81510.63,salary,True
INC_NPU_00055_202406,NPU_00055,2024-06-04,82628.13,salary,True
INC_NPU_00055_202407,NPU_00055,2024-07-04,83290.71,salary,True
INC_NPU_00055_202408,NPU_00055,2024-08-04,81220.86,salary,True
INC_NPU_00055_202409,NPU_00055,2024-09-02,83634.08,salary,True
INC_NPU_00055_202410,NPU_00055,2024-10-04,82919.27,salary,True
INC_NPU_00055_202411,NPU_00055,2024-11-02,83696.29,salary,True
INC_NPU_00055_202412,NPU_00055,2024-12-01,82592.22,salary,True
INC_NPU_00055_202501,NPU_00055,2025-01-01,85535.48,salary,True
INC_NPU_00055_202502,NPU_00055,2025-02-02,83258.21,salary,True
INC_NPU_00055_202503,NPU_00055,2025-03-01,83888.6,salary,True
INC_NPU_00055_202504,NPU_00055,2025-04-01,83627.11,salary,True
INC_NPU_00055_202505,NPU_00055,2025-05-04,82413.97,salary,True
INC_NPU_00055_202506,NPU_00055,2025-06-01,83107.34,salary,True
INC_NPU_00055_202507,NPU_00055,2025-07-04,81742.01,salary,True
INC_NPU_00055_202508,NPU_00055,2025-08-01,85387.39,salary,True
INC_NPU_00055_202509,NPU_00055,2025-09-04,83440.03,salary,True
INC_NPU_00055_202510,NPU_00055,2025-10-04,81421.14,salary,True
INC_NPU_00055_202511,NPU_00055,2025-11-01,84918.21,salary,True
INC_NPU_00055_202512,NPU_00055,2025-12-02,82494.35,salary,True
INC_NPU_00056_202301,NPU_00056,2023-01-04,104781.03,salary,True
INC_NPU_00056_202302,NPU_00056,2023-02-01,99778.54,salary,True
INC_NPU_00056_202303,NPU_00056,2023-03-03,105317.08,salary,True
INC_NPU_00056_202304,NPU_00056,2023-04-05,103834.79,salary,True
INC_NPU_00056_202305,NPU_00056,2023-05-01,101257.71,salary,True
INC_NPU_00056_202306,NPU_00056,2023-06-04,103798.24,salary,True
INC_NPU_00056_202307,NPU_00056,2023-07-01,106094.36,salary,True
INC_NPU_00056_202308,NPU_00056,2023-08-03,101862.83,salary,True
INC_NPU_00056_202309,NPU_00056,2023-09-01,101837.51,salary,True
INC_NPU_00056_202310,NPU_00056,2023-10-04,102613.96,salary,True
INC_NPU_00056_202311,NPU_00056,2023-11-03,103135.49,salary,True
INC_NPU_00056_202312,NPU_00056,2023-12-04,104925.45,salary,True
INC_NPU_00056_202401,NPU_00056,2024-01-01,103949.96,salary,True
INC_NPU_00056_202402,NPU_00056,2024-02-03,102612.26,salary,True
INC_NPU_00056_202403,NPU_00056,2024-03-01,103595.01,salary,True
INC_NPU_00056_202404,NPU_00056,2024-04-02,106481.03,salary,True
INC_NPU_00056_202405,NPU_00056,2024-05-04,104303.65,salary,True
INC_NPU_00056_202406,NPU_00056,2024-06-03,102818.8,salary,True
INC_NPU_00056_202407,NPU_00056,2024-07-03,102554.69,salary,True
INC_NPU_00056_202408,NPU_00056,2024-08-03,103472.68,salary,True
INC_NPU_00056_202409,NPU_00056,2024-09-01,104897.94,salary,True
INC_NPU_00056_202410,NPU_00056,2024-10-05,101592.86,salary,True
INC_NPU_00056_202411,NPU_00056,2024-11-01,104588.22,salary,True
INC_NPU_00056_202412,NPU_00056,2024-12-03,102779.14,salary,True
INC_NPU_00056_202501,NPU_00056,2025-01-01,103065.04,salary,True
INC_NPU_00056_202502,NPU_00056,2025-02-01,108222.09,salary,True
INC_NPU_00056_202503,NPU_00056,2025-03-01,104364.95,salary,True
INC_NPU_00056_202504,NPU_00056,2025-04-01,102001.11,salary,True
INC_NPU_00056_202505,NPU_00056,2025-05-03,103828.77,salary,True
INC_NPU_00056_202506,NPU_00056,2025-06-02,105008.78,salary,True
INC_NPU_00056_202507,NPU_00056,2025-07-01,104388.49,salary,True
INC_NPU_00056_202508,NPU_00056,2025-08-01,98888.43,salary,True
INC_NPU_00056_202509,NPU_00056,2025-09-04,97289.77,salary,True
INC_NPU_00056_202510,NPU_00056,2025-10-01,102982.18,salary,True
INC_NPU_00056_202511,NPU_00056,2025-11-01,103919.04,salary,True
INC_NPU_00056_202512,NPU_00056,2025-12-03,103749.61,salary,True
INC_NPU_00057_202301,NPU_00057,2023-01-03,44629.49,salary,True
INC_NPU_00057_202302,NPU_00057,2023-02-05,45622.68,salary,True
INC_NPU_00057_202303,NPU_00057,2023-03-02,46016.62,salary,True
INC_NPU_00057_202304,NPU_00057,2023-04-01,43636.6,salary,True
INC_NPU_00057_202305,NPU_00057,2023-05-04,43566.32,salary,True
INC_NPU_00057_202306,NPU_00057,2023-06-04,45354.07,salary,True
INC_NPU_00057_202307,NPU_00057,2023-07-04,45699.42,salary,True
INC_NPU_00057_202308,NPU_00057,2023-08-01,44506.66,salary,True
INC_NPU_00057_202309,NPU_00057,2023-09-03,43245.18,salary,True
INC_NPU_00057_202310,NPU_00057,2023-10-02,45006.65,salary,True
INC_NPU_00057_202311,NPU_00057,2023-11-03,45340.99,salary,True
INC_NPU_00057_202312,NPU_00057,2023-12-02,44762.09,salary,True
INC_NPU_00057_202401,NPU_00057,2024-01-03,45901.83,salary,True
INC_NPU_00057_202402,NPU_00057,2024-02-02,45285.84,salary,True
INC_NPU_00057_202403,NPU_00057,2024-03-03,44417.92,salary,True
INC_NPU_00057_202404,NPU_00057,2024-04-01,44500.3,salary,True
INC_NPU_00057_202405,NPU_00057,2024-05-02,45025.43,salary,True
INC_NPU_00057_202406,NPU_00057,2024-06-03,44704.67,salary,True
INC_NPU_00057_202407,NPU_00057,2024-07-02,43518.78,salary,True
INC_NPU_00057_202408,NPU_00057,2024-08-01,45208.39,salary,True
INC_NPU_00057_202409,NPU_00057,2024-09-01,44521.69,salary,True
INC_NPU_00057_202410,NPU_00057,2024-10-03,44658.24,salary,True
INC_NPU_00057_202411,NPU_00057,2024-11-03,44105.68,salary,True
INC_NPU_00057_202412,NPU_00057,2024-12-01,46379.37,salary,True
INC_NPU_00057_202501,NPU_00057,2025-01-03,45540.67,salary,True
INC_NPU_00057_202502,NPU_00057,2025-02-02,46630.14,salary,True
INC_NPU_00057_202503,NPU_00057,2025-03-03,44757.88,salary,True
INC_NPU_00057_202504,NPU_00057,2025-04-01,45593.02,salary,True
INC_NPU_00057_202505,NPU_00057,2025-05-02,45223.85,salary,True
INC_NPU_00057_202506,NPU_00057,2025-06-04,44449.38,salary,True
INC_NPU_00057_202507,NPU_00057,2025-07-02,44749.26,salary,True
INC_NPU_00057_202508,NPU_00057,2025-08-01,45538.95,salary,True
INC_NPU_00057_202509,NPU_00057,2025-09-01,44104.56,salary,True
INC_NPU_00057_202510,NPU_00057,2025-10-02,45911.53,salary,True
INC_NPU_00057_202511,NPU_00057,2025-11-05,45150.06,salary,True
INC_NPU_00057_202512,NPU_00057,2025-12-01,45780.46,salary,True
INC_NPU_00058_202301,NPU_00058,2023-01-16,355469.69,business,True
INC_NPU_00058_202302,NPU_00058,2023-02-21,201557.41,business,True
INC_NPU_00058_202303,NPU_00058,2023-03-21,294764.12,business,True
INC_NPU_00058_202304,NPU_00058,2023-04-06,275837.36,business,True
INC_NPU_00058_202305,NPU_00058,2023-05-21,432463.76,business,True
INC_NPU_00058_202306,NPU_00058,2023-06-11,331715.07,business,True
INC_NPU_00058_202307,NPU_00058,2023-07-21,402529.36,business,True
INC_NPU_00058_202308,NPU_00058,2023-08-06,822662.16,business,True
INC_NPU_00058_202309,NPU_00058,2023-09-06,331620.2,business,True
INC_NPU_00058_202310,NPU_00058,2023-10-16,189700.37,business,True
INC_NPU_00058_202311,NPU_00058,2023-11-11,269226.0,business,True
INC_NPU_00058_202312,NPU_00058,2023-12-06,212289.14,business,True
INC_NPU_00058_202401,NPU_00058,2024-01-01,165889.04,business,True
INC_NPU_00058_202402,NPU_00058,2024-02-01,478095.08,business,True
INC_NPU_00058_202403,NPU_00058,2024-03-11,320954.91,business,True
INC_NPU_00058_202404,NPU_00058,2024-04-06,181460.84,business,True
INC_NPU_00058_202405,NPU_00058,2024-05-01,362949.06,business,True
INC_NPU_00058_202406,NPU_00058,2024-06-01,185687.75,business,True
INC_NPU_00058_202407,NPU_00058,2024-07-11,445388.08,business,True
INC_NPU_00058_202408,NPU_00058,2024-08-01,445092.02,business,True
INC_NPU_00058_202409,NPU_00058,2024-09-06,377527.64,business,True
INC_NPU_00058_202410,NPU_00058,2024-10-06,370481.14,business,True
INC_NPU_00058_202411,NPU_00058,2024-11-16,411219.84,business,True
INC_NPU_00058_202412,NPU_00058,2024-12-21,202000.15,business,True
INC_NPU_00058_202501,NPU_00058,2025-01-06,254114.23,business,True
INC_NPU_00058_202502,NPU_00058,2025-02-06,356034.4,business,True
INC_NPU_00058_202503,NPU_00058,2025-03-21,349320.82,business,True
INC_NPU_00058_202504,NPU_00058,2025-04-01,447257.66,business,True
INC_NPU_00058_202505,NPU_00058,2025-05-06,243927.42,business,True
INC_NPU_00058_202506,NPU_00058,2025-06-11,245730.84,business,True
INC_NPU_00058_202507,NPU_00058,2025-07-16,299499.32,business,True
INC_NPU_00058_202508,NPU_00058,2025-08-16,113974.26,business,True
INC_NPU_00058_202509,NPU_00058,2025-09-11,653249.72,business,True
INC_NPU_00058_202510,NPU_00058,2025-10-11,265038.55,business,True
INC_NPU_00058_202511,NPU_00058,2025-11-11,564983.88,business,True
INC_NPU_00058_202512,NPU_00058,2025-12-01,329752.4,business,True
INC_NPU_00059_202301,NPU_00059,2023-01-02,159926.62,salary,True
INC_NPU_00059_202302,NPU_00059,2023-02-02,161160.9,salary,True
INC_NPU_00059_202303,NPU_00059,2023-03-01,165388.22,salary,True
INC_NPU_00059_202304,NPU_00059,2023-04-05,161324.46,salary,True
INC_NPU_00059_202305,NPU_00059,2023-05-02,169699.3,salary,True
INC_NPU_00059_202306,NPU_00059,2023-06-01,161877.14,salary,True
INC_NPU_00059_202307,NPU_00059,2023-07-03,165732.69,salary,True
INC_NPU_00059_202308,NPU_00059,2023-08-04,160601.03,salary,True
INC_NPU_00059_202309,NPU_00059,2023-09-02,157676.11,salary,True
INC_NPU_00059_202310,NPU_00059,2023-10-03,161319.32,salary,True
INC_NPU_00059_202311,NPU_00059,2023-11-02,163231.26,salary,True
INC_NPU_00059_202312,NPU_00059,2023-12-04,159148.62,salary,True
INC_NPU_00059_202401,NPU_00059,2024-01-04,165138.95,salary,True
INC_NPU_00059_202402,NPU_00059,2024-02-05,160070.64,salary,True
INC_NPU_00059_202403,NPU_00059,2024-03-01,158291.55,salary,True
INC_NPU_00059_202404,NPU_00059,2024-04-02,168840.69,salary,True
INC_NPU_00059_202405,NPU_00059,2024-05-01,158994.78,salary,True
INC_NPU_00059_202406,NPU_00059,2024-06-04,159981.87,salary,True
INC_NPU_00059_202407,NPU_00059,2024-07-02,163764.35,salary,True
INC_NPU_00059_202408,NPU_00059,2024-08-04,160495.77,salary,True
INC_NPU_00059_202409,NPU_00059,2024-09-01,158394.14,salary,True
INC_NPU_00059_202410,NPU_00059,2024-10-03,159683.55,salary,True
INC_NPU_00059_202411,NPU_00059,2024-11-03,167611.71,salary,True
INC_NPU_00059_202412,NPU_00059,2024-12-02,163348.84,salary,True
INC_NPU_00059_202501,NPU_00059,2025-01-01,163990.45,salary,True
INC_NPU_00059_202502,NPU_00059,2025-02-03,162380.34,salary,True
INC_NPU_00059_202503,NPU_00059,2025-03-01,162916.24,salary,True
INC_NPU_00059_202504,NPU_00059,2025-04-01,160264.01,salary,True
INC_NPU_00059_202505,NPU_00059,2025-05-01,161972.35,salary,True
INC_NPU_00059_202506,NPU_00059,2025-06-01,155394.1,salary,True
INC_NPU_00059_202507,NPU_00059,2025-07-01,164618.06,salary,True
INC_NPU_00059_202508,NPU_00059,2025-08-01,160236.43,salary,True
INC_NPU_00059_202509,NPU_00059,2025-09-03,157916.57,salary,True
INC_NPU_00059_202510,NPU_00059,2025-10-01,162153.49,salary,True
INC_NPU_00059_202511,NPU_00059,2025-11-05,160934.98,salary,True
INC_NPU_00059_202512,NPU_00059,2025-12-01,164492.2,salary,True
INC_NPU_00060_202301,NPU_00060,2023-01-06,264337.37,business,True
INC_NPU_00060_202302,NPU_00060,2023-02-06,224284.88,business,True
INC_NPU_00060_202303,NPU_00060,2023-03-21,245610.21,business,True
INC_NPU_00060_202304,NPU_00060,2023-04-11,308444.79,business,True
INC_NPU_00060_202305,NPU_00060,2023-05-16,411309.37,business,True
INC_NPU_00060_202306,NPU_00060,2023-06-06,356477.98,business,True
INC_NPU_00060_202307,NPU_00060,2023-07-11,412177.61,business,True
INC_NPU_00060_202308,NPU_00060,2023-08-01,264174.79,business,True
INC_NPU_00060_202309,NPU_00060,2023-09-21,361534.22,business,True
INC_NPU_00060_202310,NPU_00060,2023-10-11,324469.93,business,True
INC_NPU_00060_202311,NPU_00060,2023-11-16,172644.55,business,True
INC_NPU_00060_202312,NPU_00060,2023-12-21,245959.5,business,True
INC_NPU_00060_202401,NPU_00060,2024-01-01,337481.07,business,True
INC_NPU_00060_202402,NPU_00060,2024-02-06,375659.71,business,True
INC_NPU_00060_202403,NPU_00060,2024-03-01,396308.96,business,True
INC_NPU_00060_202404,NPU_00060,2024-04-21,383479.16,business,True
INC_NPU_00060_202405,NPU_00060,2024-05-01,195688.66,business,True
INC_NPU_00060_202406,NPU_00060,2024-06-01,232161.11,business,True
INC_NPU_00060_202407,NPU_00060,2024-07-11,308713.53,business,True
INC_NPU_00060_202408,NPU_00060,2024-08-01,162862.0,business,True
INC_NPU_00060_202409,NPU_00060,2024-09-21,245030.28,business,True
INC_NPU_00060_202410,NPU_00060,2024-10-21,306692.53,business,True
INC_NPU_00060_202411,NPU_00060,2024-11-06,489295.17,business,True
INC_NPU_00060_202412,NPU_00060,2024-12-16,556665.18,business,True
INC_NPU_00060_202501,NPU_00060,2025-01-01,281710.37,business,True
INC_NPU_00060_202502,NPU_00060,2025-02-16,181963.5,business,True
INC_NPU_00060_202503,NPU_00060,2025-03-21,372706.76,business,True
INC_NPU_00060_202504,NPU_00060,2025-04-01,219973.88,business,True
INC_NPU_00060_202505,NPU_00060,2025-05-16,392286.44,business,True
INC_NPU_00060_202506,NPU_00060,2025-06-21,375117.21,business,True
INC_NPU_00060_202507,NPU_00060,2025-07-16,239598.78,business,True
INC_NPU_00060_202508,NPU_00060,2025-08-01,262346.67,business,True
INC_NPU_00060_202509,NPU_00060,2025-09-01,337774.52,business,True
INC_NPU_00060_202510,NPU_00060,2025-10-21,298290.27,business,True
INC_NPU_00060_202511,NPU_00060,2025-11-11,483035.64,business,True
INC_NPU_00060_202512,NPU_00060,2025-12-21,248932.88,business,True
INC_NPU_00061_202301,NPU_00061,2023-01-02,104503.83,salary,True
INC_NPU_00061_202302,NPU_00061,2023-02-05,106908.48,salary,True
INC_NPU_00061_202303,NPU_00061,2023-03-04,102852.79,salary,True
INC_NPU_00061_202304,NPU_00061,2023-04-01,103984.4,salary,True
INC_NPU_00061_202305,NPU_00061,2023-05-02,103691.83,salary,True
INC_NPU_00061_202306,NPU_00061,2023-06-03,102905.67,salary,True
INC_NPU_00061_202307,NPU_00061,2023-07-01,102466.65,salary,True
INC_NPU_00061_202308,NPU_00061,2023-08-01,106332.41,salary,True
INC_NPU_00061_202309,NPU_00061,2023-09-02,102908.17,salary,True
INC_NPU_00061_202310,NPU_00061,2023-10-04,104273.39,salary,True
INC_NPU_00061_202311,NPU_00061,2023-11-01,106139.97,salary,True
INC_NPU_00061_202312,NPU_00061,2023-12-01,103980.87,salary,True
INC_NPU_00061_202401,NPU_00061,2024-01-04,103885.61,salary,True
INC_NPU_00061_202402,NPU_00061,2024-02-02,102919.79,salary,True
INC_NPU_00061_202403,NPU_00061,2024-03-01,103729.15,salary,True
INC_NPU_00061_202404,NPU_00061,2024-04-01,102301.43,salary,True
INC_NPU_00061_202405,NPU_00061,2024-05-02,108372.88,salary,True
INC_NPU_00061_202406,NPU_00061,2024-06-01,100210.53,salary,True
INC_NPU_00061_202407,NPU_00061,2024-07-04,102587.64,salary,True
INC_NPU_00061_202408,NPU_00061,2024-08-01,104015.62,salary,True
INC_NPU_00061_202409,NPU_00061,2024-09-04,103887.49,salary,True
INC_NPU_00061_202410,NPU_00061,2024-10-02,102298.08,salary,True
INC_NPU_00061_202411,NPU_00061,2024-11-01,99542.85,salary,True
INC_NPU_00061_202412,NPU_00061,2024-12-01,100494.06,salary,True
INC_NPU_00061_202501,NPU_00061,2025-01-02,103304.45,salary,True
INC_NPU_00061_202502,NPU_00061,2025-02-01,99017.67,salary,True
INC_NPU_00061_202503,NPU_00061,2025-03-02,104163.57,salary,True
INC_NPU_00061_202504,NPU_00061,2025-04-01,105317.84,salary,True
INC_NPU_00061_202505,NPU_00061,2025-05-01,104533.92,salary,True
INC_NPU_00061_202506,NPU_00061,2025-06-02,104956.55,salary,True
INC_NPU_00061_202507,NPU_00061,2025-07-05,98126.35,salary,True
INC_NPU_00061_202508,NPU_00061,2025-08-02,99082.42,salary,True
INC_NPU_00061_202509,NPU_00061,2025-09-01,102374.88,salary,True
INC_NPU_00061_202510,NPU_00061,2025-10-01,100925.57,salary,True
INC_NPU_00061_202511,NPU_00061,2025-11-04,99822.18,salary,True
INC_NPU_00061_202512,NPU_00061,2025-12-05,101958.58,salary,True
INC_NPU_00062_202301,NPU_00062,2023-01-01,40656.81,salary,True
INC_NPU_00062_202302,NPU_00062,2023-02-02,40903.22,salary,True
INC_NPU_00062_202303,NPU_00062,2023-03-01,38771.06,salary,True
INC_NPU_00062_202304,NPU_00062,2023-04-05,39495.38,salary,True
INC_NPU_00062_202305,NPU_00062,2023-05-03,39744.76,salary,True
INC_NPU_00062_202306,NPU_00062,2023-06-01,39242.49,salary,True
INC_NPU_00062_202307,NPU_00062,2023-07-01,40428.02,salary,True
INC_NPU_00062_202308,NPU_00062,2023-08-01,39088.74,salary,True
INC_NPU_00062_202309,NPU_00062,2023-09-01,38963.63,salary,True
INC_NPU_00062_202310,NPU_00062,2023-10-01,38808.7,salary,True
INC_NPU_00062_202311,NPU_00062,2023-11-02,39237.2,salary,True
INC_NPU_00062_202312,NPU_00062,2023-12-01,37446.74,salary,True
INC_NPU_00062_202401,NPU_00062,2024-01-03,39272.85,salary,True
INC_NPU_00062_202402,NPU_00062,2024-02-01,39542.6,salary,True
INC_NPU_00062_202403,NPU_00062,2024-03-05,37726.39,salary,True
INC_NPU_00062_202404,NPU_00062,2024-04-01,39591.5,salary,True
INC_NPU_00062_202405,NPU_00062,2024-05-01,38638.65,salary,True
INC_NPU_00062_202406,NPU_00062,2024-06-01,39576.43,salary,True
INC_NPU_00062_202407,NPU_00062,2024-07-02,39560.1,salary,True
INC_NPU_00062_202408,NPU_00062,2024-08-03,39577.39,salary,True
INC_NPU_00062_202409,NPU_00062,2024-09-04,40080.87,salary,True
INC_NPU_00062_202410,NPU_00062,2024-10-04,37047.17,salary,True
INC_NPU_00062_202411,NPU_00062,2024-11-01,38609.26,salary,True
INC_NPU_00062_202412,NPU_00062,2024-12-02,39251.48,salary,True
INC_NPU_00062_202501,NPU_00062,2025-01-02,38107.1,salary,True
INC_NPU_00062_202502,NPU_00062,2025-02-01,40001.51,salary,True
INC_NPU_00062_202503,NPU_00062,2025-03-03,38716.31,salary,True
INC_NPU_00062_202504,NPU_00062,2025-04-01,40208.43,salary,True
INC_NPU_00062_202505,NPU_00062,2025-05-04,40238.8,salary,True
INC_NPU_00062_202506,NPU_00062,2025-06-02,39324.48,salary,True
INC_NPU_00062_202507,NPU_00062,2025-07-03,39284.39,salary,True
INC_NPU_00062_202508,NPU_00062,2025-08-02,38346.91,salary,True
INC_NPU_00062_202509,NPU_00062,2025-09-02,39470.14,salary,True
INC_NPU_00062_202510,NPU_00062,2025-10-05,40073.48,salary,True
INC_NPU_00062_202511,NPU_00062,2025-11-01,39673.18,salary,True
INC_NPU_00062_202512,NPU_00062,2025-12-02,40534.68,salary,True
INC_NPU_00063_202301,NPU_00063,2023-01-02,54071.77,salary,True
INC_NPU_00063_202302,NPU_00063,2023-02-03,54070.42,salary,True
INC_NPU_00063_202303,NPU_00063,2023-03-03,53521.72,salary,True
INC_NPU_00063_202304,NPU_00063,2023-04-01,56720.88,salary,True
INC_NPU_00063_202305,NPU_00063,2023-05-02,52937.3,salary,True
INC_NPU_00063_202306,NPU_00063,2023-06-01,55244.9,salary,True
INC_NPU_00063_202307,NPU_00063,2023-07-02,55353.99,salary,True
INC_NPU_00063_202308,NPU_00063,2023-08-02,55303.72,salary,True
INC_NPU_00063_202309,NPU_00063,2023-09-01,53603.04,salary,True
INC_NPU_00063_202310,NPU_00063,2023-10-05,53097.6,salary,True
INC_NPU_00063_202311,NPU_00063,2023-11-02,54295.14,salary,True
INC_NPU_00063_202312,NPU_00063,2023-12-01,55075.82,salary,True
INC_NPU_00063_202401,NPU_00063,2024-01-03,53815.89,salary,True
INC_NPU_00063_202402,NPU_00063,2024-02-01,54145.54,salary,True
INC_NPU_00063_202403,NPU_00063,2024-03-04,53833.44,salary,True
INC_NPU_00063_202404,NPU_00063,2024-04-03,54569.15,salary,True
INC_NPU_00063_202405,NPU_00063,2024-05-02,54497.98,salary,True
INC_NPU_00063_202406,NPU_00063,2024-06-01,56187.42,salary,True
INC_NPU_00063_202407,NPU_00063,2024-07-03,55100.66,salary,True
INC_NPU_00063_202408,NPU_00063,2024-08-02,53145.52,salary,True
INC_NPU_00063_202409,NPU_00063,2024-09-01,53220.72,salary,True
INC_NPU_00063_202410,NPU_00063,2024-10-01,55265.46,salary,True
INC_NPU_00063_202411,NPU_00063,2024-11-01,54486.49,salary,True
INC_NPU_00063_202412,NPU_00063,2024-12-01,56636.36,salary,True
INC_NPU_00063_202501,NPU_00063,2025-01-02,56632.37,salary,True
INC_NPU_00063_202502,NPU_00063,2025-02-02,53516.11,salary,True
INC_NPU_00063_202503,NPU_00063,2025-03-01,54793.99,salary,True
INC_NPU_00063_202504,NPU_00063,2025-04-01,53232.58,salary,True
INC_NPU_00063_202505,NPU_00063,2025-05-03,55245.76,salary,True
INC_NPU_00063_202506,NPU_00063,2025-06-02,56371.49,salary,True
INC_NPU_00063_202507,NPU_00063,2025-07-01,54638.08,salary,True
INC_NPU_00063_202508,NPU_00063,2025-08-03,54035.48,salary,True
INC_NPU_00063_202509,NPU_00063,2025-09-01,54905.32,salary,True
INC_NPU_00063_202510,NPU_00063,2025-10-05,55478.28,salary,True
INC_NPU_00063_202511,NPU_00063,2025-11-01,55486.33,salary,True
INC_NPU_00063_202512,NPU_00063,2025-12-01,54046.84,salary,True
INC_NPU_00064_202301,NPU_00064,2023-01-08,135710.85,freelance,True
INC_NPU_00064_202302,NPU_00064,2023-02-09,188872.65,freelance,True
INC_NPU_00064_202303,NPU_00064,2023-03-23,524889.63,freelance,True
INC_NPU_00064_202304,NPU_00064,2023-04-12,54030.5,freelance,True
INC_NPU_00064_202305,NPU_00064,2023-05-11,186445.7,freelance,True
INC_NPU_00064_202306,NPU_00064,2023-06-17,117462.04,freelance,True
INC_NPU_00064_202307,NPU_00064,2023-07-12,36782.03,freelance,True
INC_NPU_00064_202308,NPU_00064,2023-08-01,429150.33,freelance,True
INC_NPU_00064_202309,NPU_00064,2023-09-20,93468.14,freelance,True
INC_NPU_00064_202310,NPU_00064,2023-10-01,90851.85,freelance,True
INC_NPU_00064_202311,NPU_00064,2023-11-05,76222.0,freelance,True
INC_NPU_00064_202312,NPU_00064,2023-12-18,158796.62,freelance,True
INC_NPU_00064_202401,NPU_00064,2024-01-12,188484.94,freelance,True
INC_NPU_00064_202402,NPU_00064,2024-02-03,243160.79,freelance,True
INC_NPU_00064_202403,NPU_00064,2024-03-07,108430.66,freelance,True
INC_NPU_00064_202404,NPU_00064,2024-04-09,334945.72,freelance,True
INC_NPU_00064_202405,NPU_00064,2024-05-23,71707.46,freelance,True
INC_NPU_00064_202406,NPU_00064,2024-06-24,268133.3,freelance,True
INC_NPU_00064_202407,NPU_00064,2024-07-19,138508.01,freelance,True
INC_NPU_00064_202408,NPU_00064,2024-08-07,311590.29,freelance,True
INC_NPU_00064_202409,NPU_00064,2024-09-15,152622.54,freelance,True
INC_NPU_00064_202410,NPU_00064,2024-10-04,102669.02,freelance,True
INC_NPU_00064_202411,NPU_00064,2024-11-02,386089.49,freelance,True
INC_NPU_00064_202412,NPU_00064,2024-12-09,148858.48,freelance,True
INC_NPU_00064_202501,NPU_00064,2025-01-22,272394.02,freelance,True
INC_NPU_00064_202502,NPU_00064,2025-02-04,180396.2,freelance,True
INC_NPU_00064_202503,NPU_00064,2025-03-22,361010.98,freelance,True
INC_NPU_00064_202504,NPU_00064,2025-04-12,52582.57,freelance,True
INC_NPU_00064_202505,NPU_00064,2025-05-07,445832.17,freelance,True
INC_NPU_00064_202506,NPU_00064,2025-06-03,151631.92,freelance,True
INC_NPU_00064_202507,NPU_00064,2025-07-07,377093.57,freelance,True
INC_NPU_00064_202508,NPU_00064,2025-08-10,203491.23,freelance,True
INC_NPU_00064_202509,NPU_00064,2025-09-12,177304.52,freelance,True
INC_NPU_00064_202510,NPU_00064,2025-10-12,177486.99,freelance,True
INC_NPU_00064_202511,NPU_00064,2025-11-12,72886.71,freelance,True
INC_NPU_00064_202512,NPU_00064,2025-12-04,90862.16,freelance,True
INC_NPU_00065_202301,NPU_00065,2023-01-09,119598.51,freelance,True
INC_NPU_00065_202302,NPU_00065,2023-02-11,107472.14,freelance,True
INC_NPU_00065_202303,NPU_00065,2023-03-13,63917.61,freelance,True
INC_NPU_00065_202304,NPU_00065,2023-04-12,105114.94,freelance,True
INC_NPU_00065_202305,NPU_00065,2023-05-10,109064.73,freelance,True
INC_NPU_00065_202306,NPU_00065,2023-06-11,82892.52,freelance,True
INC_NPU_00065_202307,NPU_00065,2023-07-14,227045.54,freelance,True
INC_NPU_00065_202308,NPU_00065,2023-08-09,37252.07,freelance,True
INC_NPU_00065_202309,NPU_00065,2023-09-22,55737.66,freelance,True
INC_NPU_00065_202310,NPU_00065,2023-10-09,184229.87,freelance,True
INC_NPU_00065_202311,NPU_00065,2023-11-08,87616.98,freelance,True
INC_NPU_00065_202312,NPU_00065,2023-12-24,127529.99,freelance,True
INC_NPU_00065_202401,NPU_00065,2024-01-17,101962.3,freelance,True
INC_NPU_00065_202402,NPU_00065,2024-02-22,174387.72,freelance,True
INC_NPU_00065_202403,NPU_00065,2024-03-09,226506.18,freelance,True
INC_NPU_00065_202404,NPU_00065,2024-04-16,163347.45,freelance,True
INC_NPU_00065_202405,NPU_00065,2024-05-04,101533.94,freelance,True
INC_NPU_00065_202406,NPU_00065,2024-06-04,30154.86,freelance,True
INC_NPU_00065_202407,NPU_00065,2024-07-24,40823.54,freelance,True
INC_NPU_00065_202408,NPU_00065,2024-08-08,261958.6,freelance,True
INC_NPU_00065_202409,NPU_00065,2024-09-12,104323.25,freelance,True
INC_NPU_00065_202410,NPU_00065,2024-10-04,25485.32,freelance,True
INC_NPU_00065_202411,NPU_00065,2024-11-03,193557.63,freelance,True
INC_NPU_00065_202412,NPU_00065,2024-12-01,201621.57,freelance,True
INC_NPU_00065_202501,NPU_00065,2025-01-03,204255.98,freelance,True
INC_NPU_00065_202502,NPU_00065,2025-02-06,91910.11,freelance,True
INC_NPU_00065_202503,NPU_00065,2025-03-13,102926.97,freelance,True
INC_NPU_00065_202504,NPU_00065,2025-04-11,31421.03,freelance,True
INC_NPU_00065_202505,NPU_00065,2025-05-08,176161.98,freelance,True
INC_NPU_00065_202506,NPU_00065,2025-06-05,70314.4,freelance,True
INC_NPU_00065_202507,NPU_00065,2025-07-17,90112.32,freelance,True
INC_NPU_00065_202508,NPU_00065,2025-08-17,30351.37,freelance,True
INC_NPU_00065_202509,NPU_00065,2025-09-06,69291.25,freelance,True
INC_NPU_00065_202510,NPU_00065,2025-10-10,112034.86,freelance,True
INC_NPU_00065_202511,NPU_00065,2025-11-08,137345.55,freelance,True
INC_NPU_00065_202512,NPU_00065,2025-12-03,468858.26,freelance,True
INC_NPU_00066_202301,NPU_00066,2023-01-01,42698.03,salary,True
INC_NPU_00066_202302,NPU_00066,2023-02-02,44208.4,salary,True
INC_NPU_00066_202303,NPU_00066,2023-03-04,40954.8,salary,True
INC_NPU_00066_202304,NPU_00066,2023-04-04,45001.57,salary,True
INC_NPU_00066_202305,NPU_00066,2023-05-01,41811.66,salary,True
INC_NPU_00066_202306,NPU_00066,2023-06-02,41703.73,salary,True
INC_NPU_00066_202307,NPU_00066,2023-07-03,41981.76,salary,True
INC_NPU_00066_202308,NPU_00066,2023-08-01,42065.74,salary,True
INC_NPU_00066_202309,NPU_00066,2023-09-01,44072.14,salary,True
INC_NPU_00066_202310,NPU_00066,2023-10-03,42321.32,salary,True
INC_NPU_00066_202311,NPU_00066,2023-11-03,41197.82,salary,True
INC_NPU_00066_202312,NPU_00066,2023-12-03,42895.84,salary,True
INC_NPU_00066_202401,NPU_00066,2024-01-03,42320.34,salary,True
INC_NPU_00066_202402,NPU_00066,2024-02-01,42185.82,salary,True
INC_NPU_00066_202403,NPU_00066,2024-03-04,41875.88,salary,True
INC_NPU_00066_202404,NPU_00066,2024-04-04,44595.47,salary,True
INC_NPU_00066_202405,NPU_00066,2024-05-02,42503.69,salary,True
INC_NPU_00066_202406,NPU_00066,2024-06-02,41561.41,salary,True
INC_NPU_00066_202407,NPU_00066,2024-07-01,43845.58,salary,True
INC_NPU_00066_202408,NPU_00066,2024-08-02,43053.68,salary,True
INC_NPU_00066_202409,NPU_00066,2024-09-01,44307.33,salary,True
INC_NPU_00066_202410,NPU_00066,2024-10-02,42746.96,salary,True
INC_NPU_00066_202411,NPU_00066,2024-11-03,42012.5,salary,True
INC_NPU_00066_202412,NPU_00066,2024-12-04,41625.76,salary,True
INC_NPU_00066_202501,NPU_00066,2025-01-03,42887.9,salary,True
INC_NPU_00066_202502,NPU_00066,2025-02-05,43039.53,salary,True
INC_NPU_00066_202503,NPU_00066,2025-03-03,42695.91,salary,True
INC_NPU_00066_202504,NPU_00066,2025-04-01,43669.12,salary,True
INC_NPU_00066_202505,NPU_00066,2025-05-01,44032.07,salary,True
INC_NPU_00066_202506,NPU_00066,2025-06-02,42587.35,salary,True
INC_NPU_00066_202507,NPU_00066,2025-07-02,41413.51,salary,True
INC_NPU_00066_202508,NPU_00066,2025-08-01,43124.71,salary,True
INC_NPU_00066_202509,NPU_00066,2025-09-04,43874.77,salary,True
INC_NPU_00066_202510,NPU_00066,2025-10-01,42590.98,salary,True
INC_NPU_00066_202511,NPU_00066,2025-11-01,43332.65,salary,True
INC_NPU_00066_202512,NPU_00066,2025-12-02,41956.52,salary,True
INC_NPU_00067_202301,NPU_00067,2023-01-01,172212.8,salary,True
INC_NPU_00067_202302,NPU_00067,2023-02-03,173193.7,salary,True
INC_NPU_00067_202303,NPU_00067,2023-03-02,172309.9,salary,True
INC_NPU_00067_202304,NPU_00067,2023-04-03,178080.76,salary,True
INC_NPU_00067_202305,NPU_00067,2023-05-01,176321.58,salary,True
INC_NPU_00067_202306,NPU_00067,2023-06-02,173760.27,salary,True
INC_NPU_00067_202307,NPU_00067,2023-07-01,174922.23,salary,True
INC_NPU_00067_202308,NPU_00067,2023-08-05,174678.67,salary,True
INC_NPU_00067_202309,NPU_00067,2023-09-01,172188.65,salary,True
INC_NPU_00067_202310,NPU_00067,2023-10-01,171118.69,salary,True
INC_NPU_00067_202311,NPU_00067,2023-11-05,169815.19,salary,True
INC_NPU_00067_202312,NPU_00067,2023-12-01,167565.52,salary,True
INC_NPU_00067_202401,NPU_00067,2024-01-01,176509.28,salary,True
INC_NPU_00067_202402,NPU_00067,2024-02-02,178251.67,salary,True
INC_NPU_00067_202403,NPU_00067,2024-03-03,171431.88,salary,True
INC_NPU_00067_202404,NPU_00067,2024-04-01,171490.09,salary,True
INC_NPU_00067_202405,NPU_00067,2024-05-02,173342.54,salary,True
INC_NPU_00067_202406,NPU_00067,2024-06-04,170803.16,salary,True
INC_NPU_00067_202407,NPU_00067,2024-07-02,167939.94,salary,True
INC_NPU_00067_202408,NPU_00067,2024-08-01,166994.87,salary,True
INC_NPU_00067_202409,NPU_00067,2024-09-01,178094.62,salary,True
INC_NPU_00067_202410,NPU_00067,2024-10-01,165852.46,salary,True
INC_NPU_00067_202411,NPU_00067,2024-11-01,172441.36,salary,True
INC_NPU_00067_202412,NPU_00067,2024-12-01,166214.03,salary,True
INC_NPU_00067_202501,NPU_00067,2025-01-01,170965.74,salary,True
INC_NPU_00067_202502,NPU_00067,2025-02-01,170133.96,salary,True
INC_NPU_00067_202503,NPU_00067,2025-03-05,166666.56,salary,True
INC_NPU_00067_202504,NPU_00067,2025-04-03,173468.08,salary,True
INC_NPU_00067_202505,NPU_00067,2025-05-02,167725.72,salary,True
INC_NPU_00067_202506,NPU_00067,2025-06-04,166275.0,salary,True
INC_NPU_00067_202507,NPU_00067,2025-07-02,173862.28,salary,True
INC_NPU_00067_202508,NPU_00067,2025-08-02,170148.3,salary,True
INC_NPU_00067_202509,NPU_00067,2025-09-02,168782.61,salary,True
INC_NPU_00067_202510,NPU_00067,2025-10-03,174087.32,salary,True
INC_NPU_00067_202511,NPU_00067,2025-11-05,167572.11,salary,True
INC_NPU_00067_202512,NPU_00067,2025-12-02,165536.8,salary,True
INC_NPU_00068_202301,NPU_00068,2023-01-01,82690.15,salary,True
INC_NPU_00068_202302,NPU_00068,2023-02-01,83544.08,salary,True
INC_NPU_00068_202303,NPU_00068,2023-03-05,80442.07,salary,True
INC_NPU_00068_202304,NPU_00068,2023-04-02,76197.13,salary,True
INC_NPU_00068_202305,NPU_00068,2023-05-03,80421.13,salary,True
INC_NPU_00068_202306,NPU_00068,2023-06-04,82053.13,salary,True
INC_NPU_00068_202307,NPU_00068,2023-07-01,82499.84,salary,True
INC_NPU_00068_202308,NPU_00068,2023-08-01,79043.83,salary,True
INC_NPU_00068_202309,NPU_00068,2023-09-01,80173.54,salary,True
INC_NPU_00068_202310,NPU_00068,2023-10-01,81048.4,salary,True
INC_NPU_00068_202311,NPU_00068,2023-11-01,81950.04,salary,True
INC_NPU_00068_202312,NPU_00068,2023-12-01,81761.6,salary,True
INC_NPU_00068_202401,NPU_00068,2024-01-01,81479.98,salary,True
INC_NPU_00068_202402,NPU_00068,2024-02-01,82495.07,salary,True
INC_NPU_00068_202403,NPU_00068,2024-03-01,80553.53,salary,True
INC_NPU_00068_202404,NPU_00068,2024-04-01,83111.3,salary,True
INC_NPU_00068_202405,NPU_00068,2024-05-04,79769.78,salary,True
INC_NPU_00068_202406,NPU_00068,2024-06-01,81788.67,salary,True
INC_NPU_00068_202407,NPU_00068,2024-07-01,79981.78,salary,True
INC_NPU_00068_202408,NPU_00068,2024-08-02,80465.05,salary,True
INC_NPU_00068_202409,NPU_00068,2024-09-04,80707.76,salary,True
INC_NPU_00068_202410,NPU_00068,2024-10-02,79895.61,salary,True
INC_NPU_00068_202411,NPU_00068,2024-11-03,82575.02,salary,True
INC_NPU_00068_202412,NPU_00068,2024-12-01,80055.24,salary,True
INC_NPU_00068_202501,NPU_00068,2025-01-02,80625.52,salary,True
INC_NPU_00068_202502,NPU_00068,2025-02-01,81583.09,salary,True
INC_NPU_00068_202503,NPU_00068,2025-03-03,84675.61,salary,True
INC_NPU_00068_202504,NPU_00068,2025-04-01,81644.95,salary,True
INC_NPU_00068_202505,NPU_00068,2025-05-04,80763.59,salary,True
INC_NPU_00068_202506,NPU_00068,2025-06-01,77700.23,salary,True
INC_NPU_00068_202507,NPU_00068,2025-07-01,80423.18,salary,True
INC_NPU_00068_202508,NPU_00068,2025-08-01,79623.64,salary,True
INC_NPU_00068_202509,NPU_00068,2025-09-01,80153.16,salary,True
INC_NPU_00068_202510,NPU_00068,2025-10-05,79950.16,salary,True
INC_NPU_00068_202511,NPU_00068,2025-11-02,81566.05,salary,True
INC_NPU_00068_202512,NPU_00068,2025-12-01,80389.96,salary,True
INC_NPU_00069_202301,NPU_00069,2023-01-05,194565.04,salary,True
INC_NPU_00069_202302,NPU_00069,2023-02-02,201593.59,salary,True
INC_NPU_00069_202303,NPU_00069,2023-03-04,193273.76,salary,True
INC_NPU_00069_202304,NPU_00069,2023-04-04,198066.37,salary,True
INC_NPU_00069_202305,NPU_00069,2023-05-03,197438.97,salary,True
INC_NPU_00069_202306,NPU_00069,2023-06-02,199383.26,salary,True
INC_NPU_00069_202307,NPU_00069,2023-07-04,202544.38,salary,True
INC_NPU_00069_202308,NPU_00069,2023-08-01,208665.94,salary,True
INC_NPU_00069_202309,NPU_00069,2023-09-02,198244.45,salary,True
INC_NPU_00069_202310,NPU_00069,2023-10-01,195389.9,salary,True
INC_NPU_00069_202311,NPU_00069,2023-11-04,195040.18,salary,True
INC_NPU_00069_202312,NPU_00069,2023-12-02,195023.66,salary,True
INC_NPU_00069_202401,NPU_00069,2024-01-04,199234.05,salary,True
INC_NPU_00069_202402,NPU_00069,2024-02-04,189982.44,salary,True
INC_NPU_00069_202403,NPU_00069,2024-03-01,193066.0,salary,True
INC_NPU_00069_202404,NPU_00069,2024-04-04,199237.8,salary,True
INC_NPU_00069_202405,NPU_00069,2024-05-02,201809.98,salary,True
INC_NPU_00069_202406,NPU_00069,2024-06-01,201836.16,salary,True
INC_NPU_00069_202407,NPU_00069,2024-07-04,198428.65,salary,True
INC_NPU_00069_202408,NPU_00069,2024-08-01,201233.52,salary,True
INC_NPU_00069_202409,NPU_00069,2024-09-01,202623.28,salary,True
INC_NPU_00069_202410,NPU_00069,2024-10-02,196452.09,salary,True
INC_NPU_00069_202411,NPU_00069,2024-11-02,202155.4,salary,True
INC_NPU_00069_202412,NPU_00069,2024-12-01,191868.89,salary,True
INC_NPU_00069_202501,NPU_00069,2025-01-02,192970.45,salary,True
INC_NPU_00069_202502,NPU_00069,2025-02-02,196674.1,salary,True
INC_NPU_00069_202503,NPU_00069,2025-03-01,191441.13,salary,True
INC_NPU_00069_202504,NPU_00069,2025-04-04,200285.0,salary,True
INC_NPU_00069_202505,NPU_00069,2025-05-02,195886.98,salary,True
INC_NPU_00069_202506,NPU_00069,2025-06-04,197479.75,salary,True
INC_NPU_00069_202507,NPU_00069,2025-07-04,186399.06,salary,True
INC_NPU_00069_202508,NPU_00069,2025-08-02,197621.9,salary,True
INC_NPU_00069_202509,NPU_00069,2025-09-01,196579.12,salary,True
INC_NPU_00069_202510,NPU_00069,2025-10-01,195000.82,salary,True
INC_NPU_00069_202511,NPU_00069,2025-11-01,200082.45,salary,True
INC_NPU_00069_202512,NPU_00069,2025-12-01,195808.97,salary,True
INC_NPU_00070_202301,NPU_00070,2023-01-02,181672.98,salary,True
INC_NPU_00070_202302,NPU_00070,2023-02-02,183377.29,salary,True
INC_NPU_00070_202303,NPU_00070,2023-03-03,186284.42,salary,True
INC_NPU_00070_202304,NPU_00070,2023-04-05,185952.02,salary,True
INC_NPU_00070_202305,NPU_00070,2023-05-02,180350.38,salary,True
INC_NPU_00070_202306,NPU_00070,2023-06-01,179137.34,salary,True
INC_NPU_00070_202307,NPU_00070,2023-07-01,187105.54,salary,True
INC_NPU_00070_202308,NPU_00070,2023-08-01,180034.62,salary,True
INC_NPU_00070_202309,NPU_00070,2023-09-01,183828.09,salary,True
INC_NPU_00070_202310,NPU_00070,2023-10-02,175874.7,salary,True
INC_NPU_00070_202311,NPU_00070,2023-11-03,174617.19,salary,True
INC_NPU_00070_202312,NPU_00070,2023-12-01,182289.04,salary,True
INC_NPU_00070_202401,NPU_00070,2024-01-04,181185.0,salary,True
INC_NPU_00070_202402,NPU_00070,2024-02-01,184769.17,salary,True
INC_NPU_00070_202403,NPU_00070,2024-03-04,179348.74,salary,True
INC_NPU_00070_202404,NPU_00070,2024-04-01,183092.44,salary,True
INC_NPU_00070_202405,NPU_00070,2024-05-02,184557.5,salary,True
INC_NPU_00070_202406,NPU_00070,2024-06-03,179481.05,salary,True
INC_NPU_00070_202407,NPU_00070,2024-07-03,180844.63,salary,True
INC_NPU_00070_202408,NPU_00070,2024-08-02,178036.84,salary,True
INC_NPU_00070_202409,NPU_00070,2024-09-01,184910.1,salary,True
INC_NPU_00070_202410,NPU_00070,2024-10-02,184031.98,salary,True
INC_NPU_00070_202411,NPU_00070,2024-11-05,184315.85,salary,True
INC_NPU_00070_202412,NPU_00070,2024-12-01,181170.67,salary,True
INC_NPU_00070_202501,NPU_00070,2025-01-02,183966.32,salary,True
INC_NPU_00070_202502,NPU_00070,2025-02-03,172615.25,salary,True
INC_NPU_00070_202503,NPU_00070,2025-03-01,181478.15,salary,True
INC_NPU_00070_202504,NPU_00070,2025-04-01,187818.74,salary,True
INC_NPU_00070_202505,NPU_00070,2025-05-02,181996.28,salary,True
INC_NPU_00070_202506,NPU_00070,2025-06-03,185712.6,salary,True
INC_NPU_00070_202507,NPU_00070,2025-07-04,181190.21,salary,True
INC_NPU_00070_202508,NPU_00070,2025-08-03,186856.3,salary,True
INC_NPU_00070_202509,NPU_00070,2025-09-02,179128.86,salary,True
INC_NPU_00070_202510,NPU_00070,2025-10-03,183552.07,salary,True
INC_NPU_00070_202511,NPU_00070,2025-11-02,179757.73,salary,True
INC_NPU_00070_202512,NPU_00070,2025-12-02,182931.79,salary,True
INC_NPU_00071_202301,NPU_00071,2023-01-02,16845.72,salary,True
INC_NPU_00071_202302,NPU_00071,2023-02-04,17026.4,salary,True
INC_NPU_00071_202303,NPU_00071,2023-03-02,16890.64,salary,True
INC_NPU_00071_202304,NPU_00071,2023-04-02,17254.32,salary,True
INC_NPU_00071_202305,NPU_00071,2023-05-01,17187.93,salary,True
INC_NPU_00071_202306,NPU_00071,2023-06-01,16807.22,salary,True
INC_NPU_00071_202307,NPU_00071,2023-07-02,16798.33,salary,True
INC_NPU_00071_202308,NPU_00071,2023-08-02,16732.66,salary,True
INC_NPU_00071_202309,NPU_00071,2023-09-01,16671.74,salary,True
INC_NPU_00071_202310,NPU_00071,2023-10-03,17278.6,salary,True
INC_NPU_00071_202311,NPU_00071,2023-11-02,16715.41,salary,True
INC_NPU_00071_202312,NPU_00071,2023-12-02,17143.83,salary,True
INC_NPU_00071_202401,NPU_00071,2024-01-01,16862.95,salary,True
INC_NPU_00071_202402,NPU_00071,2024-02-02,17364.35,salary,True
INC_NPU_00071_202403,NPU_00071,2024-03-02,17668.74,salary,True
INC_NPU_00071_202404,NPU_00071,2024-04-01,16079.85,salary,True
INC_NPU_00071_202405,NPU_00071,2024-05-02,16755.56,salary,True
INC_NPU_00071_202406,NPU_00071,2024-06-01,16857.75,salary,True
INC_NPU_00071_202407,NPU_00071,2024-07-05,16961.73,salary,True
INC_NPU_00071_202408,NPU_00071,2024-08-03,16941.46,salary,True
INC_NPU_00071_202409,NPU_00071,2024-09-03,16597.53,salary,True
INC_NPU_00071_202410,NPU_00071,2024-10-02,17677.53,salary,True
INC_NPU_00071_202411,NPU_00071,2024-11-02,16953.3,salary,True
INC_NPU_00071_202412,NPU_00071,2024-12-05,17186.35,salary,True
INC_NPU_00071_202501,NPU_00071,2025-01-01,17197.18,salary,True
INC_NPU_00071_202502,NPU_00071,2025-02-02,16529.4,salary,True
INC_NPU_00071_202503,NPU_00071,2025-03-01,16908.8,salary,True
INC_NPU_00071_202504,NPU_00071,2025-04-01,17278.58,salary,True
INC_NPU_00071_202505,NPU_00071,2025-05-01,17507.72,salary,True
INC_NPU_00071_202506,NPU_00071,2025-06-04,16915.59,salary,True
INC_NPU_00071_202507,NPU_00071,2025-07-01,16581.14,salary,True
INC_NPU_00071_202508,NPU_00071,2025-08-01,16830.61,salary,True
INC_NPU_00071_202509,NPU_00071,2025-09-01,16901.63,salary,True
INC_NPU_00071_202510,NPU_00071,2025-10-02,16889.45,salary,True
INC_NPU_00071_202511,NPU_00071,2025-11-02,16733.0,salary,True
INC_NPU_00071_202512,NPU_00071,2025-12-01,16549.48,salary,True
INC_NPU_00072_202301,NPU_00072,2023-01-02,7837.36,salary,True
INC_NPU_00072_202302,NPU_00072,2023-02-01,7921.57,salary,True
INC_NPU_00072_202303,NPU_00072,2023-03-01,8128.22,salary,True
INC_NPU_00072_202304,NPU_00072,2023-04-03,8190.48,salary,True
INC_NPU_00072_202305,NPU_00072,2023-05-04,8029.48,salary,True
INC_NPU_00072_202306,NPU_00072,2023-06-05,7841.35,salary,True
INC_NPU_00072_202307,NPU_00072,2023-07-01,7929.99,salary,True
INC_NPU_00072_202308,NPU_00072,2023-08-02,7694.11,salary,True
INC_NPU_00072_202309,NPU_00072,2023-09-01,8242.56,salary,True
INC_NPU_00072_202310,NPU_00072,2023-10-01,7906.37,salary,True
INC_NPU_00072_202311,NPU_00072,2023-11-01,8073.57,salary,True
INC_NPU_00072_202312,NPU_00072,2023-12-01,8177.62,salary,True
INC_NPU_00072_202401,NPU_00072,2024-01-05,8293.01,salary,True
INC_NPU_00072_202402,NPU_00072,2024-02-02,8146.9,salary,True
INC_NPU_00072_202403,NPU_00072,2024-03-01,7947.03,salary,True
INC_NPU_00072_202404,NPU_00072,2024-04-04,8095.32,salary,True
INC_NPU_00072_202405,NPU_00072,2024-05-04,8285.62,salary,True
INC_NPU_00072_202406,NPU_00072,2024-06-01,7904.98,salary,True
INC_NPU_00072_202407,NPU_00072,2024-07-02,7781.04,salary,True
INC_NPU_00072_202408,NPU_00072,2024-08-03,7875.49,salary,True
INC_NPU_00072_202409,NPU_00072,2024-09-03,8084.01,salary,True
INC_NPU_00072_202410,NPU_00072,2024-10-02,7950.9,salary,True
INC_NPU_00072_202411,NPU_00072,2024-11-03,7997.52,salary,True
INC_NPU_00072_202412,NPU_00072,2024-12-02,8111.36,salary,True
INC_NPU_00072_202501,NPU_00072,2025-01-01,7872.27,salary,True
INC_NPU_00072_202502,NPU_00072,2025-02-04,7989.76,salary,True
INC_NPU_00072_202503,NPU_00072,2025-03-05,7927.38,salary,True
INC_NPU_00072_202504,NPU_00072,2025-04-03,8277.61,salary,True
INC_NPU_00072_202505,NPU_00072,2025-05-03,8141.41,salary,True
INC_NPU_00072_202506,NPU_00072,2025-06-03,7951.95,salary,True
INC_NPU_00072_202507,NPU_00072,2025-07-02,7943.39,salary,True
INC_NPU_00072_202508,NPU_00072,2025-08-01,8299.56,salary,True
INC_NPU_00072_202509,NPU_00072,2025-09-02,8282.95,salary,True
INC_NPU_00072_202510,NPU_00072,2025-10-02,8082.91,salary,True
INC_NPU_00072_202511,NPU_00072,2025-11-03,8004.76,salary,True
INC_NPU_00072_202512,NPU_00072,2025-12-03,7813.16,salary,True
INC_NPU_00073_202301,NPU_00073,2023-01-04,114902.52,salary,True
INC_NPU_00073_202302,NPU_00073,2023-02-05,113818.67,salary,True
INC_NPU_00073_202303,NPU_00073,2023-03-02,119395.5,salary,True
INC_NPU_00073_202304,NPU_00073,2023-04-02,114006.22,salary,True
INC_NPU_00073_202305,NPU_00073,2023-05-02,115845.92,salary,True
INC_NPU_00073_202306,NPU_00073,2023-06-04,112587.22,salary,True
INC_NPU_00073_202307,NPU_00073,2023-07-01,113304.87,salary,True
INC_NPU_00073_202308,NPU_00073,2023-08-01,118437.45,salary,True
INC_NPU_00073_202309,NPU_00073,2023-09-02,117530.19,salary,True
INC_NPU_00073_202310,NPU_00073,2023-10-02,116852.1,salary,True
INC_NPU_00073_202311,NPU_00073,2023-11-03,115886.63,salary,True
INC_NPU_00073_202312,NPU_00073,2023-12-01,113046.06,salary,True
INC_NPU_00073_202401,NPU_00073,2024-01-02,115586.2,salary,True
INC_NPU_00073_202402,NPU_00073,2024-02-04,116412.5,salary,True
INC_NPU_00073_202403,NPU_00073,2024-03-03,118266.14,salary,True
INC_NPU_00073_202404,NPU_00073,2024-04-05,119248.51,salary,True
INC_NPU_00073_202405,NPU_00073,2024-05-01,118515.7,salary,True
INC_NPU_00073_202406,NPU_00073,2024-06-01,117515.87,salary,True
INC_NPU_00073_202407,NPU_00073,2024-07-02,116816.64,salary,True
INC_NPU_00073_202408,NPU_00073,2024-08-01,117277.8,salary,True
INC_NPU_00073_202409,NPU_00073,2024-09-01,115439.28,salary,True
INC_NPU_00073_202410,NPU_00073,2024-10-04,117012.77,salary,True
INC_NPU_00073_202411,NPU_00073,2024-11-03,116399.48,salary,True
INC_NPU_00073_202412,NPU_00073,2024-12-03,122174.94,salary,True
INC_NPU_00073_202501,NPU_00073,2025-01-04,117337.4,salary,True
INC_NPU_00073_202502,NPU_00073,2025-02-03,112080.42,salary,True
INC_NPU_00073_202503,NPU_00073,2025-03-02,115768.05,salary,True
INC_NPU_00073_202504,NPU_00073,2025-04-04,116147.76,salary,True
INC_NPU_00073_202505,NPU_00073,2025-05-04,118848.25,salary,True
INC_NPU_00073_202506,NPU_00073,2025-06-01,117632.74,salary,True
INC_NPU_00073_202507,NPU_00073,2025-07-01,117511.09,salary,True
INC_NPU_00073_202508,NPU_00073,2025-08-01,119928.24,salary,True
INC_NPU_00073_202509,NPU_00073,2025-09-01,120840.94,salary,True
INC_NPU_00073_202510,NPU_00073,2025-10-01,118433.76,salary,True
INC_NPU_00073_202511,NPU_00073,2025-11-01,115935.05,salary,True
INC_NPU_00073_202512,NPU_00073,2025-12-05,116001.73,salary,True
INC_NPU_00074_202301,NPU_00074,2023-01-01,65242.61,salary,True
INC_NPU_00074_202302,NPU_00074,2023-02-01,71210.06,salary,True
INC_NPU_00074_202303,NPU_00074,2023-03-02,69080.12,salary,True
INC_NPU_00074_202304,NPU_00074,2023-04-02,69475.64,salary,True
INC_NPU_00074_202305,NPU_00074,2023-05-01,68916.78,salary,True
INC_NPU_00074_202306,NPU_00074,2023-06-01,68100.22,salary,True
INC_NPU_00074_202307,NPU_00074,2023-07-01,72612.91,salary,True
INC_NPU_00074_202308,NPU_00074,2023-08-01,69484.9,salary,True
INC_NPU_00074_202309,NPU_00074,2023-09-04,71649.54,salary,True
INC_NPU_00074_202310,NPU_00074,2023-10-03,69098.06,salary,True
INC_NPU_00074_202311,NPU_00074,2023-11-01,68685.86,salary,True
INC_NPU_00074_202312,NPU_00074,2023-12-05,70405.05,salary,True
INC_NPU_00074_202401,NPU_00074,2024-01-01,71011.05,salary,True
INC_NPU_00074_202402,NPU_00074,2024-02-02,71110.73,salary,True
INC_NPU_00074_202403,NPU_00074,2024-03-05,69310.68,salary,True
INC_NPU_00074_202404,NPU_00074,2024-04-01,70556.06,salary,True
INC_NPU_00074_202405,NPU_00074,2024-05-01,68823.87,salary,True
INC_NPU_00074_202406,NPU_00074,2024-06-04,69668.5,salary,True
INC_NPU_00074_202407,NPU_00074,2024-07-02,69179.18,salary,True
INC_NPU_00074_202408,NPU_00074,2024-08-01,68974.11,salary,True
INC_NPU_00074_202409,NPU_00074,2024-09-01,69725.74,salary,True
INC_NPU_00074_202410,NPU_00074,2024-10-01,68067.58,salary,True
INC_NPU_00074_202411,NPU_00074,2024-11-03,70881.76,salary,True
INC_NPU_00074_202412,NPU_00074,2024-12-02,68979.47,salary,True
INC_NPU_00074_202501,NPU_00074,2025-01-03,70808.52,salary,True
INC_NPU_00074_202502,NPU_00074,2025-02-01,68318.22,salary,True
INC_NPU_00074_202503,NPU_00074,2025-03-03,68974.88,salary,True
INC_NPU_00074_202504,NPU_00074,2025-04-01,68063.44,salary,True
INC_NPU_00074_202505,NPU_00074,2025-05-01,68017.18,salary,True
INC_NPU_00074_202506,NPU_00074,2025-06-04,68480.97,salary,True
INC_NPU_00074_202507,NPU_00074,2025-07-03,68337.54,salary,True
INC_NPU_00074_202508,NPU_00074,2025-08-02,68073.75,salary,True
INC_NPU_00074_202509,NPU_00074,2025-09-03,69573.46,salary,True
INC_NPU_00074_202510,NPU_00074,2025-10-01,70376.29,salary,True
INC_NPU_00074_202511,NPU_00074,2025-11-02,70452.22,salary,True
INC_NPU_00074_202512,NPU_00074,2025-12-04,67234.81,salary,True
INC_NPU_00075_202301,NPU_00075,2023-01-21,219250.94,business,True
INC_NPU_00075_202302,NPU_00075,2023-02-16,213035.58,business,True
INC_NPU_00075_202303,NPU_00075,2023-03-06,159176.96,business,True
INC_NPU_00075_202304,NPU_00075,2023-04-06,153623.32,business,True
INC_NPU_00075_202305,NPU_00075,2023-05-21,221677.22,business,True
INC_NPU_00075_202306,NPU_00075,2023-06-06,233277.97,business,True
INC_NPU_00075_202307,NPU_00075,2023-07-21,175469.97,business,True
INC_NPU_00075_202308,NPU_00075,2023-08-01,219705.15,business,True
INC_NPU_00075_202309,NPU_00075,2023-09-21,187574.73,business,True
INC_NPU_00075_202310,NPU_00075,2023-10-16,154601.5,business,True
INC_NPU_00075_202311,NPU_00075,2023-11-11,300424.63,business,True
INC_NPU_00075_202312,NPU_00075,2023-12-01,249195.35,business,True
INC_NPU_00075_202401,NPU_00075,2024-01-16,362712.04,business,True
INC_NPU_00075_202402,NPU_00075,2024-02-16,189339.4,business,True
INC_NPU_00075_202403,NPU_00075,2024-03-11,199728.13,business,True
INC_NPU_00075_202404,NPU_00075,2024-04-21,229062.92,business,True
INC_NPU_00075_202405,NPU_00075,2024-05-21,183474.72,business,True
INC_NPU_00075_202406,NPU_00075,2024-06-06,198940.84,business,True
INC_NPU_00075_202407,NPU_00075,2024-07-16,262233.12,business,True
INC_NPU_00075_202408,NPU_00075,2024-08-01,337360.65,business,True
INC_NPU_00075_202409,NPU_00075,2024-09-06,423236.94,business,True
INC_NPU_00075_202410,NPU_00075,2024-10-06,356395.97,business,True
INC_NPU_00075_202411,NPU_00075,2024-11-21,296284.01,business,True
INC_NPU_00075_202412,NPU_00075,2024-12-11,410157.93,business,True
INC_NPU_00075_202501,NPU_00075,2025-01-21,313135.42,business,True
INC_NPU_00075_202502,NPU_00075,2025-02-11,221343.67,business,True
INC_NPU_00075_202503,NPU_00075,2025-03-21,232498.79,business,True
INC_NPU_00075_202504,NPU_00075,2025-04-11,283627.48,business,True
INC_NPU_00075_202505,NPU_00075,2025-05-11,189650.29,business,True
INC_NPU_00075_202506,NPU_00075,2025-06-01,116132.9,business,True
INC_NPU_00075_202507,NPU_00075,2025-07-21,394734.41,business,True
INC_NPU_00075_202508,NPU_00075,2025-08-01,269875.39,business,True
INC_NPU_00075_202509,NPU_00075,2025-09-06,364534.87,business,True
INC_NPU_00075_202510,NPU_00075,2025-10-16,363067.7,business,True
INC_NPU_00075_202511,NPU_00075,2025-11-11,162189.41,business,True
INC_NPU_00075_202512,NPU_00075,2025-12-16,326170.18,business,True
INC_NPU_00076_202301,NPU_00076,2023-01-03,102527.19,salary,True
INC_NPU_00076_202302,NPU_00076,2023-02-02,99713.65,salary,True
INC_NPU_00076_202303,NPU_00076,2023-03-05,105049.16,salary,True
INC_NPU_00076_202304,NPU_00076,2023-04-04,103244.45,salary,True
INC_NPU_00076_202305,NPU_00076,2023-05-04,106121.16,salary,True
INC_NPU_00076_202306,NPU_00076,2023-06-01,105386.87,salary,True
INC_NPU_00076_202307,NPU_00076,2023-07-02,101187.21,salary,True
INC_NPU_00076_202308,NPU_00076,2023-08-02,99878.61,salary,True
INC_NPU_00076_202309,NPU_00076,2023-09-05,99828.62,salary,True
INC_NPU_00076_202310,NPU_00076,2023-10-03,100746.22,salary,True
INC_NPU_00076_202311,NPU_00076,2023-11-02,101022.21,salary,True
INC_NPU_00076_202312,NPU_00076,2023-12-02,101533.64,salary,True
INC_NPU_00076_202401,NPU_00076,2024-01-03,103521.66,salary,True
INC_NPU_00076_202402,NPU_00076,2024-02-01,101466.79,salary,True
INC_NPU_00076_202403,NPU_00076,2024-03-01,102255.38,salary,True
INC_NPU_00076_202404,NPU_00076,2024-04-05,99117.2,salary,True
INC_NPU_00076_202405,NPU_00076,2024-05-01,100631.42,salary,True
INC_NPU_00076_202406,NPU_00076,2024-06-03,100545.97,salary,True
INC_NPU_00076_202407,NPU_00076,2024-07-01,98822.32,salary,True
INC_NPU_00076_202408,NPU_00076,2024-08-01,101418.2,salary,True
INC_NPU_00076_202409,NPU_00076,2024-09-01,99129.62,salary,True
INC_NPU_00076_202410,NPU_00076,2024-10-02,101281.07,salary,True
INC_NPU_00076_202411,NPU_00076,2024-11-02,102410.14,salary,True
INC_NPU_00076_202412,NPU_00076,2024-12-03,105117.74,salary,True
INC_NPU_00076_202501,NPU_00076,2025-01-01,100451.87,salary,True
INC_NPU_00076_202502,NPU_00076,2025-02-03,102353.24,salary,True
INC_NPU_00076_202503,NPU_00076,2025-03-01,100874.02,salary,True
INC_NPU_00076_202504,NPU_00076,2025-04-01,99034.7,salary,True
INC_NPU_00076_202505,NPU_00076,2025-05-02,105145.78,salary,True
INC_NPU_00076_202506,NPU_00076,2025-06-02,102502.23,salary,True
INC_NPU_00076_202507,NPU_00076,2025-07-01,103134.49,salary,True
INC_NPU_00076_202508,NPU_00076,2025-08-02,105531.19,salary,True
INC_NPU_00076_202509,NPU_00076,2025-09-03,101271.68,salary,True
INC_NPU_00076_202510,NPU_00076,2025-10-04,99622.98,salary,True
INC_NPU_00076_202511,NPU_00076,2025-11-03,100425.54,salary,True
INC_NPU_00076_202512,NPU_00076,2025-12-01,99459.83,salary,True
INC_NPU_00077_202301,NPU_00077,2023-01-01,30690.13,salary,True
INC_NPU_00077_202302,NPU_00077,2023-02-02,31210.96,salary,True
INC_NPU_00077_202303,NPU_00077,2023-03-03,30084.66,salary,True
INC_NPU_00077_202304,NPU_00077,2023-04-01,30435.68,salary,True
INC_NPU_00077_202305,NPU_00077,2023-05-01,30598.43,salary,True
INC_NPU_00077_202306,NPU_00077,2023-06-01,31056.53,salary,True
INC_NPU_00077_202307,NPU_00077,2023-07-01,31178.78,salary,True
INC_NPU_00077_202308,NPU_00077,2023-08-02,28916.55,salary,True
INC_NPU_00077_202309,NPU_00077,2023-09-01,29655.39,salary,True
INC_NPU_00077_202310,NPU_00077,2023-10-02,30016.08,salary,True
INC_NPU_00077_202311,NPU_00077,2023-11-02,29586.91,salary,True
INC_NPU_00077_202312,NPU_00077,2023-12-03,29848.09,salary,True
INC_NPU_00077_202401,NPU_00077,2024-01-02,30263.2,salary,True
INC_NPU_00077_202402,NPU_00077,2024-02-04,28701.55,salary,True
INC_NPU_00077_202403,NPU_00077,2024-03-03,30246.33,salary,True
INC_NPU_00077_202404,NPU_00077,2024-04-02,30576.69,salary,True
INC_NPU_00077_202405,NPU_00077,2024-05-04,30029.27,salary,True
INC_NPU_00077_202406,NPU_00077,2024-06-02,28632.79,salary,True
INC_NPU_00077_202407,NPU_00077,2024-07-02,29799.67,salary,True
INC_NPU_00077_202408,NPU_00077,2024-08-03,30201.93,salary,True
INC_NPU_00077_202409,NPU_00077,2024-09-04,30623.49,salary,True
INC_NPU_00077_202410,NPU_00077,2024-10-02,30525.44,salary,True
INC_NPU_00077_202411,NPU_00077,2024-11-02,29947.58,salary,True
INC_NPU_00077_202412,NPU_00077,2024-12-01,29618.86,salary,True
INC_NPU_00077_202501,NPU_00077,2025-01-04,29974.71,salary,True
INC_NPU_00077_202502,NPU_00077,2025-02-04,28989.08,salary,True
INC_NPU_00077_202503,NPU_00077,2025-03-01,29671.93,salary,True
INC_NPU_00077_202504,NPU_00077,2025-04-03,30743.82,salary,True
INC_NPU_00077_202505,NPU_00077,2025-05-01,29972.92,salary,True
INC_NPU_00077_202506,NPU_00077,2025-06-02,30227.85,salary,True
INC_NPU_00077_202507,NPU_00077,2025-07-03,29202.33,salary,True
INC_NPU_00077_202508,NPU_00077,2025-08-01,30618.91,salary,True
INC_NPU_00077_202509,NPU_00077,2025-09-05,29917.53,salary,True
INC_NPU_00077_202510,NPU_00077,2025-10-03,30206.89,salary,True
INC_NPU_00077_202511,NPU_00077,2025-11-02,30336.77,salary,True
INC_NPU_00077_202512,NPU_00077,2025-12-01,30594.16,salary,True
INC_NPU_00078_202301,NPU_00078,2023-01-04,81803.32,salary,True
INC_NPU_00078_202302,NPU_00078,2023-02-03,81312.96,salary,True
INC_NPU_00078_202303,NPU_00078,2023-03-03,79634.3,salary,True
INC_NPU_00078_202304,NPU_00078,2023-04-04,79202.73,salary,True
INC_NPU_00078_202305,NPU_00078,2023-05-02,81770.51,salary,True
INC_NPU_00078_202306,NPU_00078,2023-06-04,82072.89,salary,True
INC_NPU_00078_202307,NPU_00078,2023-07-02,82341.76,salary,True
INC_NPU_00078_202308,NPU_00078,2023-08-01,80193.59,salary,True
INC_NPU_00078_202309,NPU_00078,2023-09-01,80622.78,salary,True
INC_NPU_00078_202310,NPU_00078,2023-10-01,81741.17,salary,True
INC_NPU_00078_202311,NPU_00078,2023-11-02,80809.99,salary,True
INC_NPU_00078_202312,NPU_00078,2023-12-01,85587.59,salary,True
INC_NPU_00078_202401,NPU_00078,2024-01-04,80590.51,salary,True
INC_NPU_00078_202402,NPU_00078,2024-02-02,82186.25,salary,True
INC_NPU_00078_202403,NPU_00078,2024-03-01,82873.58,salary,True
INC_NPU_00078_202404,NPU_00078,2024-04-01,82981.77,salary,True
INC_NPU_00078_202405,NPU_00078,2024-05-03,80783.13,salary,True
INC_NPU_00078_202406,NPU_00078,2024-06-05,82423.23,salary,True
INC_NPU_00078_202407,NPU_00078,2024-07-01,82208.92,salary,True
INC_NPU_00078_202408,NPU_00078,2024-08-01,82496.51,salary,True
INC_NPU_00078_202409,NPU_00078,2024-09-01,81719.62,salary,True
INC_NPU_00078_202410,NPU_00078,2024-10-01,82886.29,salary,True
INC_NPU_00078_202411,NPU_00078,2024-11-03,81909.92,salary,True
INC_NPU_00078_202412,NPU_00078,2024-12-01,79460.48,salary,True
INC_NPU_00078_202501,NPU_00078,2025-01-02,81860.53,salary,True
INC_NPU_00078_202502,NPU_00078,2025-02-04,82050.41,salary,True
INC_NPU_00078_202503,NPU_00078,2025-03-01,82761.12,salary,True
INC_NPU_00078_202504,NPU_00078,2025-04-01,81772.46,salary,True
INC_NPU_00078_202505,NPU_00078,2025-05-01,84418.88,salary,True
INC_NPU_00078_202506,NPU_00078,2025-06-01,81368.16,salary,True
INC_NPU_00078_202507,NPU_00078,2025-07-05,80703.89,salary,True
INC_NPU_00078_202508,NPU_00078,2025-08-02,83759.25,salary,True
INC_NPU_00078_202509,NPU_00078,2025-09-03,81324.77,salary,True
INC_NPU_00078_202510,NPU_00078,2025-10-01,81620.29,salary,True
INC_NPU_00078_202511,NPU_00078,2025-11-02,82051.11,salary,True
INC_NPU_00078_202512,NPU_00078,2025-12-04,81911.19,salary,True
INC_NPU_00079_202301,NPU_00079,2023-01-11,178782.23,business,True
INC_NPU_00079_202302,NPU_00079,2023-02-01,184625.34,business,True
INC_NPU_00079_202303,NPU_00079,2023-03-21,113680.77,business,True
INC_NPU_00079_202304,NPU_00079,2023-04-16,127308.1,business,True
INC_NPU_00079_202305,NPU_00079,2023-05-11,108166.55,business,True
INC_NPU_00079_202306,NPU_00079,2023-06-06,111561.05,business,True
INC_NPU_00079_202307,NPU_00079,2023-07-01,120978.49,business,True
INC_NPU_00079_202308,NPU_00079,2023-08-21,125727.0,business,True
INC_NPU_00079_202309,NPU_00079,2023-09-01,141011.98,business,True
INC_NPU_00079_202310,NPU_00079,2023-10-01,191554.63,business,True
INC_NPU_00079_202311,NPU_00079,2023-11-11,192348.45,business,True
INC_NPU_00079_202312,NPU_00079,2023-12-06,175308.39,business,True
INC_NPU_00079_202401,NPU_00079,2024-01-16,152530.48,business,True
INC_NPU_00079_202402,NPU_00079,2024-02-21,116839.0,business,True
INC_NPU_00079_202403,NPU_00079,2024-03-06,219699.2,business,True
INC_NPU_00079_202404,NPU_00079,2024-04-16,121182.35,business,True
INC_NPU_00079_202405,NPU_00079,2024-05-11,150993.56,business,True
INC_NPU_00079_202406,NPU_00079,2024-06-01,106359.46,business,True
INC_NPU_00079_202407,NPU_00079,2024-07-06,157367.38,business,True
INC_NPU_00079_202408,NPU_00079,2024-08-01,112115.17,business,True
INC_NPU_00079_202409,NPU_00079,2024-09-21,95731.55,business,True
INC_NPU_00079_202410,NPU_00079,2024-10-21,133467.75,business,True
INC_NPU_00079_202411,NPU_00079,2024-11-16,145439.36,business,True
INC_NPU_00079_202412,NPU_00079,2024-12-06,181364.63,business,True
INC_NPU_00079_202501,NPU_00079,2025-01-01,146294.79,business,True
INC_NPU_00079_202502,NPU_00079,2025-02-06,141233.49,business,True
INC_NPU_00079_202503,NPU_00079,2025-03-21,117819.34,business,True
INC_NPU_00079_202504,NPU_00079,2025-04-01,102154.39,business,True
INC_NPU_00079_202505,NPU_00079,2025-05-21,175408.8,business,True
INC_NPU_00079_202506,NPU_00079,2025-06-11,196518.67,business,True
INC_NPU_00079_202507,NPU_00079,2025-07-06,134794.44,business,True
INC_NPU_00079_202508,NPU_00079,2025-08-16,106537.89,business,True
INC_NPU_00079_202509,NPU_00079,2025-09-16,121748.42,business,True
INC_NPU_00079_202510,NPU_00079,2025-10-16,211968.32,business,True
INC_NPU_00079_202511,NPU_00079,2025-11-01,245984.95,business,True
INC_NPU_00079_202512,NPU_00079,2025-12-21,258943.88,business,True
INC_NPU_00080_202301,NPU_00080,2023-01-01,102494.81,business,True
INC_NPU_00080_202302,NPU_00080,2023-02-01,84272.64,business,True
INC_NPU_00080_202303,NPU_00080,2023-03-16,126820.37,business,True
INC_NPU_00080_202304,NPU_00080,2023-04-11,79856.74,business,True
INC_NPU_00080_202305,NPU_00080,2023-05-16,128601.0,business,True
INC_NPU_00080_202306,NPU_00080,2023-06-21,127077.41,business,True
INC_NPU_00080_202307,NPU_00080,2023-07-21,146738.05,business,True
INC_NPU_00080_202308,NPU_00080,2023-08-21,83598.51,business,True
INC_NPU_00080_202309,NPU_00080,2023-09-16,96975.23,business,True
INC_NPU_00080_202310,NPU_00080,2023-10-16,108456.32,business,True
INC_NPU_00080_202311,NPU_00080,2023-11-11,115277.09,business,True
INC_NPU_00080_202312,NPU_00080,2023-12-11,184752.91,business,True
INC_NPU_00080_202401,NPU_00080,2024-01-01,90097.32,business,True
INC_NPU_00080_202402,NPU_00080,2024-02-06,81805.12,business,True
INC_NPU_00080_202403,NPU_00080,2024-03-16,114267.8,business,True
INC_NPU_00080_202404,NPU_00080,2024-04-21,156980.05,business,True
INC_NPU_00080_202405,NPU_00080,2024-05-16,98556.91,business,True
INC_NPU_00080_202406,NPU_00080,2024-06-01,126857.61,business,True
INC_NPU_00080_202407,NPU_00080,2024-07-06,95081.06,business,True
INC_NPU_00080_202408,NPU_00080,2024-08-06,93298.0,business,True
INC_NPU_00080_202409,NPU_00080,2024-09-11,134490.9,business,True
INC_NPU_00080_202410,NPU_00080,2024-10-06,128794.97,business,True
INC_NPU_00080_202411,NPU_00080,2024-11-01,132504.75,business,True
INC_NPU_00080_202412,NPU_00080,2024-12-16,72126.29,business,True
INC_NPU_00080_202501,NPU_00080,2025-01-11,128352.32,business,True
INC_NPU_00080_202502,NPU_00080,2025-02-16,93666.96,business,True
INC_NPU_00080_202503,NPU_00080,2025-03-06,213854.12,business,True
INC_NPU_00080_202504,NPU_00080,2025-04-16,89537.66,business,True
INC_NPU_00080_202505,NPU_00080,2025-05-16,157982.83,business,True
INC_NPU_00080_202506,NPU_00080,2025-06-01,97757.1,business,True
INC_NPU_00080_202507,NPU_00080,2025-07-06,162621.79,business,True
INC_NPU_00080_202508,NPU_00080,2025-08-01,69981.61,business,True
INC_NPU_00080_202509,NPU_00080,2025-09-21,131618.61,business,True
INC_NPU_00080_202510,NPU_00080,2025-10-16,177446.12,business,True
INC_NPU_00080_202511,NPU_00080,2025-11-21,93210.04,business,True
INC_NPU_00080_202512,NPU_00080,2025-12-21,190455.96,business,True
INC_NPU_00081_202301,NPU_00081,2023-01-01,158751.45,salary,True
INC_NPU_00081_202302,NPU_00081,2023-02-02,162755.26,salary,True
INC_NPU_00081_202303,NPU_00081,2023-03-02,162373.05,salary,True
INC_NPU_00081_202304,NPU_00081,2023-04-02,160708.43,salary,True
INC_NPU_00081_202305,NPU_00081,2023-05-03,161730.19,salary,True
INC_NPU_00081_202306,NPU_00081,2023-06-03,159565.79,salary,True
INC_NPU_00081_202307,NPU_00081,2023-07-01,161116.96,salary,True
INC_NPU_00081_202308,NPU_00081,2023-08-01,160082.52,salary,True
INC_NPU_00081_202309,NPU_00081,2023-09-05,155638.32,salary,True
INC_NPU_00081_202310,NPU_00081,2023-10-01,161966.04,salary,True
INC_NPU_00081_202311,NPU_00081,2023-11-03,160595.83,salary,True
INC_NPU_00081_202312,NPU_00081,2023-12-02,166762.31,salary,True
INC_NPU_00081_202401,NPU_00081,2024-01-01,162070.97,salary,True
INC_NPU_00081_202402,NPU_00081,2024-02-03,161449.03,salary,True
INC_NPU_00081_202403,NPU_00081,2024-03-02,160951.49,salary,True
INC_NPU_00081_202404,NPU_00081,2024-04-03,160603.99,salary,True
INC_NPU_00081_202405,NPU_00081,2024-05-04,157856.55,salary,True
INC_NPU_00081_202406,NPU_00081,2024-06-02,164182.18,salary,True
INC_NPU_00081_202407,NPU_00081,2024-07-02,165982.34,salary,True
INC_NPU_00081_202408,NPU_00081,2024-08-03,160037.23,salary,True
INC_NPU_00081_202409,NPU_00081,2024-09-02,165203.99,salary,True
INC_NPU_00081_202410,NPU_00081,2024-10-03,169555.69,salary,True
INC_NPU_00081_202411,NPU_00081,2024-11-01,167872.45,salary,True
INC_NPU_00081_202412,NPU_00081,2024-12-01,165815.44,salary,True
INC_NPU_00081_202501,NPU_00081,2025-01-01,158195.87,salary,True
INC_NPU_00081_202502,NPU_00081,2025-02-01,158163.48,salary,True
INC_NPU_00081_202503,NPU_00081,2025-03-03,163654.63,salary,True
INC_NPU_00081_202504,NPU_00081,2025-04-01,161669.14,salary,True
INC_NPU_00081_202505,NPU_00081,2025-05-01,155500.64,salary,True
INC_NPU_00081_202506,NPU_00081,2025-06-01,160372.43,salary,True
INC_NPU_00081_202507,NPU_00081,2025-07-05,163504.9,salary,True
INC_NPU_00081_202508,NPU_00081,2025-08-04,161161.31,salary,True
INC_NPU_00081_202509,NPU_00081,2025-09-01,161684.52,salary,True
INC_NPU_00081_202510,NPU_00081,2025-10-01,158159.34,salary,True
INC_NPU_00081_202511,NPU_00081,2025-11-05,160333.91,salary,True
INC_NPU_00081_202512,NPU_00081,2025-12-01,163668.9,salary,True
INC_NPU_00082_202301,NPU_00082,2023-01-01,7934.98,salary,True
INC_NPU_00082_202302,NPU_00082,2023-02-01,8197.68,salary,True
INC_NPU_00082_202303,NPU_00082,2023-03-03,8012.66,salary,True
INC_NPU_00082_202304,NPU_00082,2023-04-01,8074.06,salary,True
INC_NPU_00082_202305,NPU_00082,2023-05-04,8103.66,salary,True
INC_NPU_00082_202306,NPU_00082,2023-06-01,8097.0,salary,True
INC_NPU_00082_202307,NPU_00082,2023-07-04,7859.82,salary,True
INC_NPU_00082_202308,NPU_00082,2023-08-01,7883.86,salary,True
INC_NPU_00082_202309,NPU_00082,2023-09-02,7700.45,salary,True
INC_NPU_00082_202310,NPU_00082,2023-10-04,7958.96,salary,True
INC_NPU_00082_202311,NPU_00082,2023-11-02,7873.11,salary,True
INC_NPU_00082_202312,NPU_00082,2023-12-05,7930.59,salary,True
INC_NPU_00082_202401,NPU_00082,2024-01-05,7974.14,salary,True
INC_NPU_00082_202402,NPU_00082,2024-02-01,8032.51,salary,True
INC_NPU_00082_202403,NPU_00082,2024-03-05,7985.49,salary,True
INC_NPU_00082_202404,NPU_00082,2024-04-01,7982.7,salary,True
INC_NPU_00082_202405,NPU_00082,2024-05-01,8061.11,salary,True
INC_NPU_00082_202406,NPU_00082,2024-06-01,8002.35,salary,True
INC_NPU_00082_202407,NPU_00082,2024-07-02,8145.22,salary,True
INC_NPU_00082_202408,NPU_00082,2024-08-01,8002.84,salary,True
INC_NPU_00082_202409,NPU_00082,2024-09-02,8247.54,salary,True
INC_NPU_00082_202410,NPU_00082,2024-10-01,7854.22,salary,True
INC_NPU_00082_202411,NPU_00082,2024-11-04,7956.3,salary,True
INC_NPU_00082_202412,NPU_00082,2024-12-02,7906.79,salary,True
INC_NPU_00082_202501,NPU_00082,2025-01-01,8038.55,salary,True
INC_NPU_00082_202502,NPU_00082,2025-02-02,7854.13,salary,True
INC_NPU_00082_202503,NPU_00082,2025-03-05,8147.78,salary,True
INC_NPU_00082_202504,NPU_00082,2025-04-02,7788.55,salary,True
INC_NPU_00082_202505,NPU_00082,2025-05-04,7879.63,salary,True
INC_NPU_00082_202506,NPU_00082,2025-06-03,7797.8,salary,True
INC_NPU_00082_202507,NPU_00082,2025-07-01,7976.12,salary,True
INC_NPU_00082_202508,NPU_00082,2025-08-03,8032.06,salary,True
INC_NPU_00082_202509,NPU_00082,2025-09-03,7768.59,salary,True
INC_NPU_00082_202510,NPU_00082,2025-10-02,7947.06,salary,True
INC_NPU_00082_202511,NPU_00082,2025-11-01,8167.72,salary,True
INC_NPU_00082_202512,NPU_00082,2025-12-03,8216.19,salary,True
INC_NPU_00083_202301,NPU_00083,2023-01-01,46083.53,salary,True
INC_NPU_00083_202302,NPU_00083,2023-02-01,43414.85,salary,True
INC_NPU_00083_202303,NPU_00083,2023-03-02,45501.14,salary,True
INC_NPU_00083_202304,NPU_00083,2023-04-05,46465.59,salary,True
INC_NPU_00083_202305,NPU_00083,2023-05-01,45014.87,salary,True
INC_NPU_00083_202306,NPU_00083,2023-06-02,44388.85,salary,True
INC_NPU_00083_202307,NPU_00083,2023-07-04,46388.94,salary,True
INC_NPU_00083_202308,NPU_00083,2023-08-01,46532.66,salary,True
INC_NPU_00083_202309,NPU_00083,2023-09-02,45407.03,salary,True
INC_NPU_00083_202310,NPU_00083,2023-10-02,44395.96,salary,True
INC_NPU_00083_202311,NPU_00083,2023-11-01,43992.37,salary,True
INC_NPU_00083_202312,NPU_00083,2023-12-01,45707.34,salary,True
INC_NPU_00083_202401,NPU_00083,2024-01-03,44877.88,salary,True
INC_NPU_00083_202402,NPU_00083,2024-02-01,45352.38,salary,True
INC_NPU_00083_202403,NPU_00083,2024-03-01,45259.94,salary,True
INC_NPU_00083_202404,NPU_00083,2024-04-04,44674.38,salary,True
INC_NPU_00083_202405,NPU_00083,2024-05-02,43952.78,salary,True
INC_NPU_00083_202406,NPU_00083,2024-06-01,45036.59,salary,True
INC_NPU_00083_202407,NPU_00083,2024-07-03,45535.25,salary,True
INC_NPU_00083_202408,NPU_00083,2024-08-01,45576.25,salary,True
INC_NPU_00083_202409,NPU_00083,2024-09-02,44825.79,salary,True
INC_NPU_00083_202410,NPU_00083,2024-10-03,46511.75,salary,True
INC_NPU_00083_202411,NPU_00083,2024-11-01,44471.15,salary,True
INC_NPU_00083_202412,NPU_00083,2024-12-03,43244.61,salary,True
INC_NPU_00083_202501,NPU_00083,2025-01-02,46272.61,salary,True
INC_NPU_00083_202502,NPU_00083,2025-02-05,45507.06,salary,True
INC_NPU_00083_202503,NPU_00083,2025-03-05,45043.83,salary,True
INC_NPU_00083_202504,NPU_00083,2025-04-02,45822.48,salary,True
INC_NPU_00083_202505,NPU_00083,2025-05-01,45209.09,salary,True
INC_NPU_00083_202506,NPU_00083,2025-06-04,44190.44,salary,True
INC_NPU_00083_202507,NPU_00083,2025-07-05,44254.49,salary,True
INC_NPU_00083_202508,NPU_00083,2025-08-02,44414.66,salary,True
INC_NPU_00083_202509,NPU_00083,2025-09-01,45154.33,salary,True
INC_NPU_00083_202510,NPU_00083,2025-10-02,44933.75,salary,True
INC_NPU_00083_202511,NPU_00083,2025-11-01,46249.99,salary,True
INC_NPU_00083_202512,NPU_00083,2025-12-01,44896.25,salary,True
INC_NPU_00084_202301,NPU_00084,2023-01-02,53143.76,salary,True
INC_NPU_00084_202302,NPU_00084,2023-02-01,53018.32,salary,True
INC_NPU_00084_202303,NPU_00084,2023-03-01,52938.02,salary,True
INC_NPU_00084_202304,NPU_00084,2023-04-01,52968.15,salary,True
INC_NPU_00084_202305,NPU_00084,2023-05-01,52494.16,salary,True
INC_NPU_00084_202306,NPU_00084,2023-06-02,53970.33,salary,True
INC_NPU_00084_202307,NPU_00084,2023-07-02,53656.75,salary,True
INC_NPU_00084_202308,NPU_00084,2023-08-01,53614.69,salary,True
INC_NPU_00084_202309,NPU_00084,2023-09-01,52182.84,salary,True
INC_NPU_00084_202310,NPU_00084,2023-10-02,54206.24,salary,True
INC_NPU_00084_202311,NPU_00084,2023-11-02,54311.64,salary,True
INC_NPU_00084_202312,NPU_00084,2023-12-01,55402.94,salary,True
INC_NPU_00084_202401,NPU_00084,2024-01-02,54252.87,salary,True
INC_NPU_00084_202402,NPU_00084,2024-02-03,55649.36,salary,True
INC_NPU_00084_202403,NPU_00084,2024-03-01,53097.16,salary,True
INC_NPU_00084_202404,NPU_00084,2024-04-01,55470.35,salary,True
INC_NPU_00084_202405,NPU_00084,2024-05-04,54287.49,salary,True
INC_NPU_00084_202406,NPU_00084,2024-06-01,54149.75,salary,True
INC_NPU_00084_202407,NPU_00084,2024-07-02,53589.21,salary,True
INC_NPU_00084_202408,NPU_00084,2024-08-03,53374.05,salary,True
INC_NPU_00084_202409,NPU_00084,2024-09-01,53168.36,salary,True
INC_NPU_00084_202410,NPU_00084,2024-10-04,55513.53,salary,True
INC_NPU_00084_202411,NPU_00084,2024-11-03,53557.39,salary,True
INC_NPU_00084_202412,NPU_00084,2024-12-01,54306.87,salary,True
INC_NPU_00084_202501,NPU_00084,2025-01-02,54537.06,salary,True
INC_NPU_00084_202502,NPU_00084,2025-02-04,54521.16,salary,True
INC_NPU_00084_202503,NPU_00084,2025-03-03,53975.09,salary,True
INC_NPU_00084_202504,NPU_00084,2025-04-02,55446.71,salary,True
INC_NPU_00084_202505,NPU_00084,2025-05-01,54221.05,salary,True
INC_NPU_00084_202506,NPU_00084,2025-06-04,53144.12,salary,True
INC_NPU_00084_202507,NPU_00084,2025-07-04,53419.26,salary,True
INC_NPU_00084_202508,NPU_00084,2025-08-02,52231.05,salary,True
INC_NPU_00084_202509,NPU_00084,2025-09-01,54086.46,salary,True
INC_NPU_00084_202510,NPU_00084,2025-10-01,54396.53,salary,True
INC_NPU_00084_202511,NPU_00084,2025-11-01,54490.04,salary,True
INC_NPU_00084_202512,NPU_00084,2025-12-01,54287.51,salary,True
INC_NPU_00085_202301,NPU_00085,2023-01-11,180649.59,business,True
INC_NPU_00085_202302,NPU_00085,2023-02-16,190116.72,business,True
INC_NPU_00085_202303,NPU_00085,2023-03-01,286485.23,business,True
INC_NPU_00085_202304,NPU_00085,2023-04-06,265078.58,business,True
INC_NPU_00085_202305,NPU_00085,2023-05-11,253746.88,business,True
INC_NPU_00085_202306,NPU_00085,2023-06-01,111986.67,business,True
INC_NPU_00085_202307,NPU_00085,2023-07-16,267563.06,business,True
INC_NPU_00085_202308,NPU_00085,2023-08-21,237242.7,business,True
INC_NPU_00085_202309,NPU_00085,2023-09-11,142965.83,business,True
INC_NPU_00085_202310,NPU_00085,2023-10-06,346291.91,business,True
INC_NPU_00085_202311,NPU_00085,2023-11-11,143634.31,business,True
INC_NPU_00085_202312,NPU_00085,2023-12-16,198321.92,business,True
INC_NPU_00085_202401,NPU_00085,2024-01-11,168735.0,business,True
INC_NPU_00085_202402,NPU_00085,2024-02-11,129546.14,business,True
INC_NPU_00085_202403,NPU_00085,2024-03-21,190611.85,business,True
INC_NPU_00085_202404,NPU_00085,2024-04-21,169988.76,business,True
INC_NPU_00085_202405,NPU_00085,2024-05-16,252637.42,business,True
INC_NPU_00085_202406,NPU_00085,2024-06-11,122696.56,business,True
INC_NPU_00085_202407,NPU_00085,2024-07-01,247104.65,business,True
INC_NPU_00085_202408,NPU_00085,2024-08-11,162667.77,business,True
INC_NPU_00085_202409,NPU_00085,2024-09-21,239455.69,business,True
INC_NPU_00085_202410,NPU_00085,2024-10-16,134917.99,business,True
INC_NPU_00085_202411,NPU_00085,2024-11-21,333188.5,business,True
INC_NPU_00085_202412,NPU_00085,2024-12-21,186783.45,business,True
INC_NPU_00085_202501,NPU_00085,2025-01-21,169496.78,business,True
INC_NPU_00085_202502,NPU_00085,2025-02-01,163514.54,business,True
INC_NPU_00085_202503,NPU_00085,2025-03-16,120406.26,business,True
INC_NPU_00085_202504,NPU_00085,2025-04-11,284973.97,business,True
INC_NPU_00085_202505,NPU_00085,2025-05-11,245673.92,business,True
INC_NPU_00085_202506,NPU_00085,2025-06-16,288975.53,business,True
INC_NPU_00085_202507,NPU_00085,2025-07-21,239546.64,business,True
INC_NPU_00085_202508,NPU_00085,2025-08-01,182106.65,business,True
INC_NPU_00085_202509,NPU_00085,2025-09-16,211275.04,business,True
INC_NPU_00085_202510,NPU_00085,2025-10-16,191658.86,business,True
INC_NPU_00085_202511,NPU_00085,2025-11-11,209960.51,business,True
INC_NPU_00085_202512,NPU_00085,2025-12-06,180832.17,business,True
INC_NPU_00086_202301,NPU_00086,2023-01-05,20574.53,salary,True
INC_NPU_00086_202302,NPU_00086,2023-02-03,19936.38,salary,True
INC_NPU_00086_202303,NPU_00086,2023-03-01,20500.55,salary,True
INC_NPU_00086_202304,NPU_00086,2023-04-05,20681.97,salary,True
INC_NPU_00086_202305,NPU_00086,2023-05-03,20974.16,salary,True
INC_NPU_00086_202306,NPU_00086,2023-06-04,20799.22,salary,True
INC_NPU_00086_202307,NPU_00086,2023-07-05,21055.79,salary,True
INC_NPU_00086_202308,NPU_00086,2023-08-01,20358.99,salary,True
INC_NPU_00086_202309,NPU_00086,2023-09-02,21207.46,salary,True
INC_NPU_00086_202310,NPU_00086,2023-10-01,21269.03,salary,True
INC_NPU_00086_202311,NPU_00086,2023-11-03,19920.08,salary,True
INC_NPU_00086_202312,NPU_00086,2023-12-04,20066.83,salary,True
INC_NPU_00086_202401,NPU_00086,2024-01-01,20672.72,salary,True
INC_NPU_00086_202402,NPU_00086,2024-02-01,20472.51,salary,True
INC_NPU_00086_202403,NPU_00086,2024-03-02,20528.98,salary,True
INC_NPU_00086_202404,NPU_00086,2024-04-01,20795.54,salary,True
INC_NPU_00086_202405,NPU_00086,2024-05-02,21073.2,salary,True
INC_NPU_00086_202406,NPU_00086,2024-06-02,20339.94,salary,True
INC_NPU_00086_202407,NPU_00086,2024-07-01,21144.98,salary,True
INC_NPU_00086_202408,NPU_00086,2024-08-01,20412.47,salary,True
INC_NPU_00086_202409,NPU_00086,2024-09-04,21587.1,salary,True
INC_NPU_00086_202410,NPU_00086,2024-10-02,21210.81,salary,True
INC_NPU_00086_202411,NPU_00086,2024-11-01,20449.27,salary,True
INC_NPU_00086_202412,NPU_00086,2024-12-01,20169.03,salary,True
INC_NPU_00086_202501,NPU_00086,2025-01-02,20440.76,salary,True
INC_NPU_00086_202502,NPU_00086,2025-02-01,20389.54,salary,True
INC_NPU_00086_202503,NPU_00086,2025-03-01,20920.34,salary,True
INC_NPU_00086_202504,NPU_00086,2025-04-02,19928.15,salary,True
INC_NPU_00086_202505,NPU_00086,2025-05-03,20070.97,salary,True
INC_NPU_00086_202506,NPU_00086,2025-06-05,20908.37,salary,True
INC_NPU_00086_202507,NPU_00086,2025-07-01,20374.01,salary,True
INC_NPU_00086_202508,NPU_00086,2025-08-01,20505.37,salary,True
INC_NPU_00086_202509,NPU_00086,2025-09-01,21007.16,salary,True
INC_NPU_00086_202510,NPU_00086,2025-10-01,21092.84,salary,True
INC_NPU_00086_202511,NPU_00086,2025-11-03,21188.26,salary,True
INC_NPU_00086_202512,NPU_00086,2025-12-02,20970.55,salary,True
INC_NPU_00087_202301,NPU_00087,2023-01-11,34777.02,freelance,True
INC_NPU_00087_202302,NPU_00087,2023-02-03,114498.46,freelance,True
INC_NPU_00087_202303,NPU_00087,2023-03-05,242222.2,freelance,True
INC_NPU_00087_202304,NPU_00087,2023-04-02,73140.2,freelance,True
INC_NPU_00087_202305,NPU_00087,2023-05-20,174811.24,freelance,True
INC_NPU_00087_202306,NPU_00087,2023-06-23,79377.7,freelance,True
INC_NPU_00087_202307,NPU_00087,2023-07-23,197828.26,freelance,True
INC_NPU_00087_202308,NPU_00087,2023-08-20,58634.67,freelance,True
INC_NPU_00087_202309,NPU_00087,2023-09-17,118670.9,freelance,True
INC_NPU_00087_202310,NPU_00087,2023-10-10,95104.99,freelance,True
INC_NPU_00087_202311,NPU_00087,2023-11-13,99652.76,freelance,True
INC_NPU_00087_202312,NPU_00087,2023-12-02,67467.44,freelance,True
INC_NPU_00087_202401,NPU_00087,2024-01-21,103716.21,freelance,True
INC_NPU_00087_202402,NPU_00087,2024-02-20,216505.67,freelance,True
INC_NPU_00087_202403,NPU_00087,2024-03-18,62492.4,freelance,True
INC_NPU_00087_202404,NPU_00087,2024-04-11,141514.31,freelance,True
INC_NPU_00087_202405,NPU_00087,2024-05-19,49665.26,freelance,True
INC_NPU_00087_202406,NPU_00087,2024-06-02,36188.17,freelance,True
INC_NPU_00087_202407,NPU_00087,2024-07-19,161415.24,freelance,True
INC_NPU_00087_202408,NPU_00087,2024-08-06,22723.5,freelance,True
INC_NPU_00087_202409,NPU_00087,2024-09-13,119506.17,freelance,True
INC_NPU_00087_202410,NPU_00087,2024-10-15,126433.2,freelance,True
INC_NPU_00087_202411,NPU_00087,2024-11-11,139207.45,freelance,True
INC_NPU_00087_202412,NPU_00087,2024-12-22,45983.64,freelance,True
INC_NPU_00087_202501,NPU_00087,2025-01-15,71570.78,freelance,True
INC_NPU_00087_202502,NPU_00087,2025-02-21,207965.23,freelance,True
INC_NPU_00087_202503,NPU_00087,2025-03-08,49356.92,freelance,True
INC_NPU_00087_202504,NPU_00087,2025-04-23,106976.93,freelance,True
INC_NPU_00087_202505,NPU_00087,2025-05-12,86173.66,freelance,True
INC_NPU_00087_202506,NPU_00087,2025-06-04,105441.43,freelance,True
INC_NPU_00087_202507,NPU_00087,2025-07-10,346473.33,freelance,True
INC_NPU_00087_202508,NPU_00087,2025-08-02,128455.24,freelance,True
INC_NPU_00087_202509,NPU_00087,2025-09-06,100905.68,freelance,True
INC_NPU_00087_202510,NPU_00087,2025-10-19,66513.21,freelance,True
INC_NPU_00087_202511,NPU_00087,2025-11-10,99541.53,freelance,True
INC_NPU_00087_202512,NPU_00087,2025-12-11,93683.98,freelance,True
INC_NPU_00088_202301,NPU_00088,2023-01-03,53585.87,salary,True
INC_NPU_00088_202302,NPU_00088,2023-02-05,54849.85,salary,True
INC_NPU_00088_202303,NPU_00088,2023-03-03,53976.45,salary,True
INC_NPU_00088_202304,NPU_00088,2023-04-01,54306.32,salary,True
INC_NPU_00088_202305,NPU_00088,2023-05-01,54338.43,salary,True
INC_NPU_00088_202306,NPU_00088,2023-06-01,56373.0,salary,True
INC_NPU_00088_202307,NPU_00088,2023-07-01,53777.25,salary,True
INC_NPU_00088_202308,NPU_00088,2023-08-02,56250.9,salary,True
INC_NPU_00088_202309,NPU_00088,2023-09-01,55733.58,salary,True
INC_NPU_00088_202310,NPU_00088,2023-10-03,55717.11,salary,True
INC_NPU_00088_202311,NPU_00088,2023-11-02,54267.36,salary,True
INC_NPU_00088_202312,NPU_00088,2023-12-04,56090.71,salary,True
INC_NPU_00088_202401,NPU_00088,2024-01-05,52258.34,salary,True
INC_NPU_00088_202402,NPU_00088,2024-02-03,54153.9,salary,True
INC_NPU_00088_202403,NPU_00088,2024-03-01,56840.46,salary,True
INC_NPU_00088_202404,NPU_00088,2024-04-03,56401.32,salary,True
INC_NPU_00088_202405,NPU_00088,2024-05-01,57055.7,salary,True
INC_NPU_00088_202406,NPU_00088,2024-06-01,55290.91,salary,True
INC_NPU_00088_202407,NPU_00088,2024-07-05,55089.4,salary,True
INC_NPU_00088_202408,NPU_00088,2024-08-01,54822.16,salary,True
INC_NPU_00088_202409,NPU_00088,2024-09-01,57647.15,salary,True
INC_NPU_00088_202410,NPU_00088,2024-10-05,55911.18,salary,True
INC_NPU_00088_202411,NPU_00088,2024-11-02,53986.96,salary,True
INC_NPU_00088_202412,NPU_00088,2024-12-02,56689.6,salary,True
INC_NPU_00088_202501,NPU_00088,2025-01-01,55049.49,salary,True
INC_NPU_00088_202502,NPU_00088,2025-02-02,52661.04,salary,True
INC_NPU_00088_202503,NPU_00088,2025-03-01,54467.13,salary,True
INC_NPU_00088_202504,NPU_00088,2025-04-01,56400.5,salary,True
INC_NPU_00088_202505,NPU_00088,2025-05-04,55737.38,salary,True
INC_NPU_00088_202506,NPU_00088,2025-06-05,55953.25,salary,True
INC_NPU_00088_202507,NPU_00088,2025-07-03,56677.18,salary,True
INC_NPU_00088_202508,NPU_00088,2025-08-02,53428.03,salary,True
INC_NPU_00088_202509,NPU_00088,2025-09-01,54479.05,salary,True
INC_NPU_00088_202510,NPU_00088,2025-10-04,55314.82,salary,True
INC_NPU_00088_202511,NPU_00088,2025-11-05,56436.53,salary,True
INC_NPU_00088_202512,NPU_00088,2025-12-02,54148.52,salary,True
INC_NPU_00089_202301,NPU_00089,2023-01-22,62838.34,freelance,True
INC_NPU_00089_202302,NPU_00089,2023-02-18,68596.55,freelance,True
INC_NPU_00089_202303,NPU_00089,2023-03-16,109498.15,freelance,True
INC_NPU_00089_202304,NPU_00089,2023-04-19,23691.55,freelance,True
INC_NPU_00089_202305,NPU_00089,2023-05-21,57366.51,freelance,True
INC_NPU_00089_202306,NPU_00089,2023-06-04,61412.44,freelance,True
INC_NPU_00089_202307,NPU_00089,2023-07-09,51263.38,freelance,True
INC_NPU_00089_202308,NPU_00089,2023-08-11,37945.34,freelance,True
INC_NPU_00089_202309,NPU_00089,2023-09-13,146517.08,freelance,True
INC_NPU_00089_202310,NPU_00089,2023-10-24,56003.55,freelance,True
INC_NPU_00089_202311,NPU_00089,2023-11-16,13882.93,freelance,True
INC_NPU_00089_202312,NPU_00089,2023-12-14,59552.39,freelance,True
INC_NPU_00089_202401,NPU_00089,2024-01-14,19769.37,freelance,True
INC_NPU_00089_202402,NPU_00089,2024-02-12,14266.73,freelance,True
INC_NPU_00089_202403,NPU_00089,2024-03-21,23471.82,freelance,True
INC_NPU_00089_202404,NPU_00089,2024-04-24,37848.21,freelance,True
INC_NPU_00089_202405,NPU_00089,2024-05-09,58446.49,freelance,True
INC_NPU_00089_202406,NPU_00089,2024-06-11,33501.56,freelance,True
INC_NPU_00089_202407,NPU_00089,2024-07-01,44474.54,freelance,True
INC_NPU_00089_202408,NPU_00089,2024-08-18,65686.31,freelance,True
INC_NPU_00089_202409,NPU_00089,2024-09-05,34520.83,freelance,True
INC_NPU_00089_202410,NPU_00089,2024-10-15,54607.23,freelance,True
INC_NPU_00089_202411,NPU_00089,2024-11-04,33631.1,freelance,True
INC_NPU_00089_202412,NPU_00089,2024-12-18,122076.03,freelance,True
INC_NPU_00089_202501,NPU_00089,2025-01-06,34778.07,freelance,True
INC_NPU_00089_202502,NPU_00089,2025-02-10,74389.57,freelance,True
INC_NPU_00089_202503,NPU_00089,2025-03-22,30670.18,freelance,True
INC_NPU_00089_202504,NPU_00089,2025-04-05,35367.18,freelance,True
INC_NPU_00089_202505,NPU_00089,2025-05-06,53241.4,freelance,True
INC_NPU_00089_202506,NPU_00089,2025-06-15,57934.26,freelance,True
INC_NPU_00089_202507,NPU_00089,2025-07-05,96511.44,freelance,True
INC_NPU_00089_202508,NPU_00089,2025-08-20,93746.13,freelance,True
INC_NPU_00089_202509,NPU_00089,2025-09-11,80880.19,freelance,True
INC_NPU_00089_202510,NPU_00089,2025-10-19,96770.4,freelance,True
INC_NPU_00089_202511,NPU_00089,2025-11-17,61349.42,freelance,True
INC_NPU_00089_202512,NPU_00089,2025-12-09,154861.19,freelance,True
INC_NPU_00090_202301,NPU_00090,2023-01-04,51021.96,salary,True
INC_NPU_00090_202302,NPU_00090,2023-02-02,49009.59,salary,True
INC_NPU_00090_202303,NPU_00090,2023-03-02,51039.43,salary,True
INC_NPU_00090_202304,NPU_00090,2023-04-02,50499.19,salary,True
INC_NPU_00090_202305,NPU_00090,2023-05-04,49136.76,salary,True
INC_NPU_00090_202306,NPU_00090,2023-06-01,49592.17,salary,True
INC_NPU_00090_202307,NPU_00090,2023-07-01,49752.84,salary,True
INC_NPU_00090_202308,NPU_00090,2023-08-01,51333.96,salary,True
INC_NPU_00090_202309,NPU_00090,2023-09-01,52314.51,salary,True
INC_NPU_00090_202310,NPU_00090,2023-10-03,51167.3,salary,True
INC_NPU_00090_202311,NPU_00090,2023-11-01,51367.94,salary,True
INC_NPU_00090_202312,NPU_00090,2023-12-05,50566.88,salary,True
INC_NPU_00090_202401,NPU_00090,2024-01-02,50079.84,salary,True
INC_NPU_00090_202402,NPU_00090,2024-02-01,51195.96,salary,True
INC_NPU_00090_202403,NPU_00090,2024-03-02,50916.8,salary,True
INC_NPU_00090_202404,NPU_00090,2024-04-02,49834.86,salary,True
INC_NPU_00090_202405,NPU_00090,2024-05-01,50848.34,salary,True
INC_NPU_00090_202406,NPU_00090,2024-06-02,50630.46,salary,True
INC_NPU_00090_202407,NPU_00090,2024-07-01,50327.15,salary,True
INC_NPU_00090_202408,NPU_00090,2024-08-01,50047.07,salary,True
INC_NPU_00090_202409,NPU_00090,2024-09-02,51021.01,salary,True
INC_NPU_00090_202410,NPU_00090,2024-10-03,50107.08,salary,True
INC_NPU_00090_202411,NPU_00090,2024-11-01,52769.06,salary,True
INC_NPU_00090_202412,NPU_00090,2024-12-04,51131.89,salary,True
INC_NPU_00090_202501,NPU_00090,2025-01-02,51038.27,salary,True
INC_NPU_00090_202502,NPU_00090,2025-02-02,50460.84,salary,True
INC_NPU_00090_202503,NPU_00090,2025-03-01,50242.73,salary,True
INC_NPU_00090_202504,NPU_00090,2025-04-01,48809.8,salary,True
INC_NPU_00090_202505,NPU_00090,2025-05-01,49894.89,salary,True
INC_NPU_00090_202506,NPU_00090,2025-06-01,48991.03,salary,True
INC_NPU_00090_202507,NPU_00090,2025-07-02,48979.68,salary,True
INC_NPU_00090_202508,NPU_00090,2025-08-02,49456.32,salary,True
INC_NPU_00090_202509,NPU_00090,2025-09-03,51870.9,salary,True
INC_NPU_00090_202510,NPU_00090,2025-10-01,51865.29,salary,True
INC_NPU_00090_202511,NPU_00090,2025-11-04,49916.34,salary,True
INC_NPU_00090_202512,NPU_00090,2025-12-02,49213.98,salary,True
INC_NPU_00091_202301,NPU_00091,2023-01-23,77928.91,freelance,True
INC_NPU_00091_202302,NPU_00091,2023-02-08,148863.11,freelance,True
INC_NPU_00091_202303,NPU_00091,2023-03-10,107177.46,freelance,True
INC_NPU_00091_202304,NPU_00091,2023-04-04,111552.22,freelance,True
INC_NPU_00091_202305,NPU_00091,2023-05-04,106654.94,freelance,True
INC_NPU_00091_202306,NPU_00091,2023-06-06,91718.67,freelance,True
INC_NPU_00091_202307,NPU_00091,2023-07-01,110201.98,freelance,True
INC_NPU_00091_202308,NPU_00091,2023-08-03,103034.35,freelance,True
INC_NPU_00091_202309,NPU_00091,2023-09-22,38371.83,freelance,True
INC_NPU_00091_202310,NPU_00091,2023-10-02,26420.79,freelance,True
INC_NPU_00091_202311,NPU_00091,2023-11-09,55888.74,freelance,True
INC_NPU_00091_202312,NPU_00091,2023-12-05,144718.13,freelance,True
INC_NPU_00091_202401,NPU_00091,2024-01-13,43724.32,freelance,True
INC_NPU_00091_202402,NPU_00091,2024-02-10,73202.7,freelance,True
INC_NPU_00091_202403,NPU_00091,2024-03-19,192963.44,freelance,True
INC_NPU_00091_202404,NPU_00091,2024-04-05,63345.3,freelance,True
INC_NPU_00091_202405,NPU_00091,2024-05-19,124282.5,freelance,True
INC_NPU_00091_202406,NPU_00091,2024-06-20,117842.35,freelance,True
INC_NPU_00091_202407,NPU_00091,2024-07-24,129428.3,freelance,True
INC_NPU_00091_202408,NPU_00091,2024-08-05,133838.63,freelance,True
INC_NPU_00091_202409,NPU_00091,2024-09-08,106335.33,freelance,True
INC_NPU_00091_202410,NPU_00091,2024-10-24,94742.94,freelance,True
INC_NPU_00091_202411,NPU_00091,2024-11-21,128446.09,freelance,True
INC_NPU_00091_202412,NPU_00091,2024-12-18,62327.88,freelance,True
INC_NPU_00091_202501,NPU_00091,2025-01-11,56806.66,freelance,True
INC_NPU_00091_202502,NPU_00091,2025-02-10,54280.88,freelance,True
INC_NPU_00091_202503,NPU_00091,2025-03-10,119519.34,freelance,True
INC_NPU_00091_202504,NPU_00091,2025-04-22,595510.97,freelance,True
INC_NPU_00091_202505,NPU_00091,2025-05-11,101763.5,freelance,True
INC_NPU_00091_202506,NPU_00091,2025-06-17,88378.56,freelance,True
INC_NPU_00091_202507,NPU_00091,2025-07-03,96598.57,freelance,True
INC_NPU_00091_202508,NPU_00091,2025-08-09,90588.23,freelance,True
INC_NPU_00091_202509,NPU_00091,2025-09-19,62165.01,freelance,True
INC_NPU_00091_202510,NPU_00091,2025-10-19,134074.09,freelance,True
INC_NPU_00091_202511,NPU_00091,2025-11-03,32659.64,freelance,True
INC_NPU_00091_202512,NPU_00091,2025-12-24,47394.53,freelance,True
INC_NPU_00092_202301,NPU_00092,2023-01-01,58509.75,salary,True
INC_NPU_00092_202302,NPU_00092,2023-02-04,58942.7,salary,True
INC_NPU_00092_202303,NPU_00092,2023-03-01,58177.3,salary,True
INC_NPU_00092_202304,NPU_00092,2023-04-01,60398.77,salary,True
INC_NPU_00092_202305,NPU_00092,2023-05-01,60597.72,salary,True
INC_NPU_00092_202306,NPU_00092,2023-06-04,58553.82,salary,True
INC_NPU_00092_202307,NPU_00092,2023-07-03,57687.68,salary,True
INC_NPU_00092_202308,NPU_00092,2023-08-04,61071.4,salary,True
INC_NPU_00092_202309,NPU_00092,2023-09-01,58681.51,salary,True
INC_NPU_00092_202310,NPU_00092,2023-10-01,59250.03,salary,True
INC_NPU_00092_202311,NPU_00092,2023-11-01,58355.58,salary,True
INC_NPU_00092_202312,NPU_00092,2023-12-04,60272.73,salary,True
INC_NPU_00092_202401,NPU_00092,2024-01-02,60304.59,salary,True
INC_NPU_00092_202402,NPU_00092,2024-02-01,61296.76,salary,True
INC_NPU_00092_202403,NPU_00092,2024-03-03,60759.71,salary,True
INC_NPU_00092_202404,NPU_00092,2024-04-04,60666.12,salary,True
INC_NPU_00092_202405,NPU_00092,2024-05-02,59355.12,salary,True
INC_NPU_00092_202406,NPU_00092,2024-06-01,59209.94,salary,True
INC_NPU_00092_202407,NPU_00092,2024-07-04,60254.91,salary,True
INC_NPU_00092_202408,NPU_00092,2024-08-04,59289.44,salary,True
INC_NPU_00092_202409,NPU_00092,2024-09-02,60805.65,salary,True
INC_NPU_00092_202410,NPU_00092,2024-10-03,58287.85,salary,True
INC_NPU_00092_202411,NPU_00092,2024-11-04,57425.47,salary,True
INC_NPU_00092_202412,NPU_00092,2024-12-01,60103.46,salary,True
INC_NPU_00092_202501,NPU_00092,2025-01-02,58816.38,salary,True
INC_NPU_00092_202502,NPU_00092,2025-02-02,58124.18,salary,True
INC_NPU_00092_202503,NPU_00092,2025-03-01,62102.18,salary,True
INC_NPU_00092_202504,NPU_00092,2025-04-01,59462.47,salary,True
INC_NPU_00092_202505,NPU_00092,2025-05-02,57879.15,salary,True
INC_NPU_00092_202506,NPU_00092,2025-06-01,58682.47,salary,True
INC_NPU_00092_202507,NPU_00092,2025-07-02,59111.69,salary,True
INC_NPU_00092_202508,NPU_00092,2025-08-03,60077.4,salary,True
INC_NPU_00092_202509,NPU_00092,2025-09-02,58688.13,salary,True
INC_NPU_00092_202510,NPU_00092,2025-10-02,59267.37,salary,True
INC_NPU_00092_202511,NPU_00092,2025-11-01,59776.37,salary,True
INC_NPU_00092_202512,NPU_00092,2025-12-01,59997.64,salary,True
INC_NPU_00093_202301,NPU_00093,2023-01-05,23141.94,salary,True
INC_NPU_00093_202302,NPU_00093,2023-02-02,24015.74,salary,True
INC_NPU_00093_202303,NPU_00093,2023-03-03,23506.6,salary,True
INC_NPU_00093_202304,NPU_00093,2023-04-02,23478.78,salary,True
INC_NPU_00093_202305,NPU_00093,2023-05-01,23460.6,salary,True
INC_NPU_00093_202306,NPU_00093,2023-06-02,23713.18,salary,True
INC_NPU_00093_202307,NPU_00093,2023-07-05,23275.89,salary,True
INC_NPU_00093_202308,NPU_00093,2023-08-02,22720.56,salary,True
INC_NPU_00093_202309,NPU_00093,2023-09-02,23370.79,salary,True
INC_NPU_00093_202310,NPU_00093,2023-10-05,23430.74,salary,True
INC_NPU_00093_202311,NPU_00093,2023-11-01,23793.78,salary,True
INC_NPU_00093_202312,NPU_00093,2023-12-04,22678.64,salary,True
INC_NPU_00093_202401,NPU_00093,2024-01-03,22774.87,salary,True
INC_NPU_00093_202402,NPU_00093,2024-02-02,23200.25,salary,True
INC_NPU_00093_202403,NPU_00093,2024-03-01,23474.6,salary,True
INC_NPU_00093_202404,NPU_00093,2024-04-05,22601.83,salary,True
INC_NPU_00093_202405,NPU_00093,2024-05-01,22689.75,salary,True
INC_NPU_00093_202406,NPU_00093,2024-06-01,23588.25,salary,True
INC_NPU_00093_202407,NPU_00093,2024-07-03,22618.22,salary,True
INC_NPU_00093_202408,NPU_00093,2024-08-01,22780.67,salary,True
INC_NPU_00093_202409,NPU_00093,2024-09-03,23620.39,salary,True
INC_NPU_00093_202410,NPU_00093,2024-10-05,23467.35,salary,True
INC_NPU_00093_202411,NPU_00093,2024-11-01,22887.89,salary,True
INC_NPU_00093_202412,NPU_00093,2024-12-04,23409.84,salary,True
INC_NPU_00093_202501,NPU_00093,2025-01-03,23315.08,salary,True
INC_NPU_00093_202502,NPU_00093,2025-02-02,23124.1,salary,True
INC_NPU_00093_202503,NPU_00093,2025-03-05,23002.21,salary,True
INC_NPU_00093_202504,NPU_00093,2025-04-03,23390.62,salary,True
INC_NPU_00093_202505,NPU_00093,2025-05-01,22653.13,salary,True
INC_NPU_00093_202506,NPU_00093,2025-06-04,23385.08,salary,True
INC_NPU_00093_202507,NPU_00093,2025-07-02,23270.72,salary,True
INC_NPU_00093_202508,NPU_00093,2025-08-01,23304.09,salary,True
INC_NPU_00093_202509,NPU_00093,2025-09-05,22762.26,salary,True
INC_NPU_00093_202510,NPU_00093,2025-10-01,23807.35,salary,True
INC_NPU_00093_202511,NPU_00093,2025-11-01,22889.37,salary,True
INC_NPU_00093_202512,NPU_00093,2025-12-05,22955.46,salary,True
INC_NPU_00094_202301,NPU_00094,2023-01-03,53781.58,salary,True
INC_NPU_00094_202302,NPU_00094,2023-02-04,54619.62,salary,True
INC_NPU_00094_202303,NPU_00094,2023-03-03,54209.21,salary,True
INC_NPU_00094_202304,NPU_00094,2023-04-03,52321.59,salary,True
INC_NPU_00094_202305,NPU_00094,2023-05-01,53950.58,salary,True
INC_NPU_00094_202306,NPU_00094,2023-06-02,54038.48,salary,True
INC_NPU_00094_202307,NPU_00094,2023-07-02,55444.33,salary,True
INC_NPU_00094_202308,NPU_00094,2023-08-02,53630.48,salary,True
INC_NPU_00094_202309,NPU_00094,2023-09-01,54519.4,salary,True
INC_NPU_00094_202310,NPU_00094,2023-10-03,56973.86,salary,True
INC_NPU_00094_202311,NPU_00094,2023-11-01,55221.41,salary,True
INC_NPU_00094_202312,NPU_00094,2023-12-01,52927.65,salary,True
INC_NPU_00094_202401,NPU_00094,2024-01-04,54768.92,salary,True
INC_NPU_00094_202402,NPU_00094,2024-02-03,54435.51,salary,True
INC_NPU_00094_202403,NPU_00094,2024-03-05,53596.29,salary,True
INC_NPU_00094_202404,NPU_00094,2024-04-03,54782.43,salary,True
INC_NPU_00094_202405,NPU_00094,2024-05-01,52913.26,salary,True
INC_NPU_00094_202406,NPU_00094,2024-06-02,53297.22,salary,True
INC_NPU_00094_202407,NPU_00094,2024-07-02,53792.68,salary,True
INC_NPU_00094_202408,NPU_00094,2024-08-01,53548.48,salary,True
INC_NPU_00094_202409,NPU_00094,2024-09-02,54655.12,salary,True
INC_NPU_00094_202410,NPU_00094,2024-10-01,53921.31,salary,True
INC_NPU_00094_202411,NPU_00094,2024-11-01,53445.08,salary,True
INC_NPU_00094_202412,NPU_00094,2024-12-03,55200.98,salary,True
INC_NPU_00094_202501,NPU_00094,2025-01-02,54611.72,salary,True
INC_NPU_00094_202502,NPU_00094,2025-02-05,52491.26,salary,True
INC_NPU_00094_202503,NPU_00094,2025-03-01,52473.41,salary,True
INC_NPU_00094_202504,NPU_00094,2025-04-02,53452.23,salary,True
INC_NPU_00094_202505,NPU_00094,2025-05-01,52602.18,salary,True
INC_NPU_00094_202506,NPU_00094,2025-06-05,55001.11,salary,True
INC_NPU_00094_202507,NPU_00094,2025-07-02,53344.26,salary,True
INC_NPU_00094_202508,NPU_00094,2025-08-02,54517.99,salary,True
INC_NPU_00094_202509,NPU_00094,2025-09-05,56176.64,salary,True
INC_NPU_00094_202510,NPU_00094,2025-10-01,54752.67,salary,True
INC_NPU_00094_202511,NPU_00094,2025-11-04,51996.22,salary,True
INC_NPU_00094_202512,NPU_00094,2025-12-03,53389.6,salary,True
INC_NPU_00095_202301,NPU_00095,2023-01-03,58621.64,salary,True
INC_NPU_00095_202302,NPU_00095,2023-02-01,59180.41,salary,True
INC_NPU_00095_202303,NPU_00095,2023-03-03,59918.25,salary,True
INC_NPU_00095_202304,NPU_00095,2023-04-01,61545.28,salary,True
INC_NPU_00095_202305,NPU_00095,2023-05-01,60823.32,salary,True
INC_NPU_00095_202306,NPU_00095,2023-06-01,58800.4,salary,True
INC_NPU_00095_202307,NPU_00095,2023-07-01,58786.7,salary,True
INC_NPU_00095_202308,NPU_00095,2023-08-01,60670.77,salary,True
INC_NPU_00095_202309,NPU_00095,2023-09-03,58863.08,salary,True
INC_NPU_00095_202310,NPU_00095,2023-10-03,58209.46,salary,True
INC_NPU_00095_202311,NPU_00095,2023-11-02,60013.31,salary,True
INC_NPU_00095_202312,NPU_00095,2023-12-03,59237.89,salary,True
INC_NPU_00095_202401,NPU_00095,2024-01-03,57219.34,salary,True
INC_NPU_00095_202402,NPU_00095,2024-02-03,58506.78,salary,True
INC_NPU_00095_202403,NPU_00095,2024-03-01,57406.76,salary,True
INC_NPU_00095_202404,NPU_00095,2024-04-01,56087.36,salary,True
INC_NPU_00095_202405,NPU_00095,2024-05-01,61018.27,salary,True
INC_NPU_00095_202406,NPU_00095,2024-06-01,59009.23,salary,True
INC_NPU_00095_202407,NPU_00095,2024-07-02,58548.43,salary,True
INC_NPU_00095_202408,NPU_00095,2024-08-03,58294.05,salary,True
INC_NPU_00095_202409,NPU_00095,2024-09-05,58884.97,salary,True
INC_NPU_00095_202410,NPU_00095,2024-10-02,58280.14,salary,True
INC_NPU_00095_202411,NPU_00095,2024-11-02,57749.23,salary,True
INC_NPU_00095_202412,NPU_00095,2024-12-01,58344.48,salary,True
INC_NPU_00095_202501,NPU_00095,2025-01-01,60530.31,salary,True
INC_NPU_00095_202502,NPU_00095,2025-02-01,59983.53,salary,True
INC_NPU_00095_202503,NPU_00095,2025-03-01,58345.91,salary,True
INC_NPU_00095_202504,NPU_00095,2025-04-01,61165.68,salary,True
INC_NPU_00095_202505,NPU_00095,2025-05-02,58786.66,salary,True
INC_NPU_00095_202506,NPU_00095,2025-06-02,57975.25,salary,True
INC_NPU_00095_202507,NPU_00095,2025-07-01,59290.79,salary,True
INC_NPU_00095_202508,NPU_00095,2025-08-02,60744.48,salary,True
INC_NPU_00095_202509,NPU_00095,2025-09-03,60464.12,salary,True
INC_NPU_00095_202510,NPU_00095,2025-10-03,58027.66,salary,True
INC_NPU_00095_202511,NPU_00095,2025-11-02,57534.58,salary,True
INC_NPU_00095_202512,NPU_00095,2025-12-01,58445.44,salary,True
INC_NPU_00096_202301,NPU_00096,2023-01-05,57568.47,salary,True
INC_NPU_00096_202302,NPU_00096,2023-02-02,57878.37,salary,True
INC_NPU_00096_202303,NPU_00096,2023-03-03,58321.37,salary,True
INC_NPU_00096_202304,NPU_00096,2023-04-01,57167.43,salary,True
INC_NPU_00096_202305,NPU_00096,2023-05-03,57204.7,salary,True
INC_NPU_00096_202306,NPU_00096,2023-06-01,57125.34,salary,True
INC_NPU_00096_202307,NPU_00096,2023-07-02,58150.02,salary,True
INC_NPU_00096_202308,NPU_00096,2023-08-03,57900.05,salary,True
INC_NPU_00096_202309,NPU_00096,2023-09-03,56118.44,salary,True
INC_NPU_00096_202310,NPU_00096,2023-10-02,57747.1,salary,True
INC_NPU_00096_202311,NPU_00096,2023-11-03,58067.53,salary,True
INC_NPU_00096_202312,NPU_00096,2023-12-01,58166.69,salary,True
INC_NPU_00096_202401,NPU_00096,2024-01-04,57328.29,salary,True
INC_NPU_00096_202402,NPU_00096,2024-02-04,57264.97,salary,True
INC_NPU_00096_202403,NPU_00096,2024-03-02,56938.19,salary,True
INC_NPU_00096_202404,NPU_00096,2024-04-02,57052.85,salary,True
INC_NPU_00096_202405,NPU_00096,2024-05-02,58964.69,salary,True
INC_NPU_00096_202406,NPU_00096,2024-06-01,57090.52,salary,True
INC_NPU_00096_202407,NPU_00096,2024-07-01,56199.87,salary,True
INC_NPU_00096_202408,NPU_00096,2024-08-05,57352.71,salary,True
INC_NPU_00096_202409,NPU_00096,2024-09-01,57854.11,salary,True
INC_NPU_00096_202410,NPU_00096,2024-10-01,58113.76,salary,True
INC_NPU_00096_202411,NPU_00096,2024-11-01,55874.83,salary,True
INC_NPU_00096_202412,NPU_00096,2024-12-03,58668.14,salary,True
INC_NPU_00096_202501,NPU_00096,2025-01-05,57808.02,salary,True
INC_NPU_00096_202502,NPU_00096,2025-02-01,58591.18,salary,True
INC_NPU_00096_202503,NPU_00096,2025-03-01,55486.44,salary,True
INC_NPU_00096_202504,NPU_00096,2025-04-02,58214.85,salary,True
INC_NPU_00096_202505,NPU_00096,2025-05-02,55826.23,salary,True
INC_NPU_00096_202506,NPU_00096,2025-06-01,56682.78,salary,True
INC_NPU_00096_202507,NPU_00096,2025-07-05,57847.48,salary,True
INC_NPU_00096_202508,NPU_00096,2025-08-03,55727.64,salary,True
INC_NPU_00096_202509,NPU_00096,2025-09-03,56391.94,salary,True
INC_NPU_00096_202510,NPU_00096,2025-10-04,55468.61,salary,True
INC_NPU_00096_202511,NPU_00096,2025-11-01,57815.05,salary,True
INC_NPU_00096_202512,NPU_00096,2025-12-01,56101.27,salary,True
INC_NPU_00097_202301,NPU_00097,2023-01-03,83526.33,salary,True
INC_NPU_00097_202302,NPU_00097,2023-02-03,84176.64,salary,True
INC_NPU_00097_202303,NPU_00097,2023-03-03,83997.37,salary,True
INC_NPU_00097_202304,NPU_00097,2023-04-02,83842.59,salary,True
INC_NPU_00097_202305,NPU_00097,2023-05-04,83839.34,salary,True
INC_NPU_00097_202306,NPU_00097,2023-06-01,81350.06,salary,True
INC_NPU_00097_202307,NPU_00097,2023-07-01,83122.02,salary,True
INC_NPU_00097_202308,NPU_00097,2023-08-04,83824.4,salary,True
INC_NPU_00097_202309,NPU_00097,2023-09-01,83641.59,salary,True
INC_NPU_00097_202310,NPU_00097,2023-10-01,83303.52,salary,True
INC_NPU_00097_202311,NPU_00097,2023-11-02,82382.46,salary,True
INC_NPU_00097_202312,NPU_00097,2023-12-01,83960.55,salary,True
INC_NPU_00097_202401,NPU_00097,2024-01-01,84265.25,salary,True
INC_NPU_00097_202402,NPU_00097,2024-02-02,82810.24,salary,True
INC_NPU_00097_202403,NPU_00097,2024-03-01,85144.35,salary,True
INC_NPU_00097_202404,NPU_00097,2024-04-02,85984.87,salary,True
INC_NPU_00097_202405,NPU_00097,2024-05-01,83558.7,salary,True
INC_NPU_00097_202406,NPU_00097,2024-06-01,82241.64,salary,True
INC_NPU_00097_202407,NPU_00097,2024-07-01,81618.25,salary,True
INC_NPU_00097_202408,NPU_00097,2024-08-03,83012.37,salary,True
INC_NPU_00097_202409,NPU_00097,2024-09-01,83437.67,salary,True
INC_NPU_00097_202410,NPU_00097,2024-10-01,81541.34,salary,True
INC_NPU_00097_202411,NPU_00097,2024-11-01,82964.01,salary,True
INC_NPU_00097_202412,NPU_00097,2024-12-02,85047.54,salary,True
INC_NPU_00097_202501,NPU_00097,2025-01-03,80183.72,salary,True
INC_NPU_00097_202502,NPU_00097,2025-02-05,83660.53,salary,True
INC_NPU_00097_202503,NPU_00097,2025-03-01,82599.91,salary,True
INC_NPU_00097_202504,NPU_00097,2025-04-01,83487.78,salary,True
INC_NPU_00097_202505,NPU_00097,2025-05-02,86090.29,salary,True
INC_NPU_00097_202506,NPU_00097,2025-06-02,83411.18,salary,True
INC_NPU_00097_202507,NPU_00097,2025-07-01,83174.75,salary,True
INC_NPU_00097_202508,NPU_00097,2025-08-01,84579.34,salary,True
INC_NPU_00097_202509,NPU_00097,2025-09-02,83983.44,salary,True
INC_NPU_00097_202510,NPU_00097,2025-10-03,83667.56,salary,True
INC_NPU_00097_202511,NPU_00097,2025-11-03,84043.62,salary,True
INC_NPU_00097_202512,NPU_00097,2025-12-02,85521.84,salary,True
INC_NPU_00098_202301,NPU_00098,2023-01-04,161924.96,salary,True
INC_NPU_00098_202302,NPU_00098,2023-02-02,158370.53,salary,True
INC_NPU_00098_202303,NPU_00098,2023-03-02,163935.14,salary,True
INC_NPU_00098_202304,NPU_00098,2023-04-04,157660.25,salary,True
INC_NPU_00098_202305,NPU_00098,2023-05-01,159506.5,salary,True
INC_NPU_00098_202306,NPU_00098,2023-06-01,159858.63,salary,True
INC_NPU_00098_202307,NPU_00098,2023-07-01,158227.32,salary,True
INC_NPU_00098_202308,NPU_00098,2023-08-01,163523.16,salary,True
INC_NPU_00098_202309,NPU_00098,2023-09-03,158077.8,salary,True
INC_NPU_00098_202310,NPU_00098,2023-10-02,158787.52,salary,True
INC_NPU_00098_202311,NPU_00098,2023-11-05,162414.38,salary,True
INC_NPU_00098_202312,NPU_00098,2023-12-01,157768.34,salary,True
INC_NPU_00098_202401,NPU_00098,2024-01-05,155352.22,salary,True
INC_NPU_00098_202402,NPU_00098,2024-02-03,159595.34,salary,True
INC_NPU_00098_202403,NPU_00098,2024-03-01,156121.47,salary,True
INC_NPU_00098_202404,NPU_00098,2024-04-03,155808.9,salary,True
INC_NPU_00098_202405,NPU_00098,2024-05-01,152935.04,salary,True
INC_NPU_00098_202406,NPU_00098,2024-06-01,153268.39,salary,True
INC_NPU_00098_202407,NPU_00098,2024-07-01,153460.1,salary,True
INC_NPU_00098_202408,NPU_00098,2024-08-01,164420.24,salary,True
INC_NPU_00098_202409,NPU_00098,2024-09-03,153449.99,salary,True
INC_NPU_00098_202410,NPU_00098,2024-10-04,156051.12,salary,True
INC_NPU_00098_202411,NPU_00098,2024-11-04,158838.71,salary,True
INC_NPU_00098_202412,NPU_00098,2024-12-03,161109.31,salary,True
INC_NPU_00098_202501,NPU_00098,2025-01-02,161444.83,salary,True
INC_NPU_00098_202502,NPU_00098,2025-02-02,156802.62,salary,True
INC_NPU_00098_202503,NPU_00098,2025-03-02,159449.37,salary,True
INC_NPU_00098_202504,NPU_00098,2025-04-01,158749.56,salary,True
INC_NPU_00098_202505,NPU_00098,2025-05-01,159271.34,salary,True
INC_NPU_00098_202506,NPU_00098,2025-06-02,159675.47,salary,True
INC_NPU_00098_202507,NPU_00098,2025-07-03,160479.17,salary,True
INC_NPU_00098_202508,NPU_00098,2025-08-04,157429.61,salary,True
INC_NPU_00098_202509,NPU_00098,2025-09-05,162899.51,salary,True
INC_NPU_00098_202510,NPU_00098,2025-10-05,164946.17,salary,True
INC_NPU_00098_202511,NPU_00098,2025-11-01,158100.36,salary,True
INC_NPU_00098_202512,NPU_00098,2025-12-03,166166.36,salary,True
INC_NPU_00099_202301,NPU_00099,2023-01-04,166020.18,salary,True
INC_NPU_00099_202302,NPU_00099,2023-02-02,168020.65,salary,True
INC_NPU_00099_202303,NPU_00099,2023-03-03,167254.3,salary,True
INC_NPU_00099_202304,NPU_00099,2023-04-04,167891.71,salary,True
INC_NPU_00099_202305,NPU_00099,2023-05-05,171183.36,salary,True
INC_NPU_00099_202306,NPU_00099,2023-06-05,167070.43,salary,True
INC_NPU_00099_202307,NPU_00099,2023-07-02,164005.34,salary,True
INC_NPU_00099_202308,NPU_00099,2023-08-02,165779.92,salary,True
INC_NPU_00099_202309,NPU_00099,2023-09-01,167077.54,salary,True
INC_NPU_00099_202310,NPU_00099,2023-10-03,168307.09,salary,True
INC_NPU_00099_202311,NPU_00099,2023-11-03,165188.75,salary,True
INC_NPU_00099_202312,NPU_00099,2023-12-01,165512.66,salary,True
INC_NPU_00099_202401,NPU_00099,2024-01-02,168426.75,salary,True
INC_NPU_00099_202402,NPU_00099,2024-02-02,168540.98,salary,True
INC_NPU_00099_202403,NPU_00099,2024-03-02,170652.55,salary,True
INC_NPU_00099_202404,NPU_00099,2024-04-05,165741.92,salary,True
INC_NPU_00099_202405,NPU_00099,2024-05-01,169374.72,salary,True
INC_NPU_00099_202406,NPU_00099,2024-06-02,167260.28,salary,True
INC_NPU_00099_202407,NPU_00099,2024-07-01,166169.26,salary,True
INC_NPU_00099_202408,NPU_00099,2024-08-05,167364.2,salary,True
INC_NPU_00099_202409,NPU_00099,2024-09-01,167800.85,salary,True
INC_NPU_00099_202410,NPU_00099,2024-10-01,163689.02,salary,True
INC_NPU_00099_202411,NPU_00099,2024-11-02,163911.9,salary,True
INC_NPU_00099_202412,NPU_00099,2024-12-02,169831.59,salary,True
INC_NPU_00099_202501,NPU_00099,2025-01-02,166465.27,salary,True
INC_NPU_00099_202502,NPU_00099,2025-02-03,168330.96,salary,True
INC_NPU_00099_202503,NPU_00099,2025-03-04,169728.33,salary,True
INC_NPU_00099_202504,NPU_00099,2025-04-03,167383.2,salary,True
INC_NPU_00099_202505,NPU_00099,2025-05-01,169437.05,salary,True
INC_NPU_00099_202506,NPU_00099,2025-06-03,167821.42,salary,True
INC_NPU_00099_202507,NPU_00099,2025-07-03,167971.42,salary,True
INC_NPU_00099_202508,NPU_00099,2025-08-02,171479.91,salary,True
INC_NPU_00099_202509,NPU_00099,2025-09-02,167035.75,salary,True
INC_NPU_00099_202510,NPU_00099,2025-10-01,169871.36,salary,True
INC_NPU_00099_202511,NPU_00099,2025-11-03,163161.14,salary,True
INC_NPU_00099_202512,NPU_00099,2025-12-03,168212.73,salary,True
INC_NPU_00100_202301,NPU_00100,2023-01-03,73702.83,salary,True
INC_NPU_00100_202302,NPU_00100,2023-02-01,74970.12,salary,True
INC_NPU_00100_202303,NPU_00100,2023-03-01,69821.15,salary,True
INC_NPU_00100_202304,NPU_00100,2023-04-01,71165.48,salary,True
INC_NPU_00100_202305,NPU_00100,2023-05-01,70341.64,salary,True
INC_NPU_00100_202306,NPU_00100,2023-06-03,71469.07,salary,True
INC_NPU_00100_202307,NPU_00100,2023-07-05,72863.57,salary,True
INC_NPU_00100_202308,NPU_00100,2023-08-02,73372.86,salary,True
INC_NPU_00100_202309,NPU_00100,2023-09-02,73424.42,salary,True
INC_NPU_00100_202310,NPU_00100,2023-10-01,69709.06,salary,True
INC_NPU_00100_202311,NPU_00100,2023-11-02,71713.21,salary,True
INC_NPU_00100_202312,NPU_00100,2023-12-02,70836.53,salary,True
INC_NPU_00100_202401,NPU_00100,2024-01-02,71390.23,salary,True
INC_NPU_00100_202402,NPU_00100,2024-02-04,71015.09,salary,True
INC_NPU_00100_202403,NPU_00100,2024-03-02,69770.7,salary,True
INC_NPU_00100_202404,NPU_00100,2024-04-01,73388.48,salary,True
INC_NPU_00100_202405,NPU_00100,2024-05-02,70639.05,salary,True
INC_NPU_00100_202406,NPU_00100,2024-06-03,70860.8,salary,True
INC_NPU_00100_202407,NPU_00100,2024-07-01,73712.77,salary,True
INC_NPU_00100_202408,NPU_00100,2024-08-02,69551.08,salary,True
INC_NPU_00100_202409,NPU_00100,2024-09-01,72255.35,salary,True
INC_NPU_00100_202410,NPU_00100,2024-10-04,73071.09,salary,True
INC_NPU_00100_202411,NPU_00100,2024-11-01,73579.89,salary,True
INC_NPU_00100_202412,NPU_00100,2024-12-02,72156.69,salary,True
INC_NPU_00100_202501,NPU_00100,2025-01-01,72655.52,salary,True
INC_NPU_00100_202502,NPU_00100,2025-02-01,73070.25,salary,True
INC_NPU_00100_202503,NPU_00100,2025-03-03,71490.13,salary,True
INC_NPU_00100_202504,NPU_00100,2025-04-01,70454.96,salary,True
INC_NPU_00100_202505,NPU_00100,2025-05-02,73836.24,salary,True
INC_NPU_00100_202506,NPU_00100,2025-06-01,72493.78,salary,True
INC_NPU_00100_202507,NPU_00100,2025-07-01,71711.61,salary,True
INC_NPU_00100_202508,NPU_00100,2025-08-02,69833.51,salary,True
INC_NPU_00100_202509,NPU_00100,2025-09-03,68632.67,salary,True
INC_NPU_00100_202510,NPU_00100,2025-10-01,72227.29,salary,True
INC_NPU_00100_202511,NPU_00100,2025-11-01,68559.2,salary,True
INC_NPU_00100_202512,NPU_00100,2025-12-03,71696.64,salary,True
INC_NPU_00101_202301,NPU_00101,2023-01-01,26622.73,salary,True
INC_NPU_00101_202302,NPU_00101,2023-02-02,26740.85,salary,True
INC_NPU_00101_202303,NPU_00101,2023-03-04,27655.93,salary,True
INC_NPU_00101_202304,NPU_00101,2023-04-04,26627.34,salary,True
INC_NPU_00101_202305,NPU_00101,2023-05-04,27024.6,salary,True
INC_NPU_00101_202306,NPU_00101,2023-06-01,26629.97,salary,True
INC_NPU_00101_202307,NPU_00101,2023-07-01,27147.76,salary,True
INC_NPU_00101_202308,NPU_00101,2023-08-03,27071.08,salary,True
INC_NPU_00101_202309,NPU_00101,2023-09-02,26999.09,salary,True
INC_NPU_00101_202310,NPU_00101,2023-10-02,27518.15,salary,True
INC_NPU_00101_202311,NPU_00101,2023-11-02,26191.89,salary,True
INC_NPU_00101_202312,NPU_00101,2023-12-01,26067.57,salary,True
INC_NPU_00101_202401,NPU_00101,2024-01-01,26378.19,salary,True
INC_NPU_00101_202402,NPU_00101,2024-02-04,27073.75,salary,True
INC_NPU_00101_202403,NPU_00101,2024-03-01,27236.74,salary,True
INC_NPU_00101_202404,NPU_00101,2024-04-02,25536.75,salary,True
INC_NPU_00101_202405,NPU_00101,2024-05-04,27229.56,salary,True
INC_NPU_00101_202406,NPU_00101,2024-06-05,27910.69,salary,True
INC_NPU_00101_202407,NPU_00101,2024-07-04,26811.15,salary,True
INC_NPU_00101_202408,NPU_00101,2024-08-02,27820.74,salary,True
INC_NPU_00101_202409,NPU_00101,2024-09-01,27189.32,salary,True
INC_NPU_00101_202410,NPU_00101,2024-10-01,27745.54,salary,True
INC_NPU_00101_202411,NPU_00101,2024-11-03,27625.34,salary,True
INC_NPU_00101_202412,NPU_00101,2024-12-02,26811.42,salary,True
INC_NPU_00101_202501,NPU_00101,2025-01-04,27440.66,salary,True
INC_NPU_00101_202502,NPU_00101,2025-02-05,26810.33,salary,True
INC_NPU_00101_202503,NPU_00101,2025-03-03,27898.62,salary,True
INC_NPU_00101_202504,NPU_00101,2025-04-03,26857.78,salary,True
INC_NPU_00101_202505,NPU_00101,2025-05-01,27262.76,salary,True
INC_NPU_00101_202506,NPU_00101,2025-06-04,28017.1,salary,True
INC_NPU_00101_202507,NPU_00101,2025-07-03,27286.95,salary,True
INC_NPU_00101_202508,NPU_00101,2025-08-03,26757.51,salary,True
INC_NPU_00101_202509,NPU_00101,2025-09-01,26323.21,salary,True
INC_NPU_00101_202510,NPU_00101,2025-10-01,26195.98,salary,True
INC_NPU_00101_202511,NPU_00101,2025-11-01,27226.8,salary,True
INC_NPU_00101_202512,NPU_00101,2025-12-02,26945.77,salary,True
INC_NPU_00102_202301,NPU_00102,2023-01-04,11825.14,salary,True
INC_NPU_00102_202302,NPU_00102,2023-02-01,12269.28,salary,True
INC_NPU_00102_202303,NPU_00102,2023-03-01,12265.75,salary,True
INC_NPU_00102_202304,NPU_00102,2023-04-01,12071.54,salary,True
INC_NPU_00102_202305,NPU_00102,2023-05-01,12446.36,salary,True
INC_NPU_00102_202306,NPU_00102,2023-06-01,11700.65,salary,True
INC_NPU_00102_202307,NPU_00102,2023-07-05,11999.88,salary,True
INC_NPU_00102_202308,NPU_00102,2023-08-01,12227.25,salary,True
INC_NPU_00102_202309,NPU_00102,2023-09-04,11849.23,salary,True
INC_NPU_00102_202310,NPU_00102,2023-10-04,12294.14,salary,True
INC_NPU_00102_202311,NPU_00102,2023-11-02,12366.87,salary,True
INC_NPU_00102_202312,NPU_00102,2023-12-01,11512.59,salary,True
INC_NPU_00102_202401,NPU_00102,2024-01-04,12455.88,salary,True
INC_NPU_00102_202402,NPU_00102,2024-02-02,12212.03,salary,True
INC_NPU_00102_202403,NPU_00102,2024-03-01,11972.88,salary,True
INC_NPU_00102_202404,NPU_00102,2024-04-01,11757.15,salary,True
INC_NPU_00102_202405,NPU_00102,2024-05-03,12328.1,salary,True
INC_NPU_00102_202406,NPU_00102,2024-06-01,11814.02,salary,True
INC_NPU_00102_202407,NPU_00102,2024-07-03,12211.58,salary,True
INC_NPU_00102_202408,NPU_00102,2024-08-03,11822.72,salary,True
INC_NPU_00102_202409,NPU_00102,2024-09-04,12094.08,salary,True
INC_NPU_00102_202410,NPU_00102,2024-10-01,12316.26,salary,True
INC_NPU_00102_202411,NPU_00102,2024-11-02,11975.87,salary,True
INC_NPU_00102_202412,NPU_00102,2024-12-01,12453.93,salary,True
INC_NPU_00102_202501,NPU_00102,2025-01-01,12233.05,salary,True
INC_NPU_00102_202502,NPU_00102,2025-02-01,11849.94,salary,True
INC_NPU_00102_202503,NPU_00102,2025-03-02,11773.4,salary,True
INC_NPU_00102_202504,NPU_00102,2025-04-03,11906.77,salary,True
INC_NPU_00102_202505,NPU_00102,2025-05-01,12082.7,salary,True
INC_NPU_00102_202506,NPU_00102,2025-06-02,12480.71,salary,True
INC_NPU_00102_202507,NPU_00102,2025-07-01,12534.28,salary,True
INC_NPU_00102_202508,NPU_00102,2025-08-05,11967.19,salary,True
INC_NPU_00102_202509,NPU_00102,2025-09-02,11960.11,salary,True
INC_NPU_00102_202510,NPU_00102,2025-10-03,12274.25,salary,True
INC_NPU_00102_202511,NPU_00102,2025-11-03,12272.13,salary,True
INC_NPU_00102_202512,NPU_00102,2025-12-02,12407.18,salary,True
INC_NPU_00103_202301,NPU_00103,2023-01-21,255959.11,business,True
INC_NPU_00103_202302,NPU_00103,2023-02-06,133783.54,business,True
INC_NPU_00103_202303,NPU_00103,2023-03-16,326366.12,business,True
INC_NPU_00103_202304,NPU_00103,2023-04-11,112964.12,business,True
INC_NPU_00103_202305,NPU_00103,2023-05-11,205318.54,business,True
INC_NPU_00103_202306,NPU_00103,2023-06-21,183440.33,business,True
INC_NPU_00103_202307,NPU_00103,2023-07-21,233881.67,business,True
INC_NPU_00103_202308,NPU_00103,2023-08-16,149181.06,business,True
INC_NPU_00103_202309,NPU_00103,2023-09-06,98774.54,business,True
INC_NPU_00103_202310,NPU_00103,2023-10-21,108946.27,business,True
INC_NPU_00103_202311,NPU_00103,2023-11-01,118117.34,business,True
INC_NPU_00103_202312,NPU_00103,2023-12-21,238309.8,business,True
INC_NPU_00103_202401,NPU_00103,2024-01-06,165229.23,business,True
INC_NPU_00103_202402,NPU_00103,2024-02-16,203641.41,business,True
INC_NPU_00103_202403,NPU_00103,2024-03-01,162454.2,business,True
INC_NPU_00103_202404,NPU_00103,2024-04-01,205303.96,business,True
INC_NPU_00103_202405,NPU_00103,2024-05-01,208294.49,business,True
INC_NPU_00103_202406,NPU_00103,2024-06-11,190308.06,business,True
INC_NPU_00103_202407,NPU_00103,2024-07-01,122055.3,business,True
INC_NPU_00103_202408,NPU_00103,2024-08-11,173228.21,business,True
INC_NPU_00103_202409,NPU_00103,2024-09-21,149935.16,business,True
INC_NPU_00103_202410,NPU_00103,2024-10-01,140885.44,business,True
INC_NPU_00103_202411,NPU_00103,2024-11-16,226258.31,business,True
INC_NPU_00103_202412,NPU_00103,2024-12-06,128634.93,business,True
INC_NPU_00103_202501,NPU_00103,2025-01-21,157023.01,business,True
INC_NPU_00103_202502,NPU_00103,2025-02-16,237771.08,business,True
INC_NPU_00103_202503,NPU_00103,2025-03-01,105929.31,business,True
INC_NPU_00103_202504,NPU_00103,2025-04-06,259783.93,business,True
INC_NPU_00103_202505,NPU_00103,2025-05-06,121853.77,business,True
INC_NPU_00103_202506,NPU_00103,2025-06-06,169585.58,business,True
INC_NPU_00103_202507,NPU_00103,2025-07-16,242681.9,business,True
INC_NPU_00103_202508,NPU_00103,2025-08-11,133456.56,business,True
INC_NPU_00103_202509,NPU_00103,2025-09-01,293130.51,business,True
INC_NPU_00103_202510,NPU_00103,2025-10-01,155183.61,business,True
INC_NPU_00103_202511,NPU_00103,2025-11-01,152911.76,business,True
INC_NPU_00103_202512,NPU_00103,2025-12-06,255830.45,business,True
INC_NPU_00104_202301,NPU_00104,2023-01-02,64813.77,salary,True
INC_NPU_00104_202302,NPU_00104,2023-02-01,64697.25,salary,True
INC_NPU_00104_202303,NPU_00104,2023-03-01,61474.19,salary,True
INC_NPU_00104_202304,NPU_00104,2023-04-01,62829.85,salary,True
INC_NPU_00104_202305,NPU_00104,2023-05-03,63370.91,salary,True
INC_NPU_00104_202306,NPU_00104,2023-06-01,63335.21,salary,True
INC_NPU_00104_202307,NPU_00104,2023-07-05,63494.61,salary,True
INC_NPU_00104_202308,NPU_00104,2023-08-02,65998.43,salary,True
INC_NPU_00104_202309,NPU_00104,2023-09-01,63173.4,salary,True
INC_NPU_00104_202310,NPU_00104,2023-10-01,64057.27,salary,True
INC_NPU_00104_202311,NPU_00104,2023-11-05,64010.44,salary,True
INC_NPU_00104_202312,NPU_00104,2023-12-05,63510.28,salary,True
INC_NPU_00104_202401,NPU_00104,2024-01-02,62177.8,salary,True
INC_NPU_00104_202402,NPU_00104,2024-02-03,63675.34,salary,True
INC_NPU_00104_202403,NPU_00104,2024-03-01,61041.52,salary,True
INC_NPU_00104_202404,NPU_00104,2024-04-01,64186.66,salary,True
INC_NPU_00104_202405,NPU_00104,2024-05-01,60860.07,salary,True
INC_NPU_00104_202406,NPU_00104,2024-06-01,64066.26,salary,True
INC_NPU_00104_202407,NPU_00104,2024-07-02,62766.55,salary,True
INC_NPU_00104_202408,NPU_00104,2024-08-05,62332.11,salary,True
INC_NPU_00104_202409,NPU_00104,2024-09-01,64537.09,salary,True
INC_NPU_00104_202410,NPU_00104,2024-10-04,63029.69,salary,True
INC_NPU_00104_202411,NPU_00104,2024-11-02,63609.17,salary,True
INC_NPU_00104_202412,NPU_00104,2024-12-03,61511.63,salary,True
INC_NPU_00104_202501,NPU_00104,2025-01-01,65428.17,salary,True
INC_NPU_00104_202502,NPU_00104,2025-02-01,63731.36,salary,True
INC_NPU_00104_202503,NPU_00104,2025-03-03,63728.19,salary,True
INC_NPU_00104_202504,NPU_00104,2025-04-05,65109.7,salary,True
INC_NPU_00104_202505,NPU_00104,2025-05-01,64215.57,salary,True
INC_NPU_00104_202506,NPU_00104,2025-06-01,60377.19,salary,True
INC_NPU_00104_202507,NPU_00104,2025-07-03,65577.78,salary,True
INC_NPU_00104_202508,NPU_00104,2025-08-04,63128.3,salary,True
INC_NPU_00104_202509,NPU_00104,2025-09-03,65485.47,salary,True
INC_NPU_00104_202510,NPU_00104,2025-10-01,63085.26,salary,True
INC_NPU_00104_202511,NPU_00104,2025-11-03,62801.64,salary,True
INC_NPU_00104_202512,NPU_00104,2025-12-04,64123.91,salary,True
INC_NPU_00105_202301,NPU_00105,2023-01-01,44311.86,salary,True
INC_NPU_00105_202302,NPU_00105,2023-02-03,43478.47,salary,True
INC_NPU_00105_202303,NPU_00105,2023-03-05,42946.38,salary,True
INC_NPU_00105_202304,NPU_00105,2023-04-02,42836.14,salary,True
INC_NPU_00105_202305,NPU_00105,2023-05-01,42542.39,salary,True
INC_NPU_00105_202306,NPU_00105,2023-06-02,43713.78,salary,True
INC_NPU_00105_202307,NPU_00105,2023-07-02,43149.64,salary,True
INC_NPU_00105_202308,NPU_00105,2023-08-01,41278.58,salary,True
INC_NPU_00105_202309,NPU_00105,2023-09-03,41657.44,salary,True
INC_NPU_00105_202310,NPU_00105,2023-10-04,42977.18,salary,True
INC_NPU_00105_202311,NPU_00105,2023-11-02,41519.46,salary,True
INC_NPU_00105_202312,NPU_00105,2023-12-01,42582.9,salary,True
INC_NPU_00105_202401,NPU_00105,2024-01-05,43225.93,salary,True
INC_NPU_00105_202402,NPU_00105,2024-02-03,42856.42,salary,True
INC_NPU_00105_202403,NPU_00105,2024-03-01,41397.97,salary,True
INC_NPU_00105_202404,NPU_00105,2024-04-02,41700.79,salary,True
INC_NPU_00105_202405,NPU_00105,2024-05-04,42884.22,salary,True
INC_NPU_00105_202406,NPU_00105,2024-06-01,44187.21,salary,True
INC_NPU_00105_202407,NPU_00105,2024-07-05,42398.48,salary,True
INC_NPU_00105_202408,NPU_00105,2024-08-02,43258.25,salary,True
INC_NPU_00105_202409,NPU_00105,2024-09-04,42864.22,salary,True
INC_NPU_00105_202410,NPU_00105,2024-10-01,41934.66,salary,True
INC_NPU_00105_202411,NPU_00105,2024-11-05,43269.02,salary,True
INC_NPU_00105_202412,NPU_00105,2024-12-02,41081.83,salary,True
INC_NPU_00105_202501,NPU_00105,2025-01-02,43199.67,salary,True
INC_NPU_00105_202502,NPU_00105,2025-02-04,42918.21,salary,True
INC_NPU_00105_202503,NPU_00105,2025-03-02,42010.08,salary,True
INC_NPU_00105_202504,NPU_00105,2025-04-02,41586.98,salary,True
INC_NPU_00105_202505,NPU_00105,2025-05-03,42081.32,salary,True
INC_NPU_00105_202506,NPU_00105,2025-06-01,41872.97,salary,True
INC_NPU_00105_202507,NPU_00105,2025-07-01,42259.36,salary,True
INC_NPU_00105_202508,NPU_00105,2025-08-03,42164.94,salary,True
INC_NPU_00105_202509,NPU_00105,2025-09-03,42009.65,salary,True
INC_NPU_00105_202510,NPU_00105,2025-10-01,41051.29,salary,True
INC_NPU_00105_202511,NPU_00105,2025-11-01,41474.05,salary,True
INC_NPU_00105_202512,NPU_00105,2025-12-04,43414.75,salary,True
INC_NPU_00106_202301,NPU_00106,2023-01-01,22549.62,salary,True
INC_NPU_00106_202302,NPU_00106,2023-02-01,22679.49,salary,True
INC_NPU_00106_202303,NPU_00106,2023-03-01,22596.22,salary,True
INC_NPU_00106_202304,NPU_00106,2023-04-01,23463.58,salary,True
INC_NPU_00106_202305,NPU_00106,2023-05-04,22453.4,salary,True
INC_NPU_00106_202306,NPU_00106,2023-06-03,22422.64,salary,True
INC_NPU_00106_202307,NPU_00106,2023-07-03,23035.0,salary,True
INC_NPU_00106_202308,NPU_00106,2023-08-01,22879.87,salary,True
INC_NPU_00106_202309,NPU_00106,2023-09-02,23048.37,salary,True
INC_NPU_00106_202310,NPU_00106,2023-10-02,23017.72,salary,True
INC_NPU_00106_202311,NPU_00106,2023-11-01,23225.6,salary,True
INC_NPU_00106_202312,NPU_00106,2023-12-02,22197.84,salary,True
INC_NPU_00106_202401,NPU_00106,2024-01-01,22988.63,salary,True
INC_NPU_00106_202402,NPU_00106,2024-02-03,22425.37,salary,True
INC_NPU_00106_202403,NPU_00106,2024-03-02,21901.12,salary,True
INC_NPU_00106_202404,NPU_00106,2024-04-02,23014.44,salary,True
INC_NPU_00106_202405,NPU_00106,2024-05-01,22986.62,salary,True
INC_NPU_00106_202406,NPU_00106,2024-06-04,22785.04,salary,True
INC_NPU_00106_202407,NPU_00106,2024-07-02,23234.48,salary,True
INC_NPU_00106_202408,NPU_00106,2024-08-01,22428.81,salary,True
INC_NPU_00106_202409,NPU_00106,2024-09-03,23090.45,salary,True
INC_NPU_00106_202410,NPU_00106,2024-10-03,22718.8,salary,True
INC_NPU_00106_202411,NPU_00106,2024-11-01,22752.87,salary,True
INC_NPU_00106_202412,NPU_00106,2024-12-03,21955.51,salary,True
INC_NPU_00106_202501,NPU_00106,2025-01-05,23239.64,salary,True
INC_NPU_00106_202502,NPU_00106,2025-02-02,22968.23,salary,True
INC_NPU_00106_202503,NPU_00106,2025-03-01,23071.74,salary,True
INC_NPU_00106_202504,NPU_00106,2025-04-02,22369.77,salary,True
INC_NPU_00106_202505,NPU_00106,2025-05-03,22912.99,salary,True
INC_NPU_00106_202506,NPU_00106,2025-06-03,22717.86,salary,True
INC_NPU_00106_202507,NPU_00106,2025-07-03,22992.75,salary,True
INC_NPU_00106_202508,NPU_00106,2025-08-04,22891.57,salary,True
INC_NPU_00106_202509,NPU_00106,2025-09-03,23565.74,salary,True
INC_NPU_00106_202510,NPU_00106,2025-10-02,23384.33,salary,True
INC_NPU_00106_202511,NPU_00106,2025-11-05,23305.68,salary,True
INC_NPU_00106_202512,NPU_00106,2025-12-01,22666.37,salary,True
INC_NPU_00107_202301,NPU_00107,2023-01-02,60058.15,salary,True
INC_NPU_00107_202302,NPU_00107,2023-02-02,59054.75,salary,True
INC_NPU_00107_202303,NPU_00107,2023-03-02,60598.45,salary,True
INC_NPU_00107_202304,NPU_00107,2023-04-04,59334.28,salary,True
INC_NPU_00107_202305,NPU_00107,2023-05-01,58895.95,salary,True
INC_NPU_00107_202306,NPU_00107,2023-06-02,59778.06,salary,True
INC_NPU_00107_202307,NPU_00107,2023-07-02,60917.11,salary,True
INC_NPU_00107_202308,NPU_00107,2023-08-03,60698.84,salary,True
INC_NPU_00107_202309,NPU_00107,2023-09-02,58960.15,salary,True
INC_NPU_00107_202310,NPU_00107,2023-10-03,61368.54,salary,True
INC_NPU_00107_202311,NPU_00107,2023-11-03,58441.11,salary,True
INC_NPU_00107_202312,NPU_00107,2023-12-02,58758.59,salary,True
INC_NPU_00107_202401,NPU_00107,2024-01-03,60542.92,salary,True
INC_NPU_00107_202402,NPU_00107,2024-02-02,57161.14,salary,True
INC_NPU_00107_202403,NPU_00107,2024-03-03,59511.85,salary,True
INC_NPU_00107_202404,NPU_00107,2024-04-01,59146.38,salary,True
INC_NPU_00107_202405,NPU_00107,2024-05-01,61451.53,salary,True
INC_NPU_00107_202406,NPU_00107,2024-06-02,58240.75,salary,True
INC_NPU_00107_202407,NPU_00107,2024-07-02,58357.12,salary,True
INC_NPU_00107_202408,NPU_00107,2024-08-01,61646.13,salary,True
INC_NPU_00107_202409,NPU_00107,2024-09-02,59159.62,salary,True
INC_NPU_00107_202410,NPU_00107,2024-10-02,60863.97,salary,True
INC_NPU_00107_202411,NPU_00107,2024-11-01,58973.07,salary,True
INC_NPU_00107_202412,NPU_00107,2024-12-03,58713.32,salary,True
INC_NPU_00107_202501,NPU_00107,2025-01-02,60930.41,salary,True
INC_NPU_00107_202502,NPU_00107,2025-02-02,61991.25,salary,True
INC_NPU_00107_202503,NPU_00107,2025-03-03,61033.47,salary,True
INC_NPU_00107_202504,NPU_00107,2025-04-01,58900.6,salary,True
INC_NPU_00107_202505,NPU_00107,2025-05-02,59460.12,salary,True
INC_NPU_00107_202506,NPU_00107,2025-06-02,58405.02,salary,True
INC_NPU_00107_202507,NPU_00107,2025-07-03,58582.9,salary,True
INC_NPU_00107_202508,NPU_00107,2025-08-03,58527.4,salary,True
INC_NPU_00107_202509,NPU_00107,2025-09-02,59000.02,salary,True
INC_NPU_00107_202510,NPU_00107,2025-10-01,59643.65,salary,True
INC_NPU_00107_202511,NPU_00107,2025-11-05,56869.56,salary,True
INC_NPU_00107_202512,NPU_00107,2025-12-04,59507.64,salary,True
INC_NPU_00108_202301,NPU_00108,2023-01-03,51601.21,freelance,True
INC_NPU_00108_202302,NPU_00108,2023-02-13,26743.85,freelance,True
INC_NPU_00108_202303,NPU_00108,2023-03-10,45854.06,freelance,True
INC_NPU_00108_202304,NPU_00108,2023-04-24,85779.5,freelance,True
INC_NPU_00108_202305,NPU_00108,2023-05-10,99416.65,freelance,True
INC_NPU_00108_202306,NPU_00108,2023-06-24,184915.65,freelance,True
INC_NPU_00108_202307,NPU_00108,2023-07-15,141791.79,freelance,True
INC_NPU_00108_202308,NPU_00108,2023-08-06,21195.23,freelance,True
INC_NPU_00108_202309,NPU_00108,2023-09-22,153611.45,freelance,True
INC_NPU_00108_202310,NPU_00108,2023-10-09,138192.99,freelance,True
INC_NPU_00108_202311,NPU_00108,2023-11-24,202002.7,freelance,True
INC_NPU_00108_202312,NPU_00108,2023-12-18,53456.13,freelance,True
INC_NPU_00108_202401,NPU_00108,2024-01-15,104005.85,freelance,True
INC_NPU_00108_202402,NPU_00108,2024-02-18,103314.82,freelance,True
INC_NPU_00108_202403,NPU_00108,2024-03-19,73103.26,freelance,True
INC_NPU_00108_202404,NPU_00108,2024-04-22,175494.4,freelance,True
INC_NPU_00108_202405,NPU_00108,2024-05-17,24216.75,freelance,True
INC_NPU_00108_202406,NPU_00108,2024-06-02,21115.21,freelance,True
INC_NPU_00108_202407,NPU_00108,2024-07-10,135410.88,freelance,True
INC_NPU_00108_202408,NPU_00108,2024-08-06,114758.54,freelance,True
INC_NPU_00108_202409,NPU_00108,2024-09-23,67041.6,freelance,True
INC_NPU_00108_202410,NPU_00108,2024-10-14,78430.62,freelance,True
INC_NPU_00108_202411,NPU_00108,2024-11-03,50084.14,freelance,True
INC_NPU_00108_202412,NPU_00108,2024-12-02,124991.43,freelance,True
INC_NPU_00108_202501,NPU_00108,2025-01-12,171228.44,freelance,True
INC_NPU_00108_202502,NPU_00108,2025-02-05,101465.23,freelance,True
INC_NPU_00108_202503,NPU_00108,2025-03-23,127020.23,freelance,True
INC_NPU_00108_202504,NPU_00108,2025-04-04,38093.18,freelance,True
INC_NPU_00108_202505,NPU_00108,2025-05-24,99663.38,freelance,True
INC_NPU_00108_202506,NPU_00108,2025-06-03,38659.02,freelance,True
INC_NPU_00108_202507,NPU_00108,2025-07-03,67478.56,freelance,True
INC_NPU_00108_202508,NPU_00108,2025-08-07,116103.73,freelance,True
INC_NPU_00108_202509,NPU_00108,2025-09-02,82586.99,freelance,True
INC_NPU_00108_202510,NPU_00108,2025-10-23,152898.17,freelance,True
INC_NPU_00108_202511,NPU_00108,2025-11-06,56487.78,freelance,True
INC_NPU_00108_202512,NPU_00108,2025-12-03,227192.26,freelance,True
INC_NPU_00109_202301,NPU_00109,2023-01-02,155098.15,salary,True
INC_NPU_00109_202302,NPU_00109,2023-02-03,154482.82,salary,True
INC_NPU_00109_202303,NPU_00109,2023-03-02,151484.66,salary,True
INC_NPU_00109_202304,NPU_00109,2023-04-04,152548.98,salary,True
INC_NPU_00109_202305,NPU_00109,2023-05-02,148037.26,salary,True
INC_NPU_00109_202306,NPU_00109,2023-06-01,151292.38,salary,True
INC_NPU_00109_202307,NPU_00109,2023-07-01,154938.25,salary,True
INC_NPU_00109_202308,NPU_00109,2023-08-02,154505.83,salary,True
INC_NPU_00109_202309,NPU_00109,2023-09-03,151965.39,salary,True
INC_NPU_00109_202310,NPU_00109,2023-10-01,153523.98,salary,True
INC_NPU_00109_202311,NPU_00109,2023-11-03,154021.85,salary,True
INC_NPU_00109_202312,NPU_00109,2023-12-01,152117.25,salary,True
INC_NPU_00109_202401,NPU_00109,2024-01-01,155278.94,salary,True
INC_NPU_00109_202402,NPU_00109,2024-02-01,154449.25,salary,True
INC_NPU_00109_202403,NPU_00109,2024-03-02,152654.74,salary,True
INC_NPU_00109_202404,NPU_00109,2024-04-01,150159.87,salary,True
INC_NPU_00109_202405,NPU_00109,2024-05-01,152442.71,salary,True
INC_NPU_00109_202406,NPU_00109,2024-06-01,152248.34,salary,True
INC_NPU_00109_202407,NPU_00109,2024-07-03,151959.15,salary,True
INC_NPU_00109_202408,NPU_00109,2024-08-01,149072.21,salary,True
INC_NPU_00109_202409,NPU_00109,2024-09-04,158116.27,salary,True
INC_NPU_00109_202410,NPU_00109,2024-10-01,157939.16,salary,True
INC_NPU_00109_202411,NPU_00109,2024-11-03,153416.4,salary,True
INC_NPU_00109_202412,NPU_00109,2024-12-03,154557.08,salary,True
INC_NPU_00109_202501,NPU_00109,2025-01-04,155223.67,salary,True
INC_NPU_00109_202502,NPU_00109,2025-02-02,153463.44,salary,True
INC_NPU_00109_202503,NPU_00109,2025-03-01,154773.74,salary,True
INC_NPU_00109_202504,NPU_00109,2025-04-02,155662.85,salary,True
INC_NPU_00109_202505,NPU_00109,2025-05-01,154334.79,salary,True
INC_NPU_00109_202506,NPU_00109,2025-06-01,156213.42,salary,True
INC_NPU_00109_202507,NPU_00109,2025-07-05,151863.21,salary,True
INC_NPU_00109_202508,NPU_00109,2025-08-02,153793.62,salary,True
INC_NPU_00109_202509,NPU_00109,2025-09-01,162250.63,salary,True
INC_NPU_00109_202510,NPU_00109,2025-10-03,156952.22,salary,True
INC_NPU_00109_202511,NPU_00109,2025-11-01,154404.08,salary,True
INC_NPU_00109_202512,NPU_00109,2025-12-02,151035.9,salary,True
INC_NPU_00110_202301,NPU_00110,2023-01-02,42984.94,salary,True
INC_NPU_00110_202302,NPU_00110,2023-02-01,43760.29,salary,True
INC_NPU_00110_202303,NPU_00110,2023-03-05,43562.45,salary,True
INC_NPU_00110_202304,NPU_00110,2023-04-03,41446.12,salary,True
INC_NPU_00110_202305,NPU_00110,2023-05-01,41651.08,salary,True
INC_NPU_00110_202306,NPU_00110,2023-06-05,41684.37,salary,True
INC_NPU_00110_202307,NPU_00110,2023-07-03,43355.71,salary,True
INC_NPU_00110_202308,NPU_00110,2023-08-01,41694.19,salary,True
INC_NPU_00110_202309,NPU_00110,2023-09-03,42138.59,salary,True
INC_NPU_00110_202310,NPU_00110,2023-10-02,42820.09,salary,True
INC_NPU_00110_202311,NPU_00110,2023-11-02,43912.39,salary,True
INC_NPU_00110_202312,NPU_00110,2023-12-03,43397.62,salary,True
INC_NPU_00110_202401,NPU_00110,2024-01-04,42719.79,salary,True
INC_NPU_00110_202402,NPU_00110,2024-02-04,43644.11,salary,True
INC_NPU_00110_202403,NPU_00110,2024-03-02,44735.58,salary,True
INC_NPU_00110_202404,NPU_00110,2024-04-01,42992.48,salary,True
INC_NPU_00110_202405,NPU_00110,2024-05-04,41883.58,salary,True
INC_NPU_00110_202406,NPU_00110,2024-06-01,42165.35,salary,True
INC_NPU_00110_202407,NPU_00110,2024-07-02,42158.09,salary,True
INC_NPU_00110_202408,NPU_00110,2024-08-05,42326.63,salary,True
INC_NPU_00110_202409,NPU_00110,2024-09-01,42662.05,salary,True
INC_NPU_00110_202410,NPU_00110,2024-10-01,43184.79,salary,True
INC_NPU_00110_202411,NPU_00110,2024-11-01,41767.58,salary,True
INC_NPU_00110_202412,NPU_00110,2024-12-05,41900.57,salary,True
INC_NPU_00110_202501,NPU_00110,2025-01-04,43456.28,salary,True
INC_NPU_00110_202502,NPU_00110,2025-02-05,42514.64,salary,True
INC_NPU_00110_202503,NPU_00110,2025-03-02,42238.16,salary,True
INC_NPU_00110_202504,NPU_00110,2025-04-01,42752.72,salary,True
INC_NPU_00110_202505,NPU_00110,2025-05-03,44075.31,salary,True
INC_NPU_00110_202506,NPU_00110,2025-06-02,43577.37,salary,True
INC_NPU_00110_202507,NPU_00110,2025-07-01,43514.1,salary,True
INC_NPU_00110_202508,NPU_00110,2025-08-01,44402.04,salary,True
INC_NPU_00110_202509,NPU_00110,2025-09-01,43225.63,salary,True
INC_NPU_00110_202510,NPU_00110,2025-10-04,44496.63,salary,True
INC_NPU_00110_202511,NPU_00110,2025-11-01,44580.93,salary,True
INC_NPU_00110_202512,NPU_00110,2025-12-01,41790.71,salary,True
INC_NPU_00111_202301,NPU_00111,2023-01-01,96311.59,salary,True
INC_NPU_00111_202302,NPU_00111,2023-02-01,97531.72,salary,True
INC_NPU_00111_202303,NPU_00111,2023-03-02,101859.36,salary,True
INC_NPU_00111_202304,NPU_00111,2023-04-01,99065.94,salary,True
INC_NPU_00111_202305,NPU_00111,2023-05-01,98826.39,salary,True
INC_NPU_00111_202306,NPU_00111,2023-06-01,101149.64,salary,True
INC_NPU_00111_202307,NPU_00111,2023-07-01,98381.52,salary,True
INC_NPU_00111_202308,NPU_00111,2023-08-05,99859.06,salary,True
INC_NPU_00111_202309,NPU_00111,2023-09-02,100655.88,salary,True
INC_NPU_00111_202310,NPU_00111,2023-10-02,97690.89,salary,True
INC_NPU_00111_202311,NPU_00111,2023-11-03,97272.07,salary,True
INC_NPU_00111_202312,NPU_00111,2023-12-02,99571.55,salary,True
INC_NPU_00111_202401,NPU_00111,2024-01-01,99818.12,salary,True
INC_NPU_00111_202402,NPU_00111,2024-02-01,100981.18,salary,True
INC_NPU_00111_202403,NPU_00111,2024-03-05,103287.36,salary,True
INC_NPU_00111_202404,NPU_00111,2024-04-01,97487.1,salary,True
INC_NPU_00111_202405,NPU_00111,2024-05-04,98095.84,salary,True
INC_NPU_00111_202406,NPU_00111,2024-06-01,103236.87,salary,True
INC_NPU_00111_202407,NPU_00111,2024-07-05,101459.37,salary,True
INC_NPU_00111_202408,NPU_00111,2024-08-01,99242.1,salary,True
INC_NPU_00111_202409,NPU_00111,2024-09-01,101804.23,salary,True
INC_NPU_00111_202410,NPU_00111,2024-10-02,97493.79,salary,True
INC_NPU_00111_202411,NPU_00111,2024-11-01,99016.71,salary,True
INC_NPU_00111_202412,NPU_00111,2024-12-03,93963.63,salary,True
INC_NPU_00111_202501,NPU_00111,2025-01-01,99801.22,salary,True
INC_NPU_00111_202502,NPU_00111,2025-02-03,98797.57,salary,True
INC_NPU_00111_202503,NPU_00111,2025-03-03,98863.8,salary,True
INC_NPU_00111_202504,NPU_00111,2025-04-04,100873.12,salary,True
INC_NPU_00111_202505,NPU_00111,2025-05-01,101490.28,salary,True
INC_NPU_00111_202506,NPU_00111,2025-06-04,98595.58,salary,True
INC_NPU_00111_202507,NPU_00111,2025-07-01,96892.1,salary,True
INC_NPU_00111_202508,NPU_00111,2025-08-02,96527.97,salary,True
INC_NPU_00111_202509,NPU_00111,2025-09-01,95578.77,salary,True
INC_NPU_00111_202510,NPU_00111,2025-10-04,102806.39,salary,True
INC_NPU_00111_202511,NPU_00111,2025-11-03,100882.02,salary,True
INC_NPU_00111_202512,NPU_00111,2025-12-02,100404.88,salary,True
INC_NPU_00112_202301,NPU_00112,2023-01-01,74256.14,salary,True
INC_NPU_00112_202302,NPU_00112,2023-02-03,74248.13,salary,True
INC_NPU_00112_202303,NPU_00112,2023-03-01,76681.82,salary,True
INC_NPU_00112_202304,NPU_00112,2023-04-03,72723.07,salary,True
INC_NPU_00112_202305,NPU_00112,2023-05-03,74502.14,salary,True
INC_NPU_00112_202306,NPU_00112,2023-06-01,76919.19,salary,True
INC_NPU_00112_202307,NPU_00112,2023-07-03,74499.63,salary,True
INC_NPU_00112_202308,NPU_00112,2023-08-01,76085.21,salary,True
INC_NPU_00112_202309,NPU_00112,2023-09-03,74987.99,salary,True
INC_NPU_00112_202310,NPU_00112,2023-10-02,71257.03,salary,True
INC_NPU_00112_202311,NPU_00112,2023-11-01,74925.73,salary,True
INC_NPU_00112_202312,NPU_00112,2023-12-01,75208.26,salary,True
INC_NPU_00112_202401,NPU_00112,2024-01-01,74811.82,salary,True
INC_NPU_00112_202402,NPU_00112,2024-02-01,73378.78,salary,True
INC_NPU_00112_202403,NPU_00112,2024-03-01,74828.0,salary,True
INC_NPU_00112_202404,NPU_00112,2024-04-01,72241.79,salary,True
INC_NPU_00112_202405,NPU_00112,2024-05-01,74484.83,salary,True
INC_NPU_00112_202406,NPU_00112,2024-06-01,76211.84,salary,True
INC_NPU_00112_202407,NPU_00112,2024-07-03,77518.28,salary,True
INC_NPU_00112_202408,NPU_00112,2024-08-01,77207.96,salary,True
INC_NPU_00112_202409,NPU_00112,2024-09-03,73574.36,salary,True
INC_NPU_00112_202410,NPU_00112,2024-10-02,72936.87,salary,True
INC_NPU_00112_202411,NPU_00112,2024-11-01,75352.38,salary,True
INC_NPU_00112_202412,NPU_00112,2024-12-02,75110.6,salary,True
INC_NPU_00112_202501,NPU_00112,2025-01-05,75965.93,salary,True
INC_NPU_00112_202502,NPU_00112,2025-02-01,74137.87,salary,True
INC_NPU_00112_202503,NPU_00112,2025-03-01,75155.95,salary,True
INC_NPU_00112_202504,NPU_00112,2025-04-04,75075.49,salary,True
INC_NPU_00112_202505,NPU_00112,2025-05-02,74533.7,salary,True
INC_NPU_00112_202506,NPU_00112,2025-06-01,72632.0,salary,True
INC_NPU_00112_202507,NPU_00112,2025-07-04,76187.95,salary,True
INC_NPU_00112_202508,NPU_00112,2025-08-03,75362.76,salary,True
INC_NPU_00112_202509,NPU_00112,2025-09-03,76299.77,salary,True
INC_NPU_00112_202510,NPU_00112,2025-10-04,76680.39,salary,True
INC_NPU_00112_202511,NPU_00112,2025-11-01,74944.78,salary,True
INC_NPU_00112_202512,NPU_00112,2025-12-04,76198.23,salary,True
INC_NPU_00113_202301,NPU_00113,2023-01-02,153162.89,salary,True
INC_NPU_00113_202302,NPU_00113,2023-02-01,154278.05,salary,True
INC_NPU_00113_202303,NPU_00113,2023-03-01,149179.57,salary,True
INC_NPU_00113_202304,NPU_00113,2023-04-04,149415.05,salary,True
INC_NPU_00113_202305,NPU_00113,2023-05-01,149128.18,salary,True
INC_NPU_00113_202306,NPU_00113,2023-06-01,149901.05,salary,True
INC_NPU_00113_202307,NPU_00113,2023-07-01,151277.01,salary,True
INC_NPU_00113_202308,NPU_00113,2023-08-01,149064.28,salary,True
INC_NPU_00113_202309,NPU_00113,2023-09-03,154054.04,salary,True
INC_NPU_00113_202310,NPU_00113,2023-10-02,153504.1,salary,True
INC_NPU_00113_202311,NPU_00113,2023-11-01,148508.5,salary,True
INC_NPU_00113_202312,NPU_00113,2023-12-01,148490.51,salary,True
INC_NPU_00113_202401,NPU_00113,2024-01-01,146969.74,salary,True
INC_NPU_00113_202402,NPU_00113,2024-02-01,150069.28,salary,True
INC_NPU_00113_202403,NPU_00113,2024-03-01,147429.95,salary,True
INC_NPU_00113_202404,NPU_00113,2024-04-01,146838.3,salary,True
INC_NPU_00113_202405,NPU_00113,2024-05-03,150000.02,salary,True
INC_NPU_00113_202406,NPU_00113,2024-06-01,145142.37,salary,True
INC_NPU_00113_202407,NPU_00113,2024-07-04,151334.89,salary,True
INC_NPU_00113_202408,NPU_00113,2024-08-01,150126.04,salary,True
INC_NPU_00113_202409,NPU_00113,2024-09-01,153309.13,salary,True
INC_NPU_00113_202410,NPU_00113,2024-10-01,149234.49,salary,True
INC_NPU_00113_202411,NPU_00113,2024-11-04,150605.16,salary,True
INC_NPU_00113_202412,NPU_00113,2024-12-03,141566.84,salary,True
INC_NPU_00113_202501,NPU_00113,2025-01-04,151020.02,salary,True
INC_NPU_00113_202502,NPU_00113,2025-02-02,152182.14,salary,True
INC_NPU_00113_202503,NPU_00113,2025-03-04,148891.28,salary,True
INC_NPU_00113_202504,NPU_00113,2025-04-04,146948.14,salary,True
INC_NPU_00113_202505,NPU_00113,2025-05-03,149305.36,salary,True
INC_NPU_00113_202506,NPU_00113,2025-06-05,151331.02,salary,True
INC_NPU_00113_202507,NPU_00113,2025-07-01,151765.27,salary,True
INC_NPU_00113_202508,NPU_00113,2025-08-02,143452.55,salary,True
INC_NPU_00113_202509,NPU_00113,2025-09-03,157109.44,salary,True
INC_NPU_00113_202510,NPU_00113,2025-10-03,146853.29,salary,True
INC_NPU_00113_202511,NPU_00113,2025-11-04,150660.93,salary,True
INC_NPU_00113_202512,NPU_00113,2025-12-02,152567.79,salary,True
INC_NPU_00114_202301,NPU_00114,2023-01-01,67177.94,salary,True
INC_NPU_00114_202302,NPU_00114,2023-02-01,68840.55,salary,True
INC_NPU_00114_202303,NPU_00114,2023-03-02,65002.42,salary,True
INC_NPU_00114_202304,NPU_00114,2023-04-04,64549.24,salary,True
INC_NPU_00114_202305,NPU_00114,2023-05-02,68897.53,salary,True
INC_NPU_00114_202306,NPU_00114,2023-06-01,68703.01,salary,True
INC_NPU_00114_202307,NPU_00114,2023-07-05,70544.31,salary,True
INC_NPU_00114_202308,NPU_00114,2023-08-01,67835.89,salary,True
INC_NPU_00114_202309,NPU_00114,2023-09-02,68587.85,salary,True
INC_NPU_00114_202310,NPU_00114,2023-10-03,69613.57,salary,True
INC_NPU_00114_202311,NPU_00114,2023-11-01,69193.99,salary,True
INC_NPU_00114_202312,NPU_00114,2023-12-01,67256.31,salary,True
INC_NPU_00114_202401,NPU_00114,2024-01-01,67651.66,salary,True
INC_NPU_00114_202402,NPU_00114,2024-02-03,67021.55,salary,True
INC_NPU_00114_202403,NPU_00114,2024-03-01,66848.99,salary,True
INC_NPU_00114_202404,NPU_00114,2024-04-02,68433.26,salary,True
INC_NPU_00114_202405,NPU_00114,2024-05-01,67007.05,salary,True
INC_NPU_00114_202406,NPU_00114,2024-06-01,68429.83,salary,True
INC_NPU_00114_202407,NPU_00114,2024-07-02,67176.37,salary,True
INC_NPU_00114_202408,NPU_00114,2024-08-05,67370.01,salary,True
INC_NPU_00114_202409,NPU_00114,2024-09-02,66193.85,salary,True
INC_NPU_00114_202410,NPU_00114,2024-10-02,68390.7,salary,True
INC_NPU_00114_202411,NPU_00114,2024-11-01,64933.0,salary,True
INC_NPU_00114_202412,NPU_00114,2024-12-01,68956.33,salary,True
INC_NPU_00114_202501,NPU_00114,2025-01-02,70444.25,salary,True
INC_NPU_00114_202502,NPU_00114,2025-02-05,67417.12,salary,True
INC_NPU_00114_202503,NPU_00114,2025-03-01,67356.01,salary,True
INC_NPU_00114_202504,NPU_00114,2025-04-02,65295.14,salary,True
INC_NPU_00114_202505,NPU_00114,2025-05-02,66633.28,salary,True
INC_NPU_00114_202506,NPU_00114,2025-06-01,68604.32,salary,True
INC_NPU_00114_202507,NPU_00114,2025-07-01,68816.18,salary,True
INC_NPU_00114_202508,NPU_00114,2025-08-01,67587.92,salary,True
INC_NPU_00114_202509,NPU_00114,2025-09-04,68513.7,salary,True
INC_NPU_00114_202510,NPU_00114,2025-10-01,66218.89,salary,True
INC_NPU_00114_202511,NPU_00114,2025-11-01,67898.98,salary,True
INC_NPU_00114_202512,NPU_00114,2025-12-02,69344.69,salary,True
INC_NPU_00115_202301,NPU_00115,2023-01-05,28361.05,salary,True
INC_NPU_00115_202302,NPU_00115,2023-02-04,28951.65,salary,True
INC_NPU_00115_202303,NPU_00115,2023-03-01,28973.02,salary,True
INC_NPU_00115_202304,NPU_00115,2023-04-01,28287.09,salary,True
INC_NPU_00115_202305,NPU_00115,2023-05-01,26273.56,salary,True
INC_NPU_00115_202306,NPU_00115,2023-06-02,28617.21,salary,True
INC_NPU_00115_202307,NPU_00115,2023-07-01,27316.95,salary,True
INC_NPU_00115_202308,NPU_00115,2023-08-02,26579.64,salary,True
INC_NPU_00115_202309,NPU_00115,2023-09-03,26945.34,salary,True
INC_NPU_00115_202310,NPU_00115,2023-10-01,28662.33,salary,True
INC_NPU_00115_202311,NPU_00115,2023-11-01,28291.91,salary,True
INC_NPU_00115_202312,NPU_00115,2023-12-05,28135.47,salary,True
INC_NPU_00115_202401,NPU_00115,2024-01-01,28348.6,salary,True
INC_NPU_00115_202402,NPU_00115,2024-02-02,26975.24,salary,True
INC_NPU_00115_202403,NPU_00115,2024-03-01,27881.7,salary,True
INC_NPU_00115_202404,NPU_00115,2024-04-01,27636.28,salary,True
INC_NPU_00115_202405,NPU_00115,2024-05-03,28089.94,salary,True
INC_NPU_00115_202406,NPU_00115,2024-06-03,28110.45,salary,True
INC_NPU_00115_202407,NPU_00115,2024-07-01,28322.57,salary,True
INC_NPU_00115_202408,NPU_00115,2024-08-05,28412.15,salary,True
INC_NPU_00115_202409,NPU_00115,2024-09-01,26999.37,salary,True
INC_NPU_00115_202410,NPU_00115,2024-10-01,27889.3,salary,True
INC_NPU_00115_202411,NPU_00115,2024-11-03,28011.21,salary,True
INC_NPU_00115_202412,NPU_00115,2024-12-03,27302.47,salary,True
INC_NPU_00115_202501,NPU_00115,2025-01-01,27249.01,salary,True
INC_NPU_00115_202502,NPU_00115,2025-02-04,26948.16,salary,True
INC_NPU_00115_202503,NPU_00115,2025-03-02,27177.36,salary,True
INC_NPU_00115_202504,NPU_00115,2025-04-01,28501.16,salary,True
INC_NPU_00115_202505,NPU_00115,2025-05-03,27078.43,salary,True
INC_NPU_00115_202506,NPU_00115,2025-06-02,27159.23,salary,True
INC_NPU_00115_202507,NPU_00115,2025-07-02,28065.89,salary,True
INC_NPU_00115_202508,NPU_00115,2025-08-03,28246.74,salary,True
INC_NPU_00115_202509,NPU_00115,2025-09-01,27993.33,salary,True
INC_NPU_00115_202510,NPU_00115,2025-10-02,27399.08,salary,True
INC_NPU_00115_202511,NPU_00115,2025-11-01,27260.04,salary,True
INC_NPU_00115_202512,NPU_00115,2025-12-01,28049.8,salary,True
INC_NPU_00116_202301,NPU_00116,2023-01-11,249529.23,business,True
INC_NPU_00116_202302,NPU_00116,2023-02-21,95835.01,business,True
INC_NPU_00116_202303,NPU_00116,2023-03-21,64912.36,business,True
INC_NPU_00116_202304,NPU_00116,2023-04-21,89660.44,business,True
INC_NPU_00116_202305,NPU_00116,2023-05-16,128203.86,business,True
INC_NPU_00116_202306,NPU_00116,2023-06-21,93949.91,business,True
INC_NPU_00116_202307,NPU_00116,2023-07-01,87449.57,business,True
INC_NPU_00116_202308,NPU_00116,2023-08-06,81820.43,business,True
INC_NPU_00116_202309,NPU_00116,2023-09-11,88728.1,business,True
INC_NPU_00116_202310,NPU_00116,2023-10-21,117665.03,business,True
INC_NPU_00116_202311,NPU_00116,2023-11-11,92738.04,business,True
INC_NPU_00116_202312,NPU_00116,2023-12-01,59377.4,business,True
INC_NPU_00116_202401,NPU_00116,2024-01-11,116988.78,business,True
INC_NPU_00116_202402,NPU_00116,2024-02-01,124498.62,business,True
INC_NPU_00116_202403,NPU_00116,2024-03-06,147686.18,business,True
INC_NPU_00116_202404,NPU_00116,2024-04-11,73197.72,business,True
INC_NPU_00116_202405,NPU_00116,2024-05-01,99002.79,business,True
INC_NPU_00116_202406,NPU_00116,2024-06-21,90513.74,business,True
INC_NPU_00116_202407,NPU_00116,2024-07-11,84010.86,business,True
INC_NPU_00116_202408,NPU_00116,2024-08-16,115518.55,business,True
INC_NPU_00116_202409,NPU_00116,2024-09-01,89682.06,business,True
INC_NPU_00116_202410,NPU_00116,2024-10-11,114099.53,business,True
INC_NPU_00116_202411,NPU_00116,2024-11-01,79040.43,business,True
INC_NPU_00116_202412,NPU_00116,2024-12-01,104115.91,business,True
INC_NPU_00116_202501,NPU_00116,2025-01-06,56456.67,business,True
INC_NPU_00116_202502,NPU_00116,2025-02-16,116107.61,business,True
INC_NPU_00116_202503,NPU_00116,2025-03-21,120458.27,business,True
INC_NPU_00116_202504,NPU_00116,2025-04-01,54981.78,business,True
INC_NPU_00116_202505,NPU_00116,2025-05-16,145952.61,business,True
INC_NPU_00116_202506,NPU_00116,2025-06-16,69349.7,business,True
INC_NPU_00116_202507,NPU_00116,2025-07-21,78557.33,business,True
INC_NPU_00116_202508,NPU_00116,2025-08-16,122008.77,business,True
INC_NPU_00116_202509,NPU_00116,2025-09-01,85950.26,business,True
INC_NPU_00116_202510,NPU_00116,2025-10-21,58109.41,business,True
INC_NPU_00116_202511,NPU_00116,2025-11-06,72778.45,business,True
INC_NPU_00116_202512,NPU_00116,2025-12-06,76015.41,business,True
INC_NPU_00117_202301,NPU_00117,2023-01-04,43472.82,salary,True
INC_NPU_00117_202302,NPU_00117,2023-02-02,42397.99,salary,True
INC_NPU_00117_202303,NPU_00117,2023-03-02,42012.94,salary,True
INC_NPU_00117_202304,NPU_00117,2023-04-01,40880.84,salary,True
INC_NPU_00117_202305,NPU_00117,2023-05-01,43411.05,salary,True
INC_NPU_00117_202306,NPU_00117,2023-06-01,41567.82,salary,True
INC_NPU_00117_202307,NPU_00117,2023-07-01,42438.97,salary,True
INC_NPU_00117_202308,NPU_00117,2023-08-05,42264.96,salary,True
INC_NPU_00117_202309,NPU_00117,2023-09-01,43855.47,salary,True
INC_NPU_00117_202310,NPU_00117,2023-10-01,42165.15,salary,True
INC_NPU_00117_202311,NPU_00117,2023-11-04,41736.5,salary,True
INC_NPU_00117_202312,NPU_00117,2023-12-01,42411.21,salary,True
INC_NPU_00117_202401,NPU_00117,2024-01-03,42504.72,salary,True
INC_NPU_00117_202402,NPU_00117,2024-02-01,44535.71,salary,True
INC_NPU_00117_202403,NPU_00117,2024-03-04,42150.74,salary,True
INC_NPU_00117_202404,NPU_00117,2024-04-01,41158.41,salary,True
INC_NPU_00117_202405,NPU_00117,2024-05-05,41872.96,salary,True
INC_NPU_00117_202406,NPU_00117,2024-06-01,42409.25,salary,True
INC_NPU_00117_202407,NPU_00117,2024-07-03,42565.31,salary,True
INC_NPU_00117_202408,NPU_00117,2024-08-04,40810.79,salary,True
INC_NPU_00117_202409,NPU_00117,2024-09-01,41773.0,salary,True
INC_NPU_00117_202410,NPU_00117,2024-10-01,43790.53,salary,True
INC_NPU_00117_202411,NPU_00117,2024-11-03,41406.55,salary,True
INC_NPU_00117_202412,NPU_00117,2024-12-03,42935.08,salary,True
INC_NPU_00117_202501,NPU_00117,2025-01-02,41900.89,salary,True
INC_NPU_00117_202502,NPU_00117,2025-02-02,42200.4,salary,True
INC_NPU_00117_202503,NPU_00117,2025-03-05,40902.07,salary,True
INC_NPU_00117_202504,NPU_00117,2025-04-04,41980.21,salary,True
INC_NPU_00117_202505,NPU_00117,2025-05-01,42398.44,salary,True
INC_NPU_00117_202506,NPU_00117,2025-06-01,42161.42,salary,True
INC_NPU_00117_202507,NPU_00117,2025-07-01,42032.13,salary,True
INC_NPU_00117_202508,NPU_00117,2025-08-03,42680.2,salary,True
INC_NPU_00117_202509,NPU_00117,2025-09-03,41082.32,salary,True
INC_NPU_00117_202510,NPU_00117,2025-10-03,42439.13,salary,True
INC_NPU_00117_202511,NPU_00117,2025-11-02,40400.02,salary,True
INC_NPU_00117_202512,NPU_00117,2025-12-01,43186.83,salary,True
INC_NPU_00118_202301,NPU_00118,2023-01-16,110001.39,business,True
INC_NPU_00118_202302,NPU_00118,2023-02-01,146757.67,business,True
INC_NPU_00118_202303,NPU_00118,2023-03-06,157065.24,business,True
INC_NPU_00118_202304,NPU_00118,2023-04-06,194453.46,business,True
INC_NPU_00118_202305,NPU_00118,2023-05-16,139917.94,business,True
INC_NPU_00118_202306,NPU_00118,2023-06-01,91417.61,business,True
INC_NPU_00118_202307,NPU_00118,2023-07-16,68108.42,business,True
INC_NPU_00118_202308,NPU_00118,2023-08-01,106433.91,business,True
INC_NPU_00118_202309,NPU_00118,2023-09-11,140644.46,business,True
INC_NPU_00118_202310,NPU_00118,2023-10-16,112611.94,business,True
INC_NPU_00118_202311,NPU_00118,2023-11-16,107546.52,business,True
INC_NPU_00118_202312,NPU_00118,2023-12-16,107043.72,business,True
INC_NPU_00118_202401,NPU_00118,2024-01-11,104390.78,business,True
INC_NPU_00118_202402,NPU_00118,2024-02-11,168691.11,business,True
INC_NPU_00118_202403,NPU_00118,2024-03-01,160024.32,business,True
INC_NPU_00118_202404,NPU_00118,2024-04-11,60837.07,business,True
INC_NPU_00118_202405,NPU_00118,2024-05-01,110572.8,business,True
INC_NPU_00118_202406,NPU_00118,2024-06-06,111187.55,business,True
INC_NPU_00118_202407,NPU_00118,2024-07-21,94519.74,business,True
INC_NPU_00118_202408,NPU_00118,2024-08-01,84635.45,business,True
INC_NPU_00118_202409,NPU_00118,2024-09-06,78721.85,business,True
INC_NPU_00118_202410,NPU_00118,2024-10-11,86421.69,business,True
INC_NPU_00118_202411,NPU_00118,2024-11-06,115611.5,business,True
INC_NPU_00118_202412,NPU_00118,2024-12-01,152083.12,business,True
INC_NPU_00118_202501,NPU_00118,2025-01-06,146729.45,business,True
INC_NPU_00118_202502,NPU_00118,2025-02-16,143643.85,business,True
INC_NPU_00118_202503,NPU_00118,2025-03-16,174524.02,business,True
INC_NPU_00118_202504,NPU_00118,2025-04-16,66618.03,business,True
INC_NPU_00118_202505,NPU_00118,2025-05-16,98649.78,business,True
INC_NPU_00118_202506,NPU_00118,2025-06-01,95775.53,business,True
INC_NPU_00118_202507,NPU_00118,2025-07-11,187948.46,business,True
INC_NPU_00118_202508,NPU_00118,2025-08-11,118594.56,business,True
INC_NPU_00118_202509,NPU_00118,2025-09-16,161993.99,business,True
INC_NPU_00118_202510,NPU_00118,2025-10-06,121877.82,business,True
INC_NPU_00118_202511,NPU_00118,2025-11-11,151392.08,business,True
INC_NPU_00118_202512,NPU_00118,2025-12-06,106117.45,business,True
INC_NPU_00119_202301,NPU_00119,2023-01-01,160315.15,salary,True
INC_NPU_00119_202302,NPU_00119,2023-02-01,162327.97,salary,True
INC_NPU_00119_202303,NPU_00119,2023-03-03,152369.73,salary,True
INC_NPU_00119_202304,NPU_00119,2023-04-01,160430.76,salary,True
INC_NPU_00119_202305,NPU_00119,2023-05-05,158962.84,salary,True
INC_NPU_00119_202306,NPU_00119,2023-06-05,155133.08,salary,True
INC_NPU_00119_202307,NPU_00119,2023-07-01,158298.4,salary,True
INC_NPU_00119_202308,NPU_00119,2023-08-01,154022.57,salary,True
INC_NPU_00119_202309,NPU_00119,2023-09-02,156929.68,salary,True
INC_NPU_00119_202310,NPU_00119,2023-10-04,157672.57,salary,True
INC_NPU_00119_202311,NPU_00119,2023-11-05,161637.98,salary,True
INC_NPU_00119_202312,NPU_00119,2023-12-01,156778.73,salary,True
INC_NPU_00119_202401,NPU_00119,2024-01-02,155449.22,salary,True
INC_NPU_00119_202402,NPU_00119,2024-02-01,158711.18,salary,True
INC_NPU_00119_202403,NPU_00119,2024-03-01,159437.8,salary,True
INC_NPU_00119_202404,NPU_00119,2024-04-04,155341.25,salary,True
INC_NPU_00119_202405,NPU_00119,2024-05-01,154386.56,salary,True
INC_NPU_00119_202406,NPU_00119,2024-06-01,154626.97,salary,True
INC_NPU_00119_202407,NPU_00119,2024-07-02,161650.87,salary,True
INC_NPU_00119_202408,NPU_00119,2024-08-05,159290.59,salary,True
INC_NPU_00119_202409,NPU_00119,2024-09-04,156576.0,salary,True
INC_NPU_00119_202410,NPU_00119,2024-10-05,161021.72,salary,True
INC_NPU_00119_202411,NPU_00119,2024-11-01,155318.72,salary,True
INC_NPU_00119_202412,NPU_00119,2024-12-04,157377.09,salary,True
INC_NPU_00119_202501,NPU_00119,2025-01-01,153975.79,salary,True
INC_NPU_00119_202502,NPU_00119,2025-02-03,160865.55,salary,True
INC_NPU_00119_202503,NPU_00119,2025-03-01,155081.47,salary,True
INC_NPU_00119_202504,NPU_00119,2025-04-03,155146.54,salary,True
INC_NPU_00119_202505,NPU_00119,2025-05-02,158783.72,salary,True
INC_NPU_00119_202506,NPU_00119,2025-06-01,150727.26,salary,True
INC_NPU_00119_202507,NPU_00119,2025-07-02,153342.87,salary,True
INC_NPU_00119_202508,NPU_00119,2025-08-04,159873.3,salary,True
INC_NPU_00119_202509,NPU_00119,2025-09-02,154584.16,salary,True
INC_NPU_00119_202510,NPU_00119,2025-10-03,165136.18,salary,True
INC_NPU_00119_202511,NPU_00119,2025-11-01,158129.64,salary,True
INC_NPU_00119_202512,NPU_00119,2025-12-02,152176.98,salary,True
INC_NPU_00120_202301,NPU_00120,2023-01-03,74842.78,salary,True
INC_NPU_00120_202302,NPU_00120,2023-02-01,81207.16,salary,True
INC_NPU_00120_202303,NPU_00120,2023-03-05,79012.94,salary,True
INC_NPU_00120_202304,NPU_00120,2023-04-04,78454.38,salary,True
INC_NPU_00120_202305,NPU_00120,2023-05-01,79007.11,salary,True
INC_NPU_00120_202306,NPU_00120,2023-06-01,76029.28,salary,True
INC_NPU_00120_202307,NPU_00120,2023-07-01,78689.55,salary,True
INC_NPU_00120_202308,NPU_00120,2023-08-01,77343.36,salary,True
INC_NPU_00120_202309,NPU_00120,2023-09-01,78592.37,salary,True
INC_NPU_00120_202310,NPU_00120,2023-10-02,78006.93,salary,True
INC_NPU_00120_202311,NPU_00120,2023-11-01,78924.19,salary,True
INC_NPU_00120_202312,NPU_00120,2023-12-02,78237.06,salary,True
INC_NPU_00120_202401,NPU_00120,2024-01-01,77910.37,salary,True
INC_NPU_00120_202402,NPU_00120,2024-02-03,77182.55,salary,True
INC_NPU_00120_202403,NPU_00120,2024-03-01,76090.01,salary,True
INC_NPU_00120_202404,NPU_00120,2024-04-01,75797.24,salary,True
INC_NPU_00120_202405,NPU_00120,2024-05-02,76670.43,salary,True
INC_NPU_00120_202406,NPU_00120,2024-06-01,79752.76,salary,True
INC_NPU_00120_202407,NPU_00120,2024-07-01,77101.07,salary,True
INC_NPU_00120_202408,NPU_00120,2024-08-02,77659.36,salary,True
INC_NPU_00120_202409,NPU_00120,2024-09-02,77673.2,salary,True
INC_NPU_00120_202410,NPU_00120,2024-10-02,78030.82,salary,True
INC_NPU_00120_202411,NPU_00120,2024-11-03,79455.58,salary,True
INC_NPU_00120_202412,NPU_00120,2024-12-01,78222.07,salary,True
INC_NPU_00120_202501,NPU_00120,2025-01-01,80060.91,salary,True
INC_NPU_00120_202502,NPU_00120,2025-02-03,76686.66,salary,True
INC_NPU_00120_202503,NPU_00120,2025-03-02,79876.32,salary,True
INC_NPU_00120_202504,NPU_00120,2025-04-01,80975.73,salary,True
INC_NPU_00120_202505,NPU_00120,2025-05-01,78669.37,salary,True
INC_NPU_00120_202506,NPU_00120,2025-06-03,76996.27,salary,True
INC_NPU_00120_202507,NPU_00120,2025-07-02,79488.14,salary,True
INC_NPU_00120_202508,NPU_00120,2025-08-02,78697.08,salary,True
INC_NPU_00120_202509,NPU_00120,2025-09-03,79191.04,salary,True
INC_NPU_00120_202510,NPU_00120,2025-10-01,80111.35,salary,True
INC_NPU_00120_202511,NPU_00120,2025-11-03,78103.38,salary,True
INC_NPU_00120_202512,NPU_00120,2025-12-02,77860.37,salary,True
INC_NPU_00121_202301,NPU_00121,2023-01-01,100500.71,salary,True
INC_NPU_00121_202302,NPU_00121,2023-02-03,96359.97,salary,True
INC_NPU_00121_202303,NPU_00121,2023-03-02,97448.34,salary,True
INC_NPU_00121_202304,NPU_00121,2023-04-03,96965.64,salary,True
INC_NPU_00121_202305,NPU_00121,2023-05-01,97475.3,salary,True
INC_NPU_00121_202306,NPU_00121,2023-06-04,96040.72,salary,True
INC_NPU_00121_202307,NPU_00121,2023-07-05,97208.63,salary,True
INC_NPU_00121_202308,NPU_00121,2023-08-02,94128.7,salary,True
INC_NPU_00121_202309,NPU_00121,2023-09-01,92174.01,salary,True
INC_NPU_00121_202310,NPU_00121,2023-10-03,93660.83,salary,True
INC_NPU_00121_202311,NPU_00121,2023-11-02,95092.64,salary,True
INC_NPU_00121_202312,NPU_00121,2023-12-01,94843.62,salary,True
INC_NPU_00121_202401,NPU_00121,2024-01-01,95386.11,salary,True
INC_NPU_00121_202402,NPU_00121,2024-02-02,94023.2,salary,True
INC_NPU_00121_202403,NPU_00121,2024-03-01,91480.59,salary,True
INC_NPU_00121_202404,NPU_00121,2024-04-01,94604.4,salary,True
INC_NPU_00121_202405,NPU_00121,2024-05-02,92722.3,salary,True
INC_NPU_00121_202406,NPU_00121,2024-06-02,95304.49,salary,True
INC_NPU_00121_202407,NPU_00121,2024-07-01,96134.47,salary,True
INC_NPU_00121_202408,NPU_00121,2024-08-02,94568.92,salary,True
INC_NPU_00121_202409,NPU_00121,2024-09-01,93206.52,salary,True
INC_NPU_00121_202410,NPU_00121,2024-10-01,95482.58,salary,True
INC_NPU_00121_202411,NPU_00121,2024-11-01,100648.89,salary,True
INC_NPU_00121_202412,NPU_00121,2024-12-04,96359.05,salary,True
INC_NPU_00121_202501,NPU_00121,2025-01-02,96508.0,salary,True
INC_NPU_00121_202502,NPU_00121,2025-02-01,94376.99,salary,True
INC_NPU_00121_202503,NPU_00121,2025-03-02,93790.02,salary,True
INC_NPU_00121_202504,NPU_00121,2025-04-01,97480.28,salary,True
INC_NPU_00121_202505,NPU_00121,2025-05-01,90890.0,salary,True
INC_NPU_00121_202506,NPU_00121,2025-06-01,93968.0,salary,True
INC_NPU_00121_202507,NPU_00121,2025-07-04,98634.13,salary,True
INC_NPU_00121_202508,NPU_00121,2025-08-01,95188.03,salary,True
INC_NPU_00121_202509,NPU_00121,2025-09-03,92377.47,salary,True
INC_NPU_00121_202510,NPU_00121,2025-10-01,96192.97,salary,True
INC_NPU_00121_202511,NPU_00121,2025-11-02,94580.79,salary,True
INC_NPU_00121_202512,NPU_00121,2025-12-03,91990.93,salary,True
INC_NPU_00122_202301,NPU_00122,2023-01-03,8025.82,salary,True
INC_NPU_00122_202302,NPU_00122,2023-02-04,8001.2,salary,True
INC_NPU_00122_202303,NPU_00122,2023-03-01,7991.88,salary,True
INC_NPU_00122_202304,NPU_00122,2023-04-01,8069.55,salary,True
INC_NPU_00122_202305,NPU_00122,2023-05-02,7798.41,salary,True
INC_NPU_00122_202306,NPU_00122,2023-06-04,8042.07,salary,True
INC_NPU_00122_202307,NPU_00122,2023-07-01,8012.7,salary,True
INC_NPU_00122_202308,NPU_00122,2023-08-02,8162.05,salary,True
INC_NPU_00122_202309,NPU_00122,2023-09-04,7869.68,salary,True
INC_NPU_00122_202310,NPU_00122,2023-10-01,8193.13,salary,True
INC_NPU_00122_202311,NPU_00122,2023-11-03,8119.72,salary,True
INC_NPU_00122_202312,NPU_00122,2023-12-02,7967.62,salary,True
INC_NPU_00122_202401,NPU_00122,2024-01-01,7991.79,salary,True
INC_NPU_00122_202402,NPU_00122,2024-02-02,7624.45,salary,True
INC_NPU_00122_202403,NPU_00122,2024-03-02,7987.28,salary,True
INC_NPU_00122_202404,NPU_00122,2024-04-02,8107.48,salary,True
INC_NPU_00122_202405,NPU_00122,2024-05-04,7942.87,salary,True
INC_NPU_00122_202406,NPU_00122,2024-06-03,8161.6,salary,True
INC_NPU_00122_202407,NPU_00122,2024-07-03,8060.92,salary,True
INC_NPU_00122_202408,NPU_00122,2024-08-01,8319.9,salary,True
INC_NPU_00122_202409,NPU_00122,2024-09-02,7880.07,salary,True
INC_NPU_00122_202410,NPU_00122,2024-10-03,8090.69,salary,True
INC_NPU_00122_202411,NPU_00122,2024-11-01,7771.37,salary,True
INC_NPU_00122_202412,NPU_00122,2024-12-03,7956.96,salary,True
INC_NPU_00122_202501,NPU_00122,2025-01-03,8070.68,salary,True
INC_NPU_00122_202502,NPU_00122,2025-02-02,8101.26,salary,True
INC_NPU_00122_202503,NPU_00122,2025-03-01,7930.74,salary,True
INC_NPU_00122_202504,NPU_00122,2025-04-03,8180.96,salary,True
INC_NPU_00122_202505,NPU_00122,2025-05-05,8219.59,salary,True
INC_NPU_00122_202506,NPU_00122,2025-06-03,7881.8,salary,True
INC_NPU_00122_202507,NPU_00122,2025-07-02,7961.85,salary,True
INC_NPU_00122_202508,NPU_00122,2025-08-02,7945.28,salary,True
INC_NPU_00122_202509,NPU_00122,2025-09-03,7905.81,salary,True
INC_NPU_00122_202510,NPU_00122,2025-10-02,8207.55,salary,True
INC_NPU_00122_202511,NPU_00122,2025-11-01,8205.38,salary,True
INC_NPU_00122_202512,NPU_00122,2025-12-03,7950.52,salary,True
INC_NPU_00123_202301,NPU_00123,2023-01-01,221459.85,salary,True
INC_NPU_00123_202302,NPU_00123,2023-02-03,223365.95,salary,True
INC_NPU_00123_202303,NPU_00123,2023-03-05,219767.4,salary,True
INC_NPU_00123_202304,NPU_00123,2023-04-02,217318.23,salary,True
INC_NPU_00123_202305,NPU_00123,2023-05-03,215468.53,salary,True
INC_NPU_00123_202306,NPU_00123,2023-06-04,221900.47,salary,True
INC_NPU_00123_202307,NPU_00123,2023-07-01,213060.51,salary,True
INC_NPU_00123_202308,NPU_00123,2023-08-02,217432.56,salary,True
INC_NPU_00123_202309,NPU_00123,2023-09-01,216686.88,salary,True
INC_NPU_00123_202310,NPU_00123,2023-10-01,212815.47,salary,True
INC_NPU_00123_202311,NPU_00123,2023-11-04,218293.07,salary,True
INC_NPU_00123_202312,NPU_00123,2023-12-01,217863.33,salary,True
INC_NPU_00123_202401,NPU_00123,2024-01-04,214598.6,salary,True
INC_NPU_00123_202402,NPU_00123,2024-02-02,224484.87,salary,True
INC_NPU_00123_202403,NPU_00123,2024-03-01,221933.52,salary,True
INC_NPU_00123_202404,NPU_00123,2024-04-02,218845.23,salary,True
INC_NPU_00123_202405,NPU_00123,2024-05-04,222642.22,salary,True
INC_NPU_00123_202406,NPU_00123,2024-06-05,223748.74,salary,True
INC_NPU_00123_202407,NPU_00123,2024-07-02,224715.51,salary,True
INC_NPU_00123_202408,NPU_00123,2024-08-02,215692.97,salary,True
INC_NPU_00123_202409,NPU_00123,2024-09-03,222640.34,salary,True
INC_NPU_00123_202410,NPU_00123,2024-10-02,217881.41,salary,True
INC_NPU_00123_202411,NPU_00123,2024-11-01,219612.59,salary,True
INC_NPU_00123_202412,NPU_00123,2024-12-02,215898.81,salary,True
INC_NPU_00123_202501,NPU_00123,2025-01-02,218638.57,salary,True
INC_NPU_00123_202502,NPU_00123,2025-02-03,222710.57,salary,True
INC_NPU_00123_202503,NPU_00123,2025-03-05,225973.48,salary,True
INC_NPU_00123_202504,NPU_00123,2025-04-02,218208.5,salary,True
INC_NPU_00123_202505,NPU_00123,2025-05-04,214727.65,salary,True
INC_NPU_00123_202506,NPU_00123,2025-06-02,226755.09,salary,True
INC_NPU_00123_202507,NPU_00123,2025-07-02,215532.32,salary,True
INC_NPU_00123_202508,NPU_00123,2025-08-02,211460.43,salary,True
INC_NPU_00123_202509,NPU_00123,2025-09-04,216224.45,salary,True
INC_NPU_00123_202510,NPU_00123,2025-10-03,209047.83,salary,True
INC_NPU_00123_202511,NPU_00123,2025-11-01,223501.46,salary,True
INC_NPU_00123_202512,NPU_00123,2025-12-05,210702.33,salary,True
INC_NPU_00124_202301,NPU_00124,2023-01-03,167587.06,salary,True
INC_NPU_00124_202302,NPU_00124,2023-02-01,166340.58,salary,True
INC_NPU_00124_202303,NPU_00124,2023-03-01,170648.41,salary,True
INC_NPU_00124_202304,NPU_00124,2023-04-01,175931.15,salary,True
INC_NPU_00124_202305,NPU_00124,2023-05-03,171865.03,salary,True
INC_NPU_00124_202306,NPU_00124,2023-06-03,165826.59,salary,True
INC_NPU_00124_202307,NPU_00124,2023-07-02,177957.59,salary,True
INC_NPU_00124_202308,NPU_00124,2023-08-02,171436.16,salary,True
INC_NPU_00124_202309,NPU_00124,2023-09-03,173607.37,salary,True
INC_NPU_00124_202310,NPU_00124,2023-10-01,165156.34,salary,True
INC_NPU_00124_202311,NPU_00124,2023-11-02,177164.81,salary,True
INC_NPU_00124_202312,NPU_00124,2023-12-01,168961.28,salary,True
INC_NPU_00124_202401,NPU_00124,2024-01-02,164906.37,salary,True
INC_NPU_00124_202402,NPU_00124,2024-02-01,171052.46,salary,True
INC_NPU_00124_202403,NPU_00124,2024-03-04,173605.51,salary,True
INC_NPU_00124_202404,NPU_00124,2024-04-01,172396.06,salary,True
INC_NPU_00124_202405,NPU_00124,2024-05-04,172331.32,salary,True
INC_NPU_00124_202406,NPU_00124,2024-06-05,172066.75,salary,True
INC_NPU_00124_202407,NPU_00124,2024-07-01,170734.62,salary,True
INC_NPU_00124_202408,NPU_00124,2024-08-04,165144.94,salary,True
INC_NPU_00124_202409,NPU_00124,2024-09-01,169579.1,salary,True
INC_NPU_00124_202410,NPU_00124,2024-10-02,169112.59,salary,True
INC_NPU_00124_202411,NPU_00124,2024-11-01,174966.02,salary,True
INC_NPU_00124_202412,NPU_00124,2024-12-01,174010.35,salary,True
INC_NPU_00124_202501,NPU_00124,2025-01-03,168673.37,salary,True
INC_NPU_00124_202502,NPU_00124,2025-02-02,172987.34,salary,True
INC_NPU_00124_202503,NPU_00124,2025-03-03,170048.82,salary,True
INC_NPU_00124_202504,NPU_00124,2025-04-03,164642.29,salary,True
INC_NPU_00124_202505,NPU_00124,2025-05-02,162527.76,salary,True
INC_NPU_00124_202506,NPU_00124,2025-06-01,172535.54,salary,True
INC_NPU_00124_202507,NPU_00124,2025-07-01,166716.1,salary,True
INC_NPU_00124_202508,NPU_00124,2025-08-03,166702.5,salary,True
INC_NPU_00124_202509,NPU_00124,2025-09-03,167888.12,salary,True
INC_NPU_00124_202510,NPU_00124,2025-10-02,172616.92,salary,True
INC_NPU_00124_202511,NPU_00124,2025-11-03,174063.35,salary,True
INC_NPU_00124_202512,NPU_00124,2025-12-02,173979.98,salary,True
INC_NPU_00125_202301,NPU_00125,2023-01-04,75833.96,salary,True
INC_NPU_00125_202302,NPU_00125,2023-02-04,77430.95,salary,True
INC_NPU_00125_202303,NPU_00125,2023-03-02,77189.94,salary,True
INC_NPU_00125_202304,NPU_00125,2023-04-04,79675.91,salary,True
INC_NPU_00125_202305,NPU_00125,2023-05-05,75984.3,salary,True
INC_NPU_00125_202306,NPU_00125,2023-06-01,77454.26,salary,True
INC_NPU_00125_202307,NPU_00125,2023-07-01,78377.41,salary,True
INC_NPU_00125_202308,NPU_00125,2023-08-02,79828.14,salary,True
INC_NPU_00125_202309,NPU_00125,2023-09-04,78670.47,salary,True
INC_NPU_00125_202310,NPU_00125,2023-10-02,79125.42,salary,True
INC_NPU_00125_202311,NPU_00125,2023-11-03,78320.65,salary,True
INC_NPU_00125_202312,NPU_00125,2023-12-02,80155.92,salary,True
INC_NPU_00125_202401,NPU_00125,2024-01-02,80330.19,salary,True
INC_NPU_00125_202402,NPU_00125,2024-02-03,79422.44,salary,True
INC_NPU_00125_202403,NPU_00125,2024-03-02,80337.47,salary,True
INC_NPU_00125_202404,NPU_00125,2024-04-01,82797.7,salary,True
INC_NPU_00125_202405,NPU_00125,2024-05-01,79798.16,salary,True
INC_NPU_00125_202406,NPU_00125,2024-06-03,78544.02,salary,True
INC_NPU_00125_202407,NPU_00125,2024-07-02,79163.14,salary,True
INC_NPU_00125_202408,NPU_00125,2024-08-01,80517.01,salary,True
INC_NPU_00125_202409,NPU_00125,2024-09-01,77971.41,salary,True
INC_NPU_00125_202410,NPU_00125,2024-10-05,76617.7,salary,True
INC_NPU_00125_202411,NPU_00125,2024-11-02,77848.19,salary,True
INC_NPU_00125_202412,NPU_00125,2024-12-04,79135.29,salary,True
INC_NPU_00125_202501,NPU_00125,2025-01-01,78515.14,salary,True
INC_NPU_00125_202502,NPU_00125,2025-02-05,77175.53,salary,True
INC_NPU_00125_202503,NPU_00125,2025-03-02,78879.37,salary,True
INC_NPU_00125_202504,NPU_00125,2025-04-01,80879.84,salary,True
INC_NPU_00125_202505,NPU_00125,2025-05-01,79366.6,salary,True
INC_NPU_00125_202506,NPU_00125,2025-06-03,76878.55,salary,True
INC_NPU_00125_202507,NPU_00125,2025-07-04,79624.74,salary,True
INC_NPU_00125_202508,NPU_00125,2025-08-02,78188.7,salary,True
INC_NPU_00125_202509,NPU_00125,2025-09-04,82023.55,salary,True
INC_NPU_00125_202510,NPU_00125,2025-10-01,79489.59,salary,True
INC_NPU_00125_202511,NPU_00125,2025-11-01,77691.61,salary,True
INC_NPU_00125_202512,NPU_00125,2025-12-01,79750.45,salary,True
INC_NPU_00126_202301,NPU_00126,2023-01-02,30111.61,salary,True
INC_NPU_00126_202302,NPU_00126,2023-02-02,30761.3,salary,True
INC_NPU_00126_202303,NPU_00126,2023-03-04,29672.28,salary,True
INC_NPU_00126_202304,NPU_00126,2023-04-03,30299.52,salary,True
INC_NPU_00126_202305,NPU_00126,2023-05-04,29058.34,salary,True
INC_NPU_00126_202306,NPU_00126,2023-06-01,30041.91,salary,True
INC_NPU_00126_202307,NPU_00126,2023-07-02,29290.93,salary,True
INC_NPU_00126_202308,NPU_00126,2023-08-03,30091.33,salary,True
INC_NPU_00126_202309,NPU_00126,2023-09-01,30222.32,salary,True
INC_NPU_00126_202310,NPU_00126,2023-10-02,30274.97,salary,True
INC_NPU_00126_202311,NPU_00126,2023-11-01,29671.43,salary,True
INC_NPU_00126_202312,NPU_00126,2023-12-02,30060.18,salary,True
INC_NPU_00126_202401,NPU_00126,2024-01-02,30672.53,salary,True
INC_NPU_00126_202402,NPU_00126,2024-02-02,31034.76,salary,True
INC_NPU_00126_202403,NPU_00126,2024-03-01,30080.88,salary,True
INC_NPU_00126_202404,NPU_00126,2024-04-04,30691.35,salary,True
INC_NPU_00126_202405,NPU_00126,2024-05-01,29465.82,salary,True
INC_NPU_00126_202406,NPU_00126,2024-06-01,29758.18,salary,True
INC_NPU_00126_202407,NPU_00126,2024-07-04,30146.77,salary,True
INC_NPU_00126_202408,NPU_00126,2024-08-05,29933.42,salary,True
INC_NPU_00126_202409,NPU_00126,2024-09-02,29870.94,salary,True
INC_NPU_00126_202410,NPU_00126,2024-10-01,30618.11,salary,True
INC_NPU_00126_202411,NPU_00126,2024-11-04,29375.29,salary,True
INC_NPU_00126_202412,NPU_00126,2024-12-01,29428.85,salary,True
INC_NPU_00126_202501,NPU_00126,2025-01-01,29204.33,salary,True
INC_NPU_00126_202502,NPU_00126,2025-02-02,30165.34,salary,True
INC_NPU_00126_202503,NPU_00126,2025-03-01,29804.31,salary,True
INC_NPU_00126_202504,NPU_00126,2025-04-05,30551.31,salary,True
INC_NPU_00126_202505,NPU_00126,2025-05-02,30111.93,salary,True
INC_NPU_00126_202506,NPU_00126,2025-06-03,29658.11,salary,True
INC_NPU_00126_202507,NPU_00126,2025-07-01,29570.24,salary,True
INC_NPU_00126_202508,NPU_00126,2025-08-03,28601.39,salary,True
INC_NPU_00126_202509,NPU_00126,2025-09-01,29897.19,salary,True
INC_NPU_00126_202510,NPU_00126,2025-10-01,29298.56,salary,True
INC_NPU_00126_202511,NPU_00126,2025-11-02,30634.16,salary,True
INC_NPU_00126_202512,NPU_00126,2025-12-03,29775.89,salary,True
INC_NPU_00127_202301,NPU_00127,2023-01-02,99851.1,salary,True
INC_NPU_00127_202302,NPU_00127,2023-02-02,105526.24,salary,True
INC_NPU_00127_202303,NPU_00127,2023-03-01,102577.41,salary,True
INC_NPU_00127_202304,NPU_00127,2023-04-03,104095.5,salary,True
INC_NPU_00127_202305,NPU_00127,2023-05-01,101754.9,salary,True
INC_NPU_00127_202306,NPU_00127,2023-06-03,105609.04,salary,True
INC_NPU_00127_202307,NPU_00127,2023-07-03,101165.19,salary,True
INC_NPU_00127_202308,NPU_00127,2023-08-02,102227.85,salary,True
INC_NPU_00127_202309,NPU_00127,2023-09-04,99260.44,salary,True
INC_NPU_00127_202310,NPU_00127,2023-10-04,105549.6,salary,True
INC_NPU_00127_202311,NPU_00127,2023-11-01,101508.68,salary,True
INC_NPU_00127_202312,NPU_00127,2023-12-02,103517.1,salary,True
INC_NPU_00127_202401,NPU_00127,2024-01-02,103811.78,salary,True
INC_NPU_00127_202402,NPU_00127,2024-02-03,105147.11,salary,True
INC_NPU_00127_202403,NPU_00127,2024-03-01,103356.09,salary,True
INC_NPU_00127_202404,NPU_00127,2024-04-03,102697.01,salary,True
INC_NPU_00127_202405,NPU_00127,2024-05-02,104902.69,salary,True
INC_NPU_00127_202406,NPU_00127,2024-06-03,103775.86,salary,True
INC_NPU_00127_202407,NPU_00127,2024-07-01,102379.58,salary,True
INC_NPU_00127_202408,NPU_00127,2024-08-01,105657.17,salary,True
INC_NPU_00127_202409,NPU_00127,2024-09-01,103941.14,salary,True
INC_NPU_00127_202410,NPU_00127,2024-10-05,100337.14,salary,True
INC_NPU_00127_202411,NPU_00127,2024-11-01,106083.77,salary,True
INC_NPU_00127_202412,NPU_00127,2024-12-01,101705.15,salary,True
INC_NPU_00127_202501,NPU_00127,2025-01-02,105135.48,salary,True
INC_NPU_00127_202502,NPU_00127,2025-02-02,99882.8,salary,True
INC_NPU_00127_202503,NPU_00127,2025-03-03,104888.33,salary,True
INC_NPU_00127_202504,NPU_00127,2025-04-04,100447.44,salary,True
INC_NPU_00127_202505,NPU_00127,2025-05-04,103299.92,salary,True
INC_NPU_00127_202506,NPU_00127,2025-06-01,103880.49,salary,True
INC_NPU_00127_202507,NPU_00127,2025-07-04,102422.38,salary,True
INC_NPU_00127_202508,NPU_00127,2025-08-01,102933.96,salary,True
INC_NPU_00127_202509,NPU_00127,2025-09-01,100824.51,salary,True
INC_NPU_00127_202510,NPU_00127,2025-10-02,104644.69,salary,True
INC_NPU_00127_202511,NPU_00127,2025-11-05,103410.77,salary,True
INC_NPU_00127_202512,NPU_00127,2025-12-03,101154.16,salary,True
INC_NPU_00128_202301,NPU_00128,2023-01-23,33613.22,freelance,True
INC_NPU_00128_202302,NPU_00128,2023-02-03,63693.79,freelance,True
INC_NPU_00128_202303,NPU_00128,2023-03-24,13892.64,freelance,True
INC_NPU_00128_202304,NPU_00128,2023-04-06,24955.91,freelance,True
INC_NPU_00128_202305,NPU_00128,2023-05-23,122669.46,freelance,True
INC_NPU_00128_202306,NPU_00128,2023-06-23,200978.95,freelance,True
INC_NPU_00128_202307,NPU_00128,2023-07-23,96695.17,freelance,True
INC_NPU_00128_202308,NPU_00128,2023-08-23,129770.41,freelance,True
INC_NPU_00128_202309,NPU_00128,2023-09-03,64829.04,freelance,True
INC_NPU_00128_202310,NPU_00128,2023-10-01,68873.9,freelance,True
INC_NPU_00128_202311,NPU_00128,2023-11-19,138708.99,freelance,True
INC_NPU_00128_202312,NPU_00128,2023-12-08,47508.83,freelance,True
INC_NPU_00128_202401,NPU_00128,2024-01-20,75428.36,freelance,True
INC_NPU_00128_202402,NPU_00128,2024-02-09,102833.16,freelance,True
INC_NPU_00128_202403,NPU_00128,2024-03-21,28580.81,freelance,True
INC_NPU_00128_202404,NPU_00128,2024-04-10,71112.05,freelance,True
INC_NPU_00128_202405,NPU_00128,2024-05-04,84650.51,freelance,True
INC_NPU_00128_202406,NPU_00128,2024-06-23,115125.95,freelance,True
INC_NPU_00128_202407,NPU_00128,2024-07-11,68555.05,freelance,True
INC_NPU_00128_202408,NPU_00128,2024-08-23,148157.95,freelance,True
INC_NPU_00128_202409,NPU_00128,2024-09-07,116603.89,freelance,True
INC_NPU_00128_202410,NPU_00128,2024-10-06,131994.81,freelance,True
INC_NPU_00128_202411,NPU_00128,2024-11-01,88940.18,freelance,True
INC_NPU_00128_202412,NPU_00128,2024-12-23,63357.7,freelance,True
INC_NPU_00128_202501,NPU_00128,2025-01-09,53383.72,freelance,True
INC_NPU_00128_202502,NPU_00128,2025-02-24,66280.83,freelance,True
INC_NPU_00128_202503,NPU_00128,2025-03-20,21804.25,freelance,True
INC_NPU_00128_202504,NPU_00128,2025-04-13,91535.23,freelance,True
INC_NPU_00128_202505,NPU_00128,2025-05-10,133207.43,freelance,True
INC_NPU_00128_202506,NPU_00128,2025-06-10,90662.78,freelance,True
INC_NPU_00128_202507,NPU_00128,2025-07-11,103743.83,freelance,True
INC_NPU_00128_202508,NPU_00128,2025-08-15,120511.61,freelance,True
INC_NPU_00128_202509,NPU_00128,2025-09-22,101780.2,freelance,True
INC_NPU_00128_202510,NPU_00128,2025-10-14,24286.69,freelance,True
INC_NPU_00128_202511,NPU_00128,2025-11-09,79882.85,freelance,True
INC_NPU_00128_202512,NPU_00128,2025-12-18,32826.38,freelance,True
INC_NPU_00129_202301,NPU_00129,2023-01-04,60794.43,salary,True
INC_NPU_00129_202302,NPU_00129,2023-02-03,63830.68,salary,True
INC_NPU_00129_202303,NPU_00129,2023-03-01,59806.56,salary,True
INC_NPU_00129_202304,NPU_00129,2023-04-04,59213.21,salary,True
INC_NPU_00129_202305,NPU_00129,2023-05-03,59539.08,salary,True
INC_NPU_00129_202306,NPU_00129,2023-06-04,60777.4,salary,True
INC_NPU_00129_202307,NPU_00129,2023-07-01,61809.12,salary,True
INC_NPU_00129_202308,NPU_00129,2023-08-05,61044.17,salary,True
INC_NPU_00129_202309,NPU_00129,2023-09-01,59359.71,salary,True
INC_NPU_00129_202310,NPU_00129,2023-10-03,61792.08,salary,True
INC_NPU_00129_202311,NPU_00129,2023-11-04,58717.23,salary,True
INC_NPU_00129_202312,NPU_00129,2023-12-04,59476.44,salary,True
INC_NPU_00129_202401,NPU_00129,2024-01-01,60293.84,salary,True
INC_NPU_00129_202402,NPU_00129,2024-02-02,62328.53,salary,True
INC_NPU_00129_202403,NPU_00129,2024-03-02,61092.78,salary,True
INC_NPU_00129_202404,NPU_00129,2024-04-03,61140.97,salary,True
INC_NPU_00129_202405,NPU_00129,2024-05-05,59377.85,salary,True
INC_NPU_00129_202406,NPU_00129,2024-06-03,60406.88,salary,True
INC_NPU_00129_202407,NPU_00129,2024-07-03,62122.39,salary,True
INC_NPU_00129_202408,NPU_00129,2024-08-04,61425.44,salary,True
INC_NPU_00129_202409,NPU_00129,2024-09-05,61839.86,salary,True
INC_NPU_00129_202410,NPU_00129,2024-10-01,60958.46,salary,True
INC_NPU_00129_202411,NPU_00129,2024-11-02,62137.12,salary,True
INC_NPU_00129_202412,NPU_00129,2024-12-04,59370.97,salary,True
INC_NPU_00129_202501,NPU_00129,2025-01-02,60748.65,salary,True
INC_NPU_00129_202502,NPU_00129,2025-02-04,61610.66,salary,True
INC_NPU_00129_202503,NPU_00129,2025-03-01,59011.71,salary,True
INC_NPU_00129_202504,NPU_00129,2025-04-01,57904.78,salary,True
INC_NPU_00129_202505,NPU_00129,2025-05-04,63245.43,salary,True
INC_NPU_00129_202506,NPU_00129,2025-06-02,61109.72,salary,True
INC_NPU_00129_202507,NPU_00129,2025-07-01,58905.9,salary,True
INC_NPU_00129_202508,NPU_00129,2025-08-01,61078.34,salary,True
INC_NPU_00129_202509,NPU_00129,2025-09-02,59492.4,salary,True
INC_NPU_00129_202510,NPU_00129,2025-10-03,59867.41,salary,True
INC_NPU_00129_202511,NPU_00129,2025-11-01,62375.43,salary,True
INC_NPU_00129_202512,NPU_00129,2025-12-01,60322.21,salary,True
INC_NPU_00130_202301,NPU_00130,2023-01-06,155563.5,business,True
INC_NPU_00130_202302,NPU_00130,2023-02-11,126051.24,business,True
INC_NPU_00130_202303,NPU_00130,2023-03-06,170443.4,business,True
INC_NPU_00130_202304,NPU_00130,2023-04-06,146743.05,business,True
INC_NPU_00130_202305,NPU_00130,2023-05-21,192970.24,business,True
INC_NPU_00130_202306,NPU_00130,2023-06-11,155870.88,business,True
INC_NPU_00130_202307,NPU_00130,2023-07-16,176404.89,business,True
INC_NPU_00130_202308,NPU_00130,2023-08-21,347982.47,business,True
INC_NPU_00130_202309,NPU_00130,2023-09-11,134262.26,business,True
INC_NPU_00130_202310,NPU_00130,2023-10-06,134048.43,business,True
INC_NPU_00130_202311,NPU_00130,2023-11-21,252936.46,business,True
INC_NPU_00130_202312,NPU_00130,2023-12-01,197932.17,business,True
INC_NPU_00130_202401,NPU_00130,2024-01-16,335329.06,business,True
INC_NPU_00130_202402,NPU_00130,2024-02-16,227669.89,business,True
INC_NPU_00130_202403,NPU_00130,2024-03-16,215324.96,business,True
INC_NPU_00130_202404,NPU_00130,2024-04-01,253096.45,business,True
INC_NPU_00130_202405,NPU_00130,2024-05-21,142752.43,business,True
INC_NPU_00130_202406,NPU_00130,2024-06-21,154437.09,business,True
INC_NPU_00130_202407,NPU_00130,2024-07-11,159593.8,business,True
INC_NPU_00130_202408,NPU_00130,2024-08-21,139594.85,business,True
INC_NPU_00130_202409,NPU_00130,2024-09-21,162064.24,business,True
INC_NPU_00130_202410,NPU_00130,2024-10-06,171746.99,business,True
INC_NPU_00130_202411,NPU_00130,2024-11-21,158163.59,business,True
INC_NPU_00130_202412,NPU_00130,2024-12-21,209121.69,business,True
INC_NPU_00130_202501,NPU_00130,2025-01-11,148967.91,business,True
INC_NPU_00130_202502,NPU_00130,2025-02-01,171680.76,business,True
INC_NPU_00130_202503,NPU_00130,2025-03-11,287668.59,business,True
INC_NPU_00130_202504,NPU_00130,2025-04-01,148427.1,business,True
INC_NPU_00130_202505,NPU_00130,2025-05-21,131295.02,business,True
INC_NPU_00130_202506,NPU_00130,2025-06-21,201970.82,business,True
INC_NPU_00130_202507,NPU_00130,2025-07-06,195760.73,business,True
INC_NPU_00130_202508,NPU_00130,2025-08-11,251752.09,business,True
INC_NPU_00130_202509,NPU_00130,2025-09-01,378099.41,business,True
INC_NPU_00130_202510,NPU_00130,2025-10-06,170351.38,business,True
INC_NPU_00130_202511,NPU_00130,2025-11-16,124705.41,business,True
INC_NPU_00130_202512,NPU_00130,2025-12-11,190868.06,business,True
INC_NPU_00131_202301,NPU_00131,2023-01-01,49435.64,salary,True
INC_NPU_00131_202302,NPU_00131,2023-02-03,49143.17,salary,True
INC_NPU_00131_202303,NPU_00131,2023-03-02,48935.7,salary,True
INC_NPU_00131_202304,NPU_00131,2023-04-01,49960.78,salary,True
INC_NPU_00131_202305,NPU_00131,2023-05-01,47716.3,salary,True
INC_NPU_00131_202306,NPU_00131,2023-06-01,45991.22,salary,True
INC_NPU_00131_202307,NPU_00131,2023-07-03,46974.73,salary,True
INC_NPU_00131_202308,NPU_00131,2023-08-01,47518.49,salary,True
INC_NPU_00131_202309,NPU_00131,2023-09-05,49618.66,salary,True
INC_NPU_00131_202310,NPU_00131,2023-10-05,48449.15,salary,True
INC_NPU_00131_202311,NPU_00131,2023-11-04,50343.1,salary,True
INC_NPU_00131_202312,NPU_00131,2023-12-01,47651.04,salary,True
INC_NPU_00131_202401,NPU_00131,2024-01-01,50318.76,salary,True
INC_NPU_00131_202402,NPU_00131,2024-02-01,47903.8,salary,True
INC_NPU_00131_202403,NPU_00131,2024-03-03,48570.53,salary,True
INC_NPU_00131_202404,NPU_00131,2024-04-01,47130.83,salary,True
INC_NPU_00131_202405,NPU_00131,2024-05-03,50155.86,salary,True
INC_NPU_00131_202406,NPU_00131,2024-06-01,48699.22,salary,True
INC_NPU_00131_202407,NPU_00131,2024-07-03,50964.91,salary,True
INC_NPU_00131_202408,NPU_00131,2024-08-01,49867.69,salary,True
INC_NPU_00131_202409,NPU_00131,2024-09-04,48546.83,salary,True
INC_NPU_00131_202410,NPU_00131,2024-10-01,48044.45,salary,True
INC_NPU_00131_202411,NPU_00131,2024-11-03,49666.74,salary,True
INC_NPU_00131_202412,NPU_00131,2024-12-05,48800.09,salary,True
INC_NPU_00131_202501,NPU_00131,2025-01-02,47995.32,salary,True
INC_NPU_00131_202502,NPU_00131,2025-02-04,48871.13,salary,True
INC_NPU_00131_202503,NPU_00131,2025-03-03,46840.05,salary,True
INC_NPU_00131_202504,NPU_00131,2025-04-03,49162.67,salary,True
INC_NPU_00131_202505,NPU_00131,2025-05-05,49354.26,salary,True
INC_NPU_00131_202506,NPU_00131,2025-06-02,47619.91,salary,True
INC_NPU_00131_202507,NPU_00131,2025-07-03,49991.45,salary,True
INC_NPU_00131_202508,NPU_00131,2025-08-02,49742.06,salary,True
INC_NPU_00131_202509,NPU_00131,2025-09-01,49068.13,salary,True
INC_NPU_00131_202510,NPU_00131,2025-10-04,47837.38,salary,True
INC_NPU_00131_202511,NPU_00131,2025-11-01,49416.7,salary,True
INC_NPU_00131_202512,NPU_00131,2025-12-02,48397.06,salary,True
INC_NPU_00132_202301,NPU_00132,2023-01-01,30455.84,freelance,True
INC_NPU_00132_202302,NPU_00132,2023-02-10,56818.66,freelance,True
INC_NPU_00132_202303,NPU_00132,2023-03-04,29373.16,freelance,True
INC_NPU_00132_202304,NPU_00132,2023-04-15,22488.85,freelance,True
INC_NPU_00132_202305,NPU_00132,2023-05-22,69014.97,freelance,True
INC_NPU_00132_202306,NPU_00132,2023-06-18,25464.14,freelance,True
INC_NPU_00132_202307,NPU_00132,2023-07-11,42747.15,freelance,True
INC_NPU_00132_202308,NPU_00132,2023-08-04,78595.67,freelance,True
INC_NPU_00132_202309,NPU_00132,2023-09-07,83528.3,freelance,True
INC_NPU_00132_202310,NPU_00132,2023-10-15,47968.5,freelance,True
INC_NPU_00132_202311,NPU_00132,2023-11-23,60550.88,freelance,True
INC_NPU_00132_202312,NPU_00132,2023-12-03,82629.13,freelance,True
INC_NPU_00132_202401,NPU_00132,2024-01-13,83360.04,freelance,True
INC_NPU_00132_202402,NPU_00132,2024-02-09,43737.29,freelance,True
INC_NPU_00132_202403,NPU_00132,2024-03-09,164961.86,freelance,True
INC_NPU_00132_202404,NPU_00132,2024-04-06,51334.87,freelance,True
INC_NPU_00132_202405,NPU_00132,2024-05-06,193671.96,freelance,True
INC_NPU_00132_202406,NPU_00132,2024-06-02,128451.51,freelance,True
INC_NPU_00132_202407,NPU_00132,2024-07-05,170481.03,freelance,True
INC_NPU_00132_202408,NPU_00132,2024-08-15,82747.79,freelance,True
INC_NPU_00132_202409,NPU_00132,2024-09-03,28637.05,freelance,True
INC_NPU_00132_202410,NPU_00132,2024-10-20,80320.42,freelance,True
INC_NPU_00132_202411,NPU_00132,2024-11-04,52359.0,freelance,True
INC_NPU_00132_202412,NPU_00132,2024-12-12,187810.38,freelance,True
INC_NPU_00132_202501,NPU_00132,2025-01-14,91712.86,freelance,True
INC_NPU_00132_202502,NPU_00132,2025-02-12,178362.7,freelance,True
INC_NPU_00132_202503,NPU_00132,2025-03-20,99556.41,freelance,True
INC_NPU_00132_202504,NPU_00132,2025-04-02,169227.66,freelance,True
INC_NPU_00132_202505,NPU_00132,2025-05-18,72741.3,freelance,True
INC_NPU_00132_202506,NPU_00132,2025-06-14,60796.07,freelance,True
INC_NPU_00132_202507,NPU_00132,2025-07-09,109306.05,freelance,True
INC_NPU_00132_202508,NPU_00132,2025-08-04,22955.39,freelance,True
INC_NPU_00132_202509,NPU_00132,2025-09-08,55305.77,freelance,True
INC_NPU_00132_202510,NPU_00132,2025-10-08,125557.01,freelance,True
INC_NPU_00132_202511,NPU_00132,2025-11-22,21808.27,freelance,True
INC_NPU_00132_202512,NPU_00132,2025-12-09,81903.03,freelance,True
INC_NPU_00133_202301,NPU_00133,2023-01-01,11760.6,salary,True
INC_NPU_00133_202302,NPU_00133,2023-02-02,11756.04,salary,True
INC_NPU_00133_202303,NPU_00133,2023-03-04,11299.34,salary,True
INC_NPU_00133_202304,NPU_00133,2023-04-05,11696.95,salary,True
INC_NPU_00133_202305,NPU_00133,2023-05-02,11827.48,salary,True
INC_NPU_00133_202306,NPU_00133,2023-06-04,11824.46,salary,True
INC_NPU_00133_202307,NPU_00133,2023-07-01,11288.06,salary,True
INC_NPU_00133_202308,NPU_00133,2023-08-02,11679.9,salary,True
INC_NPU_00133_202309,NPU_00133,2023-09-03,11329.27,salary,True
INC_NPU_00133_202310,NPU_00133,2023-10-03,11503.99,salary,True
INC_NPU_00133_202311,NPU_00133,2023-11-02,11472.4,salary,True
INC_NPU_00133_202312,NPU_00133,2023-12-05,11256.46,salary,True
INC_NPU_00133_202401,NPU_00133,2024-01-03,11720.3,salary,True
INC_NPU_00133_202402,NPU_00133,2024-02-01,11375.38,salary,True
INC_NPU_00133_202403,NPU_00133,2024-03-01,11498.96,salary,True
INC_NPU_00133_202404,NPU_00133,2024-04-02,11755.26,salary,True
INC_NPU_00133_202405,NPU_00133,2024-05-02,11177.38,salary,True
INC_NPU_00133_202406,NPU_00133,2024-06-01,11538.18,salary,True
INC_NPU_00133_202407,NPU_00133,2024-07-01,11798.5,salary,True
INC_NPU_00133_202408,NPU_00133,2024-08-03,11530.04,salary,True
INC_NPU_00133_202409,NPU_00133,2024-09-01,11165.47,salary,True
INC_NPU_00133_202410,NPU_00133,2024-10-02,11252.69,salary,True
INC_NPU_00133_202411,NPU_00133,2024-11-01,12196.86,salary,True
INC_NPU_00133_202412,NPU_00133,2024-12-03,11301.32,salary,True
INC_NPU_00133_202501,NPU_00133,2025-01-04,11381.07,salary,True
INC_NPU_00133_202502,NPU_00133,2025-02-02,11983.72,salary,True
INC_NPU_00133_202503,NPU_00133,2025-03-02,11579.47,salary,True
INC_NPU_00133_202504,NPU_00133,2025-04-01,11428.52,salary,True
INC_NPU_00133_202505,NPU_00133,2025-05-01,11570.51,salary,True
INC_NPU_00133_202506,NPU_00133,2025-06-02,12056.82,salary,True
INC_NPU_00133_202507,NPU_00133,2025-07-02,11578.97,salary,True
INC_NPU_00133_202508,NPU_00133,2025-08-01,11607.04,salary,True
INC_NPU_00133_202509,NPU_00133,2025-09-03,11402.54,salary,True
INC_NPU_00133_202510,NPU_00133,2025-10-03,11564.45,salary,True
INC_NPU_00133_202511,NPU_00133,2025-11-02,11351.01,salary,True
INC_NPU_00133_202512,NPU_00133,2025-12-01,11780.83,salary,True
INC_NPU_00134_202301,NPU_00134,2023-01-01,10711.32,salary,True
INC_NPU_00134_202302,NPU_00134,2023-02-02,10785.96,salary,True
INC_NPU_00134_202303,NPU_00134,2023-03-02,10683.5,salary,True
INC_NPU_00134_202304,NPU_00134,2023-04-01,10848.22,salary,True
INC_NPU_00134_202305,NPU_00134,2023-05-04,11197.31,salary,True
INC_NPU_00134_202306,NPU_00134,2023-06-04,10997.56,salary,True
INC_NPU_00134_202307,NPU_00134,2023-07-02,10665.42,salary,True
INC_NPU_00134_202308,NPU_00134,2023-08-01,10926.49,salary,True
INC_NPU_00134_202309,NPU_00134,2023-09-02,10934.59,salary,True
INC_NPU_00134_202310,NPU_00134,2023-10-01,10969.96,salary,True
INC_NPU_00134_202311,NPU_00134,2023-11-01,10990.11,salary,True
INC_NPU_00134_202312,NPU_00134,2023-12-01,10619.89,salary,True
INC_NPU_00134_202401,NPU_00134,2024-01-04,10652.86,salary,True
INC_NPU_00134_202402,NPU_00134,2024-02-02,10912.28,salary,True
INC_NPU_00134_202403,NPU_00134,2024-03-03,10691.14,salary,True
INC_NPU_00134_202404,NPU_00134,2024-04-02,10605.67,salary,True
INC_NPU_00134_202405,NPU_00134,2024-05-01,10733.6,salary,True
INC_NPU_00134_202406,NPU_00134,2024-06-01,10811.49,salary,True
INC_NPU_00134_202407,NPU_00134,2024-07-01,10616.72,salary,True
INC_NPU_00134_202408,NPU_00134,2024-08-01,10901.02,salary,True
INC_NPU_00134_202409,NPU_00134,2024-09-03,10441.92,salary,True
INC_NPU_00134_202410,NPU_00134,2024-10-04,10709.7,salary,True
INC_NPU_00134_202411,NPU_00134,2024-11-04,10724.89,salary,True
INC_NPU_00134_202412,NPU_00134,2024-12-01,10502.22,salary,True
INC_NPU_00134_202501,NPU_00134,2025-01-03,11260.58,salary,True
INC_NPU_00134_202502,NPU_00134,2025-02-01,10720.57,salary,True
INC_NPU_00134_202503,NPU_00134,2025-03-02,10892.74,salary,True
INC_NPU_00134_202504,NPU_00134,2025-04-03,10685.34,salary,True
INC_NPU_00134_202505,NPU_00134,2025-05-02,10502.18,salary,True
INC_NPU_00134_202506,NPU_00134,2025-06-01,10496.37,salary,True
INC_NPU_00134_202507,NPU_00134,2025-07-04,10603.72,salary,True
INC_NPU_00134_202508,NPU_00134,2025-08-05,10690.19,salary,True
INC_NPU_00134_202509,NPU_00134,2025-09-02,10453.52,salary,True
INC_NPU_00134_202510,NPU_00134,2025-10-05,10540.12,salary,True
INC_NPU_00134_202511,NPU_00134,2025-11-01,11277.62,salary,True
INC_NPU_00134_202512,NPU_00134,2025-12-01,10772.26,salary,True
INC_NPU_00135_202301,NPU_00135,2023-01-03,125264.47,salary,True
INC_NPU_00135_202302,NPU_00135,2023-02-01,123688.61,salary,True
INC_NPU_00135_202303,NPU_00135,2023-03-04,124160.44,salary,True
INC_NPU_00135_202304,NPU_00135,2023-04-01,127742.84,salary,True
INC_NPU_00135_202305,NPU_00135,2023-05-04,130386.93,salary,True
INC_NPU_00135_202306,NPU_00135,2023-06-02,128434.13,salary,True
INC_NPU_00135_202307,NPU_00135,2023-07-01,123814.82,salary,True
INC_NPU_00135_202308,NPU_00135,2023-08-04,127737.45,salary,True
INC_NPU_00135_202309,NPU_00135,2023-09-01,131227.0,salary,True
INC_NPU_00135_202310,NPU_00135,2023-10-01,126792.37,salary,True
INC_NPU_00135_202311,NPU_00135,2023-11-01,128442.12,salary,True
INC_NPU_00135_202312,NPU_00135,2023-12-01,126900.67,salary,True
INC_NPU_00135_202401,NPU_00135,2024-01-02,129007.75,salary,True
INC_NPU_00135_202402,NPU_00135,2024-02-05,125629.45,salary,True
INC_NPU_00135_202403,NPU_00135,2024-03-01,119878.35,salary,True
INC_NPU_00135_202404,NPU_00135,2024-04-01,124661.86,salary,True
INC_NPU_00135_202405,NPU_00135,2024-05-04,126474.74,salary,True
INC_NPU_00135_202406,NPU_00135,2024-06-02,127475.92,salary,True
INC_NPU_00135_202407,NPU_00135,2024-07-03,126572.44,salary,True
INC_NPU_00135_202408,NPU_00135,2024-08-04,126522.95,salary,True
INC_NPU_00135_202409,NPU_00135,2024-09-02,130411.75,salary,True
INC_NPU_00135_202410,NPU_00135,2024-10-04,125022.08,salary,True
INC_NPU_00135_202411,NPU_00135,2024-11-01,127754.75,salary,True
INC_NPU_00135_202412,NPU_00135,2024-12-01,123955.34,salary,True
INC_NPU_00135_202501,NPU_00135,2025-01-01,129549.85,salary,True
INC_NPU_00135_202502,NPU_00135,2025-02-01,128365.32,salary,True
INC_NPU_00135_202503,NPU_00135,2025-03-03,133176.19,salary,True
INC_NPU_00135_202504,NPU_00135,2025-04-02,124931.4,salary,True
INC_NPU_00135_202505,NPU_00135,2025-05-01,132080.48,salary,True
INC_NPU_00135_202506,NPU_00135,2025-06-01,125240.42,salary,True
INC_NPU_00135_202507,NPU_00135,2025-07-05,126773.17,salary,True
INC_NPU_00135_202508,NPU_00135,2025-08-01,124314.8,salary,True
INC_NPU_00135_202509,NPU_00135,2025-09-01,133131.5,salary,True
INC_NPU_00135_202510,NPU_00135,2025-10-01,128759.66,salary,True
INC_NPU_00135_202511,NPU_00135,2025-11-03,128788.68,salary,True
INC_NPU_00135_202512,NPU_00135,2025-12-01,125453.97,salary,True
INC_NPU_00136_202301,NPU_00136,2023-01-02,33410.38,salary,True
INC_NPU_00136_202302,NPU_00136,2023-02-02,34745.08,salary,True
INC_NPU_00136_202303,NPU_00136,2023-03-02,34614.24,salary,True
INC_NPU_00136_202304,NPU_00136,2023-04-04,33724.58,salary,True
INC_NPU_00136_202305,NPU_00136,2023-05-02,34789.91,salary,True
INC_NPU_00136_202306,NPU_00136,2023-06-04,35043.77,salary,True
INC_NPU_00136_202307,NPU_00136,2023-07-01,35368.16,salary,True
INC_NPU_00136_202308,NPU_00136,2023-08-02,33490.17,salary,True
INC_NPU_00136_202309,NPU_00136,2023-09-01,34136.86,salary,True
INC_NPU_00136_202310,NPU_00136,2023-10-05,34434.21,salary,True
INC_NPU_00136_202311,NPU_00136,2023-11-01,35806.6,salary,True
INC_NPU_00136_202312,NPU_00136,2023-12-02,35791.03,salary,True
INC_NPU_00136_202401,NPU_00136,2024-01-04,35277.3,salary,True
INC_NPU_00136_202402,NPU_00136,2024-02-04,34777.73,salary,True
INC_NPU_00136_202403,NPU_00136,2024-03-01,35856.57,salary,True
INC_NPU_00136_202404,NPU_00136,2024-04-03,35185.4,salary,True
INC_NPU_00136_202405,NPU_00136,2024-05-02,35810.37,salary,True
INC_NPU_00136_202406,NPU_00136,2024-06-01,35311.16,salary,True
INC_NPU_00136_202407,NPU_00136,2024-07-01,33806.59,salary,True
INC_NPU_00136_202408,NPU_00136,2024-08-02,33401.66,salary,True
INC_NPU_00136_202409,NPU_00136,2024-09-03,34707.41,salary,True
INC_NPU_00136_202410,NPU_00136,2024-10-04,35627.78,salary,True
INC_NPU_00136_202411,NPU_00136,2024-11-02,34605.52,salary,True
INC_NPU_00136_202412,NPU_00136,2024-12-01,36010.59,salary,True
INC_NPU_00136_202501,NPU_00136,2025-01-02,35555.67,salary,True
INC_NPU_00136_202502,NPU_00136,2025-02-01,35934.77,salary,True
INC_NPU_00136_202503,NPU_00136,2025-03-01,34726.34,salary,True
INC_NPU_00136_202504,NPU_00136,2025-04-02,34314.9,salary,True
INC_NPU_00136_202505,NPU_00136,2025-05-03,34217.81,salary,True
INC_NPU_00136_202506,NPU_00136,2025-06-01,35380.58,salary,True
INC_NPU_00136_202507,NPU_00136,2025-07-03,33859.5,salary,True
INC_NPU_00136_202508,NPU_00136,2025-08-04,33899.27,salary,True
INC_NPU_00136_202509,NPU_00136,2025-09-02,34565.42,salary,True
INC_NPU_00136_202510,NPU_00136,2025-10-01,35157.9,salary,True
INC_NPU_00136_202511,NPU_00136,2025-11-02,34445.16,salary,True
INC_NPU_00136_202512,NPU_00136,2025-12-02,35792.84,salary,True
INC_NPU_00137_202301,NPU_00137,2023-01-04,35946.72,salary,True
INC_NPU_00137_202302,NPU_00137,2023-02-01,33150.53,salary,True
INC_NPU_00137_202303,NPU_00137,2023-03-04,35325.41,salary,True
INC_NPU_00137_202304,NPU_00137,2023-04-01,34608.81,salary,True
INC_NPU_00137_202305,NPU_00137,2023-05-03,35663.31,salary,True
INC_NPU_00137_202306,NPU_00137,2023-06-02,35350.83,salary,True
INC_NPU_00137_202307,NPU_00137,2023-07-01,35123.4,salary,True
INC_NPU_00137_202308,NPU_00137,2023-08-04,34909.12,salary,True
INC_NPU_00137_202309,NPU_00137,2023-09-03,33902.32,salary,True
INC_NPU_00137_202310,NPU_00137,2023-10-01,36662.58,salary,True
INC_NPU_00137_202311,NPU_00137,2023-11-02,34129.49,salary,True
INC_NPU_00137_202312,NPU_00137,2023-12-04,36238.6,salary,True
INC_NPU_00137_202401,NPU_00137,2024-01-02,35491.5,salary,True
INC_NPU_00137_202402,NPU_00137,2024-02-01,34642.56,salary,True
INC_NPU_00137_202403,NPU_00137,2024-03-03,34539.2,salary,True
INC_NPU_00137_202404,NPU_00137,2024-04-04,33875.61,salary,True
INC_NPU_00137_202405,NPU_00137,2024-05-01,35027.52,salary,True
INC_NPU_00137_202406,NPU_00137,2024-06-01,33849.91,salary,True
INC_NPU_00137_202407,NPU_00137,2024-07-02,35839.06,salary,True
INC_NPU_00137_202408,NPU_00137,2024-08-01,35194.88,salary,True
INC_NPU_00137_202409,NPU_00137,2024-09-01,34979.66,salary,True
INC_NPU_00137_202410,NPU_00137,2024-10-01,35069.92,salary,True
INC_NPU_00137_202411,NPU_00137,2024-11-04,35224.43,salary,True
INC_NPU_00137_202412,NPU_00137,2024-12-01,34760.56,salary,True
INC_NPU_00137_202501,NPU_00137,2025-01-01,34851.99,salary,True
INC_NPU_00137_202502,NPU_00137,2025-02-03,36332.43,salary,True
INC_NPU_00137_202503,NPU_00137,2025-03-02,35756.29,salary,True
INC_NPU_00137_202504,NPU_00137,2025-04-04,35458.35,salary,True
INC_NPU_00137_202505,NPU_00137,2025-05-01,34642.74,salary,True
INC_NPU_00137_202506,NPU_00137,2025-06-01,33620.7,salary,True
INC_NPU_00137_202507,NPU_00137,2025-07-03,35368.35,salary,True
INC_NPU_00137_202508,NPU_00137,2025-08-01,35067.86,salary,True
INC_NPU_00137_202509,NPU_00137,2025-09-02,34836.28,salary,True
INC_NPU_00137_202510,NPU_00137,2025-10-03,34945.41,salary,True
INC_NPU_00137_202511,NPU_00137,2025-11-04,34166.74,salary,True
INC_NPU_00137_202512,NPU_00137,2025-12-03,34346.09,salary,True
INC_NPU_00138_202301,NPU_00138,2023-01-02,22578.57,salary,True
INC_NPU_00138_202302,NPU_00138,2023-02-02,21126.62,salary,True
INC_NPU_00138_202303,NPU_00138,2023-03-02,22504.3,salary,True
INC_NPU_00138_202304,NPU_00138,2023-04-01,22762.0,salary,True
INC_NPU_00138_202305,NPU_00138,2023-05-02,22322.51,salary,True
INC_NPU_00138_202306,NPU_00138,2023-06-02,22298.99,salary,True
INC_NPU_00138_202307,NPU_00138,2023-07-01,21683.43,salary,True
INC_NPU_00138_202308,NPU_00138,2023-08-01,21744.36,salary,True
INC_NPU_00138_202309,NPU_00138,2023-09-01,21909.81,salary,True
INC_NPU_00138_202310,NPU_00138,2023-10-03,21487.34,salary,True
INC_NPU_00138_202311,NPU_00138,2023-11-01,21713.11,salary,True
INC_NPU_00138_202312,NPU_00138,2023-12-03,22141.19,salary,True
INC_NPU_00138_202401,NPU_00138,2024-01-03,21883.19,salary,True
INC_NPU_00138_202402,NPU_00138,2024-02-02,22180.77,salary,True
INC_NPU_00138_202403,NPU_00138,2024-03-02,22576.66,salary,True
INC_NPU_00138_202404,NPU_00138,2024-04-02,22177.2,salary,True
INC_NPU_00138_202405,NPU_00138,2024-05-01,22304.28,salary,True
INC_NPU_00138_202406,NPU_00138,2024-06-01,21367.14,salary,True
INC_NPU_00138_202407,NPU_00138,2024-07-02,22567.51,salary,True
INC_NPU_00138_202408,NPU_00138,2024-08-02,21356.75,salary,True
INC_NPU_00138_202409,NPU_00138,2024-09-04,21852.81,salary,True
INC_NPU_00138_202410,NPU_00138,2024-10-04,21593.97,salary,True
INC_NPU_00138_202411,NPU_00138,2024-11-01,21231.25,salary,True
INC_NPU_00138_202412,NPU_00138,2024-12-02,22153.1,salary,True
INC_NPU_00138_202501,NPU_00138,2025-01-01,22344.81,salary,True
INC_NPU_00138_202502,NPU_00138,2025-02-01,22775.97,salary,True
INC_NPU_00138_202503,NPU_00138,2025-03-01,22217.28,salary,True
INC_NPU_00138_202504,NPU_00138,2025-04-03,21710.55,salary,True
INC_NPU_00138_202505,NPU_00138,2025-05-04,21872.86,salary,True
INC_NPU_00138_202506,NPU_00138,2025-06-01,21286.9,salary,True
INC_NPU_00138_202507,NPU_00138,2025-07-01,21917.85,salary,True
INC_NPU_00138_202508,NPU_00138,2025-08-01,22080.56,salary,True
INC_NPU_00138_202509,NPU_00138,2025-09-02,22324.36,salary,True
INC_NPU_00138_202510,NPU_00138,2025-10-02,22448.15,salary,True
INC_NPU_00138_202511,NPU_00138,2025-11-02,22308.58,salary,True
INC_NPU_00138_202512,NPU_00138,2025-12-01,21665.71,salary,True
INC_NPU_00139_202301,NPU_00139,2023-01-04,7799.05,salary,True
INC_NPU_00139_202302,NPU_00139,2023-02-01,8113.03,salary,True
INC_NPU_00139_202303,NPU_00139,2023-03-02,7680.76,salary,True
INC_NPU_00139_202304,NPU_00139,2023-04-01,8332.48,salary,True
INC_NPU_00139_202305,NPU_00139,2023-05-02,7872.92,salary,True
INC_NPU_00139_202306,NPU_00139,2023-06-01,8194.37,salary,True
INC_NPU_00139_202307,NPU_00139,2023-07-02,7899.86,salary,True
INC_NPU_00139_202308,NPU_00139,2023-08-03,8092.72,salary,True
INC_NPU_00139_202309,NPU_00139,2023-09-04,7804.23,salary,True
INC_NPU_00139_202310,NPU_00139,2023-10-05,8002.69,salary,True
INC_NPU_00139_202311,NPU_00139,2023-11-04,7714.7,salary,True
INC_NPU_00139_202312,NPU_00139,2023-12-04,8051.39,salary,True
INC_NPU_00139_202401,NPU_00139,2024-01-01,7801.68,salary,True
INC_NPU_00139_202402,NPU_00139,2024-02-02,7824.08,salary,True
INC_NPU_00139_202403,NPU_00139,2024-03-05,7925.97,salary,True
INC_NPU_00139_202404,NPU_00139,2024-04-02,7957.31,salary,True
INC_NPU_00139_202405,NPU_00139,2024-05-01,8081.48,salary,True
INC_NPU_00139_202406,NPU_00139,2024-06-01,8064.02,salary,True
INC_NPU_00139_202407,NPU_00139,2024-07-04,8019.61,salary,True
INC_NPU_00139_202408,NPU_00139,2024-08-02,8145.78,salary,True
INC_NPU_00139_202409,NPU_00139,2024-09-03,8059.24,salary,True
INC_NPU_00139_202410,NPU_00139,2024-10-05,8071.4,salary,True
INC_NPU_00139_202411,NPU_00139,2024-11-01,7822.76,salary,True
INC_NPU_00139_202412,NPU_00139,2024-12-02,8159.63,salary,True
INC_NPU_00139_202501,NPU_00139,2025-01-01,8136.66,salary,True
INC_NPU_00139_202502,NPU_00139,2025-02-05,8027.6,salary,True
INC_NPU_00139_202503,NPU_00139,2025-03-02,8130.08,salary,True
INC_NPU_00139_202504,NPU_00139,2025-04-01,7989.9,salary,True
INC_NPU_00139_202505,NPU_00139,2025-05-01,8254.62,salary,True
INC_NPU_00139_202506,NPU_00139,2025-06-01,8012.11,salary,True
INC_NPU_00139_202507,NPU_00139,2025-07-01,7984.35,salary,True
INC_NPU_00139_202508,NPU_00139,2025-08-01,8060.47,salary,True
INC_NPU_00139_202509,NPU_00139,2025-09-01,8294.76,salary,True
INC_NPU_00139_202510,NPU_00139,2025-10-01,7904.72,salary,True
INC_NPU_00139_202511,NPU_00139,2025-11-02,8049.26,salary,True
INC_NPU_00139_202512,NPU_00139,2025-12-02,7916.09,salary,True
INC_NPU_00140_202301,NPU_00140,2023-01-02,89921.43,salary,True
INC_NPU_00140_202302,NPU_00140,2023-02-03,88504.87,salary,True
INC_NPU_00140_202303,NPU_00140,2023-03-03,90853.17,salary,True
INC_NPU_00140_202304,NPU_00140,2023-04-03,90081.93,salary,True
INC_NPU_00140_202305,NPU_00140,2023-05-03,91522.31,salary,True
INC_NPU_00140_202306,NPU_00140,2023-06-02,92055.14,salary,True
INC_NPU_00140_202307,NPU_00140,2023-07-01,92365.62,salary,True
INC_NPU_00140_202308,NPU_00140,2023-08-03,89223.33,salary,True
INC_NPU_00140_202309,NPU_00140,2023-09-03,90784.88,salary,True
INC_NPU_00140_202310,NPU_00140,2023-10-03,92502.28,salary,True
INC_NPU_00140_202311,NPU_00140,2023-11-02,88492.21,salary,True
INC_NPU_00140_202312,NPU_00140,2023-12-01,90275.5,salary,True
INC_NPU_00140_202401,NPU_00140,2024-01-05,88603.88,salary,True
INC_NPU_00140_202402,NPU_00140,2024-02-05,93388.62,salary,True
INC_NPU_00140_202403,NPU_00140,2024-03-02,92477.39,salary,True
INC_NPU_00140_202404,NPU_00140,2024-04-03,91103.56,salary,True
INC_NPU_00140_202405,NPU_00140,2024-05-01,91072.83,salary,True
INC_NPU_00140_202406,NPU_00140,2024-06-03,88763.64,salary,True
INC_NPU_00140_202407,NPU_00140,2024-07-03,92728.43,salary,True
INC_NPU_00140_202408,NPU_00140,2024-08-03,89535.53,salary,True
INC_NPU_00140_202409,NPU_00140,2024-09-02,88929.32,salary,True
INC_NPU_00140_202410,NPU_00140,2024-10-01,92168.19,salary,True
INC_NPU_00140_202411,NPU_00140,2024-11-01,89365.14,salary,True
INC_NPU_00140_202412,NPU_00140,2024-12-02,89000.55,salary,True
INC_NPU_00140_202501,NPU_00140,2025-01-01,91637.42,salary,True
INC_NPU_00140_202502,NPU_00140,2025-02-02,87973.82,salary,True
INC_NPU_00140_202503,NPU_00140,2025-03-02,91127.42,salary,True
INC_NPU_00140_202504,NPU_00140,2025-04-04,90296.59,salary,True
INC_NPU_00140_202505,NPU_00140,2025-05-02,91467.35,salary,True
INC_NPU_00140_202506,NPU_00140,2025-06-02,90910.92,salary,True
INC_NPU_00140_202507,NPU_00140,2025-07-03,94702.04,salary,True
INC_NPU_00140_202508,NPU_00140,2025-08-01,90466.87,salary,True
INC_NPU_00140_202509,NPU_00140,2025-09-01,89359.76,salary,True
INC_NPU_00140_202510,NPU_00140,2025-10-01,90092.21,salary,True
INC_NPU_00140_202511,NPU_00140,2025-11-01,90890.34,salary,True
INC_NPU_00140_202512,NPU_00140,2025-12-01,93258.38,salary,True
INC_NPU_00141_202301,NPU_00141,2023-01-02,96822.0,salary,True
INC_NPU_00141_202302,NPU_00141,2023-02-05,94084.69,salary,True
INC_NPU_00141_202303,NPU_00141,2023-03-01,103537.17,salary,True
INC_NPU_00141_202304,NPU_00141,2023-04-01,97582.64,salary,True
INC_NPU_00141_202305,NPU_00141,2023-05-01,93979.59,salary,True
INC_NPU_00141_202306,NPU_00141,2023-06-01,93494.49,salary,True
INC_NPU_00141_202307,NPU_00141,2023-07-03,93165.01,salary,True
INC_NPU_00141_202308,NPU_00141,2023-08-02,95490.22,salary,True
INC_NPU_00141_202309,NPU_00141,2023-09-03,95570.55,salary,True
INC_NPU_00141_202310,NPU_00141,2023-10-01,94317.56,salary,True
INC_NPU_00141_202311,NPU_00141,2023-11-02,92913.12,salary,True
INC_NPU_00141_202312,NPU_00141,2023-12-02,93532.54,salary,True
INC_NPU_00141_202401,NPU_00141,2024-01-01,96863.78,salary,True
INC_NPU_00141_202402,NPU_00141,2024-02-05,95032.84,salary,True
INC_NPU_00141_202403,NPU_00141,2024-03-03,93724.78,salary,True
INC_NPU_00141_202404,NPU_00141,2024-04-02,95801.76,salary,True
INC_NPU_00141_202405,NPU_00141,2024-05-02,96164.93,salary,True
INC_NPU_00141_202406,NPU_00141,2024-06-01,96379.76,salary,True
INC_NPU_00141_202407,NPU_00141,2024-07-01,95727.65,salary,True
INC_NPU_00141_202408,NPU_00141,2024-08-05,95424.68,salary,True
INC_NPU_00141_202409,NPU_00141,2024-09-02,97976.79,salary,True
INC_NPU_00141_202410,NPU_00141,2024-10-01,93603.51,salary,True
INC_NPU_00141_202411,NPU_00141,2024-11-03,95169.64,salary,True
INC_NPU_00141_202412,NPU_00141,2024-12-04,92030.69,salary,True
INC_NPU_00141_202501,NPU_00141,2025-01-02,94918.56,salary,True
INC_NPU_00141_202502,NPU_00141,2025-02-04,95938.38,salary,True
INC_NPU_00141_202503,NPU_00141,2025-03-01,97210.13,salary,True
INC_NPU_00141_202504,NPU_00141,2025-04-04,92081.13,salary,True
INC_NPU_00141_202505,NPU_00141,2025-05-03,95879.9,salary,True
INC_NPU_00141_202506,NPU_00141,2025-06-02,99301.83,salary,True
INC_NPU_00141_202507,NPU_00141,2025-07-03,90103.35,salary,True
INC_NPU_00141_202508,NPU_00141,2025-08-03,96529.32,salary,True
INC_NPU_00141_202509,NPU_00141,2025-09-01,93275.7,salary,True
INC_NPU_00141_202510,NPU_00141,2025-10-03,94921.99,salary,True
INC_NPU_00141_202511,NPU_00141,2025-11-04,96595.45,salary,True
INC_NPU_00141_202512,NPU_00141,2025-12-02,94400.95,salary,True
INC_NPU_00142_202301,NPU_00142,2023-01-02,46945.76,salary,True
INC_NPU_00142_202302,NPU_00142,2023-02-03,46888.63,salary,True
INC_NPU_00142_202303,NPU_00142,2023-03-05,46632.57,salary,True
INC_NPU_00142_202304,NPU_00142,2023-04-03,45474.79,salary,True
INC_NPU_00142_202305,NPU_00142,2023-05-02,46017.82,salary,True
INC_NPU_00142_202306,NPU_00142,2023-06-01,48628.89,salary,True
INC_NPU_00142_202307,NPU_00142,2023-07-02,46308.68,salary,True
INC_NPU_00142_202308,NPU_00142,2023-08-02,46416.69,salary,True
INC_NPU_00142_202309,NPU_00142,2023-09-02,46411.86,salary,True
INC_NPU_00142_202310,NPU_00142,2023-10-02,47460.86,salary,True
INC_NPU_00142_202311,NPU_00142,2023-11-05,48014.6,salary,True
INC_NPU_00142_202312,NPU_00142,2023-12-03,46461.72,salary,True
INC_NPU_00142_202401,NPU_00142,2024-01-01,46653.75,salary,True
INC_NPU_00142_202402,NPU_00142,2024-02-01,46837.3,salary,True
INC_NPU_00142_202403,NPU_00142,2024-03-01,47574.78,salary,True
INC_NPU_00142_202404,NPU_00142,2024-04-01,46658.1,salary,True
INC_NPU_00142_202405,NPU_00142,2024-05-01,46758.18,salary,True
INC_NPU_00142_202406,NPU_00142,2024-06-01,46156.74,salary,True
INC_NPU_00142_202407,NPU_00142,2024-07-01,46968.05,salary,True
INC_NPU_00142_202408,NPU_00142,2024-08-01,47234.16,salary,True
INC_NPU_00142_202409,NPU_00142,2024-09-01,47302.63,salary,True
INC_NPU_00142_202410,NPU_00142,2024-10-01,48434.56,salary,True
INC_NPU_00142_202411,NPU_00142,2024-11-02,45955.5,salary,True
INC_NPU_00142_202412,NPU_00142,2024-12-04,46696.56,salary,True
INC_NPU_00142_202501,NPU_00142,2025-01-01,46467.75,salary,True
INC_NPU_00142_202502,NPU_00142,2025-02-01,48213.79,salary,True
INC_NPU_00142_202503,NPU_00142,2025-03-01,47341.09,salary,True
INC_NPU_00142_202504,NPU_00142,2025-04-01,45225.2,salary,True
INC_NPU_00142_202505,NPU_00142,2025-05-03,46081.05,salary,True
INC_NPU_00142_202506,NPU_00142,2025-06-01,46357.19,salary,True
INC_NPU_00142_202507,NPU_00142,2025-07-01,45338.56,salary,True
INC_NPU_00142_202508,NPU_00142,2025-08-04,46766.5,salary,True
INC_NPU_00142_202509,NPU_00142,2025-09-02,46195.06,salary,True
INC_NPU_00142_202510,NPU_00142,2025-10-02,48486.45,salary,True
INC_NPU_00142_202511,NPU_00142,2025-11-01,46960.26,salary,True
INC_NPU_00142_202512,NPU_00142,2025-12-05,46321.73,salary,True
INC_NPU_00143_202301,NPU_00143,2023-01-10,84186.36,freelance,True
INC_NPU_00143_202302,NPU_00143,2023-02-07,113835.34,freelance,True
INC_NPU_00143_202303,NPU_00143,2023-03-17,24908.93,freelance,True
INC_NPU_00143_202304,NPU_00143,2023-04-23,41265.75,freelance,True
INC_NPU_00143_202305,NPU_00143,2023-05-11,126471.64,freelance,True
INC_NPU_00143_202306,NPU_00143,2023-06-02,183508.41,freelance,True
INC_NPU_00143_202307,NPU_00143,2023-07-24,284040.05,freelance,True
INC_NPU_00143_202308,NPU_00143,2023-08-07,65593.81,freelance,True
INC_NPU_00143_202309,NPU_00143,2023-09-13,153603.77,freelance,True
INC_NPU_00143_202310,NPU_00143,2023-10-15,65499.11,freelance,True
INC_NPU_00143_202311,NPU_00143,2023-11-15,143096.37,freelance,True
INC_NPU_00143_202312,NPU_00143,2023-12-05,48871.59,freelance,True
INC_NPU_00143_202401,NPU_00143,2024-01-20,87345.21,freelance,True
INC_NPU_00143_202402,NPU_00143,2024-02-21,160005.3,freelance,True
INC_NPU_00143_202403,NPU_00143,2024-03-09,121082.9,freelance,True
INC_NPU_00143_202404,NPU_00143,2024-04-02,32076.35,freelance,True
INC_NPU_00143_202405,NPU_00143,2024-05-03,84083.79,freelance,True
INC_NPU_00143_202406,NPU_00143,2024-06-17,123290.55,freelance,True
INC_NPU_00143_202407,NPU_00143,2024-07-10,32253.51,freelance,True
INC_NPU_00143_202408,NPU_00143,2024-08-13,210930.0,freelance,True
INC_NPU_00143_202409,NPU_00143,2024-09-19,101278.65,freelance,True
INC_NPU_00143_202410,NPU_00143,2024-10-14,166476.83,freelance,True
INC_NPU_00143_202411,NPU_00143,2024-11-02,134476.21,freelance,True
INC_NPU_00143_202412,NPU_00143,2024-12-03,62546.95,freelance,True
INC_NPU_00143_202501,NPU_00143,2025-01-05,50827.72,freelance,True
INC_NPU_00143_202502,NPU_00143,2025-02-11,21115.94,freelance,True
INC_NPU_00143_202503,NPU_00143,2025-03-23,57894.69,freelance,True
INC_NPU_00143_202504,NPU_00143,2025-04-17,21337.9,freelance,True
INC_NPU_00143_202505,NPU_00143,2025-05-24,105582.59,freelance,True
INC_NPU_00143_202506,NPU_00143,2025-06-24,81569.83,freelance,True
INC_NPU_00143_202507,NPU_00143,2025-07-12,114340.61,freelance,True
INC_NPU_00143_202508,NPU_00143,2025-08-22,80619.63,freelance,True
INC_NPU_00143_202509,NPU_00143,2025-09-05,114815.52,freelance,True
INC_NPU_00143_202510,NPU_00143,2025-10-19,50479.48,freelance,True
INC_NPU_00143_202511,NPU_00143,2025-11-03,176986.04,freelance,True
INC_NPU_00143_202512,NPU_00143,2025-12-13,110198.95,freelance,True
INC_NPU_00144_202301,NPU_00144,2023-01-01,50610.39,salary,True
INC_NPU_00144_202302,NPU_00144,2023-02-01,47835.21,salary,True
INC_NPU_00144_202303,NPU_00144,2023-03-02,49364.08,salary,True
INC_NPU_00144_202304,NPU_00144,2023-04-02,48309.18,salary,True
INC_NPU_00144_202305,NPU_00144,2023-05-02,47718.62,salary,True
INC_NPU_00144_202306,NPU_00144,2023-06-03,49186.72,salary,True
INC_NPU_00144_202307,NPU_00144,2023-07-01,46735.94,salary,True
INC_NPU_00144_202308,NPU_00144,2023-08-01,47417.04,salary,True
INC_NPU_00144_202309,NPU_00144,2023-09-02,48706.08,salary,True
INC_NPU_00144_202310,NPU_00144,2023-10-01,45795.62,salary,True
INC_NPU_00144_202311,NPU_00144,2023-11-01,47803.61,salary,True
INC_NPU_00144_202312,NPU_00144,2023-12-03,47795.51,salary,True
INC_NPU_00144_202401,NPU_00144,2024-01-01,48084.1,salary,True
INC_NPU_00144_202402,NPU_00144,2024-02-03,47626.17,salary,True
INC_NPU_00144_202403,NPU_00144,2024-03-05,48662.73,salary,True
INC_NPU_00144_202404,NPU_00144,2024-04-04,47114.81,salary,True
INC_NPU_00144_202405,NPU_00144,2024-05-03,48807.09,salary,True
INC_NPU_00144_202406,NPU_00144,2024-06-04,46837.82,salary,True
INC_NPU_00144_202407,NPU_00144,2024-07-01,48160.34,salary,True
INC_NPU_00144_202408,NPU_00144,2024-08-04,49048.98,salary,True
INC_NPU_00144_202409,NPU_00144,2024-09-02,47037.16,salary,True
INC_NPU_00144_202410,NPU_00144,2024-10-03,47242.77,salary,True
INC_NPU_00144_202411,NPU_00144,2024-11-03,48844.58,salary,True
INC_NPU_00144_202412,NPU_00144,2024-12-03,48015.88,salary,True
INC_NPU_00144_202501,NPU_00144,2025-01-01,46278.01,salary,True
INC_NPU_00144_202502,NPU_00144,2025-02-01,48053.21,salary,True
INC_NPU_00144_202503,NPU_00144,2025-03-03,48480.37,salary,True
INC_NPU_00144_202504,NPU_00144,2025-04-02,48889.03,salary,True
INC_NPU_00144_202505,NPU_00144,2025-05-04,48136.78,salary,True
INC_NPU_00144_202506,NPU_00144,2025-06-02,48342.36,salary,True
INC_NPU_00144_202507,NPU_00144,2025-07-01,49478.35,salary,True
INC_NPU_00144_202508,NPU_00144,2025-08-03,48737.23,salary,True
INC_NPU_00144_202509,NPU_00144,2025-09-05,46425.43,salary,True
INC_NPU_00144_202510,NPU_00144,2025-10-02,47591.94,salary,True
INC_NPU_00144_202511,NPU_00144,2025-11-03,47710.12,salary,True
INC_NPU_00144_202512,NPU_00144,2025-12-01,49003.22,salary,True
INC_NPU_00145_202301,NPU_00145,2023-01-05,112100.24,salary,True
INC_NPU_00145_202302,NPU_00145,2023-02-02,109794.3,salary,True
INC_NPU_00145_202303,NPU_00145,2023-03-04,109458.55,salary,True
INC_NPU_00145_202304,NPU_00145,2023-04-02,108530.55,salary,True
INC_NPU_00145_202305,NPU_00145,2023-05-01,111720.57,salary,True
INC_NPU_00145_202306,NPU_00145,2023-06-04,107446.49,salary,True
INC_NPU_00145_202307,NPU_00145,2023-07-01,108202.83,salary,True
INC_NPU_00145_202308,NPU_00145,2023-08-04,111712.66,salary,True
INC_NPU_00145_202309,NPU_00145,2023-09-02,111682.01,salary,True
INC_NPU_00145_202310,NPU_00145,2023-10-01,114385.06,salary,True
INC_NPU_00145_202311,NPU_00145,2023-11-01,109088.14,salary,True
INC_NPU_00145_202312,NPU_00145,2023-12-01,108563.0,salary,True
INC_NPU_00145_202401,NPU_00145,2024-01-01,108774.22,salary,True
INC_NPU_00145_202402,NPU_00145,2024-02-01,105819.19,salary,True
INC_NPU_00145_202403,NPU_00145,2024-03-01,104781.3,salary,True
INC_NPU_00145_202404,NPU_00145,2024-04-01,109832.5,salary,True
INC_NPU_00145_202405,NPU_00145,2024-05-03,108401.4,salary,True
INC_NPU_00145_202406,NPU_00145,2024-06-03,107586.04,salary,True
INC_NPU_00145_202407,NPU_00145,2024-07-04,109426.98,salary,True
INC_NPU_00145_202408,NPU_00145,2024-08-02,109885.19,salary,True
INC_NPU_00145_202409,NPU_00145,2024-09-01,108936.67,salary,True
INC_NPU_00145_202410,NPU_00145,2024-10-03,108992.42,salary,True
INC_NPU_00145_202411,NPU_00145,2024-11-03,108376.65,salary,True
INC_NPU_00145_202412,NPU_00145,2024-12-02,110799.37,salary,True
INC_NPU_00145_202501,NPU_00145,2025-01-02,108058.47,salary,True
INC_NPU_00145_202502,NPU_00145,2025-02-05,107146.91,salary,True
INC_NPU_00145_202503,NPU_00145,2025-03-03,108288.01,salary,True
INC_NPU_00145_202504,NPU_00145,2025-04-03,109730.6,salary,True
INC_NPU_00145_202505,NPU_00145,2025-05-01,110941.59,salary,True
INC_NPU_00145_202506,NPU_00145,2025-06-01,113415.47,salary,True
INC_NPU_00145_202507,NPU_00145,2025-07-04,109437.88,salary,True
INC_NPU_00145_202508,NPU_00145,2025-08-02,112674.72,salary,True
INC_NPU_00145_202509,NPU_00145,2025-09-01,107882.87,salary,True
INC_NPU_00145_202510,NPU_00145,2025-10-04,107515.66,salary,True
INC_NPU_00145_202511,NPU_00145,2025-11-03,110204.66,salary,True
INC_NPU_00145_202512,NPU_00145,2025-12-05,110536.86,salary,True
INC_NPU_00146_202301,NPU_00146,2023-01-11,168226.56,business,True
INC_NPU_00146_202302,NPU_00146,2023-02-16,378078.6,business,True
INC_NPU_00146_202303,NPU_00146,2023-03-21,167866.76,business,True
INC_NPU_00146_202304,NPU_00146,2023-04-21,105946.32,business,True
INC_NPU_00146_202305,NPU_00146,2023-05-06,236996.39,business,True
INC_NPU_00146_202306,NPU_00146,2023-06-11,126345.15,business,True
INC_NPU_00146_202307,NPU_00146,2023-07-16,177205.98,business,True
INC_NPU_00146_202308,NPU_00146,2023-08-11,193757.8,business,True
INC_NPU_00146_202309,NPU_00146,2023-09-21,161152.02,business,True
INC_NPU_00146_202310,NPU_00146,2023-10-16,171749.01,business,True
INC_NPU_00146_202311,NPU_00146,2023-11-11,177211.14,business,True
INC_NPU_00146_202312,NPU_00146,2023-12-21,222462.57,business,True
INC_NPU_00146_202401,NPU_00146,2024-01-16,162934.37,business,True
INC_NPU_00146_202402,NPU_00146,2024-02-06,153413.29,business,True
INC_NPU_00146_202403,NPU_00146,2024-03-16,200849.78,business,True
INC_NPU_00146_202404,NPU_00146,2024-04-11,93896.9,business,True
INC_NPU_00146_202405,NPU_00146,2024-05-06,211010.07,business,True
INC_NPU_00146_202406,NPU_00146,2024-06-16,109602.81,business,True
INC_NPU_00146_202407,NPU_00146,2024-07-16,165101.56,business,True
INC_NPU_00146_202408,NPU_00146,2024-08-01,148142.4,business,True
INC_NPU_00146_202409,NPU_00146,2024-09-16,175577.82,business,True
INC_NPU_00146_202410,NPU_00146,2024-10-21,114922.48,business,True
INC_NPU_00146_202411,NPU_00146,2024-11-01,146356.83,business,True
INC_NPU_00146_202412,NPU_00146,2024-12-01,114278.28,business,True
INC_NPU_00146_202501,NPU_00146,2025-01-06,203022.61,business,True
INC_NPU_00146_202502,NPU_00146,2025-02-21,141157.71,business,True
INC_NPU_00146_202503,NPU_00146,2025-03-21,174377.18,business,True
INC_NPU_00146_202504,NPU_00146,2025-04-16,205956.73,business,True
INC_NPU_00146_202505,NPU_00146,2025-05-16,121073.32,business,True
INC_NPU_00146_202506,NPU_00146,2025-06-21,145982.5,business,True
INC_NPU_00146_202507,NPU_00146,2025-07-01,163121.27,business,True
INC_NPU_00146_202508,NPU_00146,2025-08-06,105646.33,business,True
INC_NPU_00146_202509,NPU_00146,2025-09-01,169205.23,business,True
INC_NPU_00146_202510,NPU_00146,2025-10-21,103613.7,business,True
INC_NPU_00146_202511,NPU_00146,2025-11-01,214010.57,business,True
INC_NPU_00146_202512,NPU_00146,2025-12-16,226188.0,business,True
INC_NPU_00147_202301,NPU_00147,2023-01-03,31117.71,salary,True
INC_NPU_00147_202302,NPU_00147,2023-02-05,30968.45,salary,True
INC_NPU_00147_202303,NPU_00147,2023-03-01,31325.35,salary,True
INC_NPU_00147_202304,NPU_00147,2023-04-01,31021.81,salary,True
INC_NPU_00147_202305,NPU_00147,2023-05-04,29986.82,salary,True
INC_NPU_00147_202306,NPU_00147,2023-06-03,30401.95,salary,True
INC_NPU_00147_202307,NPU_00147,2023-07-01,31087.93,salary,True
INC_NPU_00147_202308,NPU_00147,2023-08-03,31763.56,salary,True
INC_NPU_00147_202309,NPU_00147,2023-09-04,31635.16,salary,True
INC_NPU_00147_202310,NPU_00147,2023-10-02,32855.98,salary,True
INC_NPU_00147_202311,NPU_00147,2023-11-01,30771.74,salary,True
INC_NPU_00147_202312,NPU_00147,2023-12-02,31568.19,salary,True
INC_NPU_00147_202401,NPU_00147,2024-01-04,31520.05,salary,True
INC_NPU_00147_202402,NPU_00147,2024-02-02,32088.54,salary,True
INC_NPU_00147_202403,NPU_00147,2024-03-01,31874.95,salary,True
INC_NPU_00147_202404,NPU_00147,2024-04-01,31259.59,salary,True
INC_NPU_00147_202405,NPU_00147,2024-05-01,31455.86,salary,True
INC_NPU_00147_202406,NPU_00147,2024-06-02,31327.68,salary,True
INC_NPU_00147_202407,NPU_00147,2024-07-02,31064.57,salary,True
INC_NPU_00147_202408,NPU_00147,2024-08-01,31408.08,salary,True
INC_NPU_00147_202409,NPU_00147,2024-09-01,31193.6,salary,True
INC_NPU_00147_202410,NPU_00147,2024-10-03,31166.91,salary,True
INC_NPU_00147_202411,NPU_00147,2024-11-02,32123.82,salary,True
INC_NPU_00147_202412,NPU_00147,2024-12-01,31271.87,salary,True
INC_NPU_00147_202501,NPU_00147,2025-01-04,31139.4,salary,True
INC_NPU_00147_202502,NPU_00147,2025-02-01,30986.59,salary,True
INC_NPU_00147_202503,NPU_00147,2025-03-05,30933.95,salary,True
INC_NPU_00147_202504,NPU_00147,2025-04-04,30385.65,salary,True
INC_NPU_00147_202505,NPU_00147,2025-05-02,31065.17,salary,True
INC_NPU_00147_202506,NPU_00147,2025-06-01,31799.35,salary,True
INC_NPU_00147_202507,NPU_00147,2025-07-05,30754.66,salary,True
INC_NPU_00147_202508,NPU_00147,2025-08-05,32433.53,salary,True
INC_NPU_00147_202509,NPU_00147,2025-09-01,29759.61,salary,True
INC_NPU_00147_202510,NPU_00147,2025-10-01,31383.35,salary,True
INC_NPU_00147_202511,NPU_00147,2025-11-05,32516.01,salary,True
INC_NPU_00147_202512,NPU_00147,2025-12-05,31216.89,salary,True
INC_NPU_00148_202301,NPU_00148,2023-01-06,176732.87,freelance,True
INC_NPU_00148_202302,NPU_00148,2023-02-14,70537.45,freelance,True
INC_NPU_00148_202303,NPU_00148,2023-03-11,69031.85,freelance,True
INC_NPU_00148_202304,NPU_00148,2023-04-01,25012.24,freelance,True
INC_NPU_00148_202305,NPU_00148,2023-05-08,41352.36,freelance,True
INC_NPU_00148_202306,NPU_00148,2023-06-19,66313.02,freelance,True
INC_NPU_00148_202307,NPU_00148,2023-07-24,101356.72,freelance,True
INC_NPU_00148_202308,NPU_00148,2023-08-08,88573.55,freelance,True
INC_NPU_00148_202309,NPU_00148,2023-09-18,60013.86,freelance,True
INC_NPU_00148_202310,NPU_00148,2023-10-19,47169.34,freelance,True
INC_NPU_00148_202311,NPU_00148,2023-11-05,30210.82,freelance,True
INC_NPU_00148_202312,NPU_00148,2023-12-02,85482.67,freelance,True
INC_NPU_00148_202401,NPU_00148,2024-01-18,216740.75,freelance,True
INC_NPU_00148_202402,NPU_00148,2024-02-15,104250.93,freelance,True
INC_NPU_00148_202403,NPU_00148,2024-03-17,96696.99,freelance,True
INC_NPU_00148_202404,NPU_00148,2024-04-23,72878.54,freelance,True
INC_NPU_00148_202405,NPU_00148,2024-05-15,96875.53,freelance,True
INC_NPU_00148_202406,NPU_00148,2024-06-15,102090.98,freelance,True
INC_NPU_00148_202407,NPU_00148,2024-07-02,75205.2,freelance,True
INC_NPU_00148_202408,NPU_00148,2024-08-16,31750.83,freelance,True
INC_NPU_00148_202409,NPU_00148,2024-09-14,89132.59,freelance,True
INC_NPU_00148_202410,NPU_00148,2024-10-05,93478.58,freelance,True
INC_NPU_00148_202411,NPU_00148,2024-11-24,27897.11,freelance,True
INC_NPU_00148_202412,NPU_00148,2024-12-06,110687.93,freelance,True
INC_NPU_00148_202501,NPU_00148,2025-01-15,34468.87,freelance,True
INC_NPU_00148_202502,NPU_00148,2025-02-11,19049.69,freelance,True
INC_NPU_00148_202503,NPU_00148,2025-03-24,45355.69,freelance,True
INC_NPU_00148_202504,NPU_00148,2025-04-18,10729.7,freelance,True
INC_NPU_00148_202505,NPU_00148,2025-05-22,70883.7,freelance,True
INC_NPU_00148_202506,NPU_00148,2025-06-10,80365.09,freelance,True
INC_NPU_00148_202507,NPU_00148,2025-07-03,12916.35,freelance,True
INC_NPU_00148_202508,NPU_00148,2025-08-12,61218.92,freelance,True
INC_NPU_00148_202509,NPU_00148,2025-09-22,120380.37,freelance,True
INC_NPU_00148_202510,NPU_00148,2025-10-11,65443.36,freelance,True
INC_NPU_00148_202511,NPU_00148,2025-11-18,51791.46,freelance,True
INC_NPU_00148_202512,NPU_00148,2025-12-13,94605.68,freelance,True
INC_NPU_00149_202301,NPU_00149,2023-01-04,34936.35,salary,True
INC_NPU_00149_202302,NPU_00149,2023-02-01,33836.16,salary,True
INC_NPU_00149_202303,NPU_00149,2023-03-04,34334.45,salary,True
INC_NPU_00149_202304,NPU_00149,2023-04-01,35182.71,salary,True
INC_NPU_00149_202305,NPU_00149,2023-05-01,34148.24,salary,True
INC_NPU_00149_202306,NPU_00149,2023-06-03,35644.06,salary,True
INC_NPU_00149_202307,NPU_00149,2023-07-01,33967.9,salary,True
INC_NPU_00149_202308,NPU_00149,2023-08-02,34800.59,salary,True
INC_NPU_00149_202309,NPU_00149,2023-09-03,35431.44,salary,True
INC_NPU_00149_202310,NPU_00149,2023-10-05,34284.7,salary,True
INC_NPU_00149_202311,NPU_00149,2023-11-04,34106.97,salary,True
INC_NPU_00149_202312,NPU_00149,2023-12-01,35295.5,salary,True
INC_NPU_00149_202401,NPU_00149,2024-01-02,35563.27,salary,True
INC_NPU_00149_202402,NPU_00149,2024-02-01,34847.67,salary,True
INC_NPU_00149_202403,NPU_00149,2024-03-04,34697.72,salary,True
INC_NPU_00149_202404,NPU_00149,2024-04-01,33944.94,salary,True
INC_NPU_00149_202405,NPU_00149,2024-05-02,35030.5,salary,True
INC_NPU_00149_202406,NPU_00149,2024-06-03,33743.5,salary,True
INC_NPU_00149_202407,NPU_00149,2024-07-02,35901.68,salary,True
INC_NPU_00149_202408,NPU_00149,2024-08-01,34880.06,salary,True
INC_NPU_00149_202409,NPU_00149,2024-09-03,34347.18,salary,True
INC_NPU_00149_202410,NPU_00149,2024-10-01,34559.55,salary,True
INC_NPU_00149_202411,NPU_00149,2024-11-02,35082.63,salary,True
INC_NPU_00149_202412,NPU_00149,2024-12-03,34664.29,salary,True
INC_NPU_00149_202501,NPU_00149,2025-01-04,34966.28,salary,True
INC_NPU_00149_202502,NPU_00149,2025-02-01,34256.75,salary,True
INC_NPU_00149_202503,NPU_00149,2025-03-01,35747.24,salary,True
INC_NPU_00149_202504,NPU_00149,2025-04-02,34573.13,salary,True
INC_NPU_00149_202505,NPU_00149,2025-05-02,33564.56,salary,True
INC_NPU_00149_202506,NPU_00149,2025-06-01,34719.75,salary,True
INC_NPU_00149_202507,NPU_00149,2025-07-02,34473.53,salary,True
INC_NPU_00149_202508,NPU_00149,2025-08-05,35694.72,salary,True
INC_NPU_00149_202509,NPU_00149,2025-09-03,34350.31,salary,True
INC_NPU_00149_202510,NPU_00149,2025-10-03,34655.19,salary,True
INC_NPU_00149_202511,NPU_00149,2025-11-03,35101.85,salary,True
INC_NPU_00149_202512,NPU_00149,2025-12-01,35375.38,salary,True
INC_NPU_00150_202301,NPU_00150,2023-01-01,34824.72,salary,True
INC_NPU_00150_202302,NPU_00150,2023-02-01,33319.69,salary,True
INC_NPU_00150_202303,NPU_00150,2023-03-01,34735.25,salary,True
INC_NPU_00150_202304,NPU_00150,2023-04-04,34543.8,salary,True
INC_NPU_00150_202305,NPU_00150,2023-05-01,33380.88,salary,True
INC_NPU_00150_202306,NPU_00150,2023-06-01,33307.45,salary,True
INC_NPU_00150_202307,NPU_00150,2023-07-02,34138.4,salary,True
INC_NPU_00150_202308,NPU_00150,2023-08-04,33851.56,salary,True
INC_NPU_00150_202309,NPU_00150,2023-09-01,34136.61,salary,True
INC_NPU_00150_202310,NPU_00150,2023-10-02,33648.66,salary,True
INC_NPU_00150_202311,NPU_00150,2023-11-02,33916.57,salary,True
INC_NPU_00150_202312,NPU_00150,2023-12-05,33787.99,salary,True
INC_NPU_00150_202401,NPU_00150,2024-01-01,34127.22,salary,True
INC_NPU_00150_202402,NPU_00150,2024-02-02,33286.55,salary,True
INC_NPU_00150_202403,NPU_00150,2024-03-01,33967.13,salary,True
INC_NPU_00150_202404,NPU_00150,2024-04-03,34808.56,salary,True
INC_NPU_00150_202405,NPU_00150,2024-05-01,34762.97,salary,True
INC_NPU_00150_202406,NPU_00150,2024-06-02,34043.42,salary,True
INC_NPU_00150_202407,NPU_00150,2024-07-05,33274.21,salary,True
INC_NPU_00150_202408,NPU_00150,2024-08-03,35158.51,salary,True
INC_NPU_00150_202409,NPU_00150,2024-09-02,34127.45,salary,True
INC_NPU_00150_202410,NPU_00150,2024-10-02,35073.28,salary,True
INC_NPU_00150_202411,NPU_00150,2024-11-02,34155.69,salary,True
INC_NPU_00150_202412,NPU_00150,2024-12-01,32302.66,salary,True
INC_NPU_00150_202501,NPU_00150,2025-01-01,35152.98,salary,True
INC_NPU_00150_202502,NPU_00150,2025-02-02,34436.14,salary,True
INC_NPU_00150_202503,NPU_00150,2025-03-02,33891.39,salary,True
INC_NPU_00150_202504,NPU_00150,2025-04-01,32736.35,salary,True
INC_NPU_00150_202505,NPU_00150,2025-05-02,34514.95,salary,True
INC_NPU_00150_202506,NPU_00150,2025-06-03,34149.06,salary,True
INC_NPU_00150_202507,NPU_00150,2025-07-03,35386.18,salary,True
INC_NPU_00150_202508,NPU_00150,2025-08-02,34988.47,salary,True
INC_NPU_00150_202509,NPU_00150,2025-09-05,35048.67,salary,True
INC_NPU_00150_202510,NPU_00150,2025-10-03,34025.19,salary,True
INC_NPU_00150_202511,NPU_00150,2025-11-03,33994.56,salary,True
INC_NPU_00150_202512,NPU_00150,2025-12-04,34156.83,salary,True
INC_NPU_00151_202301,NPU_00151,2023-01-01,232108.15,business,True
INC_NPU_00151_202302,NPU_00151,2023-02-06,285174.5,business,True
INC_NPU_00151_202303,NPU_00151,2023-03-11,280528.16,business,True
INC_NPU_00151_202304,NPU_00151,2023-04-21,212869.7,business,True
INC_NPU_00151_202305,NPU_00151,2023-05-11,406614.37,business,True
INC_NPU_00151_202306,NPU_00151,2023-06-16,435325.14,business,True
INC_NPU_00151_202307,NPU_00151,2023-07-16,284887.05,business,True
INC_NPU_00151_202308,NPU_00151,2023-08-16,335486.82,business,True
INC_NPU_00151_202309,NPU_00151,2023-09-01,221625.13,business,True
INC_NPU_00151_202310,NPU_00151,2023-10-11,506117.9,business,True
INC_NPU_00151_202311,NPU_00151,2023-11-11,306051.52,business,True
INC_NPU_00151_202312,NPU_00151,2023-12-21,349411.85,business,True
INC_NPU_00151_202401,NPU_00151,2024-01-11,311184.09,business,True
INC_NPU_00151_202402,NPU_00151,2024-02-16,334442.32,business,True
INC_NPU_00151_202403,NPU_00151,2024-03-16,356828.23,business,True
INC_NPU_00151_202404,NPU_00151,2024-04-11,305656.11,business,True
INC_NPU_00151_202405,NPU_00151,2024-05-21,268552.49,business,True
INC_NPU_00151_202406,NPU_00151,2024-06-06,418659.98,business,True
INC_NPU_00151_202407,NPU_00151,2024-07-16,227767.62,business,True
INC_NPU_00151_202408,NPU_00151,2024-08-16,360317.16,business,True
INC_NPU_00151_202409,NPU_00151,2024-09-06,185332.52,business,True
INC_NPU_00151_202410,NPU_00151,2024-10-01,372691.15,business,True
INC_NPU_00151_202411,NPU_00151,2024-11-16,297640.52,business,True
INC_NPU_00151_202412,NPU_00151,2024-12-16,248524.51,business,True
INC_NPU_00151_202501,NPU_00151,2025-01-16,187344.27,business,True
INC_NPU_00151_202502,NPU_00151,2025-02-11,261546.76,business,True
INC_NPU_00151_202503,NPU_00151,2025-03-16,193746.17,business,True
INC_NPU_00151_202504,NPU_00151,2025-04-06,247035.58,business,True
INC_NPU_00151_202505,NPU_00151,2025-05-16,299999.43,business,True
INC_NPU_00151_202506,NPU_00151,2025-06-01,318718.93,business,True
INC_NPU_00151_202507,NPU_00151,2025-07-21,329677.37,business,True
INC_NPU_00151_202508,NPU_00151,2025-08-11,299903.44,business,True
INC_NPU_00151_202509,NPU_00151,2025-09-06,304622.16,business,True
INC_NPU_00151_202510,NPU_00151,2025-10-01,344545.96,business,True
INC_NPU_00151_202511,NPU_00151,2025-11-01,296857.56,business,True
INC_NPU_00151_202512,NPU_00151,2025-12-11,192908.64,business,True
INC_NPU_00152_202301,NPU_00152,2023-01-12,58385.19,freelance,True
INC_NPU_00152_202302,NPU_00152,2023-02-23,35761.0,freelance,True
INC_NPU_00152_202303,NPU_00152,2023-03-03,85592.84,freelance,True
INC_NPU_00152_202304,NPU_00152,2023-04-17,35423.02,freelance,True
INC_NPU_00152_202305,NPU_00152,2023-05-05,93138.93,freelance,True
INC_NPU_00152_202306,NPU_00152,2023-06-10,61380.57,freelance,True
INC_NPU_00152_202307,NPU_00152,2023-07-08,72576.3,freelance,True
INC_NPU_00152_202308,NPU_00152,2023-08-15,30854.83,freelance,True
INC_NPU_00152_202309,NPU_00152,2023-09-20,80509.67,freelance,True
INC_NPU_00152_202310,NPU_00152,2023-10-06,29431.68,freelance,True
INC_NPU_00152_202311,NPU_00152,2023-11-24,16643.39,freelance,True
INC_NPU_00152_202312,NPU_00152,2023-12-04,44903.49,freelance,True
INC_NPU_00152_202401,NPU_00152,2024-01-04,55352.61,freelance,True
INC_NPU_00152_202402,NPU_00152,2024-02-04,117570.2,freelance,True
INC_NPU_00152_202403,NPU_00152,2024-03-05,32433.24,freelance,True
INC_NPU_00152_202404,NPU_00152,2024-04-07,64401.59,freelance,True
INC_NPU_00152_202405,NPU_00152,2024-05-23,73788.94,freelance,True
INC_NPU_00152_202406,NPU_00152,2024-06-13,114655.6,freelance,True
INC_NPU_00152_202407,NPU_00152,2024-07-11,42339.08,freelance,True
INC_NPU_00152_202408,NPU_00152,2024-08-10,10849.14,freelance,True
INC_NPU_00152_202409,NPU_00152,2024-09-06,129158.47,freelance,True
INC_NPU_00152_202410,NPU_00152,2024-10-07,25805.65,freelance,True
INC_NPU_00152_202411,NPU_00152,2024-11-16,70187.83,freelance,True
INC_NPU_00152_202412,NPU_00152,2024-12-04,72654.47,freelance,True
INC_NPU_00152_202501,NPU_00152,2025-01-15,78139.4,freelance,True
INC_NPU_00152_202502,NPU_00152,2025-02-06,15941.42,freelance,True
INC_NPU_00152_202503,NPU_00152,2025-03-03,34602.09,freelance,True
INC_NPU_00152_202504,NPU_00152,2025-04-03,151945.55,freelance,True
INC_NPU_00152_202505,NPU_00152,2025-05-23,49603.12,freelance,True
INC_NPU_00152_202506,NPU_00152,2025-06-16,52143.66,freelance,True
INC_NPU_00152_202507,NPU_00152,2025-07-01,35697.16,freelance,True
INC_NPU_00152_202508,NPU_00152,2025-08-19,91619.59,freelance,True
INC_NPU_00152_202509,NPU_00152,2025-09-18,37805.29,freelance,True
INC_NPU_00152_202510,NPU_00152,2025-10-18,74502.63,freelance,True
INC_NPU_00152_202511,NPU_00152,2025-11-21,15904.42,freelance,True
INC_NPU_00152_202512,NPU_00152,2025-12-21,164395.18,freelance,True
INC_NPU_00153_202301,NPU_00153,2023-01-01,14903.0,salary,True
INC_NPU_00153_202302,NPU_00153,2023-02-01,15393.21,salary,True
INC_NPU_00153_202303,NPU_00153,2023-03-01,14927.55,salary,True
INC_NPU_00153_202304,NPU_00153,2023-04-03,14959.38,salary,True
INC_NPU_00153_202305,NPU_00153,2023-05-01,16016.05,salary,True
INC_NPU_00153_202306,NPU_00153,2023-06-02,15171.73,salary,True
INC_NPU_00153_202307,NPU_00153,2023-07-02,14791.61,salary,True
INC_NPU_00153_202308,NPU_00153,2023-08-03,15406.52,salary,True
INC_NPU_00153_202309,NPU_00153,2023-09-01,15568.85,salary,True
INC_NPU_00153_202310,NPU_00153,2023-10-01,15435.53,salary,True
INC_NPU_00153_202311,NPU_00153,2023-11-02,15146.15,salary,True
INC_NPU_00153_202312,NPU_00153,2023-12-03,15155.76,salary,True
INC_NPU_00153_202401,NPU_00153,2024-01-02,15045.53,salary,True
INC_NPU_00153_202402,NPU_00153,2024-02-01,14870.85,salary,True
INC_NPU_00153_202403,NPU_00153,2024-03-02,15295.13,salary,True
INC_NPU_00153_202404,NPU_00153,2024-04-01,15131.9,salary,True
INC_NPU_00153_202405,NPU_00153,2024-05-02,14817.25,salary,True
INC_NPU_00153_202406,NPU_00153,2024-06-02,15178.87,salary,True
INC_NPU_00153_202407,NPU_00153,2024-07-03,14995.54,salary,True
INC_NPU_00153_202408,NPU_00153,2024-08-03,15279.08,salary,True
INC_NPU_00153_202409,NPU_00153,2024-09-03,15248.98,salary,True
INC_NPU_00153_202410,NPU_00153,2024-10-02,15091.23,salary,True
INC_NPU_00153_202411,NPU_00153,2024-11-01,15192.57,salary,True
INC_NPU_00153_202412,NPU_00153,2024-12-04,15217.46,salary,True
INC_NPU_00153_202501,NPU_00153,2025-01-02,15475.54,salary,True
INC_NPU_00153_202502,NPU_00153,2025-02-05,15181.9,salary,True
INC_NPU_00153_202503,NPU_00153,2025-03-01,15052.18,salary,True
INC_NPU_00153_202504,NPU_00153,2025-04-02,15118.81,salary,True
INC_NPU_00153_202505,NPU_00153,2025-05-05,15721.49,salary,True
INC_NPU_00153_202506,NPU_00153,2025-06-05,14937.08,salary,True
INC_NPU_00153_202507,NPU_00153,2025-07-03,15137.21,salary,True
INC_NPU_00153_202508,NPU_00153,2025-08-01,15132.93,salary,True
INC_NPU_00153_202509,NPU_00153,2025-09-01,15144.94,salary,True
INC_NPU_00153_202510,NPU_00153,2025-10-05,14714.43,salary,True
INC_NPU_00153_202511,NPU_00153,2025-11-01,14861.81,salary,True
INC_NPU_00153_202512,NPU_00153,2025-12-01,15117.26,salary,True
INC_NPU_00154_202301,NPU_00154,2023-01-01,34627.19,salary,True
INC_NPU_00154_202302,NPU_00154,2023-02-03,35178.92,salary,True
INC_NPU_00154_202303,NPU_00154,2023-03-04,35740.85,salary,True
INC_NPU_00154_202304,NPU_00154,2023-04-03,35232.28,salary,True
INC_NPU_00154_202305,NPU_00154,2023-05-01,35065.08,salary,True
INC_NPU_00154_202306,NPU_00154,2023-06-01,35300.1,salary,True
INC_NPU_00154_202307,NPU_00154,2023-07-01,35126.86,salary,True
INC_NPU_00154_202308,NPU_00154,2023-08-05,34977.46,salary,True
INC_NPU_00154_202309,NPU_00154,2023-09-02,35605.75,salary,True
INC_NPU_00154_202310,NPU_00154,2023-10-02,32939.28,salary,True
INC_NPU_00154_202311,NPU_00154,2023-11-05,34791.69,salary,True
INC_NPU_00154_202312,NPU_00154,2023-12-01,34213.12,salary,True
INC_NPU_00154_202401,NPU_00154,2024-01-02,34606.08,salary,True
INC_NPU_00154_202402,NPU_00154,2024-02-01,34522.51,salary,True
INC_NPU_00154_202403,NPU_00154,2024-03-03,36421.25,salary,True
INC_NPU_00154_202404,NPU_00154,2024-04-01,35785.82,salary,True
INC_NPU_00154_202405,NPU_00154,2024-05-01,35073.27,salary,True
INC_NPU_00154_202406,NPU_00154,2024-06-03,34538.31,salary,True
INC_NPU_00154_202407,NPU_00154,2024-07-02,35598.19,salary,True
INC_NPU_00154_202408,NPU_00154,2024-08-01,35047.19,salary,True
INC_NPU_00154_202409,NPU_00154,2024-09-02,34793.09,salary,True
INC_NPU_00154_202410,NPU_00154,2024-10-01,35052.64,salary,True
INC_NPU_00154_202411,NPU_00154,2024-11-01,34810.5,salary,True
INC_NPU_00154_202412,NPU_00154,2024-12-04,35291.83,salary,True
INC_NPU_00154_202501,NPU_00154,2025-01-01,34158.93,salary,True
INC_NPU_00154_202502,NPU_00154,2025-02-01,35286.89,salary,True
INC_NPU_00154_202503,NPU_00154,2025-03-03,34809.65,salary,True
INC_NPU_00154_202504,NPU_00154,2025-04-03,35614.71,salary,True
INC_NPU_00154_202505,NPU_00154,2025-05-01,35803.89,salary,True
INC_NPU_00154_202506,NPU_00154,2025-06-01,35966.27,salary,True
INC_NPU_00154_202507,NPU_00154,2025-07-04,36652.1,salary,True
INC_NPU_00154_202508,NPU_00154,2025-08-01,36486.85,salary,True
INC_NPU_00154_202509,NPU_00154,2025-09-04,35938.27,salary,True
INC_NPU_00154_202510,NPU_00154,2025-10-03,35591.13,salary,True
INC_NPU_00154_202511,NPU_00154,2025-11-01,34238.85,salary,True
INC_NPU_00154_202512,NPU_00154,2025-12-02,33501.12,salary,True
INC_NPU_00155_202301,NPU_00155,2023-01-01,51598.65,salary,True
INC_NPU_00155_202302,NPU_00155,2023-02-03,49774.2,salary,True
INC_NPU_00155_202303,NPU_00155,2023-03-01,53558.73,salary,True
INC_NPU_00155_202304,NPU_00155,2023-04-03,49143.28,salary,True
INC_NPU_00155_202305,NPU_00155,2023-05-01,51408.52,salary,True
INC_NPU_00155_202306,NPU_00155,2023-06-03,50780.45,salary,True
INC_NPU_00155_202307,NPU_00155,2023-07-01,49237.23,salary,True
INC_NPU_00155_202308,NPU_00155,2023-08-02,50774.36,salary,True
INC_NPU_00155_202309,NPU_00155,2023-09-01,49882.93,salary,True
INC_NPU_00155_202310,NPU_00155,2023-10-05,50509.14,salary,True
INC_NPU_00155_202311,NPU_00155,2023-11-04,50522.6,salary,True
INC_NPU_00155_202312,NPU_00155,2023-12-02,49895.83,salary,True
INC_NPU_00155_202401,NPU_00155,2024-01-05,50241.45,salary,True
INC_NPU_00155_202402,NPU_00155,2024-02-01,49809.03,salary,True
INC_NPU_00155_202403,NPU_00155,2024-03-01,48889.1,salary,True
INC_NPU_00155_202404,NPU_00155,2024-04-01,50691.07,salary,True
INC_NPU_00155_202405,NPU_00155,2024-05-02,51950.54,salary,True
INC_NPU_00155_202406,NPU_00155,2024-06-02,49861.21,salary,True
INC_NPU_00155_202407,NPU_00155,2024-07-03,52489.88,salary,True
INC_NPU_00155_202408,NPU_00155,2024-08-01,52743.85,salary,True
INC_NPU_00155_202409,NPU_00155,2024-09-01,50161.57,salary,True
INC_NPU_00155_202410,NPU_00155,2024-10-01,50374.03,salary,True
INC_NPU_00155_202411,NPU_00155,2024-11-02,50179.77,salary,True
INC_NPU_00155_202412,NPU_00155,2024-12-04,49512.69,salary,True
INC_NPU_00155_202501,NPU_00155,2025-01-02,50378.61,salary,True
INC_NPU_00155_202502,NPU_00155,2025-02-02,50270.76,salary,True
INC_NPU_00155_202503,NPU_00155,2025-03-04,50674.1,salary,True
INC_NPU_00155_202504,NPU_00155,2025-04-01,50727.16,salary,True
INC_NPU_00155_202505,NPU_00155,2025-05-02,49446.86,salary,True
INC_NPU_00155_202506,NPU_00155,2025-06-01,51186.29,salary,True
INC_NPU_00155_202507,NPU_00155,2025-07-02,50367.28,salary,True
INC_NPU_00155_202508,NPU_00155,2025-08-04,49608.29,salary,True
INC_NPU_00155_202509,NPU_00155,2025-09-02,50345.73,salary,True
INC_NPU_00155_202510,NPU_00155,2025-10-03,50765.21,salary,True
INC_NPU_00155_202511,NPU_00155,2025-11-03,52162.67,salary,True
INC_NPU_00155_202512,NPU_00155,2025-12-01,51964.56,salary,True
INC_NPU_00156_202301,NPU_00156,2023-01-17,20882.7,freelance,True
INC_NPU_00156_202302,NPU_00156,2023-02-09,67136.82,freelance,True
INC_NPU_00156_202303,NPU_00156,2023-03-20,84765.34,freelance,True
INC_NPU_00156_202304,NPU_00156,2023-04-01,61006.16,freelance,True
INC_NPU_00156_202305,NPU_00156,2023-05-03,68678.82,freelance,True
INC_NPU_00156_202306,NPU_00156,2023-06-20,35328.56,freelance,True
INC_NPU_00156_202307,NPU_00156,2023-07-24,42189.98,freelance,True
INC_NPU_00156_202308,NPU_00156,2023-08-10,22208.29,freelance,True
INC_NPU_00156_202309,NPU_00156,2023-09-18,76042.96,freelance,True
INC_NPU_00156_202310,NPU_00156,2023-10-06,104585.4,freelance,True
INC_NPU_00156_202311,NPU_00156,2023-11-05,113865.56,freelance,True
INC_NPU_00156_202312,NPU_00156,2023-12-20,71714.47,freelance,True
INC_NPU_00156_202401,NPU_00156,2024-01-17,42209.05,freelance,True
INC_NPU_00156_202402,NPU_00156,2024-02-14,53421.33,freelance,True
INC_NPU_00156_202403,NPU_00156,2024-03-23,32143.55,freelance,True
INC_NPU_00156_202404,NPU_00156,2024-04-11,103146.64,freelance,True
INC_NPU_00156_202405,NPU_00156,2024-05-15,77083.66,freelance,True
INC_NPU_00156_202406,NPU_00156,2024-06-10,155994.07,freelance,True
INC_NPU_00156_202407,NPU_00156,2024-07-21,28308.7,freelance,True
INC_NPU_00156_202408,NPU_00156,2024-08-06,42769.91,freelance,True
INC_NPU_00156_202409,NPU_00156,2024-09-10,68036.88,freelance,True
INC_NPU_00156_202410,NPU_00156,2024-10-05,51007.64,freelance,True
INC_NPU_00156_202411,NPU_00156,2024-11-13,43904.13,freelance,True
INC_NPU_00156_202412,NPU_00156,2024-12-03,32288.71,freelance,True
INC_NPU_00156_202501,NPU_00156,2025-01-22,57028.9,freelance,True
INC_NPU_00156_202502,NPU_00156,2025-02-09,60945.09,freelance,True
INC_NPU_00156_202503,NPU_00156,2025-03-16,73895.19,freelance,True
INC_NPU_00156_202504,NPU_00156,2025-04-01,66072.27,freelance,True
INC_NPU_00156_202505,NPU_00156,2025-05-16,38403.43,freelance,True
INC_NPU_00156_202506,NPU_00156,2025-06-24,13018.45,freelance,True
INC_NPU_00156_202507,NPU_00156,2025-07-10,54063.03,freelance,True
INC_NPU_00156_202508,NPU_00156,2025-08-24,37115.57,freelance,True
INC_NPU_00156_202509,NPU_00156,2025-09-09,49394.44,freelance,True
INC_NPU_00156_202510,NPU_00156,2025-10-02,17485.82,freelance,True
INC_NPU_00156_202511,NPU_00156,2025-11-15,78833.94,freelance,True
INC_NPU_00156_202512,NPU_00156,2025-12-07,57825.21,freelance,True
INC_NPU_00157_202301,NPU_00157,2023-01-02,50786.92,salary,True
INC_NPU_00157_202302,NPU_00157,2023-02-05,50050.61,salary,True
INC_NPU_00157_202303,NPU_00157,2023-03-05,52437.13,salary,True
INC_NPU_00157_202304,NPU_00157,2023-04-01,51735.24,salary,True
INC_NPU_00157_202305,NPU_00157,2023-05-04,51249.71,salary,True
INC_NPU_00157_202306,NPU_00157,2023-06-02,50641.19,salary,True
INC_NPU_00157_202307,NPU_00157,2023-07-01,50468.92,salary,True
INC_NPU_00157_202308,NPU_00157,2023-08-01,51466.59,salary,True
INC_NPU_00157_202309,NPU_00157,2023-09-04,51283.75,salary,True
INC_NPU_00157_202310,NPU_00157,2023-10-03,52186.28,salary,True
INC_NPU_00157_202311,NPU_00157,2023-11-05,53052.16,salary,True
INC_NPU_00157_202312,NPU_00157,2023-12-02,50484.63,salary,True
INC_NPU_00157_202401,NPU_00157,2024-01-02,50394.17,salary,True
INC_NPU_00157_202402,NPU_00157,2024-02-03,51689.5,salary,True
INC_NPU_00157_202403,NPU_00157,2024-03-01,51913.11,salary,True
INC_NPU_00157_202404,NPU_00157,2024-04-04,53533.09,salary,True
INC_NPU_00157_202405,NPU_00157,2024-05-03,49360.66,salary,True
INC_NPU_00157_202406,NPU_00157,2024-06-03,52503.49,salary,True
INC_NPU_00157_202407,NPU_00157,2024-07-02,51162.24,salary,True
INC_NPU_00157_202408,NPU_00157,2024-08-01,50538.24,salary,True
INC_NPU_00157_202409,NPU_00157,2024-09-01,51480.57,salary,True
INC_NPU_00157_202410,NPU_00157,2024-10-01,51443.71,salary,True
INC_NPU_00157_202411,NPU_00157,2024-11-03,50565.6,salary,True
INC_NPU_00157_202412,NPU_00157,2024-12-03,49423.28,salary,True
INC_NPU_00157_202501,NPU_00157,2025-01-01,52507.74,salary,True
INC_NPU_00157_202502,NPU_00157,2025-02-01,50311.9,salary,True
INC_NPU_00157_202503,NPU_00157,2025-03-01,50168.33,salary,True
INC_NPU_00157_202504,NPU_00157,2025-04-01,50399.45,salary,True
INC_NPU_00157_202505,NPU_00157,2025-05-04,51857.56,salary,True
INC_NPU_00157_202506,NPU_00157,2025-06-05,50678.89,salary,True
INC_NPU_00157_202507,NPU_00157,2025-07-02,50417.61,salary,True
INC_NPU_00157_202508,NPU_00157,2025-08-02,51409.88,salary,True
INC_NPU_00157_202509,NPU_00157,2025-09-05,51259.23,salary,True
INC_NPU_00157_202510,NPU_00157,2025-10-01,50438.01,salary,True
INC_NPU_00157_202511,NPU_00157,2025-11-02,49407.44,salary,True
INC_NPU_00157_202512,NPU_00157,2025-12-01,51832.58,salary,True
INC_NPU_00158_202301,NPU_00158,2023-01-11,180817.4,business,True
INC_NPU_00158_202302,NPU_00158,2023-02-16,96021.83,business,True
INC_NPU_00158_202303,NPU_00158,2023-03-01,153610.69,business,True
INC_NPU_00158_202304,NPU_00158,2023-04-01,196601.34,business,True
INC_NPU_00158_202305,NPU_00158,2023-05-06,95055.28,business,True
INC_NPU_00158_202306,NPU_00158,2023-06-06,133123.16,business,True
INC_NPU_00158_202307,NPU_00158,2023-07-06,204995.46,business,True
INC_NPU_00158_202308,NPU_00158,2023-08-16,163970.41,business,True
INC_NPU_00158_202309,NPU_00158,2023-09-16,141787.99,business,True
INC_NPU_00158_202310,NPU_00158,2023-10-16,140528.69,business,True
INC_NPU_00158_202311,NPU_00158,2023-11-11,155793.94,business,True
INC_NPU_00158_202312,NPU_00158,2023-12-21,193019.96,business,True
INC_NPU_00158_202401,NPU_00158,2024-01-11,175595.19,business,True
INC_NPU_00158_202402,NPU_00158,2024-02-06,224409.1,business,True
INC_NPU_00158_202403,NPU_00158,2024-03-11,158018.06,business,True
INC_NPU_00158_202404,NPU_00158,2024-04-06,209550.39,business,True
INC_NPU_00158_202405,NPU_00158,2024-05-11,183840.48,business,True
INC_NPU_00158_202406,NPU_00158,2024-06-21,152567.49,business,True
INC_NPU_00158_202407,NPU_00158,2024-07-11,227221.33,business,True
INC_NPU_00158_202408,NPU_00158,2024-08-21,194005.35,business,True
INC_NPU_00158_202409,NPU_00158,2024-09-16,188045.6,business,True
INC_NPU_00158_202410,NPU_00158,2024-10-06,206855.28,business,True
INC_NPU_00158_202411,NPU_00158,2024-11-01,145869.46,business,True
INC_NPU_00158_202412,NPU_00158,2024-12-06,164131.75,business,True
INC_NPU_00158_202501,NPU_00158,2025-01-11,132630.27,business,True
INC_NPU_00158_202502,NPU_00158,2025-02-06,87986.2,business,True
INC_NPU_00158_202503,NPU_00158,2025-03-16,104670.46,business,True
INC_NPU_00158_202504,NPU_00158,2025-04-21,136817.19,business,True
INC_NPU_00158_202505,NPU_00158,2025-05-01,294899.26,business,True
INC_NPU_00158_202506,NPU_00158,2025-06-11,164131.56,business,True
INC_NPU_00158_202507,NPU_00158,2025-07-01,106209.57,business,True
INC_NPU_00158_202508,NPU_00158,2025-08-11,293903.32,business,True
INC_NPU_00158_202509,NPU_00158,2025-09-21,265837.91,business,True
INC_NPU_00158_202510,NPU_00158,2025-10-21,118036.66,business,True
INC_NPU_00158_202511,NPU_00158,2025-11-01,125016.55,business,True
INC_NPU_00158_202512,NPU_00158,2025-12-01,244457.68,business,True
INC_NPU_00159_202301,NPU_00159,2023-01-01,328433.5,freelance,True
INC_NPU_00159_202302,NPU_00159,2023-02-07,110736.97,freelance,True
INC_NPU_00159_202303,NPU_00159,2023-03-20,161318.5,freelance,True
INC_NPU_00159_202304,NPU_00159,2023-04-07,118379.88,freelance,True
INC_NPU_00159_202305,NPU_00159,2023-05-12,104351.51,freelance,True
INC_NPU_00159_202306,NPU_00159,2023-06-21,139681.08,freelance,True
INC_NPU_00159_202307,NPU_00159,2023-07-13,157723.9,freelance,True
INC_NPU_00159_202308,NPU_00159,2023-08-13,189808.36,freelance,True
INC_NPU_00159_202309,NPU_00159,2023-09-14,144712.0,freelance,True
INC_NPU_00159_202310,NPU_00159,2023-10-22,129206.08,freelance,True
INC_NPU_00159_202311,NPU_00159,2023-11-18,71039.0,freelance,True
INC_NPU_00159_202312,NPU_00159,2023-12-12,207383.16,freelance,True
INC_NPU_00159_202401,NPU_00159,2024-01-15,114598.37,freelance,True
INC_NPU_00159_202402,NPU_00159,2024-02-14,141016.87,freelance,True
INC_NPU_00159_202403,NPU_00159,2024-03-10,121190.93,freelance,True
INC_NPU_00159_202404,NPU_00159,2024-04-16,132496.33,freelance,True
INC_NPU_00159_202405,NPU_00159,2024-05-21,51075.3,freelance,True
INC_NPU_00159_202406,NPU_00159,2024-06-14,40344.3,freelance,True
INC_NPU_00159_202407,NPU_00159,2024-07-18,253615.36,freelance,True
INC_NPU_00159_202408,NPU_00159,2024-08-17,55187.95,freelance,True
INC_NPU_00159_202409,NPU_00159,2024-09-10,269234.38,freelance,True
INC_NPU_00159_202410,NPU_00159,2024-10-17,41532.68,freelance,True
INC_NPU_00159_202411,NPU_00159,2024-11-24,32200.45,freelance,True
INC_NPU_00159_202412,NPU_00159,2024-12-24,203921.28,freelance,True
INC_NPU_00159_202501,NPU_00159,2025-01-02,233671.67,freelance,True
INC_NPU_00159_202502,NPU_00159,2025-02-06,139666.45,freelance,True
INC_NPU_00159_202503,NPU_00159,2025-03-13,143273.94,freelance,True
INC_NPU_00159_202504,NPU_00159,2025-04-10,93042.94,freelance,True
INC_NPU_00159_202505,NPU_00159,2025-05-11,28284.32,freelance,True
INC_NPU_00159_202506,NPU_00159,2025-06-17,130519.5,freelance,True
INC_NPU_00159_202507,NPU_00159,2025-07-21,200673.44,freelance,True
INC_NPU_00159_202508,NPU_00159,2025-08-06,262262.35,freelance,True
INC_NPU_00159_202509,NPU_00159,2025-09-19,147479.81,freelance,True
INC_NPU_00159_202510,NPU_00159,2025-10-11,127662.65,freelance,True
INC_NPU_00159_202511,NPU_00159,2025-11-16,78762.76,freelance,True
INC_NPU_00159_202512,NPU_00159,2025-12-22,231602.57,freelance,True
INC_NPU_00160_202301,NPU_00160,2023-01-05,88931.26,salary,True
INC_NPU_00160_202302,NPU_00160,2023-02-01,88017.61,salary,True
INC_NPU_00160_202303,NPU_00160,2023-03-05,88134.97,salary,True
INC_NPU_00160_202304,NPU_00160,2023-04-05,85481.97,salary,True
INC_NPU_00160_202305,NPU_00160,2023-05-04,88851.01,salary,True
INC_NPU_00160_202306,NPU_00160,2023-06-02,86596.98,salary,True
INC_NPU_00160_202307,NPU_00160,2023-07-03,88553.07,salary,True
INC_NPU_00160_202308,NPU_00160,2023-08-01,90928.29,salary,True
INC_NPU_00160_202309,NPU_00160,2023-09-02,88303.58,salary,True
INC_NPU_00160_202310,NPU_00160,2023-10-02,87563.73,salary,True
INC_NPU_00160_202311,NPU_00160,2023-11-03,87542.41,salary,True
INC_NPU_00160_202312,NPU_00160,2023-12-05,88776.67,salary,True
INC_NPU_00160_202401,NPU_00160,2024-01-02,88455.73,salary,True
INC_NPU_00160_202402,NPU_00160,2024-02-05,89296.51,salary,True
INC_NPU_00160_202403,NPU_00160,2024-03-01,87124.45,salary,True
INC_NPU_00160_202404,NPU_00160,2024-04-02,87842.31,salary,True
INC_NPU_00160_202405,NPU_00160,2024-05-01,89597.82,salary,True
INC_NPU_00160_202406,NPU_00160,2024-06-01,89746.51,salary,True
INC_NPU_00160_202407,NPU_00160,2024-07-01,89761.81,salary,True
INC_NPU_00160_202408,NPU_00160,2024-08-03,89395.1,salary,True
INC_NPU_00160_202409,NPU_00160,2024-09-01,89458.3,salary,True
INC_NPU_00160_202410,NPU_00160,2024-10-03,88549.91,salary,True
INC_NPU_00160_202411,NPU_00160,2024-11-03,85854.73,salary,True
INC_NPU_00160_202412,NPU_00160,2024-12-04,85997.08,salary,True
INC_NPU_00160_202501,NPU_00160,2025-01-01,88270.14,salary,True
INC_NPU_00160_202502,NPU_00160,2025-02-01,88345.63,salary,True
INC_NPU_00160_202503,NPU_00160,2025-03-02,86753.2,salary,True
INC_NPU_00160_202504,NPU_00160,2025-04-02,86852.03,salary,True
INC_NPU_00160_202505,NPU_00160,2025-05-01,88006.88,salary,True
INC_NPU_00160_202506,NPU_00160,2025-06-03,92028.68,salary,True
INC_NPU_00160_202507,NPU_00160,2025-07-01,86463.62,salary,True
INC_NPU_00160_202508,NPU_00160,2025-08-01,87478.26,salary,True
INC_NPU_00160_202509,NPU_00160,2025-09-01,89705.95,salary,True
INC_NPU_00160_202510,NPU_00160,2025-10-04,89352.63,salary,True
INC_NPU_00160_202511,NPU_00160,2025-11-02,88684.15,salary,True
INC_NPU_00160_202512,NPU_00160,2025-12-03,85157.55,salary,True
INC_NPU_00161_202301,NPU_00161,2023-01-03,37705.99,salary,True
INC_NPU_00161_202302,NPU_00161,2023-02-04,39262.89,salary,True
INC_NPU_00161_202303,NPU_00161,2023-03-01,37298.05,salary,True
INC_NPU_00161_202304,NPU_00161,2023-04-02,37271.95,salary,True
INC_NPU_00161_202305,NPU_00161,2023-05-01,39031.47,salary,True
INC_NPU_00161_202306,NPU_00161,2023-06-01,37815.48,salary,True
INC_NPU_00161_202307,NPU_00161,2023-07-01,36639.05,salary,True
INC_NPU_00161_202308,NPU_00161,2023-08-02,37068.57,salary,True
INC_NPU_00161_202309,NPU_00161,2023-09-03,37455.49,salary,True
INC_NPU_00161_202310,NPU_00161,2023-10-01,38070.99,salary,True
INC_NPU_00161_202311,NPU_00161,2023-11-01,37733.38,salary,True
INC_NPU_00161_202312,NPU_00161,2023-12-05,37241.59,salary,True
INC_NPU_00161_202401,NPU_00161,2024-01-01,37743.7,salary,True
INC_NPU_00161_202402,NPU_00161,2024-02-03,37297.57,salary,True
INC_NPU_00161_202403,NPU_00161,2024-03-01,39317.94,salary,True
INC_NPU_00161_202404,NPU_00161,2024-04-01,37032.54,salary,True
INC_NPU_00161_202405,NPU_00161,2024-05-03,37542.28,salary,True
INC_NPU_00161_202406,NPU_00161,2024-06-01,37440.91,salary,True
INC_NPU_00161_202407,NPU_00161,2024-07-02,37452.2,salary,True
INC_NPU_00161_202408,NPU_00161,2024-08-03,37104.66,salary,True
INC_NPU_00161_202409,NPU_00161,2024-09-03,38961.2,salary,True
INC_NPU_00161_202410,NPU_00161,2024-10-01,39621.77,salary,True
INC_NPU_00161_202411,NPU_00161,2024-11-01,38162.75,salary,True
INC_NPU_00161_202412,NPU_00161,2024-12-02,38094.84,salary,True
INC_NPU_00161_202501,NPU_00161,2025-01-01,36752.45,salary,True
INC_NPU_00161_202502,NPU_00161,2025-02-01,38939.17,salary,True
INC_NPU_00161_202503,NPU_00161,2025-03-01,37297.0,salary,True
INC_NPU_00161_202504,NPU_00161,2025-04-01,36679.73,salary,True
INC_NPU_00161_202505,NPU_00161,2025-05-01,38299.24,salary,True
INC_NPU_00161_202506,NPU_00161,2025-06-04,38692.48,salary,True
INC_NPU_00161_202507,NPU_00161,2025-07-03,38930.22,salary,True
INC_NPU_00161_202508,NPU_00161,2025-08-01,37551.27,salary,True
INC_NPU_00161_202509,NPU_00161,2025-09-04,37468.42,salary,True
INC_NPU_00161_202510,NPU_00161,2025-10-01,38032.66,salary,True
INC_NPU_00161_202511,NPU_00161,2025-11-01,37733.57,salary,True
INC_NPU_00161_202512,NPU_00161,2025-12-05,38315.03,salary,True
INC_NPU_00162_202301,NPU_00162,2023-01-02,35129.96,salary,True
INC_NPU_00162_202302,NPU_00162,2023-02-05,33727.34,salary,True
INC_NPU_00162_202303,NPU_00162,2023-03-01,34391.64,salary,True
INC_NPU_00162_202304,NPU_00162,2023-04-05,35978.19,salary,True
INC_NPU_00162_202305,NPU_00162,2023-05-01,35387.72,salary,True
INC_NPU_00162_202306,NPU_00162,2023-06-04,35713.33,salary,True
INC_NPU_00162_202307,NPU_00162,2023-07-01,34402.44,salary,True
INC_NPU_00162_202308,NPU_00162,2023-08-01,35366.43,salary,True
INC_NPU_00162_202309,NPU_00162,2023-09-03,33111.48,salary,True
INC_NPU_00162_202310,NPU_00162,2023-10-01,35560.5,salary,True
INC_NPU_00162_202311,NPU_00162,2023-11-01,35102.39,salary,True
INC_NPU_00162_202312,NPU_00162,2023-12-01,34258.74,salary,True
INC_NPU_00162_202401,NPU_00162,2024-01-01,35036.47,salary,True
INC_NPU_00162_202402,NPU_00162,2024-02-02,35487.55,salary,True
INC_NPU_00162_202403,NPU_00162,2024-03-02,35766.44,salary,True
INC_NPU_00162_202404,NPU_00162,2024-04-02,33989.18,salary,True
INC_NPU_00162_202405,NPU_00162,2024-05-03,35088.47,salary,True
INC_NPU_00162_202406,NPU_00162,2024-06-02,34114.88,salary,True
INC_NPU_00162_202407,NPU_00162,2024-07-02,35497.35,salary,True
INC_NPU_00162_202408,NPU_00162,2024-08-01,35686.35,salary,True
INC_NPU_00162_202409,NPU_00162,2024-09-01,34345.18,salary,True
INC_NPU_00162_202410,NPU_00162,2024-10-03,34228.76,salary,True
INC_NPU_00162_202411,NPU_00162,2024-11-01,34570.76,salary,True
INC_NPU_00162_202412,NPU_00162,2024-12-03,34870.87,salary,True
INC_NPU_00162_202501,NPU_00162,2025-01-01,34485.59,salary,True
INC_NPU_00162_202502,NPU_00162,2025-02-02,35563.32,salary,True
INC_NPU_00162_202503,NPU_00162,2025-03-03,35770.53,salary,True
INC_NPU_00162_202504,NPU_00162,2025-04-05,35059.37,salary,True
INC_NPU_00162_202505,NPU_00162,2025-05-01,34506.32,salary,True
INC_NPU_00162_202506,NPU_00162,2025-06-01,34846.59,salary,True
INC_NPU_00162_202507,NPU_00162,2025-07-04,35059.19,salary,True
INC_NPU_00162_202508,NPU_00162,2025-08-01,34817.51,salary,True
INC_NPU_00162_202509,NPU_00162,2025-09-05,34928.09,salary,True
INC_NPU_00162_202510,NPU_00162,2025-10-03,35706.97,salary,True
INC_NPU_00162_202511,NPU_00162,2025-11-02,34465.8,salary,True
INC_NPU_00162_202512,NPU_00162,2025-12-02,36381.67,salary,True
INC_NPU_00163_202301,NPU_00163,2023-01-02,37384.94,salary,True
INC_NPU_00163_202302,NPU_00163,2023-02-03,37067.75,salary,True
INC_NPU_00163_202303,NPU_00163,2023-03-01,36714.47,salary,True
INC_NPU_00163_202304,NPU_00163,2023-04-01,36770.72,salary,True
INC_NPU_00163_202305,NPU_00163,2023-05-03,37293.19,salary,True
INC_NPU_00163_202306,NPU_00163,2023-06-03,37379.79,salary,True
INC_NPU_00163_202307,NPU_00163,2023-07-04,37042.91,salary,True
INC_NPU_00163_202308,NPU_00163,2023-08-01,36351.72,salary,True
INC_NPU_00163_202309,NPU_00163,2023-09-02,37293.32,salary,True
INC_NPU_00163_202310,NPU_00163,2023-10-04,36783.01,salary,True
INC_NPU_00163_202311,NPU_00163,2023-11-01,36056.66,salary,True
INC_NPU_00163_202312,NPU_00163,2023-12-02,37738.4,salary,True
INC_NPU_00163_202401,NPU_00163,2024-01-04,36144.86,salary,True
INC_NPU_00163_202402,NPU_00163,2024-02-01,37012.91,salary,True
INC_NPU_00163_202403,NPU_00163,2024-03-01,37203.85,salary,True
INC_NPU_00163_202404,NPU_00163,2024-04-01,38231.94,salary,True
INC_NPU_00163_202405,NPU_00163,2024-05-02,36087.82,salary,True
INC_NPU_00163_202406,NPU_00163,2024-06-01,37821.07,salary,True
INC_NPU_00163_202407,NPU_00163,2024-07-04,37942.15,salary,True
INC_NPU_00163_202408,NPU_00163,2024-08-02,38478.09,salary,True
INC_NPU_00163_202409,NPU_00163,2024-09-04,38091.52,salary,True
INC_NPU_00163_202410,NPU_00163,2024-10-04,37227.29,salary,True
INC_NPU_00163_202411,NPU_00163,2024-11-05,36176.6,salary,True
INC_NPU_00163_202412,NPU_00163,2024-12-01,37856.06,salary,True
INC_NPU_00163_202501,NPU_00163,2025-01-04,38273.23,salary,True
INC_NPU_00163_202502,NPU_00163,2025-02-01,35928.75,salary,True
INC_NPU_00163_202503,NPU_00163,2025-03-01,36346.19,salary,True
INC_NPU_00163_202504,NPU_00163,2025-04-03,37453.77,salary,True
INC_NPU_00163_202505,NPU_00163,2025-05-05,37932.91,salary,True
INC_NPU_00163_202506,NPU_00163,2025-06-01,37710.22,salary,True
INC_NPU_00163_202507,NPU_00163,2025-07-05,37519.51,salary,True
INC_NPU_00163_202508,NPU_00163,2025-08-03,38465.35,salary,True
INC_NPU_00163_202509,NPU_00163,2025-09-01,37041.56,salary,True
INC_NPU_00163_202510,NPU_00163,2025-10-01,36755.3,salary,True
INC_NPU_00163_202511,NPU_00163,2025-11-03,36905.55,salary,True
INC_NPU_00163_202512,NPU_00163,2025-12-01,37469.27,salary,True
INC_NPU_00164_202301,NPU_00164,2023-01-04,16755.12,salary,True
INC_NPU_00164_202302,NPU_00164,2023-02-01,17105.38,salary,True
INC_NPU_00164_202303,NPU_00164,2023-03-03,16571.3,salary,True
INC_NPU_00164_202304,NPU_00164,2023-04-04,16918.73,salary,True
INC_NPU_00164_202305,NPU_00164,2023-05-05,17051.71,salary,True
INC_NPU_00164_202306,NPU_00164,2023-06-01,17238.09,salary,True
INC_NPU_00164_202307,NPU_00164,2023-07-01,16419.67,salary,True
INC_NPU_00164_202308,NPU_00164,2023-08-02,16616.39,salary,True
INC_NPU_00164_202309,NPU_00164,2023-09-05,16731.46,salary,True
INC_NPU_00164_202310,NPU_00164,2023-10-03,16331.53,salary,True
INC_NPU_00164_202311,NPU_00164,2023-11-02,16896.18,salary,True
INC_NPU_00164_202312,NPU_00164,2023-12-03,16890.97,salary,True
INC_NPU_00164_202401,NPU_00164,2024-01-01,16861.82,salary,True
INC_NPU_00164_202402,NPU_00164,2024-02-02,16711.98,salary,True
INC_NPU_00164_202403,NPU_00164,2024-03-04,17194.65,salary,True
INC_NPU_00164_202404,NPU_00164,2024-04-02,16624.15,salary,True
INC_NPU_00164_202405,NPU_00164,2024-05-01,17159.08,salary,True
INC_NPU_00164_202406,NPU_00164,2024-06-01,16617.27,salary,True
INC_NPU_00164_202407,NPU_00164,2024-07-03,16411.83,salary,True
INC_NPU_00164_202408,NPU_00164,2024-08-05,16769.98,salary,True
INC_NPU_00164_202409,NPU_00164,2024-09-01,16829.04,salary,True
INC_NPU_00164_202410,NPU_00164,2024-10-02,16924.18,salary,True
INC_NPU_00164_202411,NPU_00164,2024-11-03,16097.87,salary,True
INC_NPU_00164_202412,NPU_00164,2024-12-01,16677.58,salary,True
INC_NPU_00164_202501,NPU_00164,2025-01-01,17431.86,salary,True
INC_NPU_00164_202502,NPU_00164,2025-02-02,16594.51,salary,True
INC_NPU_00164_202503,NPU_00164,2025-03-03,17090.16,salary,True
INC_NPU_00164_202504,NPU_00164,2025-04-01,17794.0,salary,True
INC_NPU_00164_202505,NPU_00164,2025-05-03,17507.37,salary,True
INC_NPU_00164_202506,NPU_00164,2025-06-04,16454.5,salary,True
INC_NPU_00164_202507,NPU_00164,2025-07-01,17059.18,salary,True
INC_NPU_00164_202508,NPU_00164,2025-08-05,17081.56,salary,True
INC_NPU_00164_202509,NPU_00164,2025-09-03,17000.37,salary,True
INC_NPU_00164_202510,NPU_00164,2025-10-01,16405.22,salary,True
INC_NPU_00164_202511,NPU_00164,2025-11-04,16859.16,salary,True
INC_NPU_00164_202512,NPU_00164,2025-12-01,16856.86,salary,True
INC_NPU_00165_202301,NPU_00165,2023-01-02,39644.55,salary,True
INC_NPU_00165_202302,NPU_00165,2023-02-01,40446.16,salary,True
INC_NPU_00165_202303,NPU_00165,2023-03-02,40879.18,salary,True
INC_NPU_00165_202304,NPU_00165,2023-04-01,40604.1,salary,True
INC_NPU_00165_202305,NPU_00165,2023-05-03,41247.29,salary,True
INC_NPU_00165_202306,NPU_00165,2023-06-01,40426.82,salary,True
INC_NPU_00165_202307,NPU_00165,2023-07-01,40759.23,salary,True
INC_NPU_00165_202308,NPU_00165,2023-08-05,41459.25,salary,True
INC_NPU_00165_202309,NPU_00165,2023-09-02,42106.56,salary,True
INC_NPU_00165_202310,NPU_00165,2023-10-02,39728.39,salary,True
INC_NPU_00165_202311,NPU_00165,2023-11-05,41214.39,salary,True
INC_NPU_00165_202312,NPU_00165,2023-12-03,40301.81,salary,True
INC_NPU_00165_202401,NPU_00165,2024-01-02,41011.41,salary,True
INC_NPU_00165_202402,NPU_00165,2024-02-02,39675.29,salary,True
INC_NPU_00165_202403,NPU_00165,2024-03-04,41675.78,salary,True
INC_NPU_00165_202404,NPU_00165,2024-04-01,40055.59,salary,True
INC_NPU_00165_202405,NPU_00165,2024-05-02,41475.48,salary,True
INC_NPU_00165_202406,NPU_00165,2024-06-02,39765.99,salary,True
INC_NPU_00165_202407,NPU_00165,2024-07-02,39528.57,salary,True
INC_NPU_00165_202408,NPU_00165,2024-08-01,40505.58,salary,True
INC_NPU_00165_202409,NPU_00165,2024-09-01,40851.17,salary,True
INC_NPU_00165_202410,NPU_00165,2024-10-01,42508.7,salary,True
INC_NPU_00165_202411,NPU_00165,2024-11-02,40831.44,salary,True
INC_NPU_00165_202412,NPU_00165,2024-12-01,39861.13,salary,True
INC_NPU_00165_202501,NPU_00165,2025-01-01,41326.45,salary,True
INC_NPU_00165_202502,NPU_00165,2025-02-01,41826.95,salary,True
INC_NPU_00165_202503,NPU_00165,2025-03-01,40014.42,salary,True
INC_NPU_00165_202504,NPU_00165,2025-04-01,41442.39,salary,True
INC_NPU_00165_202505,NPU_00165,2025-05-01,41703.84,salary,True
INC_NPU_00165_202506,NPU_00165,2025-06-04,41347.63,salary,True
INC_NPU_00165_202507,NPU_00165,2025-07-01,40163.82,salary,True
INC_NPU_00165_202508,NPU_00165,2025-08-01,40859.83,salary,True
INC_NPU_00165_202509,NPU_00165,2025-09-01,41010.36,salary,True
INC_NPU_00165_202510,NPU_00165,2025-10-05,41648.31,salary,True
INC_NPU_00165_202511,NPU_00165,2025-11-01,40213.29,salary,True
INC_NPU_00165_202512,NPU_00165,2025-12-05,41464.71,salary,True
INC_NPU_00166_202301,NPU_00166,2023-01-03,34893.57,salary,True
INC_NPU_00166_202302,NPU_00166,2023-02-03,34745.02,salary,True
INC_NPU_00166_202303,NPU_00166,2023-03-02,35025.71,salary,True
INC_NPU_00166_202304,NPU_00166,2023-04-02,33437.06,salary,True
INC_NPU_00166_202305,NPU_00166,2023-05-03,33607.77,salary,True
INC_NPU_00166_202306,NPU_00166,2023-06-02,33759.89,salary,True
INC_NPU_00166_202307,NPU_00166,2023-07-01,35298.45,salary,True
INC_NPU_00166_202308,NPU_00166,2023-08-02,34819.12,salary,True
INC_NPU_00166_202309,NPU_00166,2023-09-02,34540.91,salary,True
INC_NPU_00166_202310,NPU_00166,2023-10-04,34963.54,salary,True
INC_NPU_00166_202311,NPU_00166,2023-11-02,35675.56,salary,True
INC_NPU_00166_202312,NPU_00166,2023-12-05,33703.43,salary,True
INC_NPU_00166_202401,NPU_00166,2024-01-02,34931.62,salary,True
INC_NPU_00166_202402,NPU_00166,2024-02-02,34261.76,salary,True
INC_NPU_00166_202403,NPU_00166,2024-03-02,36701.21,salary,True
INC_NPU_00166_202404,NPU_00166,2024-04-04,34998.04,salary,True
INC_NPU_00166_202405,NPU_00166,2024-05-01,35870.38,salary,True
INC_NPU_00166_202406,NPU_00166,2024-06-02,35564.01,salary,True
INC_NPU_00166_202407,NPU_00166,2024-07-04,34700.86,salary,True
INC_NPU_00166_202408,NPU_00166,2024-08-01,36196.91,salary,True
INC_NPU_00166_202409,NPU_00166,2024-09-05,33446.54,salary,True
INC_NPU_00166_202410,NPU_00166,2024-10-01,34592.81,salary,True
INC_NPU_00166_202411,NPU_00166,2024-11-02,35285.73,salary,True
INC_NPU_00166_202412,NPU_00166,2024-12-01,35188.18,salary,True
INC_NPU_00166_202501,NPU_00166,2025-01-03,35254.42,salary,True
INC_NPU_00166_202502,NPU_00166,2025-02-03,36047.18,salary,True
INC_NPU_00166_202503,NPU_00166,2025-03-01,35016.03,salary,True
INC_NPU_00166_202504,NPU_00166,2025-04-05,36569.92,salary,True
INC_NPU_00166_202505,NPU_00166,2025-05-02,35144.34,salary,True
INC_NPU_00166_202506,NPU_00166,2025-06-04,35179.23,salary,True
INC_NPU_00166_202507,NPU_00166,2025-07-02,36515.62,salary,True
INC_NPU_00166_202508,NPU_00166,2025-08-01,35808.43,salary,True
INC_NPU_00166_202509,NPU_00166,2025-09-01,33963.71,salary,True
INC_NPU_00166_202510,NPU_00166,2025-10-03,34617.26,salary,True
INC_NPU_00166_202511,NPU_00166,2025-11-04,35063.91,salary,True
INC_NPU_00166_202512,NPU_00166,2025-12-02,36029.71,salary,True
INC_NPU_00167_202301,NPU_00167,2023-01-06,192929.5,freelance,True
INC_NPU_00167_202302,NPU_00167,2023-02-04,129697.14,freelance,True
INC_NPU_00167_202303,NPU_00167,2023-03-07,100195.84,freelance,True
INC_NPU_00167_202304,NPU_00167,2023-04-16,35027.47,freelance,True
INC_NPU_00167_202305,NPU_00167,2023-05-16,84728.44,freelance,True
INC_NPU_00167_202306,NPU_00167,2023-06-05,64499.23,freelance,True
INC_NPU_00167_202307,NPU_00167,2023-07-01,66974.54,freelance,True
INC_NPU_00167_202308,NPU_00167,2023-08-14,30276.6,freelance,True
INC_NPU_00167_202309,NPU_00167,2023-09-02,109158.44,freelance,True
INC_NPU_00167_202310,NPU_00167,2023-10-15,144544.2,freelance,True
INC_NPU_00167_202311,NPU_00167,2023-11-09,163931.68,freelance,True
INC_NPU_00167_202312,NPU_00167,2023-12-17,111022.83,freelance,True
INC_NPU_00167_202401,NPU_00167,2024-01-21,120769.68,freelance,True
INC_NPU_00167_202402,NPU_00167,2024-02-07,37976.89,freelance,True
INC_NPU_00167_202403,NPU_00167,2024-03-01,27956.03,freelance,True
INC_NPU_00167_202404,NPU_00167,2024-04-21,80814.06,freelance,True
INC_NPU_00167_202405,NPU_00167,2024-05-09,36268.75,freelance,True
INC_NPU_00167_202406,NPU_00167,2024-06-10,70553.96,freelance,True
INC_NPU_00167_202407,NPU_00167,2024-07-20,81727.97,freelance,True
INC_NPU_00167_202408,NPU_00167,2024-08-21,72721.19,freelance,True
INC_NPU_00167_202409,NPU_00167,2024-09-04,26210.4,freelance,True
INC_NPU_00167_202410,NPU_00167,2024-10-13,34437.27,freelance,True
INC_NPU_00167_202411,NPU_00167,2024-11-13,12777.38,freelance,True
INC_NPU_00167_202412,NPU_00167,2024-12-18,87768.19,freelance,True
INC_NPU_00167_202501,NPU_00167,2025-01-08,93474.1,freelance,True
INC_NPU_00167_202502,NPU_00167,2025-02-06,32602.96,freelance,True
INC_NPU_00167_202503,NPU_00167,2025-03-13,203809.0,freelance,True
INC_NPU_00167_202504,NPU_00167,2025-04-05,109574.57,freelance,True
INC_NPU_00167_202505,NPU_00167,2025-05-05,90928.4,freelance,True
INC_NPU_00167_202506,NPU_00167,2025-06-21,148373.04,freelance,True
INC_NPU_00167_202507,NPU_00167,2025-07-05,24139.64,freelance,True
INC_NPU_00167_202508,NPU_00167,2025-08-04,55468.19,freelance,True
INC_NPU_00167_202509,NPU_00167,2025-09-20,100862.11,freelance,True
INC_NPU_00167_202510,NPU_00167,2025-10-22,126950.75,freelance,True
INC_NPU_00167_202511,NPU_00167,2025-11-09,91820.94,freelance,True
INC_NPU_00167_202512,NPU_00167,2025-12-13,72402.71,freelance,True
INC_NPU_00168_202301,NPU_00168,2023-01-01,40421.21,salary,True
INC_NPU_00168_202302,NPU_00168,2023-02-01,41544.09,salary,True
INC_NPU_00168_202303,NPU_00168,2023-03-01,42461.62,salary,True
INC_NPU_00168_202304,NPU_00168,2023-04-02,40824.04,salary,True
INC_NPU_00168_202305,NPU_00168,2023-05-04,39192.49,salary,True
INC_NPU_00168_202306,NPU_00168,2023-06-01,40332.16,salary,True
INC_NPU_00168_202307,NPU_00168,2023-07-04,41101.96,salary,True
INC_NPU_00168_202308,NPU_00168,2023-08-02,40699.1,salary,True
INC_NPU_00168_202309,NPU_00168,2023-09-03,41046.01,salary,True
INC_NPU_00168_202310,NPU_00168,2023-10-01,40920.66,salary,True
INC_NPU_00168_202311,NPU_00168,2023-11-02,40940.9,salary,True
INC_NPU_00168_202312,NPU_00168,2023-12-03,39242.26,salary,True
INC_NPU_00168_202401,NPU_00168,2024-01-02,40418.91,salary,True
INC_NPU_00168_202402,NPU_00168,2024-02-05,40346.61,salary,True
INC_NPU_00168_202403,NPU_00168,2024-03-02,40336.1,salary,True
INC_NPU_00168_202404,NPU_00168,2024-04-01,41299.92,salary,True
INC_NPU_00168_202405,NPU_00168,2024-05-01,39896.55,salary,True
INC_NPU_00168_202406,NPU_00168,2024-06-01,39245.52,salary,True
INC_NPU_00168_202407,NPU_00168,2024-07-02,40319.57,salary,True
INC_NPU_00168_202408,NPU_00168,2024-08-05,40164.58,salary,True
INC_NPU_00168_202409,NPU_00168,2024-09-02,40829.45,salary,True
INC_NPU_00168_202410,NPU_00168,2024-10-05,40159.33,salary,True
INC_NPU_00168_202411,NPU_00168,2024-11-02,40583.46,salary,True
INC_NPU_00168_202412,NPU_00168,2024-12-01,40472.15,salary,True
INC_NPU_00168_202501,NPU_00168,2025-01-02,41807.73,salary,True
INC_NPU_00168_202502,NPU_00168,2025-02-02,40177.99,salary,True
INC_NPU_00168_202503,NPU_00168,2025-03-02,41248.54,salary,True
INC_NPU_00168_202504,NPU_00168,2025-04-02,40725.03,salary,True
INC_NPU_00168_202505,NPU_00168,2025-05-01,41563.54,salary,True
INC_NPU_00168_202506,NPU_00168,2025-06-04,42077.63,salary,True
INC_NPU_00168_202507,NPU_00168,2025-07-01,40712.76,salary,True
INC_NPU_00168_202508,NPU_00168,2025-08-01,39485.21,salary,True
INC_NPU_00168_202509,NPU_00168,2025-09-03,39901.54,salary,True
INC_NPU_00168_202510,NPU_00168,2025-10-01,39731.02,salary,True
INC_NPU_00168_202511,NPU_00168,2025-11-02,40422.99,salary,True
INC_NPU_00168_202512,NPU_00168,2025-12-03,40303.68,salary,True
INC_NPU_00169_202301,NPU_00169,2023-01-04,67764.2,salary,True
INC_NPU_00169_202302,NPU_00169,2023-02-02,68647.79,salary,True
INC_NPU_00169_202303,NPU_00169,2023-03-01,65210.0,salary,True
INC_NPU_00169_202304,NPU_00169,2023-04-01,67473.06,salary,True
INC_NPU_00169_202305,NPU_00169,2023-05-01,66504.3,salary,True
INC_NPU_00169_202306,NPU_00169,2023-06-02,67518.39,salary,True
INC_NPU_00169_202307,NPU_00169,2023-07-05,66881.39,salary,True
INC_NPU_00169_202308,NPU_00169,2023-08-03,68396.91,salary,True
INC_NPU_00169_202309,NPU_00169,2023-09-04,66093.86,salary,True
INC_NPU_00169_202310,NPU_00169,2023-10-01,66580.08,salary,True
INC_NPU_00169_202311,NPU_00169,2023-11-02,67265.1,salary,True
INC_NPU_00169_202312,NPU_00169,2023-12-04,67008.51,salary,True
INC_NPU_00169_202401,NPU_00169,2024-01-05,67257.22,salary,True
INC_NPU_00169_202402,NPU_00169,2024-02-04,65457.26,salary,True
INC_NPU_00169_202403,NPU_00169,2024-03-01,69363.13,salary,True
INC_NPU_00169_202404,NPU_00169,2024-04-03,66786.02,salary,True
INC_NPU_00169_202405,NPU_00169,2024-05-01,66171.3,salary,True
INC_NPU_00169_202406,NPU_00169,2024-06-05,66096.21,salary,True
INC_NPU_00169_202407,NPU_00169,2024-07-03,67294.82,salary,True
INC_NPU_00169_202408,NPU_00169,2024-08-02,67484.24,salary,True
INC_NPU_00169_202409,NPU_00169,2024-09-01,70003.24,salary,True
INC_NPU_00169_202410,NPU_00169,2024-10-01,68875.94,salary,True
INC_NPU_00169_202411,NPU_00169,2024-11-01,66982.8,salary,True
INC_NPU_00169_202412,NPU_00169,2024-12-02,69695.76,salary,True
INC_NPU_00169_202501,NPU_00169,2025-01-03,69366.74,salary,True
INC_NPU_00169_202502,NPU_00169,2025-02-01,66182.38,salary,True
INC_NPU_00169_202503,NPU_00169,2025-03-04,70379.43,salary,True
INC_NPU_00169_202504,NPU_00169,2025-04-05,66807.84,salary,True
INC_NPU_00169_202505,NPU_00169,2025-05-04,67635.28,salary,True
INC_NPU_00169_202506,NPU_00169,2025-06-03,69119.65,salary,True
INC_NPU_00169_202507,NPU_00169,2025-07-03,65215.47,salary,True
INC_NPU_00169_202508,NPU_00169,2025-08-01,67258.23,salary,True
INC_NPU_00169_202509,NPU_00169,2025-09-01,67836.07,salary,True
INC_NPU_00169_202510,NPU_00169,2025-10-03,68820.02,salary,True
INC_NPU_00169_202511,NPU_00169,2025-11-02,67420.87,salary,True
INC_NPU_00169_202512,NPU_00169,2025-12-02,65229.51,salary,True
INC_NPU_00170_202301,NPU_00170,2023-01-03,44586.49,salary,True
INC_NPU_00170_202302,NPU_00170,2023-02-01,42979.31,salary,True
INC_NPU_00170_202303,NPU_00170,2023-03-01,43247.45,salary,True
INC_NPU_00170_202304,NPU_00170,2023-04-02,41774.4,salary,True
INC_NPU_00170_202305,NPU_00170,2023-05-04,44144.6,salary,True
INC_NPU_00170_202306,NPU_00170,2023-06-04,42570.38,salary,True
INC_NPU_00170_202307,NPU_00170,2023-07-02,42368.54,salary,True
INC_NPU_00170_202308,NPU_00170,2023-08-03,43914.88,salary,True
INC_NPU_00170_202309,NPU_00170,2023-09-04,41854.84,salary,True
INC_NPU_00170_202310,NPU_00170,2023-10-05,43260.03,salary,True
INC_NPU_00170_202311,NPU_00170,2023-11-02,42345.1,salary,True
INC_NPU_00170_202312,NPU_00170,2023-12-01,43360.83,salary,True
INC_NPU_00170_202401,NPU_00170,2024-01-05,43585.02,salary,True
INC_NPU_00170_202402,NPU_00170,2024-02-01,42542.44,salary,True
INC_NPU_00170_202403,NPU_00170,2024-03-02,44085.59,salary,True
INC_NPU_00170_202404,NPU_00170,2024-04-01,42980.82,salary,True
INC_NPU_00170_202405,NPU_00170,2024-05-01,44602.38,salary,True
INC_NPU_00170_202406,NPU_00170,2024-06-03,43926.87,salary,True
INC_NPU_00170_202407,NPU_00170,2024-07-02,43073.33,salary,True
INC_NPU_00170_202408,NPU_00170,2024-08-05,41150.34,salary,True
INC_NPU_00170_202409,NPU_00170,2024-09-03,43067.13,salary,True
INC_NPU_00170_202410,NPU_00170,2024-10-03,41925.81,salary,True
INC_NPU_00170_202411,NPU_00170,2024-11-02,43913.58,salary,True
INC_NPU_00170_202412,NPU_00170,2024-12-02,42465.7,salary,True
INC_NPU_00170_202501,NPU_00170,2025-01-01,43163.42,salary,True
INC_NPU_00170_202502,NPU_00170,2025-02-02,44592.68,salary,True
INC_NPU_00170_202503,NPU_00170,2025-03-02,44067.01,salary,True
INC_NPU_00170_202504,NPU_00170,2025-04-01,42208.33,salary,True
INC_NPU_00170_202505,NPU_00170,2025-05-03,42985.48,salary,True
INC_NPU_00170_202506,NPU_00170,2025-06-01,43249.52,salary,True
INC_NPU_00170_202507,NPU_00170,2025-07-02,44186.32,salary,True
INC_NPU_00170_202508,NPU_00170,2025-08-02,44033.69,salary,True
INC_NPU_00170_202509,NPU_00170,2025-09-05,43464.58,salary,True
INC_NPU_00170_202510,NPU_00170,2025-10-01,43378.55,salary,True
INC_NPU_00170_202511,NPU_00170,2025-11-03,42970.02,salary,True
INC_NPU_00170_202512,NPU_00170,2025-12-05,43224.08,salary,True
INC_NPU_00171_202301,NPU_00171,2023-01-01,122241.35,salary,True
INC_NPU_00171_202302,NPU_00171,2023-02-04,124814.64,salary,True
INC_NPU_00171_202303,NPU_00171,2023-03-04,124113.53,salary,True
INC_NPU_00171_202304,NPU_00171,2023-04-03,125411.31,salary,True
INC_NPU_00171_202305,NPU_00171,2023-05-01,125334.18,salary,True
INC_NPU_00171_202306,NPU_00171,2023-06-05,127611.81,salary,True
INC_NPU_00171_202307,NPU_00171,2023-07-02,121362.25,salary,True
INC_NPU_00171_202308,NPU_00171,2023-08-02,117733.19,salary,True
INC_NPU_00171_202309,NPU_00171,2023-09-04,121188.62,salary,True
INC_NPU_00171_202310,NPU_00171,2023-10-03,123521.4,salary,True
INC_NPU_00171_202311,NPU_00171,2023-11-02,122244.96,salary,True
INC_NPU_00171_202312,NPU_00171,2023-12-02,122148.4,salary,True
INC_NPU_00171_202401,NPU_00171,2024-01-03,121053.66,salary,True
INC_NPU_00171_202402,NPU_00171,2024-02-01,123861.63,salary,True
INC_NPU_00171_202403,NPU_00171,2024-03-04,118823.98,salary,True
INC_NPU_00171_202404,NPU_00171,2024-04-04,124207.46,salary,True
INC_NPU_00171_202405,NPU_00171,2024-05-04,124254.79,salary,True
INC_NPU_00171_202406,NPU_00171,2024-06-03,125350.79,salary,True
INC_NPU_00171_202407,NPU_00171,2024-07-02,130521.39,salary,True
INC_NPU_00171_202408,NPU_00171,2024-08-01,117499.43,salary,True
INC_NPU_00171_202409,NPU_00171,2024-09-02,124139.4,salary,True
INC_NPU_00171_202410,NPU_00171,2024-10-03,124629.4,salary,True
INC_NPU_00171_202411,NPU_00171,2024-11-02,121194.27,salary,True
INC_NPU_00171_202412,NPU_00171,2024-12-01,122407.99,salary,True
INC_NPU_00171_202501,NPU_00171,2025-01-03,121703.59,salary,True
INC_NPU_00171_202502,NPU_00171,2025-02-01,124301.59,salary,True
INC_NPU_00171_202503,NPU_00171,2025-03-04,125644.87,salary,True
INC_NPU_00171_202504,NPU_00171,2025-04-02,120106.82,salary,True
INC_NPU_00171_202505,NPU_00171,2025-05-03,123893.74,salary,True
INC_NPU_00171_202506,NPU_00171,2025-06-03,126202.56,salary,True
INC_NPU_00171_202507,NPU_00171,2025-07-02,121356.73,salary,True
INC_NPU_00171_202508,NPU_00171,2025-08-03,117044.72,salary,True
INC_NPU_00171_202509,NPU_00171,2025-09-01,120791.62,salary,True
INC_NPU_00171_202510,NPU_00171,2025-10-03,120537.18,salary,True
INC_NPU_00171_202511,NPU_00171,2025-11-03,120908.74,salary,True
INC_NPU_00171_202512,NPU_00171,2025-12-01,127397.95,salary,True
INC_NPU_00172_202301,NPU_00172,2023-01-02,56904.45,salary,True
INC_NPU_00172_202302,NPU_00172,2023-02-02,56229.01,salary,True
INC_NPU_00172_202303,NPU_00172,2023-03-04,54287.13,salary,True
INC_NPU_00172_202304,NPU_00172,2023-04-01,56279.17,salary,True
INC_NPU_00172_202305,NPU_00172,2023-05-04,52319.81,salary,True
INC_NPU_00172_202306,NPU_00172,2023-06-01,53494.17,salary,True
INC_NPU_00172_202307,NPU_00172,2023-07-01,55479.07,salary,True
INC_NPU_00172_202308,NPU_00172,2023-08-02,54001.03,salary,True
INC_NPU_00172_202309,NPU_00172,2023-09-03,53366.56,salary,True
INC_NPU_00172_202310,NPU_00172,2023-10-04,55006.79,salary,True
INC_NPU_00172_202311,NPU_00172,2023-11-03,55034.26,salary,True
INC_NPU_00172_202312,NPU_00172,2023-12-01,55143.18,salary,True
INC_NPU_00172_202401,NPU_00172,2024-01-02,55271.04,salary,True
INC_NPU_00172_202402,NPU_00172,2024-02-04,54950.48,salary,True
INC_NPU_00172_202403,NPU_00172,2024-03-01,54479.97,salary,True
INC_NPU_00172_202404,NPU_00172,2024-04-05,54671.25,salary,True
INC_NPU_00172_202405,NPU_00172,2024-05-01,55495.68,salary,True
INC_NPU_00172_202406,NPU_00172,2024-06-02,54908.8,salary,True
INC_NPU_00172_202407,NPU_00172,2024-07-01,54110.65,salary,True
INC_NPU_00172_202408,NPU_00172,2024-08-01,53825.46,salary,True
INC_NPU_00172_202409,NPU_00172,2024-09-03,54662.02,salary,True
INC_NPU_00172_202410,NPU_00172,2024-10-01,56061.29,salary,True
INC_NPU_00172_202411,NPU_00172,2024-11-01,55288.83,salary,True
INC_NPU_00172_202412,NPU_00172,2024-12-05,56128.99,salary,True
INC_NPU_00172_202501,NPU_00172,2025-01-05,54269.5,salary,True
INC_NPU_00172_202502,NPU_00172,2025-02-01,54825.71,salary,True
INC_NPU_00172_202503,NPU_00172,2025-03-01,54986.91,salary,True
INC_NPU_00172_202504,NPU_00172,2025-04-01,55550.11,salary,True
INC_NPU_00172_202505,NPU_00172,2025-05-01,54271.07,salary,True
INC_NPU_00172_202506,NPU_00172,2025-06-02,55285.74,salary,True
INC_NPU_00172_202507,NPU_00172,2025-07-02,55988.26,salary,True
INC_NPU_00172_202508,NPU_00172,2025-08-01,54537.49,salary,True
INC_NPU_00172_202509,NPU_00172,2025-09-01,53698.62,salary,True
INC_NPU_00172_202510,NPU_00172,2025-10-01,56030.92,salary,True
INC_NPU_00172_202511,NPU_00172,2025-11-02,55390.24,salary,True
INC_NPU_00172_202512,NPU_00172,2025-12-02,53141.14,salary,True
INC_NPU_00173_202301,NPU_00173,2023-01-02,254825.4,salary,True
INC_NPU_00173_202302,NPU_00173,2023-02-01,264717.15,salary,True
INC_NPU_00173_202303,NPU_00173,2023-03-05,257766.3,salary,True
INC_NPU_00173_202304,NPU_00173,2023-04-02,255280.29,salary,True
INC_NPU_00173_202305,NPU_00173,2023-05-04,250204.1,salary,True
INC_NPU_00173_202306,NPU_00173,2023-06-02,250191.59,salary,True
INC_NPU_00173_202307,NPU_00173,2023-07-01,259090.64,salary,True
INC_NPU_00173_202308,NPU_00173,2023-08-02,250594.23,salary,True
INC_NPU_00173_202309,NPU_00173,2023-09-04,256844.61,salary,True
INC_NPU_00173_202310,NPU_00173,2023-10-02,254693.24,salary,True
INC_NPU_00173_202311,NPU_00173,2023-11-04,256531.16,salary,True
INC_NPU_00173_202312,NPU_00173,2023-12-05,254264.86,salary,True
INC_NPU_00173_202401,NPU_00173,2024-01-03,257519.94,salary,True
INC_NPU_00173_202402,NPU_00173,2024-02-01,260049.82,salary,True
INC_NPU_00173_202403,NPU_00173,2024-03-02,254346.13,salary,True
INC_NPU_00173_202404,NPU_00173,2024-04-01,259550.77,salary,True
INC_NPU_00173_202405,NPU_00173,2024-05-03,262401.56,salary,True
INC_NPU_00173_202406,NPU_00173,2024-06-01,256801.79,salary,True
INC_NPU_00173_202407,NPU_00173,2024-07-01,258950.28,salary,True
INC_NPU_00173_202408,NPU_00173,2024-08-01,249252.44,salary,True
INC_NPU_00173_202409,NPU_00173,2024-09-02,254448.69,salary,True
INC_NPU_00173_202410,NPU_00173,2024-10-04,247678.08,salary,True
INC_NPU_00173_202411,NPU_00173,2024-11-04,252608.88,salary,True
INC_NPU_00173_202412,NPU_00173,2024-12-01,254512.34,salary,True
INC_NPU_00173_202501,NPU_00173,2025-01-02,265266.19,salary,True
INC_NPU_00173_202502,NPU_00173,2025-02-03,251447.18,salary,True
INC_NPU_00173_202503,NPU_00173,2025-03-01,255047.44,salary,True
INC_NPU_00173_202504,NPU_00173,2025-04-02,250605.83,salary,True
INC_NPU_00173_202505,NPU_00173,2025-05-05,254093.27,salary,True
INC_NPU_00173_202506,NPU_00173,2025-06-01,257606.23,salary,True
INC_NPU_00173_202507,NPU_00173,2025-07-01,258439.12,salary,True
INC_NPU_00173_202508,NPU_00173,2025-08-02,253438.23,salary,True
INC_NPU_00173_202509,NPU_00173,2025-09-01,252093.54,salary,True
INC_NPU_00173_202510,NPU_00173,2025-10-03,241939.38,salary,True
INC_NPU_00173_202511,NPU_00173,2025-11-02,263171.27,salary,True
INC_NPU_00173_202512,NPU_00173,2025-12-03,253079.73,salary,True
INC_NPU_00174_202301,NPU_00174,2023-01-01,23350.65,salary,True
INC_NPU_00174_202302,NPU_00174,2023-02-02,24920.86,salary,True
INC_NPU_00174_202303,NPU_00174,2023-03-01,23438.81,salary,True
INC_NPU_00174_202304,NPU_00174,2023-04-01,24921.72,salary,True
INC_NPU_00174_202305,NPU_00174,2023-05-02,23610.7,salary,True
INC_NPU_00174_202306,NPU_00174,2023-06-01,23690.65,salary,True
INC_NPU_00174_202307,NPU_00174,2023-07-01,23795.83,salary,True
INC_NPU_00174_202308,NPU_00174,2023-08-04,24080.25,salary,True
INC_NPU_00174_202309,NPU_00174,2023-09-02,24927.2,salary,True
INC_NPU_00174_202310,NPU_00174,2023-10-01,23809.07,salary,True
INC_NPU_00174_202311,NPU_00174,2023-11-01,24546.87,salary,True
INC_NPU_00174_202312,NPU_00174,2023-12-01,24434.01,salary,True
INC_NPU_00174_202401,NPU_00174,2024-01-04,24347.7,salary,True
INC_NPU_00174_202402,NPU_00174,2024-02-04,24820.14,salary,True
INC_NPU_00174_202403,NPU_00174,2024-03-03,24387.31,salary,True
INC_NPU_00174_202404,NPU_00174,2024-04-01,24424.35,salary,True
INC_NPU_00174_202405,NPU_00174,2024-05-03,24671.78,salary,True
INC_NPU_00174_202406,NPU_00174,2024-06-05,24095.65,salary,True
INC_NPU_00174_202407,NPU_00174,2024-07-02,24309.23,salary,True
INC_NPU_00174_202408,NPU_00174,2024-08-01,24470.88,salary,True
INC_NPU_00174_202409,NPU_00174,2024-09-02,24766.76,salary,True
INC_NPU_00174_202410,NPU_00174,2024-10-03,24246.92,salary,True
INC_NPU_00174_202411,NPU_00174,2024-11-04,24300.85,salary,True
INC_NPU_00174_202412,NPU_00174,2024-12-04,24535.1,salary,True
INC_NPU_00174_202501,NPU_00174,2025-01-01,24255.89,salary,True
INC_NPU_00174_202502,NPU_00174,2025-02-01,23972.29,salary,True
INC_NPU_00174_202503,NPU_00174,2025-03-02,24670.85,salary,True
INC_NPU_00174_202504,NPU_00174,2025-04-02,24390.02,salary,True
INC_NPU_00174_202505,NPU_00174,2025-05-02,24130.21,salary,True
INC_NPU_00174_202506,NPU_00174,2025-06-02,23795.01,salary,True
INC_NPU_00174_202507,NPU_00174,2025-07-01,23447.26,salary,True
INC_NPU_00174_202508,NPU_00174,2025-08-03,24560.9,salary,True
INC_NPU_00174_202509,NPU_00174,2025-09-02,23961.85,salary,True
INC_NPU_00174_202510,NPU_00174,2025-10-01,23585.18,salary,True
INC_NPU_00174_202511,NPU_00174,2025-11-02,23908.02,salary,True
INC_NPU_00174_202512,NPU_00174,2025-12-04,24468.54,salary,True
INC_NPU_00175_202301,NPU_00175,2023-01-01,34506.74,salary,True
INC_NPU_00175_202302,NPU_00175,2023-02-01,35257.2,salary,True
INC_NPU_00175_202303,NPU_00175,2023-03-03,34637.83,salary,True
INC_NPU_00175_202304,NPU_00175,2023-04-01,35008.93,salary,True
INC_NPU_00175_202305,NPU_00175,2023-05-03,35068.43,salary,True
INC_NPU_00175_202306,NPU_00175,2023-06-04,35493.34,salary,True
INC_NPU_00175_202307,NPU_00175,2023-07-02,35516.8,salary,True
INC_NPU_00175_202308,NPU_00175,2023-08-03,35031.63,salary,True
INC_NPU_00175_202309,NPU_00175,2023-09-01,34371.36,salary,True
INC_NPU_00175_202310,NPU_00175,2023-10-03,35832.8,salary,True
INC_NPU_00175_202311,NPU_00175,2023-11-02,34741.66,salary,True
INC_NPU_00175_202312,NPU_00175,2023-12-03,33410.76,salary,True
INC_NPU_00175_202401,NPU_00175,2024-01-01,35215.96,salary,True
INC_NPU_00175_202402,NPU_00175,2024-02-02,35244.62,salary,True
INC_NPU_00175_202403,NPU_00175,2024-03-05,34768.16,salary,True
INC_NPU_00175_202404,NPU_00175,2024-04-02,34010.71,salary,True
INC_NPU_00175_202405,NPU_00175,2024-05-01,33881.64,salary,True
INC_NPU_00175_202406,NPU_00175,2024-06-03,34817.51,salary,True
INC_NPU_00175_202407,NPU_00175,2024-07-03,34309.18,salary,True
INC_NPU_00175_202408,NPU_00175,2024-08-04,35669.65,salary,True
INC_NPU_00175_202409,NPU_00175,2024-09-03,34791.0,salary,True
INC_NPU_00175_202410,NPU_00175,2024-10-03,34708.37,salary,True
INC_NPU_00175_202411,NPU_00175,2024-11-03,36313.57,salary,True
INC_NPU_00175_202412,NPU_00175,2024-12-03,33493.91,salary,True
INC_NPU_00175_202501,NPU_00175,2025-01-01,35002.91,salary,True
INC_NPU_00175_202502,NPU_00175,2025-02-01,33790.88,salary,True
INC_NPU_00175_202503,NPU_00175,2025-03-03,35914.75,salary,True
INC_NPU_00175_202504,NPU_00175,2025-04-03,33958.82,salary,True
INC_NPU_00175_202505,NPU_00175,2025-05-04,35273.33,salary,True
INC_NPU_00175_202506,NPU_00175,2025-06-02,35169.14,salary,True
INC_NPU_00175_202507,NPU_00175,2025-07-01,33779.06,salary,True
INC_NPU_00175_202508,NPU_00175,2025-08-01,35278.73,salary,True
INC_NPU_00175_202509,NPU_00175,2025-09-01,34635.05,salary,True
INC_NPU_00175_202510,NPU_00175,2025-10-02,35414.07,salary,True
INC_NPU_00175_202511,NPU_00175,2025-11-01,34591.42,salary,True
INC_NPU_00175_202512,NPU_00175,2025-12-03,35281.54,salary,True
INC_NPU_00176_202301,NPU_00176,2023-01-01,98012.37,salary,True
INC_NPU_00176_202302,NPU_00176,2023-02-05,98983.75,salary,True
INC_NPU_00176_202303,NPU_00176,2023-03-01,99323.35,salary,True
INC_NPU_00176_202304,NPU_00176,2023-04-01,97800.7,salary,True
INC_NPU_00176_202305,NPU_00176,2023-05-03,97483.26,salary,True
INC_NPU_00176_202306,NPU_00176,2023-06-04,99267.88,salary,True
INC_NPU_00176_202307,NPU_00176,2023-07-02,97203.72,salary,True
INC_NPU_00176_202308,NPU_00176,2023-08-03,97840.64,salary,True
INC_NPU_00176_202309,NPU_00176,2023-09-01,101195.33,salary,True
INC_NPU_00176_202310,NPU_00176,2023-10-03,98228.67,salary,True
INC_NPU_00176_202311,NPU_00176,2023-11-04,99651.38,salary,True
INC_NPU_00176_202312,NPU_00176,2023-12-01,96918.0,salary,True
INC_NPU_00176_202401,NPU_00176,2024-01-03,98960.7,salary,True
INC_NPU_00176_202402,NPU_00176,2024-02-04,97890.14,salary,True
INC_NPU_00176_202403,NPU_00176,2024-03-03,97533.03,salary,True
INC_NPU_00176_202404,NPU_00176,2024-04-01,94645.77,salary,True
INC_NPU_00176_202405,NPU_00176,2024-05-04,96284.18,salary,True
INC_NPU_00176_202406,NPU_00176,2024-06-05,91866.19,salary,True
INC_NPU_00176_202407,NPU_00176,2024-07-04,94423.7,salary,True
INC_NPU_00176_202408,NPU_00176,2024-08-03,102045.31,salary,True
INC_NPU_00176_202409,NPU_00176,2024-09-01,97988.86,salary,True
INC_NPU_00176_202410,NPU_00176,2024-10-05,98241.85,salary,True
INC_NPU_00176_202411,NPU_00176,2024-11-05,100019.93,salary,True
INC_NPU_00176_202412,NPU_00176,2024-12-02,98766.86,salary,True
INC_NPU_00176_202501,NPU_00176,2025-01-02,97520.33,salary,True
INC_NPU_00176_202502,NPU_00176,2025-02-01,97539.19,salary,True
INC_NPU_00176_202503,NPU_00176,2025-03-01,96143.4,salary,True
INC_NPU_00176_202504,NPU_00176,2025-04-01,99127.09,salary,True
INC_NPU_00176_202505,NPU_00176,2025-05-05,99199.63,salary,True
INC_NPU_00176_202506,NPU_00176,2025-06-05,98265.65,salary,True
INC_NPU_00176_202507,NPU_00176,2025-07-01,97938.96,salary,True
INC_NPU_00176_202508,NPU_00176,2025-08-01,99218.36,salary,True
INC_NPU_00176_202509,NPU_00176,2025-09-02,96102.26,salary,True
INC_NPU_00176_202510,NPU_00176,2025-10-04,98874.02,salary,True
INC_NPU_00176_202511,NPU_00176,2025-11-01,101325.34,salary,True
INC_NPU_00176_202512,NPU_00176,2025-12-05,96971.37,salary,True
INC_NPU_00177_202301,NPU_00177,2023-01-19,22564.09,freelance,True
INC_NPU_00177_202302,NPU_00177,2023-02-20,38935.68,freelance,True
INC_NPU_00177_202303,NPU_00177,2023-03-24,33917.58,freelance,True
INC_NPU_00177_202304,NPU_00177,2023-04-14,10488.0,freelance,True
INC_NPU_00177_202305,NPU_00177,2023-05-20,10896.88,freelance,True
INC_NPU_00177_202306,NPU_00177,2023-06-08,21955.29,freelance,True
INC_NPU_00177_202307,NPU_00177,2023-07-17,4509.37,freelance,True
INC_NPU_00177_202308,NPU_00177,2023-08-17,4789.08,freelance,True
INC_NPU_00177_202309,NPU_00177,2023-09-13,23010.42,freelance,True
INC_NPU_00177_202310,NPU_00177,2023-10-13,13593.32,freelance,True
INC_NPU_00177_202311,NPU_00177,2023-11-03,12535.85,freelance,True
INC_NPU_00177_202312,NPU_00177,2023-12-13,23650.82,freelance,True
INC_NPU_00177_202401,NPU_00177,2024-01-02,51327.8,freelance,True
INC_NPU_00177_202402,NPU_00177,2024-02-24,8072.03,freelance,True
INC_NPU_00177_202403,NPU_00177,2024-03-04,9970.04,freelance,True
INC_NPU_00177_202404,NPU_00177,2024-04-06,15638.35,freelance,True
INC_NPU_00177_202405,NPU_00177,2024-05-21,20541.67,freelance,True
INC_NPU_00177_202406,NPU_00177,2024-06-19,35630.16,freelance,True
INC_NPU_00177_202407,NPU_00177,2024-07-12,17293.54,freelance,True
INC_NPU_00177_202408,NPU_00177,2024-08-08,21559.87,freelance,True
INC_NPU_00177_202409,NPU_00177,2024-09-17,18723.56,freelance,True
INC_NPU_00177_202410,NPU_00177,2024-10-23,22804.78,freelance,True
INC_NPU_00177_202411,NPU_00177,2024-11-02,23105.47,freelance,True
INC_NPU_00177_202412,NPU_00177,2024-12-16,30299.24,freelance,True
INC_NPU_00177_202501,NPU_00177,2025-01-23,11178.37,freelance,True
INC_NPU_00177_202502,NPU_00177,2025-02-18,17437.49,freelance,True
INC_NPU_00177_202503,NPU_00177,2025-03-18,27701.84,freelance,True
INC_NPU_00177_202504,NPU_00177,2025-04-21,20248.32,freelance,True
INC_NPU_00177_202505,NPU_00177,2025-05-19,17251.42,freelance,True
INC_NPU_00177_202506,NPU_00177,2025-06-01,21615.66,freelance,True
INC_NPU_00177_202507,NPU_00177,2025-07-09,40877.19,freelance,True
INC_NPU_00177_202508,NPU_00177,2025-08-02,12967.63,freelance,True
INC_NPU_00177_202509,NPU_00177,2025-09-05,29779.67,freelance,True
INC_NPU_00177_202510,NPU_00177,2025-10-15,13131.9,freelance,True
INC_NPU_00177_202511,NPU_00177,2025-11-03,90872.64,freelance,True
INC_NPU_00177_202512,NPU_00177,2025-12-05,28339.7,freelance,True
INC_NPU_00178_202301,NPU_00178,2023-01-01,34443.59,salary,True
INC_NPU_00178_202302,NPU_00178,2023-02-04,35460.84,salary,True
INC_NPU_00178_202303,NPU_00178,2023-03-01,34141.23,salary,True
INC_NPU_00178_202304,NPU_00178,2023-04-03,34779.2,salary,True
INC_NPU_00178_202305,NPU_00178,2023-05-01,34868.21,salary,True
INC_NPU_00178_202306,NPU_00178,2023-06-03,34958.98,salary,True
INC_NPU_00178_202307,NPU_00178,2023-07-03,34103.62,salary,True
INC_NPU_00178_202308,NPU_00178,2023-08-01,35846.24,salary,True
INC_NPU_00178_202309,NPU_00178,2023-09-01,34442.05,salary,True
INC_NPU_00178_202310,NPU_00178,2023-10-04,33838.81,salary,True
INC_NPU_00178_202311,NPU_00178,2023-11-02,35217.55,salary,True
INC_NPU_00178_202312,NPU_00178,2023-12-02,36357.79,salary,True
INC_NPU_00178_202401,NPU_00178,2024-01-01,33745.06,salary,True
INC_NPU_00178_202402,NPU_00178,2024-02-05,34311.18,salary,True
INC_NPU_00178_202403,NPU_00178,2024-03-01,35623.65,salary,True
INC_NPU_00178_202404,NPU_00178,2024-04-03,35007.15,salary,True
INC_NPU_00178_202405,NPU_00178,2024-05-03,34126.74,salary,True
INC_NPU_00178_202406,NPU_00178,2024-06-01,34862.68,salary,True
INC_NPU_00178_202407,NPU_00178,2024-07-01,36132.64,salary,True
INC_NPU_00178_202408,NPU_00178,2024-08-01,35931.69,salary,True
INC_NPU_00178_202409,NPU_00178,2024-09-02,36881.68,salary,True
INC_NPU_00178_202410,NPU_00178,2024-10-02,35495.03,salary,True
INC_NPU_00178_202411,NPU_00178,2024-11-05,34651.85,salary,True
INC_NPU_00178_202412,NPU_00178,2024-12-02,35609.7,salary,True
INC_NPU_00178_202501,NPU_00178,2025-01-01,34509.09,salary,True
INC_NPU_00178_202502,NPU_00178,2025-02-04,34919.15,salary,True
INC_NPU_00178_202503,NPU_00178,2025-03-05,34513.99,salary,True
INC_NPU_00178_202504,NPU_00178,2025-04-01,35491.87,salary,True
INC_NPU_00178_202505,NPU_00178,2025-05-01,35424.25,salary,True
INC_NPU_00178_202506,NPU_00178,2025-06-03,34569.28,salary,True
INC_NPU_00178_202507,NPU_00178,2025-07-04,35780.76,salary,True
INC_NPU_00178_202508,NPU_00178,2025-08-03,36020.77,salary,True
INC_NPU_00178_202509,NPU_00178,2025-09-03,34658.17,salary,True
INC_NPU_00178_202510,NPU_00178,2025-10-01,35285.9,salary,True
INC_NPU_00178_202511,NPU_00178,2025-11-02,36071.9,salary,True
INC_NPU_00178_202512,NPU_00178,2025-12-05,35221.27,salary,True
INC_NPU_00179_202301,NPU_00179,2023-01-02,94305.08,salary,True
INC_NPU_00179_202302,NPU_00179,2023-02-01,94755.6,salary,True
INC_NPU_00179_202303,NPU_00179,2023-03-01,93951.29,salary,True
INC_NPU_00179_202304,NPU_00179,2023-04-02,97083.81,salary,True
INC_NPU_00179_202305,NPU_00179,2023-05-01,96812.91,salary,True
INC_NPU_00179_202306,NPU_00179,2023-06-04,99037.43,salary,True
INC_NPU_00179_202307,NPU_00179,2023-07-03,93525.7,salary,True
INC_NPU_00179_202308,NPU_00179,2023-08-02,93841.89,salary,True
INC_NPU_00179_202309,NPU_00179,2023-09-01,92219.07,salary,True
INC_NPU_00179_202310,NPU_00179,2023-10-04,95934.48,salary,True
INC_NPU_00179_202311,NPU_00179,2023-11-03,92813.4,salary,True
INC_NPU_00179_202312,NPU_00179,2023-12-01,98908.28,salary,True
INC_NPU_00179_202401,NPU_00179,2024-01-02,93335.92,salary,True
INC_NPU_00179_202402,NPU_00179,2024-02-05,99055.08,salary,True
INC_NPU_00179_202403,NPU_00179,2024-03-03,89610.15,salary,True
INC_NPU_00179_202404,NPU_00179,2024-04-01,91390.13,salary,True
INC_NPU_00179_202405,NPU_00179,2024-05-03,92748.8,salary,True
INC_NPU_00179_202406,NPU_00179,2024-06-03,95439.81,salary,True
INC_NPU_00179_202407,NPU_00179,2024-07-01,94728.71,salary,True
INC_NPU_00179_202408,NPU_00179,2024-08-02,93299.53,salary,True
INC_NPU_00179_202409,NPU_00179,2024-09-03,94635.6,salary,True
INC_NPU_00179_202410,NPU_00179,2024-10-05,93770.26,salary,True
INC_NPU_00179_202411,NPU_00179,2024-11-01,95885.41,salary,True
INC_NPU_00179_202412,NPU_00179,2024-12-05,92877.4,salary,True
INC_NPU_00179_202501,NPU_00179,2025-01-01,95159.06,salary,True
INC_NPU_00179_202502,NPU_00179,2025-02-01,95239.1,salary,True
INC_NPU_00179_202503,NPU_00179,2025-03-05,94786.46,salary,True
INC_NPU_00179_202504,NPU_00179,2025-04-01,95644.21,salary,True
INC_NPU_00179_202505,NPU_00179,2025-05-01,94615.0,salary,True
INC_NPU_00179_202506,NPU_00179,2025-06-01,96211.59,salary,True
INC_NPU_00179_202507,NPU_00179,2025-07-01,94784.83,salary,True
INC_NPU_00179_202508,NPU_00179,2025-08-04,97178.65,salary,True
INC_NPU_00179_202509,NPU_00179,2025-09-01,95149.03,salary,True
INC_NPU_00179_202510,NPU_00179,2025-10-01,97039.78,salary,True
INC_NPU_00179_202511,NPU_00179,2025-11-02,93804.53,salary,True
INC_NPU_00179_202512,NPU_00179,2025-12-04,93066.19,salary,True
INC_NPU_00180_202301,NPU_00180,2023-01-03,86972.09,salary,True
INC_NPU_00180_202302,NPU_00180,2023-02-02,85726.58,salary,True
INC_NPU_00180_202303,NPU_00180,2023-03-02,82144.8,salary,True
INC_NPU_00180_202304,NPU_00180,2023-04-01,84525.62,salary,True
INC_NPU_00180_202305,NPU_00180,2023-05-04,86296.54,salary,True
INC_NPU_00180_202306,NPU_00180,2023-06-02,85579.6,salary,True
INC_NPU_00180_202307,NPU_00180,2023-07-03,84456.55,salary,True
INC_NPU_00180_202308,NPU_00180,2023-08-04,85712.51,salary,True
INC_NPU_00180_202309,NPU_00180,2023-09-03,85981.7,salary,True
INC_NPU_00180_202310,NPU_00180,2023-10-01,82960.29,salary,True
INC_NPU_00180_202311,NPU_00180,2023-11-02,87680.65,salary,True
INC_NPU_00180_202312,NPU_00180,2023-12-03,88104.58,salary,True
INC_NPU_00180_202401,NPU_00180,2024-01-01,84517.25,salary,True
INC_NPU_00180_202402,NPU_00180,2024-02-03,89053.46,salary,True
INC_NPU_00180_202403,NPU_00180,2024-03-01,85595.04,salary,True
INC_NPU_00180_202404,NPU_00180,2024-04-01,84691.15,salary,True
INC_NPU_00180_202405,NPU_00180,2024-05-01,84643.58,salary,True
INC_NPU_00180_202406,NPU_00180,2024-06-01,88906.53,salary,True
INC_NPU_00180_202407,NPU_00180,2024-07-02,84001.59,salary,True
INC_NPU_00180_202408,NPU_00180,2024-08-05,86018.13,salary,True
INC_NPU_00180_202409,NPU_00180,2024-09-01,86223.17,salary,True
INC_NPU_00180_202410,NPU_00180,2024-10-02,86984.47,salary,True
INC_NPU_00180_202411,NPU_00180,2024-11-04,85879.45,salary,True
INC_NPU_00180_202412,NPU_00180,2024-12-03,88748.76,salary,True
INC_NPU_00180_202501,NPU_00180,2025-01-01,89138.43,salary,True
INC_NPU_00180_202502,NPU_00180,2025-02-04,88246.0,salary,True
INC_NPU_00180_202503,NPU_00180,2025-03-02,86392.88,salary,True
INC_NPU_00180_202504,NPU_00180,2025-04-01,87352.91,salary,True
INC_NPU_00180_202505,NPU_00180,2025-05-01,85237.26,salary,True
INC_NPU_00180_202506,NPU_00180,2025-06-01,87752.23,salary,True
INC_NPU_00180_202507,NPU_00180,2025-07-01,84782.65,salary,True
INC_NPU_00180_202508,NPU_00180,2025-08-02,84248.51,salary,True
INC_NPU_00180_202509,NPU_00180,2025-09-02,84205.02,salary,True
INC_NPU_00180_202510,NPU_00180,2025-10-01,86736.4,salary,True
INC_NPU_00180_202511,NPU_00180,2025-11-02,88483.58,salary,True
INC_NPU_00180_202512,NPU_00180,2025-12-01,88647.76,salary,True
INC_NPU_00181_202301,NPU_00181,2023-01-03,18595.5,salary,True
INC_NPU_00181_202302,NPU_00181,2023-02-01,19777.22,salary,True
INC_NPU_00181_202303,NPU_00181,2023-03-02,19025.69,salary,True
INC_NPU_00181_202304,NPU_00181,2023-04-01,20337.19,salary,True
INC_NPU_00181_202305,NPU_00181,2023-05-02,18909.73,salary,True
INC_NPU_00181_202306,NPU_00181,2023-06-03,18764.5,salary,True
INC_NPU_00181_202307,NPU_00181,2023-07-01,19786.05,salary,True
INC_NPU_00181_202308,NPU_00181,2023-08-01,19250.09,salary,True
INC_NPU_00181_202309,NPU_00181,2023-09-01,19228.32,salary,True
INC_NPU_00181_202310,NPU_00181,2023-10-01,19104.42,salary,True
INC_NPU_00181_202311,NPU_00181,2023-11-05,19163.06,salary,True
INC_NPU_00181_202312,NPU_00181,2023-12-02,19805.04,salary,True
INC_NPU_00181_202401,NPU_00181,2024-01-03,19038.24,salary,True
INC_NPU_00181_202402,NPU_00181,2024-02-02,19338.98,salary,True
INC_NPU_00181_202403,NPU_00181,2024-03-03,19001.25,salary,True
INC_NPU_00181_202404,NPU_00181,2024-04-03,19434.42,salary,True
INC_NPU_00181_202405,NPU_00181,2024-05-01,19222.21,salary,True
INC_NPU_00181_202406,NPU_00181,2024-06-03,19576.33,salary,True
INC_NPU_00181_202407,NPU_00181,2024-07-04,19628.68,salary,True
INC_NPU_00181_202408,NPU_00181,2024-08-02,20014.75,salary,True
INC_NPU_00181_202409,NPU_00181,2024-09-01,20302.02,salary,True
INC_NPU_00181_202410,NPU_00181,2024-10-04,19140.25,salary,True
INC_NPU_00181_202411,NPU_00181,2024-11-04,19675.65,salary,True
INC_NPU_00181_202412,NPU_00181,2024-12-01,19215.75,salary,True
INC_NPU_00181_202501,NPU_00181,2025-01-02,19616.49,salary,True
INC_NPU_00181_202502,NPU_00181,2025-02-02,19598.87,salary,True
INC_NPU_00181_202503,NPU_00181,2025-03-01,19586.03,salary,True
INC_NPU_00181_202504,NPU_00181,2025-04-03,19707.77,salary,True
INC_NPU_00181_202505,NPU_00181,2025-05-01,19459.05,salary,True
INC_NPU_00181_202506,NPU_00181,2025-06-03,19251.6,salary,True
INC_NPU_00181_202507,NPU_00181,2025-07-02,19438.91,salary,True
INC_NPU_00181_202508,NPU_00181,2025-08-02,20262.06,salary,True
INC_NPU_00181_202509,NPU_00181,2025-09-01,19179.9,salary,True
INC_NPU_00181_202510,NPU_00181,2025-10-01,19280.62,salary,True
INC_NPU_00181_202511,NPU_00181,2025-11-02,19112.55,salary,True
INC_NPU_00181_202512,NPU_00181,2025-12-03,18701.61,salary,True
INC_NPU_00182_202301,NPU_00182,2023-01-01,42240.6,salary,True
INC_NPU_00182_202302,NPU_00182,2023-02-03,42832.47,salary,True
INC_NPU_00182_202303,NPU_00182,2023-03-04,41544.34,salary,True
INC_NPU_00182_202304,NPU_00182,2023-04-02,43476.98,salary,True
INC_NPU_00182_202305,NPU_00182,2023-05-01,42657.45,salary,True
INC_NPU_00182_202306,NPU_00182,2023-06-01,43192.05,salary,True
INC_NPU_00182_202307,NPU_00182,2023-07-01,42573.22,salary,True
INC_NPU_00182_202308,NPU_00182,2023-08-01,42162.95,salary,True
INC_NPU_00182_202309,NPU_00182,2023-09-01,41995.06,salary,True
INC_NPU_00182_202310,NPU_00182,2023-10-04,42536.43,salary,True
INC_NPU_00182_202311,NPU_00182,2023-11-01,42613.78,salary,True
INC_NPU_00182_202312,NPU_00182,2023-12-02,41876.41,salary,True
INC_NPU_00182_202401,NPU_00182,2024-01-02,42142.25,salary,True
INC_NPU_00182_202402,NPU_00182,2024-02-02,43953.85,salary,True
INC_NPU_00182_202403,NPU_00182,2024-03-03,42400.47,salary,True
INC_NPU_00182_202404,NPU_00182,2024-04-01,42486.13,salary,True
INC_NPU_00182_202405,NPU_00182,2024-05-01,43679.42,salary,True
INC_NPU_00182_202406,NPU_00182,2024-06-01,42625.27,salary,True
INC_NPU_00182_202407,NPU_00182,2024-07-01,42291.95,salary,True
INC_NPU_00182_202408,NPU_00182,2024-08-01,43164.59,salary,True
INC_NPU_00182_202409,NPU_00182,2024-09-05,42943.99,salary,True
INC_NPU_00182_202410,NPU_00182,2024-10-03,42507.73,salary,True
INC_NPU_00182_202411,NPU_00182,2024-11-01,42580.96,salary,True
INC_NPU_00182_202412,NPU_00182,2024-12-05,42063.93,salary,True
INC_NPU_00182_202501,NPU_00182,2025-01-03,41376.3,salary,True
INC_NPU_00182_202502,NPU_00182,2025-02-04,42808.94,salary,True
INC_NPU_00182_202503,NPU_00182,2025-03-03,41070.71,salary,True
INC_NPU_00182_202504,NPU_00182,2025-04-02,41408.63,salary,True
INC_NPU_00182_202505,NPU_00182,2025-05-02,42131.28,salary,True
INC_NPU_00182_202506,NPU_00182,2025-06-03,42048.16,salary,True
INC_NPU_00182_202507,NPU_00182,2025-07-03,42904.28,salary,True
INC_NPU_00182_202508,NPU_00182,2025-08-04,43132.17,salary,True
INC_NPU_00182_202509,NPU_00182,2025-09-01,44104.54,salary,True
INC_NPU_00182_202510,NPU_00182,2025-10-04,40958.98,salary,True
INC_NPU_00182_202511,NPU_00182,2025-11-01,42701.04,salary,True
INC_NPU_00182_202512,NPU_00182,2025-12-01,42664.86,salary,True
INC_NPU_00183_202301,NPU_00183,2023-01-01,136643.41,freelance,True
INC_NPU_00183_202302,NPU_00183,2023-02-21,77309.91,freelance,True
INC_NPU_00183_202303,NPU_00183,2023-03-06,56258.79,freelance,True
INC_NPU_00183_202304,NPU_00183,2023-04-09,138544.76,freelance,True
INC_NPU_00183_202305,NPU_00183,2023-05-21,265101.96,freelance,True
INC_NPU_00183_202306,NPU_00183,2023-06-05,106372.7,freelance,True
INC_NPU_00183_202307,NPU_00183,2023-07-19,168412.15,freelance,True
INC_NPU_00183_202308,NPU_00183,2023-08-04,82716.61,freelance,True
INC_NPU_00183_202309,NPU_00183,2023-09-24,84452.43,freelance,True
INC_NPU_00183_202310,NPU_00183,2023-10-22,95831.74,freelance,True
INC_NPU_00183_202311,NPU_00183,2023-11-23,45876.82,freelance,True
INC_NPU_00183_202312,NPU_00183,2023-12-21,112564.29,freelance,True
INC_NPU_00183_202401,NPU_00183,2024-01-11,77973.0,freelance,True
INC_NPU_00183_202402,NPU_00183,2024-02-17,54624.97,freelance,True
INC_NPU_00183_202403,NPU_00183,2024-03-09,205461.05,freelance,True
INC_NPU_00183_202404,NPU_00183,2024-04-22,76439.21,freelance,True
INC_NPU_00183_202405,NPU_00183,2024-05-05,236802.23,freelance,True
INC_NPU_00183_202406,NPU_00183,2024-06-01,141930.78,freelance,True
INC_NPU_00183_202407,NPU_00183,2024-07-20,97560.85,freelance,True
INC_NPU_00183_202408,NPU_00183,2024-08-10,194700.88,freelance,True
INC_NPU_00183_202409,NPU_00183,2024-09-05,51834.02,freelance,True
INC_NPU_00183_202410,NPU_00183,2024-10-22,96708.53,freelance,True
INC_NPU_00183_202411,NPU_00183,2024-11-11,201681.46,freelance,True
INC_NPU_00183_202412,NPU_00183,2024-12-21,108718.58,freelance,True
INC_NPU_00183_202501,NPU_00183,2025-01-18,278499.17,freelance,True
INC_NPU_00183_202502,NPU_00183,2025-02-21,211928.71,freelance,True
INC_NPU_00183_202503,NPU_00183,2025-03-08,191036.92,freelance,True
INC_NPU_00183_202504,NPU_00183,2025-04-08,53524.81,freelance,True
INC_NPU_00183_202505,NPU_00183,2025-05-05,118321.95,freelance,True
INC_NPU_00183_202506,NPU_00183,2025-06-16,56842.54,freelance,True
INC_NPU_00183_202507,NPU_00183,2025-07-16,78845.99,freelance,True
INC_NPU_00183_202508,NPU_00183,2025-08-01,92860.01,freelance,True
INC_NPU_00183_202509,NPU_00183,2025-09-12,175200.12,freelance,True
INC_NPU_00183_202510,NPU_00183,2025-10-16,219141.79,freelance,True
INC_NPU_00183_202511,NPU_00183,2025-11-20,72803.94,freelance,True
INC_NPU_00183_202512,NPU_00183,2025-12-09,153487.69,freelance,True
INC_NPU_00184_202301,NPU_00184,2023-01-04,28483.64,salary,True
INC_NPU_00184_202302,NPU_00184,2023-02-03,28108.89,salary,True
INC_NPU_00184_202303,NPU_00184,2023-03-02,27766.4,salary,True
INC_NPU_00184_202304,NPU_00184,2023-04-02,28782.34,salary,True
INC_NPU_00184_202305,NPU_00184,2023-05-03,28826.83,salary,True
INC_NPU_00184_202306,NPU_00184,2023-06-05,28213.19,salary,True
INC_NPU_00184_202307,NPU_00184,2023-07-02,28925.5,salary,True
INC_NPU_00184_202308,NPU_00184,2023-08-01,27553.34,salary,True
INC_NPU_00184_202309,NPU_00184,2023-09-01,27953.96,salary,True
INC_NPU_00184_202310,NPU_00184,2023-10-01,26790.82,salary,True
INC_NPU_00184_202311,NPU_00184,2023-11-03,27393.32,salary,True
INC_NPU_00184_202312,NPU_00184,2023-12-01,27349.52,salary,True
INC_NPU_00184_202401,NPU_00184,2024-01-04,28308.88,salary,True
INC_NPU_00184_202402,NPU_00184,2024-02-01,27427.11,salary,True
INC_NPU_00184_202403,NPU_00184,2024-03-04,26990.48,salary,True
INC_NPU_00184_202404,NPU_00184,2024-04-02,27646.29,salary,True
INC_NPU_00184_202405,NPU_00184,2024-05-05,27710.76,salary,True
INC_NPU_00184_202406,NPU_00184,2024-06-02,27294.57,salary,True
INC_NPU_00184_202407,NPU_00184,2024-07-02,28064.98,salary,True
INC_NPU_00184_202408,NPU_00184,2024-08-03,28165.4,salary,True
INC_NPU_00184_202409,NPU_00184,2024-09-02,27172.22,salary,True
INC_NPU_00184_202410,NPU_00184,2024-10-01,28398.16,salary,True
INC_NPU_00184_202411,NPU_00184,2024-11-02,27517.74,salary,True
INC_NPU_00184_202412,NPU_00184,2024-12-01,27702.49,salary,True
INC_NPU_00184_202501,NPU_00184,2025-01-02,28272.69,salary,True
INC_NPU_00184_202502,NPU_00184,2025-02-02,27707.17,salary,True
INC_NPU_00184_202503,NPU_00184,2025-03-01,27400.91,salary,True
INC_NPU_00184_202504,NPU_00184,2025-04-02,28031.82,salary,True
INC_NPU_00184_202505,NPU_00184,2025-05-05,28616.01,salary,True
INC_NPU_00184_202506,NPU_00184,2025-06-02,28536.81,salary,True
INC_NPU_00184_202507,NPU_00184,2025-07-01,27657.14,salary,True
INC_NPU_00184_202508,NPU_00184,2025-08-05,27480.96,salary,True
INC_NPU_00184_202509,NPU_00184,2025-09-05,27580.79,salary,True
INC_NPU_00184_202510,NPU_00184,2025-10-05,28543.53,salary,True
INC_NPU_00184_202511,NPU_00184,2025-11-01,27572.32,salary,True
INC_NPU_00184_202512,NPU_00184,2025-12-03,28891.11,salary,True
INC_NPU_00185_202301,NPU_00185,2023-01-01,59962.58,salary,True
INC_NPU_00185_202302,NPU_00185,2023-02-01,59330.0,salary,True
INC_NPU_00185_202303,NPU_00185,2023-03-01,58654.72,salary,True
INC_NPU_00185_202304,NPU_00185,2023-04-01,59483.72,salary,True
INC_NPU_00185_202305,NPU_00185,2023-05-03,58122.49,salary,True
INC_NPU_00185_202306,NPU_00185,2023-06-03,57675.84,salary,True
INC_NPU_00185_202307,NPU_00185,2023-07-03,59974.52,salary,True
INC_NPU_00185_202308,NPU_00185,2023-08-04,59324.79,salary,True
INC_NPU_00185_202309,NPU_00185,2023-09-04,60291.4,salary,True
INC_NPU_00185_202310,NPU_00185,2023-10-01,59711.08,salary,True
INC_NPU_00185_202311,NPU_00185,2023-11-01,58636.81,salary,True
INC_NPU_00185_202312,NPU_00185,2023-12-04,60537.29,salary,True
INC_NPU_00185_202401,NPU_00185,2024-01-02,58763.99,salary,True
INC_NPU_00185_202402,NPU_00185,2024-02-02,60894.47,salary,True
INC_NPU_00185_202403,NPU_00185,2024-03-04,58729.3,salary,True
INC_NPU_00185_202404,NPU_00185,2024-04-01,57835.15,salary,True
INC_NPU_00185_202405,NPU_00185,2024-05-01,61137.23,salary,True
INC_NPU_00185_202406,NPU_00185,2024-06-01,58691.56,salary,True
INC_NPU_00185_202407,NPU_00185,2024-07-03,58768.3,salary,True
INC_NPU_00185_202408,NPU_00185,2024-08-01,57879.3,salary,True
INC_NPU_00185_202409,NPU_00185,2024-09-02,59227.95,salary,True
INC_NPU_00185_202410,NPU_00185,2024-10-01,58005.8,salary,True
INC_NPU_00185_202411,NPU_00185,2024-11-03,61052.92,salary,True
INC_NPU_00185_202412,NPU_00185,2024-12-04,58930.67,salary,True
INC_NPU_00185_202501,NPU_00185,2025-01-03,58319.13,salary,True
INC_NPU_00185_202502,NPU_00185,2025-02-01,59424.59,salary,True
INC_NPU_00185_202503,NPU_00185,2025-03-03,62124.68,salary,True
INC_NPU_00185_202504,NPU_00185,2025-04-02,59477.95,salary,True
INC_NPU_00185_202505,NPU_00185,2025-05-03,59082.79,salary,True
INC_NPU_00185_202506,NPU_00185,2025-06-02,59396.52,salary,True
INC_NPU_00185_202507,NPU_00185,2025-07-03,60356.18,salary,True
INC_NPU_00185_202508,NPU_00185,2025-08-02,60236.69,salary,True
INC_NPU_00185_202509,NPU_00185,2025-09-01,59674.73,salary,True
INC_NPU_00185_202510,NPU_00185,2025-10-03,60591.7,salary,True
INC_NPU_00185_202511,NPU_00185,2025-11-03,59462.08,salary,True
INC_NPU_00185_202512,NPU_00185,2025-12-04,59176.76,salary,True
INC_NPU_00186_202301,NPU_00186,2023-01-02,115370.2,salary,True
INC_NPU_00186_202302,NPU_00186,2023-02-04,114011.31,salary,True
INC_NPU_00186_202303,NPU_00186,2023-03-02,117209.54,salary,True
INC_NPU_00186_202304,NPU_00186,2023-04-01,113908.03,salary,True
INC_NPU_00186_202305,NPU_00186,2023-05-04,110897.53,salary,True
INC_NPU_00186_202306,NPU_00186,2023-06-05,111941.12,salary,True
INC_NPU_00186_202307,NPU_00186,2023-07-05,116066.11,salary,True
INC_NPU_00186_202308,NPU_00186,2023-08-01,113551.24,salary,True
INC_NPU_00186_202309,NPU_00186,2023-09-01,116982.52,salary,True
INC_NPU_00186_202310,NPU_00186,2023-10-01,115175.12,salary,True
INC_NPU_00186_202311,NPU_00186,2023-11-01,117190.67,salary,True
INC_NPU_00186_202312,NPU_00186,2023-12-01,111067.84,salary,True
INC_NPU_00186_202401,NPU_00186,2024-01-01,113891.6,salary,True
INC_NPU_00186_202402,NPU_00186,2024-02-05,113134.88,salary,True
INC_NPU_00186_202403,NPU_00186,2024-03-01,121183.41,salary,True
INC_NPU_00186_202404,NPU_00186,2024-04-01,114239.59,salary,True
INC_NPU_00186_202405,NPU_00186,2024-05-01,111912.42,salary,True
INC_NPU_00186_202406,NPU_00186,2024-06-01,116021.51,salary,True
INC_NPU_00186_202407,NPU_00186,2024-07-03,112956.37,salary,True
INC_NPU_00186_202408,NPU_00186,2024-08-03,117449.18,salary,True
INC_NPU_00186_202409,NPU_00186,2024-09-04,117867.52,salary,True
INC_NPU_00186_202410,NPU_00186,2024-10-03,113154.86,salary,True
INC_NPU_00186_202411,NPU_00186,2024-11-05,119332.17,salary,True
INC_NPU_00186_202412,NPU_00186,2024-12-01,113612.25,salary,True
INC_NPU_00186_202501,NPU_00186,2025-01-04,115799.15,salary,True
INC_NPU_00186_202502,NPU_00186,2025-02-01,117524.81,salary,True
INC_NPU_00186_202503,NPU_00186,2025-03-01,116064.19,salary,True
INC_NPU_00186_202504,NPU_00186,2025-04-02,114243.15,salary,True
INC_NPU_00186_202505,NPU_00186,2025-05-01,112274.69,salary,True
INC_NPU_00186_202506,NPU_00186,2025-06-02,119220.68,salary,True
INC_NPU_00186_202507,NPU_00186,2025-07-01,116121.18,salary,True
INC_NPU_00186_202508,NPU_00186,2025-08-01,119809.52,salary,True
INC_NPU_00186_202509,NPU_00186,2025-09-05,111297.85,salary,True
INC_NPU_00186_202510,NPU_00186,2025-10-04,116454.59,salary,True
INC_NPU_00186_202511,NPU_00186,2025-11-01,119411.06,salary,True
INC_NPU_00186_202512,NPU_00186,2025-12-01,113418.47,salary,True
INC_NPU_00187_202301,NPU_00187,2023-01-02,71511.65,salary,True
INC_NPU_00187_202302,NPU_00187,2023-02-02,72272.67,salary,True
INC_NPU_00187_202303,NPU_00187,2023-03-01,71309.95,salary,True
INC_NPU_00187_202304,NPU_00187,2023-04-02,70270.2,salary,True
INC_NPU_00187_202305,NPU_00187,2023-05-03,71647.94,salary,True
INC_NPU_00187_202306,NPU_00187,2023-06-02,73305.38,salary,True
INC_NPU_00187_202307,NPU_00187,2023-07-03,70841.48,salary,True
INC_NPU_00187_202308,NPU_00187,2023-08-01,70980.07,salary,True
INC_NPU_00187_202309,NPU_00187,2023-09-05,71732.74,salary,True
INC_NPU_00187_202310,NPU_00187,2023-10-01,71163.2,salary,True
INC_NPU_00187_202311,NPU_00187,2023-11-02,71808.63,salary,True
INC_NPU_00187_202312,NPU_00187,2023-12-04,72375.99,salary,True
INC_NPU_00187_202401,NPU_00187,2024-01-01,70926.76,salary,True
INC_NPU_00187_202402,NPU_00187,2024-02-01,71763.81,salary,True
INC_NPU_00187_202403,NPU_00187,2024-03-02,72501.97,salary,True
INC_NPU_00187_202404,NPU_00187,2024-04-04,71361.58,salary,True
INC_NPU_00187_202405,NPU_00187,2024-05-01,70694.64,salary,True
INC_NPU_00187_202406,NPU_00187,2024-06-02,71456.91,salary,True
INC_NPU_00187_202407,NPU_00187,2024-07-02,72011.09,salary,True
INC_NPU_00187_202408,NPU_00187,2024-08-02,70206.62,salary,True
INC_NPU_00187_202409,NPU_00187,2024-09-02,73328.55,salary,True
INC_NPU_00187_202410,NPU_00187,2024-10-01,72084.33,salary,True
INC_NPU_00187_202411,NPU_00187,2024-11-04,71464.15,salary,True
INC_NPU_00187_202412,NPU_00187,2024-12-01,70391.32,salary,True
INC_NPU_00187_202501,NPU_00187,2025-01-01,73131.14,salary,True
INC_NPU_00187_202502,NPU_00187,2025-02-03,74233.24,salary,True
INC_NPU_00187_202503,NPU_00187,2025-03-04,71702.87,salary,True
INC_NPU_00187_202504,NPU_00187,2025-04-03,75272.79,salary,True
INC_NPU_00187_202505,NPU_00187,2025-05-03,72434.84,salary,True
INC_NPU_00187_202506,NPU_00187,2025-06-04,72486.53,salary,True
INC_NPU_00187_202507,NPU_00187,2025-07-01,73733.15,salary,True
INC_NPU_00187_202508,NPU_00187,2025-08-04,73208.79,salary,True
INC_NPU_00187_202509,NPU_00187,2025-09-05,70833.11,salary,True
INC_NPU_00187_202510,NPU_00187,2025-10-03,71652.69,salary,True
INC_NPU_00187_202511,NPU_00187,2025-11-05,73995.89,salary,True
INC_NPU_00187_202512,NPU_00187,2025-12-01,73239.04,salary,True
INC_NPU_00188_202301,NPU_00188,2023-01-01,28518.82,salary,True
INC_NPU_00188_202302,NPU_00188,2023-02-04,27652.66,salary,True
INC_NPU_00188_202303,NPU_00188,2023-03-01,27761.45,salary,True
INC_NPU_00188_202304,NPU_00188,2023-04-01,27065.36,salary,True
INC_NPU_00188_202305,NPU_00188,2023-05-02,28108.93,salary,True
INC_NPU_00188_202306,NPU_00188,2023-06-02,26307.02,salary,True
INC_NPU_00188_202307,NPU_00188,2023-07-04,27547.7,salary,True
INC_NPU_00188_202308,NPU_00188,2023-08-01,27778.56,salary,True
INC_NPU_00188_202309,NPU_00188,2023-09-04,27615.36,salary,True
INC_NPU_00188_202310,NPU_00188,2023-10-05,27441.88,salary,True
INC_NPU_00188_202311,NPU_00188,2023-11-01,27381.22,salary,True
INC_NPU_00188_202312,NPU_00188,2023-12-01,27463.87,salary,True
INC_NPU_00188_202401,NPU_00188,2024-01-02,26902.71,salary,True
INC_NPU_00188_202402,NPU_00188,2024-02-01,27612.51,salary,True
INC_NPU_00188_202403,NPU_00188,2024-03-01,27070.96,salary,True
INC_NPU_00188_202404,NPU_00188,2024-04-05,27160.61,salary,True
INC_NPU_00188_202405,NPU_00188,2024-05-03,26847.64,salary,True
INC_NPU_00188_202406,NPU_00188,2024-06-01,29066.85,salary,True
INC_NPU_00188_202407,NPU_00188,2024-07-02,27573.43,salary,True
INC_NPU_00188_202408,NPU_00188,2024-08-01,26746.67,salary,True
INC_NPU_00188_202409,NPU_00188,2024-09-03,27515.78,salary,True
INC_NPU_00188_202410,NPU_00188,2024-10-02,28101.92,salary,True
INC_NPU_00188_202411,NPU_00188,2024-11-02,27606.37,salary,True
INC_NPU_00188_202412,NPU_00188,2024-12-04,27427.73,salary,True
INC_NPU_00188_202501,NPU_00188,2025-01-01,27029.91,salary,True
INC_NPU_00188_202502,NPU_00188,2025-02-03,27607.28,salary,True
INC_NPU_00188_202503,NPU_00188,2025-03-05,27866.18,salary,True
INC_NPU_00188_202504,NPU_00188,2025-04-01,27872.56,salary,True
INC_NPU_00188_202505,NPU_00188,2025-05-01,27554.81,salary,True
INC_NPU_00188_202506,NPU_00188,2025-06-05,27553.11,salary,True
INC_NPU_00188_202507,NPU_00188,2025-07-01,28202.44,salary,True
INC_NPU_00188_202508,NPU_00188,2025-08-03,28134.14,salary,True
INC_NPU_00188_202509,NPU_00188,2025-09-04,27351.17,salary,True
INC_NPU_00188_202510,NPU_00188,2025-10-02,28457.95,salary,True
INC_NPU_00188_202511,NPU_00188,2025-11-05,26754.98,salary,True
INC_NPU_00188_202512,NPU_00188,2025-12-01,27579.08,salary,True
INC_NPU_00189_202301,NPU_00189,2023-01-04,42204.09,salary,True
INC_NPU_00189_202302,NPU_00189,2023-02-01,41238.02,salary,True
INC_NPU_00189_202303,NPU_00189,2023-03-03,40707.69,salary,True
INC_NPU_00189_202304,NPU_00189,2023-04-01,41254.62,salary,True
INC_NPU_00189_202305,NPU_00189,2023-05-03,42733.47,salary,True
INC_NPU_00189_202306,NPU_00189,2023-06-03,42760.51,salary,True
INC_NPU_00189_202307,NPU_00189,2023-07-04,42510.0,salary,True
INC_NPU_00189_202308,NPU_00189,2023-08-04,41358.03,salary,True
INC_NPU_00189_202309,NPU_00189,2023-09-01,42772.1,salary,True
INC_NPU_00189_202310,NPU_00189,2023-10-01,41410.37,salary,True
INC_NPU_00189_202311,NPU_00189,2023-11-03,42171.5,salary,True
INC_NPU_00189_202312,NPU_00189,2023-12-02,41939.74,salary,True
INC_NPU_00189_202401,NPU_00189,2024-01-01,41626.68,salary,True
INC_NPU_00189_202402,NPU_00189,2024-02-01,42465.78,salary,True
INC_NPU_00189_202403,NPU_00189,2024-03-01,42636.69,salary,True
INC_NPU_00189_202404,NPU_00189,2024-04-02,41312.38,salary,True
INC_NPU_00189_202405,NPU_00189,2024-05-01,41987.88,salary,True
INC_NPU_00189_202406,NPU_00189,2024-06-01,42588.98,salary,True
INC_NPU_00189_202407,NPU_00189,2024-07-01,39869.3,salary,True
INC_NPU_00189_202408,NPU_00189,2024-08-03,42281.79,salary,True
INC_NPU_00189_202409,NPU_00189,2024-09-04,42607.76,salary,True
INC_NPU_00189_202410,NPU_00189,2024-10-01,42320.23,salary,True
INC_NPU_00189_202411,NPU_00189,2024-11-03,42361.43,salary,True
INC_NPU_00189_202412,NPU_00189,2024-12-01,41879.86,salary,True
INC_NPU_00189_202501,NPU_00189,2025-01-02,42545.21,salary,True
INC_NPU_00189_202502,NPU_00189,2025-02-02,40957.18,salary,True
INC_NPU_00189_202503,NPU_00189,2025-03-01,41258.81,salary,True
INC_NPU_00189_202504,NPU_00189,2025-04-05,42346.44,salary,True
INC_NPU_00189_202505,NPU_00189,2025-05-01,42548.13,salary,True
INC_NPU_00189_202506,NPU_00189,2025-06-01,42925.48,salary,True
INC_NPU_00189_202507,NPU_00189,2025-07-05,43164.18,salary,True
INC_NPU_00189_202508,NPU_00189,2025-08-01,43304.25,salary,True
INC_NPU_00189_202509,NPU_00189,2025-09-02,41368.45,salary,True
INC_NPU_00189_202510,NPU_00189,2025-10-03,41074.5,salary,True
INC_NPU_00189_202511,NPU_00189,2025-11-02,42712.2,salary,True
INC_NPU_00189_202512,NPU_00189,2025-12-01,41592.13,salary,True
INC_NPU_00190_202301,NPU_00190,2023-01-16,129197.98,business,True
INC_NPU_00190_202302,NPU_00190,2023-02-16,166222.47,business,True
INC_NPU_00190_202303,NPU_00190,2023-03-06,148629.51,business,True
INC_NPU_00190_202304,NPU_00190,2023-04-11,148427.09,business,True
INC_NPU_00190_202305,NPU_00190,2023-05-01,160330.55,business,True
INC_NPU_00190_202306,NPU_00190,2023-06-21,103653.67,business,True
INC_NPU_00190_202307,NPU_00190,2023-07-21,174426.04,business,True
INC_NPU_00190_202308,NPU_00190,2023-08-16,117005.08,business,True
INC_NPU_00190_202309,NPU_00190,2023-09-16,143003.79,business,True
INC_NPU_00190_202310,NPU_00190,2023-10-01,184405.54,business,True
INC_NPU_00190_202311,NPU_00190,2023-11-11,97393.12,business,True
INC_NPU_00190_202312,NPU_00190,2023-12-06,134229.65,business,True
INC_NPU_00190_202401,NPU_00190,2024-01-06,114520.78,business,True
INC_NPU_00190_202402,NPU_00190,2024-02-11,98710.56,business,True
INC_NPU_00190_202403,NPU_00190,2024-03-11,79069.54,business,True
INC_NPU_00190_202404,NPU_00190,2024-04-11,241499.68,business,True
INC_NPU_00190_202405,NPU_00190,2024-05-16,82049.08,business,True
INC_NPU_00190_202406,NPU_00190,2024-06-16,167013.92,business,True
INC_NPU_00190_202407,NPU_00190,2024-07-11,131487.42,business,True
INC_NPU_00190_202408,NPU_00190,2024-08-11,129293.64,business,True
INC_NPU_00190_202409,NPU_00190,2024-09-11,111990.49,business,True
INC_NPU_00190_202410,NPU_00190,2024-10-11,65233.65,business,True
INC_NPU_00190_202411,NPU_00190,2024-11-06,94590.49,business,True
INC_NPU_00190_202412,NPU_00190,2024-12-01,190599.08,business,True
INC_NPU_00190_202501,NPU_00190,2025-01-06,203253.11,business,True
INC_NPU_00190_202502,NPU_00190,2025-02-21,67747.09,business,True
INC_NPU_00190_202503,NPU_00190,2025-03-11,110178.33,business,True
INC_NPU_00190_202504,NPU_00190,2025-04-11,216917.8,business,True
INC_NPU_00190_202505,NPU_00190,2025-05-21,200616.79,business,True
INC_NPU_00190_202506,NPU_00190,2025-06-11,90073.81,business,True
INC_NPU_00190_202507,NPU_00190,2025-07-16,131685.01,business,True
INC_NPU_00190_202508,NPU_00190,2025-08-06,213208.74,business,True
INC_NPU_00190_202509,NPU_00190,2025-09-16,142727.84,business,True
INC_NPU_00190_202510,NPU_00190,2025-10-16,136271.71,business,True
INC_NPU_00190_202511,NPU_00190,2025-11-11,150288.97,business,True
INC_NPU_00190_202512,NPU_00190,2025-12-21,107258.41,business,True
INC_NPU_00191_202301,NPU_00191,2023-01-06,141401.37,business,True
INC_NPU_00191_202302,NPU_00191,2023-02-11,118697.25,business,True
INC_NPU_00191_202303,NPU_00191,2023-03-11,317415.87,business,True
INC_NPU_00191_202304,NPU_00191,2023-04-16,162963.49,business,True
INC_NPU_00191_202305,NPU_00191,2023-05-01,259938.42,business,True
INC_NPU_00191_202306,NPU_00191,2023-06-16,130836.12,business,True
INC_NPU_00191_202307,NPU_00191,2023-07-11,220702.8,business,True
INC_NPU_00191_202308,NPU_00191,2023-08-01,182012.26,business,True
INC_NPU_00191_202309,NPU_00191,2023-09-16,161049.52,business,True
INC_NPU_00191_202310,NPU_00191,2023-10-01,163091.61,business,True
INC_NPU_00191_202311,NPU_00191,2023-11-16,403125.67,business,True
INC_NPU_00191_202312,NPU_00191,2023-12-16,173601.33,business,True
INC_NPU_00191_202401,NPU_00191,2024-01-16,165074.64,business,True
INC_NPU_00191_202402,NPU_00191,2024-02-06,118767.58,business,True
INC_NPU_00191_202403,NPU_00191,2024-03-06,216311.24,business,True
INC_NPU_00191_202404,NPU_00191,2024-04-06,126705.88,business,True
INC_NPU_00191_202405,NPU_00191,2024-05-21,151891.38,business,True
INC_NPU_00191_202406,NPU_00191,2024-06-01,149840.38,business,True
INC_NPU_00191_202407,NPU_00191,2024-07-21,209926.56,business,True
INC_NPU_00191_202408,NPU_00191,2024-08-06,204397.94,business,True
INC_NPU_00191_202409,NPU_00191,2024-09-06,125566.41,business,True
INC_NPU_00191_202410,NPU_00191,2024-10-11,178264.22,business,True
INC_NPU_00191_202411,NPU_00191,2024-11-01,174725.82,business,True
INC_NPU_00191_202412,NPU_00191,2024-12-11,213283.32,business,True
INC_NPU_00191_202501,NPU_00191,2025-01-06,326374.97,business,True
INC_NPU_00191_202502,NPU_00191,2025-02-16,137445.88,business,True
INC_NPU_00191_202503,NPU_00191,2025-03-01,274521.72,business,True
INC_NPU_00191_202504,NPU_00191,2025-04-06,208225.47,business,True
INC_NPU_00191_202505,NPU_00191,2025-05-06,180362.77,business,True
INC_NPU_00191_202506,NPU_00191,2025-06-11,182283.76,business,True
INC_NPU_00191_202507,NPU_00191,2025-07-06,104812.8,business,True
INC_NPU_00191_202508,NPU_00191,2025-08-01,253804.43,business,True
INC_NPU_00191_202509,NPU_00191,2025-09-16,299230.66,business,True
INC_NPU_00191_202510,NPU_00191,2025-10-16,164714.63,business,True
INC_NPU_00191_202511,NPU_00191,2025-11-11,155969.59,business,True
INC_NPU_00191_202512,NPU_00191,2025-12-16,209186.97,business,True
INC_NPU_00192_202301,NPU_00192,2023-01-11,95915.38,freelance,True
INC_NPU_00192_202302,NPU_00192,2023-02-22,101527.67,freelance,True
INC_NPU_00192_202303,NPU_00192,2023-03-01,159840.03,freelance,True
INC_NPU_00192_202304,NPU_00192,2023-04-11,76315.07,freelance,True
INC_NPU_00192_202305,NPU_00192,2023-05-10,44604.29,freelance,True
INC_NPU_00192_202306,NPU_00192,2023-06-01,86077.6,freelance,True
INC_NPU_00192_202307,NPU_00192,2023-07-08,38998.32,freelance,True
INC_NPU_00192_202308,NPU_00192,2023-08-15,54479.18,freelance,True
INC_NPU_00192_202309,NPU_00192,2023-09-20,75401.31,freelance,True
INC_NPU_00192_202310,NPU_00192,2023-10-08,155415.95,freelance,True
INC_NPU_00192_202311,NPU_00192,2023-11-22,111012.66,freelance,True
INC_NPU_00192_202312,NPU_00192,2023-12-17,69002.78,freelance,True
INC_NPU_00192_202401,NPU_00192,2024-01-06,79613.87,freelance,True
INC_NPU_00192_202402,NPU_00192,2024-02-16,79046.03,freelance,True
INC_NPU_00192_202403,NPU_00192,2024-03-08,53439.55,freelance,True
INC_NPU_00192_202404,NPU_00192,2024-04-06,29630.79,freelance,True
INC_NPU_00192_202405,NPU_00192,2024-05-07,30728.0,freelance,True
INC_NPU_00192_202406,NPU_00192,2024-06-13,115898.31,freelance,True
INC_NPU_00192_202407,NPU_00192,2024-07-11,80577.73,freelance,True
INC_NPU_00192_202408,NPU_00192,2024-08-18,85268.46,freelance,True
INC_NPU_00192_202409,NPU_00192,2024-09-01,40032.06,freelance,True
INC_NPU_00192_202410,NPU_00192,2024-10-20,109919.3,freelance,True
INC_NPU_00192_202411,NPU_00192,2024-11-22,54489.81,freelance,True
INC_NPU_00192_202412,NPU_00192,2024-12-07,61355.26,freelance,True
INC_NPU_00192_202501,NPU_00192,2025-01-01,66861.78,freelance,True
INC_NPU_00192_202502,NPU_00192,2025-02-19,89518.28,freelance,True
INC_NPU_00192_202503,NPU_00192,2025-03-09,33318.63,freelance,True
INC_NPU_00192_202504,NPU_00192,2025-04-15,78016.48,freelance,True
INC_NPU_00192_202505,NPU_00192,2025-05-06,78412.09,freelance,True
INC_NPU_00192_202506,NPU_00192,2025-06-20,169997.27,freelance,True
INC_NPU_00192_202507,NPU_00192,2025-07-14,51847.21,freelance,True
INC_NPU_00192_202508,NPU_00192,2025-08-08,160018.94,freelance,True
INC_NPU_00192_202509,NPU_00192,2025-09-16,118451.8,freelance,True
INC_NPU_00192_202510,NPU_00192,2025-10-18,22626.09,freelance,True
INC_NPU_00192_202511,NPU_00192,2025-11-01,78809.82,freelance,True
INC_NPU_00192_202512,NPU_00192,2025-12-12,102161.24,freelance,True
INC_NPU_00193_202301,NPU_00193,2023-01-03,111036.08,salary,True
INC_NPU_00193_202302,NPU_00193,2023-02-01,112247.62,salary,True
INC_NPU_00193_202303,NPU_00193,2023-03-03,112266.5,salary,True
INC_NPU_00193_202304,NPU_00193,2023-04-05,111677.82,salary,True
INC_NPU_00193_202305,NPU_00193,2023-05-02,115451.28,salary,True
INC_NPU_00193_202306,NPU_00193,2023-06-03,113630.3,salary,True
INC_NPU_00193_202307,NPU_00193,2023-07-03,112560.55,salary,True
INC_NPU_00193_202308,NPU_00193,2023-08-05,118136.66,salary,True
INC_NPU_00193_202309,NPU_00193,2023-09-02,109432.15,salary,True
INC_NPU_00193_202310,NPU_00193,2023-10-02,116420.78,salary,True
INC_NPU_00193_202311,NPU_00193,2023-11-02,113993.49,salary,True
INC_NPU_00193_202312,NPU_00193,2023-12-01,112523.4,salary,True
INC_NPU_00193_202401,NPU_00193,2024-01-03,112773.22,salary,True
INC_NPU_00193_202402,NPU_00193,2024-02-01,113405.86,salary,True
INC_NPU_00193_202403,NPU_00193,2024-03-03,112294.03,salary,True
INC_NPU_00193_202404,NPU_00193,2024-04-01,116009.98,salary,True
INC_NPU_00193_202405,NPU_00193,2024-05-01,113221.87,salary,True
INC_NPU_00193_202406,NPU_00193,2024-06-01,115647.21,salary,True
INC_NPU_00193_202407,NPU_00193,2024-07-05,112807.05,salary,True
INC_NPU_00193_202408,NPU_00193,2024-08-02,114563.8,salary,True
INC_NPU_00193_202409,NPU_00193,2024-09-01,114562.83,salary,True
INC_NPU_00193_202410,NPU_00193,2024-10-04,114170.41,salary,True
INC_NPU_00193_202411,NPU_00193,2024-11-03,117178.85,salary,True
INC_NPU_00193_202412,NPU_00193,2024-12-01,117442.61,salary,True
INC_NPU_00193_202501,NPU_00193,2025-01-01,115878.1,salary,True
INC_NPU_00193_202502,NPU_00193,2025-02-04,116629.52,salary,True
INC_NPU_00193_202503,NPU_00193,2025-03-05,115742.9,salary,True
INC_NPU_00193_202504,NPU_00193,2025-04-01,113066.26,salary,True
INC_NPU_00193_202505,NPU_00193,2025-05-02,113809.63,salary,True
INC_NPU_00193_202506,NPU_00193,2025-06-01,109753.67,salary,True
INC_NPU_00193_202507,NPU_00193,2025-07-01,111954.47,salary,True
INC_NPU_00193_202508,NPU_00193,2025-08-02,111049.63,salary,True
INC_NPU_00193_202509,NPU_00193,2025-09-03,112504.58,salary,True
INC_NPU_00193_202510,NPU_00193,2025-10-05,114744.27,salary,True
INC_NPU_00193_202511,NPU_00193,2025-11-01,112987.47,salary,True
INC_NPU_00193_202512,NPU_00193,2025-12-01,116128.78,salary,True
INC_NPU_00194_202301,NPU_00194,2023-01-01,124482.37,salary,True
INC_NPU_00194_202302,NPU_00194,2023-02-03,128369.7,salary,True
INC_NPU_00194_202303,NPU_00194,2023-03-02,124278.82,salary,True
INC_NPU_00194_202304,NPU_00194,2023-04-03,129986.5,salary,True
INC_NPU_00194_202305,NPU_00194,2023-05-04,124477.55,salary,True
INC_NPU_00194_202306,NPU_00194,2023-06-01,127967.99,salary,True
INC_NPU_00194_202307,NPU_00194,2023-07-03,125071.55,salary,True
INC_NPU_00194_202308,NPU_00194,2023-08-01,130935.53,salary,True
INC_NPU_00194_202309,NPU_00194,2023-09-01,130805.77,salary,True
INC_NPU_00194_202310,NPU_00194,2023-10-02,127878.31,salary,True
INC_NPU_00194_202311,NPU_00194,2023-11-01,127826.32,salary,True
INC_NPU_00194_202312,NPU_00194,2023-12-03,128824.17,salary,True
INC_NPU_00194_202401,NPU_00194,2024-01-02,128324.23,salary,True
INC_NPU_00194_202402,NPU_00194,2024-02-01,129187.33,salary,True
INC_NPU_00194_202403,NPU_00194,2024-03-02,124425.66,salary,True
INC_NPU_00194_202404,NPU_00194,2024-04-03,126856.67,salary,True
INC_NPU_00194_202405,NPU_00194,2024-05-03,125242.75,salary,True
INC_NPU_00194_202406,NPU_00194,2024-06-05,130758.38,salary,True
INC_NPU_00194_202407,NPU_00194,2024-07-01,123732.17,salary,True
INC_NPU_00194_202408,NPU_00194,2024-08-01,131284.53,salary,True
INC_NPU_00194_202409,NPU_00194,2024-09-05,126901.65,salary,True
INC_NPU_00194_202410,NPU_00194,2024-10-02,129230.7,salary,True
INC_NPU_00194_202411,NPU_00194,2024-11-02,125520.85,salary,True
INC_NPU_00194_202412,NPU_00194,2024-12-05,123543.61,salary,True
INC_NPU_00194_202501,NPU_00194,2025-01-01,130635.92,salary,True
INC_NPU_00194_202502,NPU_00194,2025-02-05,128111.21,salary,True
INC_NPU_00194_202503,NPU_00194,2025-03-01,123931.12,salary,True
INC_NPU_00194_202504,NPU_00194,2025-04-04,126563.88,salary,True
INC_NPU_00194_202505,NPU_00194,2025-05-05,126374.36,salary,True
INC_NPU_00194_202506,NPU_00194,2025-06-03,128018.12,salary,True
INC_NPU_00194_202507,NPU_00194,2025-07-03,124415.41,salary,True
INC_NPU_00194_202508,NPU_00194,2025-08-01,123880.38,salary,True
INC_NPU_00194_202509,NPU_00194,2025-09-02,127190.59,salary,True
INC_NPU_00194_202510,NPU_00194,2025-10-03,124548.16,salary,True
INC_NPU_00194_202511,NPU_00194,2025-11-02,130731.24,salary,True
INC_NPU_00194_202512,NPU_00194,2025-12-01,128956.84,salary,True
INC_NPU_00195_202301,NPU_00195,2023-01-01,58348.82,salary,True
INC_NPU_00195_202302,NPU_00195,2023-02-01,55191.69,salary,True
INC_NPU_00195_202303,NPU_00195,2023-03-05,56873.73,salary,True
INC_NPU_00195_202304,NPU_00195,2023-04-04,57091.83,salary,True
INC_NPU_00195_202305,NPU_00195,2023-05-03,56222.06,salary,True
INC_NPU_00195_202306,NPU_00195,2023-06-01,58104.07,salary,True
INC_NPU_00195_202307,NPU_00195,2023-07-01,57937.94,salary,True
INC_NPU_00195_202308,NPU_00195,2023-08-03,58297.77,salary,True
INC_NPU_00195_202309,NPU_00195,2023-09-05,58645.91,salary,True
INC_NPU_00195_202310,NPU_00195,2023-10-05,58579.73,salary,True
INC_NPU_00195_202311,NPU_00195,2023-11-01,60577.98,salary,True
INC_NPU_00195_202312,NPU_00195,2023-12-01,57397.94,salary,True
INC_NPU_00195_202401,NPU_00195,2024-01-03,57199.69,salary,True
INC_NPU_00195_202402,NPU_00195,2024-02-01,58088.14,salary,True
INC_NPU_00195_202403,NPU_00195,2024-03-01,58871.0,salary,True
INC_NPU_00195_202404,NPU_00195,2024-04-01,55622.6,salary,True
INC_NPU_00195_202405,NPU_00195,2024-05-04,56531.06,salary,True
INC_NPU_00195_202406,NPU_00195,2024-06-04,56767.37,salary,True
INC_NPU_00195_202407,NPU_00195,2024-07-02,57511.65,salary,True
INC_NPU_00195_202408,NPU_00195,2024-08-01,56880.0,salary,True
INC_NPU_00195_202409,NPU_00195,2024-09-05,58666.38,salary,True
INC_NPU_00195_202410,NPU_00195,2024-10-01,57669.93,salary,True
INC_NPU_00195_202411,NPU_00195,2024-11-05,57289.33,salary,True
INC_NPU_00195_202412,NPU_00195,2024-12-04,57948.75,salary,True
INC_NPU_00195_202501,NPU_00195,2025-01-01,55327.99,salary,True
INC_NPU_00195_202502,NPU_00195,2025-02-01,57890.07,salary,True
INC_NPU_00195_202503,NPU_00195,2025-03-01,56419.95,salary,True
INC_NPU_00195_202504,NPU_00195,2025-04-02,58427.27,salary,True
INC_NPU_00195_202505,NPU_00195,2025-05-04,55481.86,salary,True
INC_NPU_00195_202506,NPU_00195,2025-06-01,58027.83,salary,True
INC_NPU_00195_202507,NPU_00195,2025-07-02,56448.27,salary,True
INC_NPU_00195_202508,NPU_00195,2025-08-01,58897.93,salary,True
INC_NPU_00195_202509,NPU_00195,2025-09-01,55701.43,salary,True
INC_NPU_00195_202510,NPU_00195,2025-10-04,57469.36,salary,True
INC_NPU_00195_202511,NPU_00195,2025-11-03,58239.24,salary,True
INC_NPU_00195_202512,NPU_00195,2025-12-02,57820.58,salary,True
INC_NPU_00196_202301,NPU_00196,2023-01-01,28152.38,salary,True
INC_NPU_00196_202302,NPU_00196,2023-02-01,27275.61,salary,True
INC_NPU_00196_202303,NPU_00196,2023-03-01,27243.49,salary,True
INC_NPU_00196_202304,NPU_00196,2023-04-01,28130.08,salary,True
INC_NPU_00196_202305,NPU_00196,2023-05-02,28040.65,salary,True
INC_NPU_00196_202306,NPU_00196,2023-06-02,27401.25,salary,True
INC_NPU_00196_202307,NPU_00196,2023-07-02,27372.53,salary,True
INC_NPU_00196_202308,NPU_00196,2023-08-03,27905.92,salary,True
INC_NPU_00196_202309,NPU_00196,2023-09-01,27751.64,salary,True
INC_NPU_00196_202310,NPU_00196,2023-10-02,29049.09,salary,True
INC_NPU_00196_202311,NPU_00196,2023-11-01,28719.31,salary,True
INC_NPU_00196_202312,NPU_00196,2023-12-02,28428.86,salary,True
INC_NPU_00196_202401,NPU_00196,2024-01-01,28799.07,salary,True
INC_NPU_00196_202402,NPU_00196,2024-02-01,27604.76,salary,True
INC_NPU_00196_202403,NPU_00196,2024-03-03,27680.69,salary,True
INC_NPU_00196_202404,NPU_00196,2024-04-02,28621.6,salary,True
INC_NPU_00196_202405,NPU_00196,2024-05-02,27983.4,salary,True
INC_NPU_00196_202406,NPU_00196,2024-06-01,28017.25,salary,True
INC_NPU_00196_202407,NPU_00196,2024-07-01,27338.93,salary,True
INC_NPU_00196_202408,NPU_00196,2024-08-03,28591.9,salary,True
INC_NPU_00196_202409,NPU_00196,2024-09-01,28285.11,salary,True
INC_NPU_00196_202410,NPU_00196,2024-10-03,27812.04,salary,True
INC_NPU_00196_202411,NPU_00196,2024-11-01,27684.62,salary,True
INC_NPU_00196_202412,NPU_00196,2024-12-01,28692.13,salary,True
INC_NPU_00196_202501,NPU_00196,2025-01-01,27611.11,salary,True
INC_NPU_00196_202502,NPU_00196,2025-02-02,27178.5,salary,True
INC_NPU_00196_202503,NPU_00196,2025-03-05,28728.81,salary,True
INC_NPU_00196_202504,NPU_00196,2025-04-03,28742.11,salary,True
INC_NPU_00196_202505,NPU_00196,2025-05-03,27609.07,salary,True
INC_NPU_00196_202506,NPU_00196,2025-06-01,29183.86,salary,True
INC_NPU_00196_202507,NPU_00196,2025-07-05,27919.37,salary,True
INC_NPU_00196_202508,NPU_00196,2025-08-01,27614.89,salary,True
INC_NPU_00196_202509,NPU_00196,2025-09-03,28265.74,salary,True
INC_NPU_00196_202510,NPU_00196,2025-10-02,27263.27,salary,True
INC_NPU_00196_202511,NPU_00196,2025-11-01,27455.99,salary,True
INC_NPU_00196_202512,NPU_00196,2025-12-01,28133.71,salary,True
INC_NPU_00197_202301,NPU_00197,2023-01-03,196809.76,salary,True
INC_NPU_00197_202302,NPU_00197,2023-02-05,200034.86,salary,True
INC_NPU_00197_202303,NPU_00197,2023-03-03,191919.57,salary,True
INC_NPU_00197_202304,NPU_00197,2023-04-03,204001.25,salary,True
INC_NPU_00197_202305,NPU_00197,2023-05-05,190039.49,salary,True
INC_NPU_00197_202306,NPU_00197,2023-06-05,194784.0,salary,True
INC_NPU_00197_202307,NPU_00197,2023-07-02,196667.16,salary,True
INC_NPU_00197_202308,NPU_00197,2023-08-04,194613.2,salary,True
INC_NPU_00197_202309,NPU_00197,2023-09-01,191399.06,salary,True
INC_NPU_00197_202310,NPU_00197,2023-10-04,196237.99,salary,True
INC_NPU_00197_202311,NPU_00197,2023-11-01,199070.12,salary,True
INC_NPU_00197_202312,NPU_00197,2023-12-01,195648.04,salary,True
INC_NPU_00197_202401,NPU_00197,2024-01-02,193165.08,salary,True
INC_NPU_00197_202402,NPU_00197,2024-02-01,200179.67,salary,True
INC_NPU_00197_202403,NPU_00197,2024-03-02,200345.23,salary,True
INC_NPU_00197_202404,NPU_00197,2024-04-01,195448.64,salary,True
INC_NPU_00197_202405,NPU_00197,2024-05-03,197786.02,salary,True
INC_NPU_00197_202406,NPU_00197,2024-06-02,200147.39,salary,True
INC_NPU_00197_202407,NPU_00197,2024-07-03,199022.54,salary,True
INC_NPU_00197_202408,NPU_00197,2024-08-05,197671.69,salary,True
INC_NPU_00197_202409,NPU_00197,2024-09-03,198848.67,salary,True
INC_NPU_00197_202410,NPU_00197,2024-10-02,198060.98,salary,True
INC_NPU_00197_202411,NPU_00197,2024-11-01,196457.36,salary,True
INC_NPU_00197_202412,NPU_00197,2024-12-01,191849.45,salary,True
INC_NPU_00197_202501,NPU_00197,2025-01-05,192635.13,salary,True
INC_NPU_00197_202502,NPU_00197,2025-02-04,198235.78,salary,True
INC_NPU_00197_202503,NPU_00197,2025-03-01,194576.15,salary,True
INC_NPU_00197_202504,NPU_00197,2025-04-02,198087.76,salary,True
INC_NPU_00197_202505,NPU_00197,2025-05-01,191759.6,salary,True
INC_NPU_00197_202506,NPU_00197,2025-06-02,193488.18,salary,True
INC_NPU_00197_202507,NPU_00197,2025-07-01,195647.92,salary,True
INC_NPU_00197_202508,NPU_00197,2025-08-01,188080.4,salary,True
INC_NPU_00197_202509,NPU_00197,2025-09-03,193016.09,salary,True
INC_NPU_00197_202510,NPU_00197,2025-10-04,193941.94,salary,True
INC_NPU_00197_202511,NPU_00197,2025-11-02,197090.01,salary,True
INC_NPU_00197_202512,NPU_00197,2025-12-01,195416.11,salary,True
INC_NPU_00198_202301,NPU_00198,2023-01-01,222930.33,freelance,True
INC_NPU_00198_202302,NPU_00198,2023-02-07,38758.87,freelance,True
INC_NPU_00198_202303,NPU_00198,2023-03-12,270399.66,freelance,True
INC_NPU_00198_202304,NPU_00198,2023-04-23,208758.48,freelance,True
INC_NPU_00198_202305,NPU_00198,2023-05-22,352224.79,freelance,True
INC_NPU_00198_202306,NPU_00198,2023-06-17,358345.55,freelance,True
INC_NPU_00198_202307,NPU_00198,2023-07-09,201497.97,freelance,True
INC_NPU_00198_202308,NPU_00198,2023-08-07,297301.67,freelance,True
INC_NPU_00198_202309,NPU_00198,2023-09-16,236937.45,freelance,True
INC_NPU_00198_202310,NPU_00198,2023-10-21,260318.43,freelance,True
INC_NPU_00198_202311,NPU_00198,2023-11-20,177462.38,freelance,True
INC_NPU_00198_202312,NPU_00198,2023-12-10,97874.15,freelance,True
INC_NPU_00198_202401,NPU_00198,2024-01-14,182757.07,freelance,True
INC_NPU_00198_202402,NPU_00198,2024-02-08,223980.69,freelance,True
INC_NPU_00198_202403,NPU_00198,2024-03-20,136332.67,freelance,True
INC_NPU_00198_202404,NPU_00198,2024-04-20,169304.59,freelance,True
INC_NPU_00198_202405,NPU_00198,2024-05-11,147993.72,freelance,True
INC_NPU_00198_202406,NPU_00198,2024-06-01,180838.25,freelance,True
INC_NPU_00198_202407,NPU_00198,2024-07-23,247177.14,freelance,True
INC_NPU_00198_202408,NPU_00198,2024-08-18,173724.81,freelance,True
INC_NPU_00198_202409,NPU_00198,2024-09-22,262776.06,freelance,True
INC_NPU_00198_202410,NPU_00198,2024-10-14,153185.9,freelance,True
INC_NPU_00198_202411,NPU_00198,2024-11-22,143155.04,freelance,True
INC_NPU_00198_202412,NPU_00198,2024-12-06,138484.13,freelance,True
INC_NPU_00198_202501,NPU_00198,2025-01-17,127155.43,freelance,True
INC_NPU_00198_202502,NPU_00198,2025-02-06,206480.61,freelance,True
INC_NPU_00198_202503,NPU_00198,2025-03-02,287919.0,freelance,True
INC_NPU_00198_202504,NPU_00198,2025-04-20,192150.5,freelance,True
INC_NPU_00198_202505,NPU_00198,2025-05-16,97630.72,freelance,True
INC_NPU_00198_202506,NPU_00198,2025-06-05,23118.88,freelance,True
INC_NPU_00198_202507,NPU_00198,2025-07-12,146460.05,freelance,True
INC_NPU_00198_202508,NPU_00198,2025-08-02,140334.03,freelance,True
INC_NPU_00198_202509,NPU_00198,2025-09-24,54147.59,freelance,True
INC_NPU_00198_202510,NPU_00198,2025-10-20,90871.65,freelance,True
INC_NPU_00198_202511,NPU_00198,2025-11-22,339003.98,freelance,True
INC_NPU_00198_202512,NPU_00198,2025-12-18,322056.06,freelance,True
INC_NPU_00199_202301,NPU_00199,2023-01-05,35430.75,salary,True
INC_NPU_00199_202302,NPU_00199,2023-02-02,34933.23,salary,True
INC_NPU_00199_202303,NPU_00199,2023-03-01,35519.94,salary,True
INC_NPU_00199_202304,NPU_00199,2023-04-02,36157.62,salary,True
INC_NPU_00199_202305,NPU_00199,2023-05-05,35336.25,salary,True
INC_NPU_00199_202306,NPU_00199,2023-06-01,36377.22,salary,True
INC_NPU_00199_202307,NPU_00199,2023-07-05,35565.48,salary,True
INC_NPU_00199_202308,NPU_00199,2023-08-02,36209.41,salary,True
INC_NPU_00199_202309,NPU_00199,2023-09-02,35258.91,salary,True
INC_NPU_00199_202310,NPU_00199,2023-10-01,35957.23,salary,True
INC_NPU_00199_202311,NPU_00199,2023-11-01,35355.8,salary,True
INC_NPU_00199_202312,NPU_00199,2023-12-01,35772.1,salary,True
INC_NPU_00199_202401,NPU_00199,2024-01-02,37331.22,salary,True
INC_NPU_00199_202402,NPU_00199,2024-02-05,35650.96,salary,True
INC_NPU_00199_202403,NPU_00199,2024-03-02,35087.05,salary,True
INC_NPU_00199_202404,NPU_00199,2024-04-03,36001.07,salary,True
INC_NPU_00199_202405,NPU_00199,2024-05-01,36013.07,salary,True
INC_NPU_00199_202406,NPU_00199,2024-06-03,36008.52,salary,True
INC_NPU_00199_202407,NPU_00199,2024-07-03,36333.41,salary,True
INC_NPU_00199_202408,NPU_00199,2024-08-02,35619.29,salary,True
INC_NPU_00199_202409,NPU_00199,2024-09-01,36405.54,salary,True
INC_NPU_00199_202410,NPU_00199,2024-10-02,35928.56,salary,True
INC_NPU_00199_202411,NPU_00199,2024-11-02,35052.08,salary,True
INC_NPU_00199_202412,NPU_00199,2024-12-05,36509.44,salary,True
INC_NPU_00199_202501,NPU_00199,2025-01-01,36067.39,salary,True
INC_NPU_00199_202502,NPU_00199,2025-02-01,36365.77,salary,True
INC_NPU_00199_202503,NPU_00199,2025-03-01,35121.78,salary,True
INC_NPU_00199_202504,NPU_00199,2025-04-05,36554.63,salary,True
INC_NPU_00199_202505,NPU_00199,2025-05-04,37560.13,salary,True
INC_NPU_00199_202506,NPU_00199,2025-06-01,35075.28,salary,True
INC_NPU_00199_202507,NPU_00199,2025-07-02,36661.22,salary,True
INC_NPU_00199_202508,NPU_00199,2025-08-04,36070.4,salary,True
INC_NPU_00199_202509,NPU_00199,2025-09-01,35935.9,salary,True
INC_NPU_00199_202510,NPU_00199,2025-10-02,36563.56,salary,True
INC_NPU_00199_202511,NPU_00199,2025-11-01,36477.94,salary,True
INC_NPU_00199_202512,NPU_00199,2025-12-01,36850.67,salary,True
INC_NPU_00200_202301,NPU_00200,2023-01-02,81713.07,salary,True
INC_NPU_00200_202302,NPU_00200,2023-02-01,85751.61,salary,True
INC_NPU_00200_202303,NPU_00200,2023-03-02,84169.92,salary,True
INC_NPU_00200_202304,NPU_00200,2023-04-04,80965.83,salary,True
INC_NPU_00200_202305,NPU_00200,2023-05-01,82902.83,salary,True
INC_NPU_00200_202306,NPU_00200,2023-06-05,83901.51,salary,True
INC_NPU_00200_202307,NPU_00200,2023-07-05,82868.83,salary,True
INC_NPU_00200_202308,NPU_00200,2023-08-03,83348.11,salary,True
INC_NPU_00200_202309,NPU_00200,2023-09-04,82648.44,salary,True
INC_NPU_00200_202310,NPU_00200,2023-10-05,86630.56,salary,True
INC_NPU_00200_202311,NPU_00200,2023-11-01,88388.35,salary,True
INC_NPU_00200_202312,NPU_00200,2023-12-01,84671.3,salary,True
INC_NPU_00200_202401,NPU_00200,2024-01-01,83694.12,salary,True
INC_NPU_00200_202402,NPU_00200,2024-02-03,81943.81,salary,True
INC_NPU_00200_202403,NPU_00200,2024-03-05,85682.97,salary,True
INC_NPU_00200_202404,NPU_00200,2024-04-01,84438.3,salary,True
INC_NPU_00200_202405,NPU_00200,2024-05-03,82091.78,salary,True
INC_NPU_00200_202406,NPU_00200,2024-06-02,82102.16,salary,True
INC_NPU_00200_202407,NPU_00200,2024-07-01,83387.01,salary,True
INC_NPU_00200_202408,NPU_00200,2024-08-01,83710.68,salary,True
INC_NPU_00200_202409,NPU_00200,2024-09-01,84629.5,salary,True
INC_NPU_00200_202410,NPU_00200,2024-10-02,83492.61,salary,True
INC_NPU_00200_202411,NPU_00200,2024-11-01,84777.06,salary,True
INC_NPU_00200_202412,NPU_00200,2024-12-01,82870.34,salary,True
INC_NPU_00200_202501,NPU_00200,2025-01-01,83496.92,salary,True
INC_NPU_00200_202502,NPU_00200,2025-02-02,85753.73,salary,True
INC_NPU_00200_202503,NPU_00200,2025-03-04,84857.0,salary,True
INC_NPU_00200_202504,NPU_00200,2025-04-02,83592.79,salary,True
INC_NPU_00200_202505,NPU_00200,2025-05-05,80072.62,salary,True
INC_NPU_00200_202506,NPU_00200,2025-06-03,84109.24,salary,True
INC_NPU_00200_202507,NPU_00200,2025-07-04,83504.14,salary,True
INC_NPU_00200_202508,NPU_00200,2025-08-01,81394.05,salary,True
INC_NPU_00200_202509,NPU_00200,2025-09-03,79554.82,salary,True
INC_NPU_00200_202510,NPU_00200,2025-10-02,86377.61,salary,True
INC_NPU_00200_202511,NPU_00200,2025-11-04,82187.74,salary,True
INC_NPU_00200_202512,NPU_00200,2025-12-01,82987.7,salary,True
INC_NPU_00201_202301,NPU_00201,2023-01-01,169719.6,salary,True
INC_NPU_00201_202302,NPU_00201,2023-02-02,158001.38,salary,True
INC_NPU_00201_202303,NPU_00201,2023-03-01,160940.75,salary,True
INC_NPU_00201_202304,NPU_00201,2023-04-01,165705.99,salary,True
INC_NPU_00201_202305,NPU_00201,2023-05-05,167492.32,salary,True
INC_NPU_00201_202306,NPU_00201,2023-06-03,162877.39,salary,True
INC_NPU_00201_202307,NPU_00201,2023-07-01,165360.34,salary,True
INC_NPU_00201_202308,NPU_00201,2023-08-02,160621.4,salary,True
INC_NPU_00201_202309,NPU_00201,2023-09-02,153491.47,salary,True
INC_NPU_00201_202310,NPU_00201,2023-10-01,165024.75,salary,True
INC_NPU_00201_202311,NPU_00201,2023-11-02,161220.65,salary,True
INC_NPU_00201_202312,NPU_00201,2023-12-02,160259.66,salary,True
INC_NPU_00201_202401,NPU_00201,2024-01-05,159987.84,salary,True
INC_NPU_00201_202402,NPU_00201,2024-02-01,163510.34,salary,True
INC_NPU_00201_202403,NPU_00201,2024-03-01,163470.23,salary,True
INC_NPU_00201_202404,NPU_00201,2024-04-03,161312.42,salary,True
INC_NPU_00201_202405,NPU_00201,2024-05-03,162715.21,salary,True
INC_NPU_00201_202406,NPU_00201,2024-06-02,157945.3,salary,True
INC_NPU_00201_202407,NPU_00201,2024-07-01,160667.15,salary,True
INC_NPU_00201_202408,NPU_00201,2024-08-04,158072.56,salary,True
INC_NPU_00201_202409,NPU_00201,2024-09-01,157976.82,salary,True
INC_NPU_00201_202410,NPU_00201,2024-10-02,162394.13,salary,True
INC_NPU_00201_202411,NPU_00201,2024-11-02,161480.65,salary,True
INC_NPU_00201_202412,NPU_00201,2024-12-01,159905.38,salary,True
INC_NPU_00201_202501,NPU_00201,2025-01-04,160513.3,salary,True
INC_NPU_00201_202502,NPU_00201,2025-02-03,162667.04,salary,True
INC_NPU_00201_202503,NPU_00201,2025-03-01,163580.86,salary,True
INC_NPU_00201_202504,NPU_00201,2025-04-01,163014.97,salary,True
INC_NPU_00201_202505,NPU_00201,2025-05-05,158047.87,salary,True
INC_NPU_00201_202506,NPU_00201,2025-06-04,156103.61,salary,True
INC_NPU_00201_202507,NPU_00201,2025-07-02,154352.74,salary,True
INC_NPU_00201_202508,NPU_00201,2025-08-01,158848.59,salary,True
INC_NPU_00201_202509,NPU_00201,2025-09-03,154385.8,salary,True
INC_NPU_00201_202510,NPU_00201,2025-10-04,166196.5,salary,True
INC_NPU_00201_202511,NPU_00201,2025-11-02,160410.63,salary,True
INC_NPU_00201_202512,NPU_00201,2025-12-01,157228.36,salary,True
INC_NPU_00202_202301,NPU_00202,2023-01-02,19562.79,salary,True
INC_NPU_00202_202302,NPU_00202,2023-02-02,18964.15,salary,True
INC_NPU_00202_202303,NPU_00202,2023-03-04,19186.68,salary,True
INC_NPU_00202_202304,NPU_00202,2023-04-04,19534.67,salary,True
INC_NPU_00202_202305,NPU_00202,2023-05-02,19472.25,salary,True
INC_NPU_00202_202306,NPU_00202,2023-06-01,19531.62,salary,True
INC_NPU_00202_202307,NPU_00202,2023-07-03,19855.26,salary,True
INC_NPU_00202_202308,NPU_00202,2023-08-01,20053.86,salary,True
INC_NPU_00202_202309,NPU_00202,2023-09-03,19722.17,salary,True
INC_NPU_00202_202310,NPU_00202,2023-10-02,20076.91,salary,True
INC_NPU_00202_202311,NPU_00202,2023-11-02,19480.56,salary,True
INC_NPU_00202_202312,NPU_00202,2023-12-02,20135.35,salary,True
INC_NPU_00202_202401,NPU_00202,2024-01-05,19728.39,salary,True
INC_NPU_00202_202402,NPU_00202,2024-02-02,20015.79,salary,True
INC_NPU_00202_202403,NPU_00202,2024-03-03,19487.98,salary,True
INC_NPU_00202_202404,NPU_00202,2024-04-01,19710.51,salary,True
INC_NPU_00202_202405,NPU_00202,2024-05-01,20496.21,salary,True
INC_NPU_00202_202406,NPU_00202,2024-06-01,19707.59,salary,True
INC_NPU_00202_202407,NPU_00202,2024-07-04,20050.06,salary,True
INC_NPU_00202_202408,NPU_00202,2024-08-03,20102.95,salary,True
INC_NPU_00202_202409,NPU_00202,2024-09-04,19916.16,salary,True
INC_NPU_00202_202410,NPU_00202,2024-10-01,19987.82,salary,True
INC_NPU_00202_202411,NPU_00202,2024-11-04,19489.08,salary,True
INC_NPU_00202_202412,NPU_00202,2024-12-04,19364.95,salary,True
INC_NPU_00202_202501,NPU_00202,2025-01-03,19286.84,salary,True
INC_NPU_00202_202502,NPU_00202,2025-02-01,19836.02,salary,True
INC_NPU_00202_202503,NPU_00202,2025-03-01,19696.34,salary,True
INC_NPU_00202_202504,NPU_00202,2025-04-03,19807.81,salary,True
INC_NPU_00202_202505,NPU_00202,2025-05-02,19227.73,salary,True
INC_NPU_00202_202506,NPU_00202,2025-06-03,19419.09,salary,True
INC_NPU_00202_202507,NPU_00202,2025-07-04,20037.96,salary,True
INC_NPU_00202_202508,NPU_00202,2025-08-01,19755.26,salary,True
INC_NPU_00202_202509,NPU_00202,2025-09-04,19731.28,salary,True
INC_NPU_00202_202510,NPU_00202,2025-10-01,19595.63,salary,True
INC_NPU_00202_202511,NPU_00202,2025-11-03,19386.35,salary,True
INC_NPU_00202_202512,NPU_00202,2025-12-05,20150.14,salary,True
INC_NPU_00203_202301,NPU_00203,2023-01-01,27922.21,salary,True
INC_NPU_00203_202302,NPU_00203,2023-02-03,27217.2,salary,True
INC_NPU_00203_202303,NPU_00203,2023-03-05,26216.73,salary,True
INC_NPU_00203_202304,NPU_00203,2023-04-03,27108.58,salary,True
INC_NPU_00203_202305,NPU_00203,2023-05-02,27968.25,salary,True
INC_NPU_00203_202306,NPU_00203,2023-06-01,26826.55,salary,True
INC_NPU_00203_202307,NPU_00203,2023-07-04,26940.47,salary,True
INC_NPU_00203_202308,NPU_00203,2023-08-01,27638.47,salary,True
INC_NPU_00203_202309,NPU_00203,2023-09-05,26932.0,salary,True
INC_NPU_00203_202310,NPU_00203,2023-10-05,26181.19,salary,True
INC_NPU_00203_202311,NPU_00203,2023-11-01,27186.39,salary,True
INC_NPU_00203_202312,NPU_00203,2023-12-01,26091.63,salary,True
INC_NPU_00203_202401,NPU_00203,2024-01-03,27937.38,salary,True
INC_NPU_00203_202402,NPU_00203,2024-02-01,27588.12,salary,True
INC_NPU_00203_202403,NPU_00203,2024-03-03,27778.09,salary,True
INC_NPU_00203_202404,NPU_00203,2024-04-01,26693.09,salary,True
INC_NPU_00203_202405,NPU_00203,2024-05-01,28071.06,salary,True
INC_NPU_00203_202406,NPU_00203,2024-06-03,27136.65,salary,True
INC_NPU_00203_202407,NPU_00203,2024-07-03,27830.61,salary,True
INC_NPU_00203_202408,NPU_00203,2024-08-01,27372.63,salary,True
INC_NPU_00203_202409,NPU_00203,2024-09-01,27614.93,salary,True
INC_NPU_00203_202410,NPU_00203,2024-10-01,27414.85,salary,True
INC_NPU_00203_202411,NPU_00203,2024-11-03,26928.12,salary,True
INC_NPU_00203_202412,NPU_00203,2024-12-02,26353.62,salary,True
INC_NPU_00203_202501,NPU_00203,2025-01-02,27878.1,salary,True
INC_NPU_00203_202502,NPU_00203,2025-02-03,25887.32,salary,True
INC_NPU_00203_202503,NPU_00203,2025-03-01,27679.02,salary,True
INC_NPU_00203_202504,NPU_00203,2025-04-01,27877.28,salary,True
INC_NPU_00203_202505,NPU_00203,2025-05-02,26461.95,salary,True
INC_NPU_00203_202506,NPU_00203,2025-06-01,26956.24,salary,True
INC_NPU_00203_202507,NPU_00203,2025-07-01,26408.87,salary,True
INC_NPU_00203_202508,NPU_00203,2025-08-01,26851.34,salary,True
INC_NPU_00203_202509,NPU_00203,2025-09-04,27768.05,salary,True
INC_NPU_00203_202510,NPU_00203,2025-10-01,27608.2,salary,True
INC_NPU_00203_202511,NPU_00203,2025-11-04,27528.03,salary,True
INC_NPU_00203_202512,NPU_00203,2025-12-01,26959.84,salary,True
INC_NPU_00204_202301,NPU_00204,2023-01-11,53726.91,business,True
INC_NPU_00204_202302,NPU_00204,2023-02-11,74586.36,business,True
INC_NPU_00204_202303,NPU_00204,2023-03-06,121251.47,business,True
INC_NPU_00204_202304,NPU_00204,2023-04-21,70243.05,business,True
INC_NPU_00204_202305,NPU_00204,2023-05-21,78781.13,business,True
INC_NPU_00204_202306,NPU_00204,2023-06-11,141281.97,business,True
INC_NPU_00204_202307,NPU_00204,2023-07-11,155520.86,business,True
INC_NPU_00204_202308,NPU_00204,2023-08-06,67111.36,business,True
INC_NPU_00204_202309,NPU_00204,2023-09-11,71730.76,business,True
INC_NPU_00204_202310,NPU_00204,2023-10-01,159128.78,business,True
INC_NPU_00204_202311,NPU_00204,2023-11-16,122513.85,business,True
INC_NPU_00204_202312,NPU_00204,2023-12-06,115809.35,business,True
INC_NPU_00204_202401,NPU_00204,2024-01-01,106274.27,business,True
INC_NPU_00204_202402,NPU_00204,2024-02-06,126091.59,business,True
INC_NPU_00204_202403,NPU_00204,2024-03-06,102228.98,business,True
INC_NPU_00204_202404,NPU_00204,2024-04-21,128424.65,business,True
INC_NPU_00204_202405,NPU_00204,2024-05-01,95137.24,business,True
INC_NPU_00204_202406,NPU_00204,2024-06-11,104121.97,business,True
INC_NPU_00204_202407,NPU_00204,2024-07-16,141241.38,business,True
INC_NPU_00204_202408,NPU_00204,2024-08-16,82925.84,business,True
INC_NPU_00204_202409,NPU_00204,2024-09-11,119063.59,business,True
INC_NPU_00204_202410,NPU_00204,2024-10-01,126022.02,business,True
INC_NPU_00204_202411,NPU_00204,2024-11-06,147498.65,business,True
INC_NPU_00204_202412,NPU_00204,2024-12-01,132083.91,business,True
INC_NPU_00204_202501,NPU_00204,2025-01-06,64432.07,business,True
INC_NPU_00204_202502,NPU_00204,2025-02-01,99549.87,business,True
INC_NPU_00204_202503,NPU_00204,2025-03-06,166902.58,business,True
INC_NPU_00204_202504,NPU_00204,2025-04-01,129729.74,business,True
INC_NPU_00204_202505,NPU_00204,2025-05-16,63721.57,business,True
INC_NPU_00204_202506,NPU_00204,2025-06-01,83860.0,business,True
INC_NPU_00204_202507,NPU_00204,2025-07-01,227172.6,business,True
INC_NPU_00204_202508,NPU_00204,2025-08-16,110502.75,business,True
INC_NPU_00204_202509,NPU_00204,2025-09-16,112283.79,business,True
INC_NPU_00204_202510,NPU_00204,2025-10-16,92318.64,business,True
INC_NPU_00204_202511,NPU_00204,2025-11-11,122056.82,business,True
INC_NPU_00204_202512,NPU_00204,2025-12-11,54213.69,business,True
INC_NPU_00205_202301,NPU_00205,2023-01-01,32131.46,salary,True
INC_NPU_00205_202302,NPU_00205,2023-02-03,32882.34,salary,True
INC_NPU_00205_202303,NPU_00205,2023-03-01,31859.33,salary,True
INC_NPU_00205_202304,NPU_00205,2023-04-01,32471.14,salary,True
INC_NPU_00205_202305,NPU_00205,2023-05-01,32502.15,salary,True
INC_NPU_00205_202306,NPU_00205,2023-06-01,33052.02,salary,True
INC_NPU_00205_202307,NPU_00205,2023-07-04,32255.45,salary,True
INC_NPU_00205_202308,NPU_00205,2023-08-01,33554.43,salary,True
INC_NPU_00205_202309,NPU_00205,2023-09-03,33523.77,salary,True
INC_NPU_00205_202310,NPU_00205,2023-10-04,31896.97,salary,True
INC_NPU_00205_202311,NPU_00205,2023-11-04,32452.33,salary,True
INC_NPU_00205_202312,NPU_00205,2023-12-03,31666.94,salary,True
INC_NPU_00205_202401,NPU_00205,2024-01-02,32778.65,salary,True
INC_NPU_00205_202402,NPU_00205,2024-02-03,32149.59,salary,True
INC_NPU_00205_202403,NPU_00205,2024-03-03,32543.19,salary,True
INC_NPU_00205_202404,NPU_00205,2024-04-02,32305.03,salary,True
INC_NPU_00205_202405,NPU_00205,2024-05-01,34285.14,salary,True
INC_NPU_00205_202406,NPU_00205,2024-06-01,32376.07,salary,True
INC_NPU_00205_202407,NPU_00205,2024-07-01,32320.1,salary,True
INC_NPU_00205_202408,NPU_00205,2024-08-02,33098.52,salary,True
INC_NPU_00205_202409,NPU_00205,2024-09-04,33200.11,salary,True
INC_NPU_00205_202410,NPU_00205,2024-10-02,32635.56,salary,True
INC_NPU_00205_202411,NPU_00205,2024-11-01,33220.68,salary,True
INC_NPU_00205_202412,NPU_00205,2024-12-03,34123.84,salary,True
INC_NPU_00205_202501,NPU_00205,2025-01-01,32271.87,salary,True
INC_NPU_00205_202502,NPU_00205,2025-02-01,31731.6,salary,True
INC_NPU_00205_202503,NPU_00205,2025-03-05,33975.63,salary,True
INC_NPU_00205_202504,NPU_00205,2025-04-03,32725.76,salary,True
INC_NPU_00205_202505,NPU_00205,2025-05-02,33150.16,salary,True
INC_NPU_00205_202506,NPU_00205,2025-06-03,33488.63,salary,True
INC_NPU_00205_202507,NPU_00205,2025-07-01,32843.7,salary,True
INC_NPU_00205_202508,NPU_00205,2025-08-02,32486.94,salary,True
INC_NPU_00205_202509,NPU_00205,2025-09-05,31980.8,salary,True
INC_NPU_00205_202510,NPU_00205,2025-10-02,33313.35,salary,True
INC_NPU_00205_202511,NPU_00205,2025-11-01,32669.69,salary,True
INC_NPU_00205_202512,NPU_00205,2025-12-03,31392.23,salary,True
INC_NPU_00206_202301,NPU_00206,2023-01-02,10819.72,salary,True
INC_NPU_00206_202302,NPU_00206,2023-02-04,10165.12,salary,True
INC_NPU_00206_202303,NPU_00206,2023-03-01,10612.46,salary,True
INC_NPU_00206_202304,NPU_00206,2023-04-04,10436.67,salary,True
INC_NPU_00206_202305,NPU_00206,2023-05-01,10058.46,salary,True
INC_NPU_00206_202306,NPU_00206,2023-06-01,10371.61,salary,True
INC_NPU_00206_202307,NPU_00206,2023-07-02,10327.56,salary,True
INC_NPU_00206_202308,NPU_00206,2023-08-02,10097.4,salary,True
INC_NPU_00206_202309,NPU_00206,2023-09-03,10488.61,salary,True
INC_NPU_00206_202310,NPU_00206,2023-10-01,10578.72,salary,True
INC_NPU_00206_202311,NPU_00206,2023-11-03,10385.61,salary,True
INC_NPU_00206_202312,NPU_00206,2023-12-03,10322.23,salary,True
INC_NPU_00206_202401,NPU_00206,2024-01-01,10505.0,salary,True
INC_NPU_00206_202402,NPU_00206,2024-02-02,9856.83,salary,True
INC_NPU_00206_202403,NPU_00206,2024-03-01,10299.6,salary,True
INC_NPU_00206_202404,NPU_00206,2024-04-05,10314.06,salary,True
INC_NPU_00206_202405,NPU_00206,2024-05-01,10392.24,salary,True
INC_NPU_00206_202406,NPU_00206,2024-06-03,10086.26,salary,True
INC_NPU_00206_202407,NPU_00206,2024-07-02,9996.68,salary,True
INC_NPU_00206_202408,NPU_00206,2024-08-02,10182.5,salary,True
INC_NPU_00206_202409,NPU_00206,2024-09-02,10485.22,salary,True
INC_NPU_00206_202410,NPU_00206,2024-10-02,10310.7,salary,True
INC_NPU_00206_202411,NPU_00206,2024-11-02,10181.27,salary,True
INC_NPU_00206_202412,NPU_00206,2024-12-01,10776.51,salary,True
INC_NPU_00206_202501,NPU_00206,2025-01-01,10322.05,salary,True
INC_NPU_00206_202502,NPU_00206,2025-02-01,10393.49,salary,True
INC_NPU_00206_202503,NPU_00206,2025-03-03,10656.59,salary,True
INC_NPU_00206_202504,NPU_00206,2025-04-01,10422.82,salary,True
INC_NPU_00206_202505,NPU_00206,2025-05-02,10502.81,salary,True
INC_NPU_00206_202506,NPU_00206,2025-06-01,10224.43,salary,True
INC_NPU_00206_202507,NPU_00206,2025-07-04,10404.57,salary,True
INC_NPU_00206_202508,NPU_00206,2025-08-02,10742.4,salary,True
INC_NPU_00206_202509,NPU_00206,2025-09-02,10474.58,salary,True
INC_NPU_00206_202510,NPU_00206,2025-10-05,10443.06,salary,True
INC_NPU_00206_202511,NPU_00206,2025-11-05,10341.51,salary,True
INC_NPU_00206_202512,NPU_00206,2025-12-04,10130.81,salary,True
INC_NPU_00207_202301,NPU_00207,2023-01-03,87596.42,salary,True
INC_NPU_00207_202302,NPU_00207,2023-02-02,85511.04,salary,True
INC_NPU_00207_202303,NPU_00207,2023-03-02,84471.37,salary,True
INC_NPU_00207_202304,NPU_00207,2023-04-05,83319.45,salary,True
INC_NPU_00207_202305,NPU_00207,2023-05-02,86144.15,salary,True
INC_NPU_00207_202306,NPU_00207,2023-06-02,83713.83,salary,True
INC_NPU_00207_202307,NPU_00207,2023-07-03,87613.71,salary,True
INC_NPU_00207_202308,NPU_00207,2023-08-02,84564.16,salary,True
INC_NPU_00207_202309,NPU_00207,2023-09-02,85775.1,salary,True
INC_NPU_00207_202310,NPU_00207,2023-10-04,86279.47,salary,True
INC_NPU_00207_202311,NPU_00207,2023-11-03,86073.28,salary,True
INC_NPU_00207_202312,NPU_00207,2023-12-01,87179.07,salary,True
INC_NPU_00207_202401,NPU_00207,2024-01-05,84709.89,salary,True
INC_NPU_00207_202402,NPU_00207,2024-02-03,85658.21,salary,True
INC_NPU_00207_202403,NPU_00207,2024-03-01,86645.01,salary,True
INC_NPU_00207_202404,NPU_00207,2024-04-05,88314.53,salary,True
INC_NPU_00207_202405,NPU_00207,2024-05-01,87042.72,salary,True
INC_NPU_00207_202406,NPU_00207,2024-06-04,87384.39,salary,True
INC_NPU_00207_202407,NPU_00207,2024-07-02,85099.39,salary,True
INC_NPU_00207_202408,NPU_00207,2024-08-01,86313.6,salary,True
INC_NPU_00207_202409,NPU_00207,2024-09-04,88006.38,salary,True
INC_NPU_00207_202410,NPU_00207,2024-10-01,85572.81,salary,True
INC_NPU_00207_202411,NPU_00207,2024-11-02,86324.12,salary,True
INC_NPU_00207_202412,NPU_00207,2024-12-01,82967.76,salary,True
INC_NPU_00207_202501,NPU_00207,2025-01-01,86818.48,salary,True
INC_NPU_00207_202502,NPU_00207,2025-02-02,86036.27,salary,True
INC_NPU_00207_202503,NPU_00207,2025-03-02,86695.63,salary,True
INC_NPU_00207_202504,NPU_00207,2025-04-02,85138.55,salary,True
INC_NPU_00207_202505,NPU_00207,2025-05-02,82615.24,salary,True
INC_NPU_00207_202506,NPU_00207,2025-06-02,86905.05,salary,True
INC_NPU_00207_202507,NPU_00207,2025-07-02,84457.11,salary,True
INC_NPU_00207_202508,NPU_00207,2025-08-03,83124.4,salary,True
INC_NPU_00207_202509,NPU_00207,2025-09-04,85915.92,salary,True
INC_NPU_00207_202510,NPU_00207,2025-10-03,88577.83,salary,True
INC_NPU_00207_202511,NPU_00207,2025-11-05,84216.1,salary,True
INC_NPU_00207_202512,NPU_00207,2025-12-04,84521.03,salary,True
INC_NPU_00208_202301,NPU_00208,2023-01-04,57253.75,salary,True
INC_NPU_00208_202302,NPU_00208,2023-02-04,56130.42,salary,True
INC_NPU_00208_202303,NPU_00208,2023-03-04,57188.77,salary,True
INC_NPU_00208_202304,NPU_00208,2023-04-01,56071.4,salary,True
INC_NPU_00208_202305,NPU_00208,2023-05-01,55895.23,salary,True
INC_NPU_00208_202306,NPU_00208,2023-06-03,55473.11,salary,True
INC_NPU_00208_202307,NPU_00208,2023-07-03,56721.01,salary,True
INC_NPU_00208_202308,NPU_00208,2023-08-01,55466.63,salary,True
INC_NPU_00208_202309,NPU_00208,2023-09-01,55830.47,salary,True
INC_NPU_00208_202310,NPU_00208,2023-10-04,57638.69,salary,True
INC_NPU_00208_202311,NPU_00208,2023-11-02,58851.69,salary,True
INC_NPU_00208_202312,NPU_00208,2023-12-01,56864.55,salary,True
INC_NPU_00208_202401,NPU_00208,2024-01-01,57688.41,salary,True
INC_NPU_00208_202402,NPU_00208,2024-02-01,55955.43,salary,True
INC_NPU_00208_202403,NPU_00208,2024-03-04,56097.14,salary,True
INC_NPU_00208_202404,NPU_00208,2024-04-01,56594.93,salary,True
INC_NPU_00208_202405,NPU_00208,2024-05-01,55597.52,salary,True
INC_NPU_00208_202406,NPU_00208,2024-06-03,55880.13,salary,True
INC_NPU_00208_202407,NPU_00208,2024-07-01,57147.03,salary,True
INC_NPU_00208_202408,NPU_00208,2024-08-03,56398.35,salary,True
INC_NPU_00208_202409,NPU_00208,2024-09-01,56209.99,salary,True
INC_NPU_00208_202410,NPU_00208,2024-10-01,56156.43,salary,True
INC_NPU_00208_202411,NPU_00208,2024-11-04,55227.96,salary,True
INC_NPU_00208_202412,NPU_00208,2024-12-01,56552.38,salary,True
INC_NPU_00208_202501,NPU_00208,2025-01-04,55598.23,salary,True
INC_NPU_00208_202502,NPU_00208,2025-02-01,54592.15,salary,True
INC_NPU_00208_202503,NPU_00208,2025-03-01,55084.4,salary,True
INC_NPU_00208_202504,NPU_00208,2025-04-05,56176.95,salary,True
INC_NPU_00208_202505,NPU_00208,2025-05-02,57047.39,salary,True
INC_NPU_00208_202506,NPU_00208,2025-06-03,57349.41,salary,True
INC_NPU_00208_202507,NPU_00208,2025-07-03,54843.66,salary,True
INC_NPU_00208_202508,NPU_00208,2025-08-01,56927.25,salary,True
INC_NPU_00208_202509,NPU_00208,2025-09-01,58377.78,salary,True
INC_NPU_00208_202510,NPU_00208,2025-10-02,57411.24,salary,True
INC_NPU_00208_202511,NPU_00208,2025-11-02,56508.64,salary,True
INC_NPU_00208_202512,NPU_00208,2025-12-03,56600.06,salary,True
INC_NPU_00209_202301,NPU_00209,2023-01-24,122162.02,freelance,True
INC_NPU_00209_202302,NPU_00209,2023-02-03,112506.69,freelance,True
INC_NPU_00209_202303,NPU_00209,2023-03-17,68380.08,freelance,True
INC_NPU_00209_202304,NPU_00209,2023-04-05,126682.13,freelance,True
INC_NPU_00209_202305,NPU_00209,2023-05-04,57222.71,freelance,True
INC_NPU_00209_202306,NPU_00209,2023-06-23,44767.89,freelance,True
INC_NPU_00209_202307,NPU_00209,2023-07-14,131254.8,freelance,True
INC_NPU_00209_202308,NPU_00209,2023-08-21,223332.48,freelance,True
INC_NPU_00209_202309,NPU_00209,2023-09-22,112008.33,freelance,True
INC_NPU_00209_202310,NPU_00209,2023-10-11,76527.41,freelance,True
INC_NPU_00209_202311,NPU_00209,2023-11-02,153699.73,freelance,True
INC_NPU_00209_202312,NPU_00209,2023-12-19,82428.31,freelance,True
INC_NPU_00209_202401,NPU_00209,2024-01-14,45327.58,freelance,True
INC_NPU_00209_202402,NPU_00209,2024-02-01,133493.56,freelance,True
INC_NPU_00209_202403,NPU_00209,2024-03-10,76037.24,freelance,True
INC_NPU_00209_202404,NPU_00209,2024-04-18,284033.45,freelance,True
INC_NPU_00209_202405,NPU_00209,2024-05-23,36802.93,freelance,True
INC_NPU_00209_202406,NPU_00209,2024-06-04,34328.62,freelance,True
INC_NPU_00209_202407,NPU_00209,2024-07-03,47410.11,freelance,True
INC_NPU_00209_202408,NPU_00209,2024-08-13,81011.5,freelance,True
INC_NPU_00209_202409,NPU_00209,2024-09-20,54175.59,freelance,True
INC_NPU_00209_202410,NPU_00209,2024-10-21,64025.37,freelance,True
INC_NPU_00209_202411,NPU_00209,2024-11-09,59324.47,freelance,True
INC_NPU_00209_202412,NPU_00209,2024-12-24,206434.89,freelance,True
INC_NPU_00209_202501,NPU_00209,2025-01-01,120184.94,freelance,True
INC_NPU_00209_202502,NPU_00209,2025-02-06,275615.5,freelance,True
INC_NPU_00209_202503,NPU_00209,2025-03-13,257507.73,freelance,True
INC_NPU_00209_202504,NPU_00209,2025-04-21,49657.36,freelance,True
INC_NPU_00209_202505,NPU_00209,2025-05-07,95658.81,freelance,True
INC_NPU_00209_202506,NPU_00209,2025-06-19,98026.52,freelance,True
INC_NPU_00209_202507,NPU_00209,2025-07-11,77040.54,freelance,True
INC_NPU_00209_202508,NPU_00209,2025-08-22,38398.85,freelance,True
INC_NPU_00209_202509,NPU_00209,2025-09-14,133906.7,freelance,True
INC_NPU_00209_202510,NPU_00209,2025-10-01,123476.07,freelance,True
INC_NPU_00209_202511,NPU_00209,2025-11-10,130948.46,freelance,True
INC_NPU_00209_202512,NPU_00209,2025-12-03,37028.38,freelance,True
INC_NPU_00210_202301,NPU_00210,2023-01-04,49626.95,salary,True
INC_NPU_00210_202302,NPU_00210,2023-02-01,51037.87,salary,True
INC_NPU_00210_202303,NPU_00210,2023-03-02,49266.5,salary,True
INC_NPU_00210_202304,NPU_00210,2023-04-01,51996.29,salary,True
INC_NPU_00210_202305,NPU_00210,2023-05-02,50944.75,salary,True
INC_NPU_00210_202306,NPU_00210,2023-06-02,51314.43,salary,True
INC_NPU_00210_202307,NPU_00210,2023-07-03,49331.03,salary,True
INC_NPU_00210_202308,NPU_00210,2023-08-01,49742.87,salary,True
INC_NPU_00210_202309,NPU_00210,2023-09-05,50369.8,salary,True
INC_NPU_00210_202310,NPU_00210,2023-10-01,50271.89,salary,True
INC_NPU_00210_202311,NPU_00210,2023-11-02,50947.42,salary,True
INC_NPU_00210_202312,NPU_00210,2023-12-01,50275.91,salary,True
INC_NPU_00210_202401,NPU_00210,2024-01-02,52062.64,salary,True
INC_NPU_00210_202402,NPU_00210,2024-02-03,49350.08,salary,True
INC_NPU_00210_202403,NPU_00210,2024-03-02,49160.55,salary,True
INC_NPU_00210_202404,NPU_00210,2024-04-01,49697.42,salary,True
INC_NPU_00210_202405,NPU_00210,2024-05-05,50048.41,salary,True
INC_NPU_00210_202406,NPU_00210,2024-06-04,51412.3,salary,True
INC_NPU_00210_202407,NPU_00210,2024-07-03,50638.37,salary,True
INC_NPU_00210_202408,NPU_00210,2024-08-03,47928.03,salary,True
INC_NPU_00210_202409,NPU_00210,2024-09-02,48006.99,salary,True
INC_NPU_00210_202410,NPU_00210,2024-10-01,50137.36,salary,True
INC_NPU_00210_202411,NPU_00210,2024-11-01,49846.21,salary,True
INC_NPU_00210_202412,NPU_00210,2024-12-04,50166.06,salary,True
INC_NPU_00210_202501,NPU_00210,2025-01-02,50049.1,salary,True
INC_NPU_00210_202502,NPU_00210,2025-02-03,51874.5,salary,True
INC_NPU_00210_202503,NPU_00210,2025-03-02,51235.74,salary,True
INC_NPU_00210_202504,NPU_00210,2025-04-01,49746.43,salary,True
INC_NPU_00210_202505,NPU_00210,2025-05-05,50257.33,salary,True
INC_NPU_00210_202506,NPU_00210,2025-06-01,49968.95,salary,True
INC_NPU_00210_202507,NPU_00210,2025-07-02,48304.39,salary,True
INC_NPU_00210_202508,NPU_00210,2025-08-01,49790.11,salary,True
INC_NPU_00210_202509,NPU_00210,2025-09-03,49803.15,salary,True
INC_NPU_00210_202510,NPU_00210,2025-10-01,49589.58,salary,True
INC_NPU_00210_202511,NPU_00210,2025-11-01,49762.04,salary,True
INC_NPU_00210_202512,NPU_00210,2025-12-02,49987.75,salary,True
INC_NPU_00211_202301,NPU_00211,2023-01-03,47091.25,salary,True
INC_NPU_00211_202302,NPU_00211,2023-02-02,46108.26,salary,True
INC_NPU_00211_202303,NPU_00211,2023-03-04,47887.67,salary,True
INC_NPU_00211_202304,NPU_00211,2023-04-02,45808.35,salary,True
INC_NPU_00211_202305,NPU_00211,2023-05-05,47697.51,salary,True
INC_NPU_00211_202306,NPU_00211,2023-06-04,46934.07,salary,True
INC_NPU_00211_202307,NPU_00211,2023-07-04,45570.23,salary,True
INC_NPU_00211_202308,NPU_00211,2023-08-01,46387.1,salary,True
INC_NPU_00211_202309,NPU_00211,2023-09-01,48204.86,salary,True
INC_NPU_00211_202310,NPU_00211,2023-10-05,45824.2,salary,True
INC_NPU_00211_202311,NPU_00211,2023-11-01,48237.16,salary,True
INC_NPU_00211_202312,NPU_00211,2023-12-02,47118.51,salary,True
INC_NPU_00211_202401,NPU_00211,2024-01-01,46950.18,salary,True
INC_NPU_00211_202402,NPU_00211,2024-02-04,47061.64,salary,True
INC_NPU_00211_202403,NPU_00211,2024-03-03,46364.42,salary,True
INC_NPU_00211_202404,NPU_00211,2024-04-02,43657.62,salary,True
INC_NPU_00211_202405,NPU_00211,2024-05-04,45860.46,salary,True
INC_NPU_00211_202406,NPU_00211,2024-06-02,46701.61,salary,True
INC_NPU_00211_202407,NPU_00211,2024-07-02,46984.6,salary,True
INC_NPU_00211_202408,NPU_00211,2024-08-01,47162.9,salary,True
INC_NPU_00211_202409,NPU_00211,2024-09-03,47124.3,salary,True
INC_NPU_00211_202410,NPU_00211,2024-10-04,47364.3,salary,True
INC_NPU_00211_202411,NPU_00211,2024-11-01,48651.17,salary,True
INC_NPU_00211_202412,NPU_00211,2024-12-04,46902.8,salary,True
INC_NPU_00211_202501,NPU_00211,2025-01-01,47830.47,salary,True
INC_NPU_00211_202502,NPU_00211,2025-02-04,47198.61,salary,True
INC_NPU_00211_202503,NPU_00211,2025-03-01,48779.46,salary,True
INC_NPU_00211_202504,NPU_00211,2025-04-04,46764.43,salary,True
INC_NPU_00211_202505,NPU_00211,2025-05-02,46661.5,salary,True
INC_NPU_00211_202506,NPU_00211,2025-06-02,47762.13,salary,True
INC_NPU_00211_202507,NPU_00211,2025-07-01,47763.47,salary,True
INC_NPU_00211_202508,NPU_00211,2025-08-01,46436.65,salary,True
INC_NPU_00211_202509,NPU_00211,2025-09-02,47162.88,salary,True
INC_NPU_00211_202510,NPU_00211,2025-10-05,47374.56,salary,True
INC_NPU_00211_202511,NPU_00211,2025-11-01,47317.67,salary,True
INC_NPU_00211_202512,NPU_00211,2025-12-02,47063.14,salary,True
INC_NPU_00212_202301,NPU_00212,2023-01-01,93740.81,salary,True
INC_NPU_00212_202302,NPU_00212,2023-02-01,98312.95,salary,True
INC_NPU_00212_202303,NPU_00212,2023-03-01,98408.53,salary,True
INC_NPU_00212_202304,NPU_00212,2023-04-05,97834.34,salary,True
INC_NPU_00212_202305,NPU_00212,2023-05-05,96247.34,salary,True
INC_NPU_00212_202306,NPU_00212,2023-06-01,99884.84,salary,True
INC_NPU_00212_202307,NPU_00212,2023-07-03,95222.74,salary,True
INC_NPU_00212_202308,NPU_00212,2023-08-02,99249.13,salary,True
INC_NPU_00212_202309,NPU_00212,2023-09-04,95200.38,salary,True
INC_NPU_00212_202310,NPU_00212,2023-10-02,98971.41,salary,True
INC_NPU_00212_202311,NPU_00212,2023-11-03,95279.47,salary,True
INC_NPU_00212_202312,NPU_00212,2023-12-04,98843.52,salary,True
INC_NPU_00212_202401,NPU_00212,2024-01-01,100384.8,salary,True
INC_NPU_00212_202402,NPU_00212,2024-02-04,100394.12,salary,True
INC_NPU_00212_202403,NPU_00212,2024-03-02,99844.46,salary,True
INC_NPU_00212_202404,NPU_00212,2024-04-05,94498.71,salary,True
INC_NPU_00212_202405,NPU_00212,2024-05-02,97122.13,salary,True
INC_NPU_00212_202406,NPU_00212,2024-06-05,95932.47,salary,True
INC_NPU_00212_202407,NPU_00212,2024-07-03,92256.77,salary,True
INC_NPU_00212_202408,NPU_00212,2024-08-02,96809.08,salary,True
INC_NPU_00212_202409,NPU_00212,2024-09-03,99079.73,salary,True
INC_NPU_00212_202410,NPU_00212,2024-10-01,98280.34,salary,True
INC_NPU_00212_202411,NPU_00212,2024-11-03,101551.07,salary,True
INC_NPU_00212_202412,NPU_00212,2024-12-03,96108.56,salary,True
INC_NPU_00212_202501,NPU_00212,2025-01-01,100548.65,salary,True
INC_NPU_00212_202502,NPU_00212,2025-02-01,96957.37,salary,True
INC_NPU_00212_202503,NPU_00212,2025-03-02,95193.5,salary,True
INC_NPU_00212_202504,NPU_00212,2025-04-03,97686.44,salary,True
INC_NPU_00212_202505,NPU_00212,2025-05-04,98227.27,salary,True
INC_NPU_00212_202506,NPU_00212,2025-06-02,99626.78,salary,True
INC_NPU_00212_202507,NPU_00212,2025-07-01,96100.96,salary,True
INC_NPU_00212_202508,NPU_00212,2025-08-01,97685.79,salary,True
INC_NPU_00212_202509,NPU_00212,2025-09-03,97156.12,salary,True
INC_NPU_00212_202510,NPU_00212,2025-10-01,96446.61,salary,True
INC_NPU_00212_202511,NPU_00212,2025-11-01,100294.02,salary,True
INC_NPU_00212_202512,NPU_00212,2025-12-02,98257.03,salary,True
INC_NPU_00213_202301,NPU_00213,2023-01-01,43139.94,salary,True
INC_NPU_00213_202302,NPU_00213,2023-02-04,45333.36,salary,True
INC_NPU_00213_202303,NPU_00213,2023-03-03,43653.61,salary,True
INC_NPU_00213_202304,NPU_00213,2023-04-01,45239.68,salary,True
INC_NPU_00213_202305,NPU_00213,2023-05-04,43781.86,salary,True
INC_NPU_00213_202306,NPU_00213,2023-06-04,45587.64,salary,True
INC_NPU_00213_202307,NPU_00213,2023-07-03,43641.98,salary,True
INC_NPU_00213_202308,NPU_00213,2023-08-02,44207.25,salary,True
INC_NPU_00213_202309,NPU_00213,2023-09-01,45798.41,salary,True
INC_NPU_00213_202310,NPU_00213,2023-10-01,45056.84,salary,True
INC_NPU_00213_202311,NPU_00213,2023-11-01,43852.56,salary,True
INC_NPU_00213_202312,NPU_00213,2023-12-03,46457.27,salary,True
INC_NPU_00213_202401,NPU_00213,2024-01-01,44691.29,salary,True
INC_NPU_00213_202402,NPU_00213,2024-02-03,44832.48,salary,True
INC_NPU_00213_202403,NPU_00213,2024-03-02,44911.08,salary,True
INC_NPU_00213_202404,NPU_00213,2024-04-05,45666.08,salary,True
INC_NPU_00213_202405,NPU_00213,2024-05-01,44757.18,salary,True
INC_NPU_00213_202406,NPU_00213,2024-06-04,44946.0,salary,True
INC_NPU_00213_202407,NPU_00213,2024-07-02,46113.87,salary,True
INC_NPU_00213_202408,NPU_00213,2024-08-03,45982.1,salary,True
INC_NPU_00213_202409,NPU_00213,2024-09-01,44891.11,salary,True
INC_NPU_00213_202410,NPU_00213,2024-10-01,44921.57,salary,True
INC_NPU_00213_202411,NPU_00213,2024-11-01,42851.88,salary,True
INC_NPU_00213_202412,NPU_00213,2024-12-04,45223.23,salary,True
INC_NPU_00213_202501,NPU_00213,2025-01-01,45835.8,salary,True
INC_NPU_00213_202502,NPU_00213,2025-02-01,44710.8,salary,True
INC_NPU_00213_202503,NPU_00213,2025-03-02,46289.28,salary,True
INC_NPU_00213_202504,NPU_00213,2025-04-05,46711.53,salary,True
INC_NPU_00213_202505,NPU_00213,2025-05-03,43553.78,salary,True
INC_NPU_00213_202506,NPU_00213,2025-06-02,44263.13,salary,True
INC_NPU_00213_202507,NPU_00213,2025-07-01,46203.61,salary,True
INC_NPU_00213_202508,NPU_00213,2025-08-02,45795.99,salary,True
INC_NPU_00213_202509,NPU_00213,2025-09-01,43506.59,salary,True
INC_NPU_00213_202510,NPU_00213,2025-10-03,43650.39,salary,True
INC_NPU_00213_202511,NPU_00213,2025-11-01,45602.65,salary,True
INC_NPU_00213_202512,NPU_00213,2025-12-03,45397.84,salary,True
INC_NPU_00214_202301,NPU_00214,2023-01-02,33165.19,salary,True
INC_NPU_00214_202302,NPU_00214,2023-02-03,34226.67,salary,True
INC_NPU_00214_202303,NPU_00214,2023-03-01,32900.4,salary,True
INC_NPU_00214_202304,NPU_00214,2023-04-01,31952.97,salary,True
INC_NPU_00214_202305,NPU_00214,2023-05-05,33792.56,salary,True
INC_NPU_00214_202306,NPU_00214,2023-06-01,33948.54,salary,True
INC_NPU_00214_202307,NPU_00214,2023-07-01,32936.56,salary,True
INC_NPU_00214_202308,NPU_00214,2023-08-03,32576.93,salary,True
INC_NPU_00214_202309,NPU_00214,2023-09-02,31979.76,salary,True
INC_NPU_00214_202310,NPU_00214,2023-10-01,33329.2,salary,True
INC_NPU_00214_202311,NPU_00214,2023-11-01,33559.49,salary,True
INC_NPU_00214_202312,NPU_00214,2023-12-02,34002.43,salary,True
INC_NPU_00214_202401,NPU_00214,2024-01-01,33601.49,salary,True
INC_NPU_00214_202402,NPU_00214,2024-02-01,32985.54,salary,True
INC_NPU_00214_202403,NPU_00214,2024-03-02,33465.31,salary,True
INC_NPU_00214_202404,NPU_00214,2024-04-04,34040.23,salary,True
INC_NPU_00214_202405,NPU_00214,2024-05-01,33550.39,salary,True
INC_NPU_00214_202406,NPU_00214,2024-06-04,33928.19,salary,True
INC_NPU_00214_202407,NPU_00214,2024-07-03,32605.59,salary,True
INC_NPU_00214_202408,NPU_00214,2024-08-01,33764.62,salary,True
INC_NPU_00214_202409,NPU_00214,2024-09-02,33602.69,salary,True
INC_NPU_00214_202410,NPU_00214,2024-10-03,33113.78,salary,True
INC_NPU_00214_202411,NPU_00214,2024-11-01,34054.26,salary,True
INC_NPU_00214_202412,NPU_00214,2024-12-01,34680.31,salary,True
INC_NPU_00214_202501,NPU_00214,2025-01-05,32371.59,salary,True
INC_NPU_00214_202502,NPU_00214,2025-02-01,32175.94,salary,True
INC_NPU_00214_202503,NPU_00214,2025-03-04,33145.48,salary,True
INC_NPU_00214_202504,NPU_00214,2025-04-01,33280.95,salary,True
INC_NPU_00214_202505,NPU_00214,2025-05-01,33329.9,salary,True
INC_NPU_00214_202506,NPU_00214,2025-06-01,32915.38,salary,True
INC_NPU_00214_202507,NPU_00214,2025-07-01,32280.03,salary,True
INC_NPU_00214_202508,NPU_00214,2025-08-05,33179.02,salary,True
INC_NPU_00214_202509,NPU_00214,2025-09-02,33286.13,salary,True
INC_NPU_00214_202510,NPU_00214,2025-10-02,33122.42,salary,True
INC_NPU_00214_202511,NPU_00214,2025-11-01,33301.6,salary,True
INC_NPU_00214_202512,NPU_00214,2025-12-01,33481.32,salary,True
INC_NPU_00215_202301,NPU_00215,2023-01-03,56734.62,salary,True
INC_NPU_00215_202302,NPU_00215,2023-02-01,56230.41,salary,True
INC_NPU_00215_202303,NPU_00215,2023-03-01,56909.26,salary,True
INC_NPU_00215_202304,NPU_00215,2023-04-02,57298.33,salary,True
INC_NPU_00215_202305,NPU_00215,2023-05-02,57008.0,salary,True
INC_NPU_00215_202306,NPU_00215,2023-06-02,59356.92,salary,True
INC_NPU_00215_202307,NPU_00215,2023-07-02,57380.88,salary,True
INC_NPU_00215_202308,NPU_00215,2023-08-05,56956.73,salary,True
INC_NPU_00215_202309,NPU_00215,2023-09-01,56073.76,salary,True
INC_NPU_00215_202310,NPU_00215,2023-10-03,56098.52,salary,True
INC_NPU_00215_202311,NPU_00215,2023-11-04,56599.08,salary,True
INC_NPU_00215_202312,NPU_00215,2023-12-02,56632.8,salary,True
INC_NPU_00215_202401,NPU_00215,2024-01-02,56590.93,salary,True
INC_NPU_00215_202402,NPU_00215,2024-02-03,57431.76,salary,True
INC_NPU_00215_202403,NPU_00215,2024-03-02,58146.55,salary,True
INC_NPU_00215_202404,NPU_00215,2024-04-05,57745.94,salary,True
INC_NPU_00215_202405,NPU_00215,2024-05-03,57601.36,salary,True
INC_NPU_00215_202406,NPU_00215,2024-06-04,55957.01,salary,True
INC_NPU_00215_202407,NPU_00215,2024-07-05,58333.41,salary,True
INC_NPU_00215_202408,NPU_00215,2024-08-01,56051.33,salary,True
INC_NPU_00215_202409,NPU_00215,2024-09-03,57269.55,salary,True
INC_NPU_00215_202410,NPU_00215,2024-10-02,57527.5,salary,True
INC_NPU_00215_202411,NPU_00215,2024-11-02,58371.81,salary,True
INC_NPU_00215_202412,NPU_00215,2024-12-02,59077.15,salary,True
INC_NPU_00215_202501,NPU_00215,2025-01-02,56553.18,salary,True
INC_NPU_00215_202502,NPU_00215,2025-02-01,57171.86,salary,True
INC_NPU_00215_202503,NPU_00215,2025-03-04,58249.83,salary,True
INC_NPU_00215_202504,NPU_00215,2025-04-04,59199.79,salary,True
INC_NPU_00215_202505,NPU_00215,2025-05-02,56668.39,salary,True
INC_NPU_00215_202506,NPU_00215,2025-06-01,56008.8,salary,True
INC_NPU_00215_202507,NPU_00215,2025-07-01,55447.38,salary,True
INC_NPU_00215_202508,NPU_00215,2025-08-05,55025.27,salary,True
INC_NPU_00215_202509,NPU_00215,2025-09-03,56177.7,salary,True
INC_NPU_00215_202510,NPU_00215,2025-10-01,57986.61,salary,True
INC_NPU_00215_202511,NPU_00215,2025-11-03,58059.54,salary,True
INC_NPU_00215_202512,NPU_00215,2025-12-01,57380.72,salary,True
INC_NPU_00216_202301,NPU_00216,2023-01-01,35324.9,salary,True
INC_NPU_00216_202302,NPU_00216,2023-02-02,35833.96,salary,True
INC_NPU_00216_202303,NPU_00216,2023-03-01,35578.42,salary,True
INC_NPU_00216_202304,NPU_00216,2023-04-04,35357.11,salary,True
INC_NPU_00216_202305,NPU_00216,2023-05-02,35765.95,salary,True
INC_NPU_00216_202306,NPU_00216,2023-06-02,35295.24,salary,True
INC_NPU_00216_202307,NPU_00216,2023-07-01,35762.38,salary,True
INC_NPU_00216_202308,NPU_00216,2023-08-01,35874.87,salary,True
INC_NPU_00216_202309,NPU_00216,2023-09-01,36049.71,salary,True
INC_NPU_00216_202310,NPU_00216,2023-10-02,34436.38,salary,True
INC_NPU_00216_202311,NPU_00216,2023-11-01,36405.44,salary,True
INC_NPU_00216_202312,NPU_00216,2023-12-01,35484.68,salary,True
INC_NPU_00216_202401,NPU_00216,2024-01-02,36868.39,salary,True
INC_NPU_00216_202402,NPU_00216,2024-02-04,36183.18,salary,True
INC_NPU_00216_202403,NPU_00216,2024-03-01,34962.68,salary,True
INC_NPU_00216_202404,NPU_00216,2024-04-02,35949.79,salary,True
INC_NPU_00216_202405,NPU_00216,2024-05-01,36345.03,salary,True
INC_NPU_00216_202406,NPU_00216,2024-06-05,35390.61,salary,True
INC_NPU_00216_202407,NPU_00216,2024-07-01,34913.99,salary,True
INC_NPU_00216_202408,NPU_00216,2024-08-03,34805.74,salary,True
INC_NPU_00216_202409,NPU_00216,2024-09-03,34575.32,salary,True
INC_NPU_00216_202410,NPU_00216,2024-10-04,34125.28,salary,True
INC_NPU_00216_202411,NPU_00216,2024-11-05,35498.31,salary,True
INC_NPU_00216_202412,NPU_00216,2024-12-02,34837.72,salary,True
INC_NPU_00216_202501,NPU_00216,2025-01-01,35113.43,salary,True
INC_NPU_00216_202502,NPU_00216,2025-02-03,36889.78,salary,True
INC_NPU_00216_202503,NPU_00216,2025-03-05,35878.34,salary,True
INC_NPU_00216_202504,NPU_00216,2025-04-02,34943.05,salary,True
INC_NPU_00216_202505,NPU_00216,2025-05-02,37277.79,salary,True
INC_NPU_00216_202506,NPU_00216,2025-06-03,35756.62,salary,True
INC_NPU_00216_202507,NPU_00216,2025-07-02,33543.76,salary,True
INC_NPU_00216_202508,NPU_00216,2025-08-02,37190.3,salary,True
INC_NPU_00216_202509,NPU_00216,2025-09-01,36665.06,salary,True
INC_NPU_00216_202510,NPU_00216,2025-10-05,33826.65,salary,True
INC_NPU_00216_202511,NPU_00216,2025-11-02,35781.89,salary,True
INC_NPU_00216_202512,NPU_00216,2025-12-02,35492.6,salary,True
INC_NPU_00217_202301,NPU_00217,2023-01-03,38510.43,salary,True
INC_NPU_00217_202302,NPU_00217,2023-02-02,38032.71,salary,True
INC_NPU_00217_202303,NPU_00217,2023-03-05,37521.41,salary,True
INC_NPU_00217_202304,NPU_00217,2023-04-01,37476.94,salary,True
INC_NPU_00217_202305,NPU_00217,2023-05-02,38641.01,salary,True
INC_NPU_00217_202306,NPU_00217,2023-06-01,37205.43,salary,True
INC_NPU_00217_202307,NPU_00217,2023-07-01,38628.95,salary,True
INC_NPU_00217_202308,NPU_00217,2023-08-03,37903.76,salary,True
INC_NPU_00217_202309,NPU_00217,2023-09-03,36693.26,salary,True
INC_NPU_00217_202310,NPU_00217,2023-10-04,38696.72,salary,True
INC_NPU_00217_202311,NPU_00217,2023-11-02,37223.47,salary,True
INC_NPU_00217_202312,NPU_00217,2023-12-02,37314.75,salary,True
INC_NPU_00217_202401,NPU_00217,2024-01-02,37717.56,salary,True
INC_NPU_00217_202402,NPU_00217,2024-02-01,37834.1,salary,True
INC_NPU_00217_202403,NPU_00217,2024-03-02,38105.3,salary,True
INC_NPU_00217_202404,NPU_00217,2024-04-02,38651.42,salary,True
INC_NPU_00217_202405,NPU_00217,2024-05-02,38622.61,salary,True
INC_NPU_00217_202406,NPU_00217,2024-06-04,37455.0,salary,True
INC_NPU_00217_202407,NPU_00217,2024-07-01,37478.17,salary,True
INC_NPU_00217_202408,NPU_00217,2024-08-03,38557.72,salary,True
INC_NPU_00217_202409,NPU_00217,2024-09-01,37099.58,salary,True
INC_NPU_00217_202410,NPU_00217,2024-10-03,37903.33,salary,True
INC_NPU_00217_202411,NPU_00217,2024-11-01,38971.54,salary,True
INC_NPU_00217_202412,NPU_00217,2024-12-03,37558.89,salary,True
INC_NPU_00217_202501,NPU_00217,2025-01-01,36804.67,salary,True
INC_NPU_00217_202502,NPU_00217,2025-02-01,37223.67,salary,True
INC_NPU_00217_202503,NPU_00217,2025-03-03,37267.45,salary,True
INC_NPU_00217_202504,NPU_00217,2025-04-01,37165.78,salary,True
INC_NPU_00217_202505,NPU_00217,2025-05-01,37682.37,salary,True
INC_NPU_00217_202506,NPU_00217,2025-06-02,39579.46,salary,True
INC_NPU_00217_202507,NPU_00217,2025-07-01,38257.34,salary,True
INC_NPU_00217_202508,NPU_00217,2025-08-04,37752.48,salary,True
INC_NPU_00217_202509,NPU_00217,2025-09-03,37815.65,salary,True
INC_NPU_00217_202510,NPU_00217,2025-10-04,37356.59,salary,True
INC_NPU_00217_202511,NPU_00217,2025-11-02,37812.79,salary,True
INC_NPU_00217_202512,NPU_00217,2025-12-01,38931.03,salary,True
INC_NPU_00218_202301,NPU_00218,2023-01-03,10134.41,salary,True
INC_NPU_00218_202302,NPU_00218,2023-02-01,10318.37,salary,True
INC_NPU_00218_202303,NPU_00218,2023-03-03,10287.51,salary,True
INC_NPU_00218_202304,NPU_00218,2023-04-02,10562.73,salary,True
INC_NPU_00218_202305,NPU_00218,2023-05-01,10283.45,salary,True
INC_NPU_00218_202306,NPU_00218,2023-06-02,10543.73,salary,True
INC_NPU_00218_202307,NPU_00218,2023-07-05,10335.35,salary,True
INC_NPU_00218_202308,NPU_00218,2023-08-01,10181.67,salary,True
INC_NPU_00218_202309,NPU_00218,2023-09-05,9965.26,salary,True
INC_NPU_00218_202310,NPU_00218,2023-10-01,10317.03,salary,True
INC_NPU_00218_202311,NPU_00218,2023-11-01,10336.26,salary,True
INC_NPU_00218_202312,NPU_00218,2023-12-02,10342.45,salary,True
INC_NPU_00218_202401,NPU_00218,2024-01-02,9602.13,salary,True
INC_NPU_00218_202402,NPU_00218,2024-02-01,10030.58,salary,True
INC_NPU_00218_202403,NPU_00218,2024-03-05,10219.42,salary,True
INC_NPU_00218_202404,NPU_00218,2024-04-02,10045.01,salary,True
INC_NPU_00218_202405,NPU_00218,2024-05-01,10012.56,salary,True
INC_NPU_00218_202406,NPU_00218,2024-06-01,9980.75,salary,True
INC_NPU_00218_202407,NPU_00218,2024-07-02,9809.58,salary,True
INC_NPU_00218_202408,NPU_00218,2024-08-01,10207.88,salary,True
INC_NPU_00218_202409,NPU_00218,2024-09-02,9999.24,salary,True
INC_NPU_00218_202410,NPU_00218,2024-10-02,10035.93,salary,True
INC_NPU_00218_202411,NPU_00218,2024-11-02,10087.31,salary,True
INC_NPU_00218_202412,NPU_00218,2024-12-03,10241.67,salary,True
INC_NPU_00218_202501,NPU_00218,2025-01-01,10176.0,salary,True
INC_NPU_00218_202502,NPU_00218,2025-02-01,10166.23,salary,True
INC_NPU_00218_202503,NPU_00218,2025-03-01,9682.54,salary,True
INC_NPU_00218_202504,NPU_00218,2025-04-03,10322.82,salary,True
INC_NPU_00218_202505,NPU_00218,2025-05-03,10473.39,salary,True
INC_NPU_00218_202506,NPU_00218,2025-06-04,10160.52,salary,True
INC_NPU_00218_202507,NPU_00218,2025-07-03,9906.4,salary,True
INC_NPU_00218_202508,NPU_00218,2025-08-04,10017.53,salary,True
INC_NPU_00218_202509,NPU_00218,2025-09-04,9914.5,salary,True
INC_NPU_00218_202510,NPU_00218,2025-10-01,10442.72,salary,True
INC_NPU_00218_202511,NPU_00218,2025-11-05,10034.87,salary,True
INC_NPU_00218_202512,NPU_00218,2025-12-02,10170.02,salary,True
INC_NPU_00219_202301,NPU_00219,2023-01-01,44907.19,salary,True
INC_NPU_00219_202302,NPU_00219,2023-02-02,45585.96,salary,True
INC_NPU_00219_202303,NPU_00219,2023-03-02,44344.42,salary,True
INC_NPU_00219_202304,NPU_00219,2023-04-01,45275.31,salary,True
INC_NPU_00219_202305,NPU_00219,2023-05-01,44718.18,salary,True
INC_NPU_00219_202306,NPU_00219,2023-06-01,46125.87,salary,True
INC_NPU_00219_202307,NPU_00219,2023-07-02,43211.36,salary,True
INC_NPU_00219_202308,NPU_00219,2023-08-01,44811.92,salary,True
INC_NPU_00219_202309,NPU_00219,2023-09-01,46024.4,salary,True
INC_NPU_00219_202310,NPU_00219,2023-10-01,45902.58,salary,True
INC_NPU_00219_202311,NPU_00219,2023-11-01,43761.92,salary,True
INC_NPU_00219_202312,NPU_00219,2023-12-01,45790.34,salary,True
INC_NPU_00219_202401,NPU_00219,2024-01-02,44266.82,salary,True
INC_NPU_00219_202402,NPU_00219,2024-02-02,44498.46,salary,True
INC_NPU_00219_202403,NPU_00219,2024-03-01,45967.47,salary,True
INC_NPU_00219_202404,NPU_00219,2024-04-03,44793.74,salary,True
INC_NPU_00219_202405,NPU_00219,2024-05-04,43709.02,salary,True
INC_NPU_00219_202406,NPU_00219,2024-06-02,44055.92,salary,True
INC_NPU_00219_202407,NPU_00219,2024-07-05,45133.77,salary,True
INC_NPU_00219_202408,NPU_00219,2024-08-02,44764.94,salary,True
INC_NPU_00219_202409,NPU_00219,2024-09-02,44748.82,salary,True
INC_NPU_00219_202410,NPU_00219,2024-10-01,45569.08,salary,True
INC_NPU_00219_202411,NPU_00219,2024-11-01,45391.65,salary,True
INC_NPU_00219_202412,NPU_00219,2024-12-05,44826.41,salary,True
INC_NPU_00219_202501,NPU_00219,2025-01-02,45919.61,salary,True
INC_NPU_00219_202502,NPU_00219,2025-02-01,45577.31,salary,True
INC_NPU_00219_202503,NPU_00219,2025-03-03,45335.33,salary,True
INC_NPU_00219_202504,NPU_00219,2025-04-03,44625.53,salary,True
INC_NPU_00219_202505,NPU_00219,2025-05-01,46075.59,salary,True
INC_NPU_00219_202506,NPU_00219,2025-06-04,44738.59,salary,True
INC_NPU_00219_202507,NPU_00219,2025-07-02,44816.43,salary,True
INC_NPU_00219_202508,NPU_00219,2025-08-04,46552.05,salary,True
INC_NPU_00219_202509,NPU_00219,2025-09-05,44310.67,salary,True
INC_NPU_00219_202510,NPU_00219,2025-10-05,44299.52,salary,True
INC_NPU_00219_202511,NPU_00219,2025-11-02,44849.97,salary,True
INC_NPU_00219_202512,NPU_00219,2025-12-02,44130.13,salary,True
INC_NPU_00220_202301,NPU_00220,2023-01-21,96807.76,freelance,True
INC_NPU_00220_202302,NPU_00220,2023-02-06,93874.16,freelance,True
INC_NPU_00220_202303,NPU_00220,2023-03-16,175705.94,freelance,True
INC_NPU_00220_202304,NPU_00220,2023-04-08,82582.39,freelance,True
INC_NPU_00220_202305,NPU_00220,2023-05-16,101198.66,freelance,True
INC_NPU_00220_202306,NPU_00220,2023-06-24,46042.44,freelance,True
INC_NPU_00220_202307,NPU_00220,2023-07-11,167731.89,freelance,True
INC_NPU_00220_202308,NPU_00220,2023-08-04,16613.69,freelance,True
INC_NPU_00220_202309,NPU_00220,2023-09-24,80194.45,freelance,True
INC_NPU_00220_202310,NPU_00220,2023-10-12,107114.39,freelance,True
INC_NPU_00220_202311,NPU_00220,2023-11-14,184960.05,freelance,True
INC_NPU_00220_202312,NPU_00220,2023-12-22,140680.09,freelance,True
INC_NPU_00220_202401,NPU_00220,2024-01-13,205218.56,freelance,True
INC_NPU_00220_202402,NPU_00220,2024-02-13,276994.97,freelance,True
INC_NPU_00220_202403,NPU_00220,2024-03-04,103354.54,freelance,True
INC_NPU_00220_202404,NPU_00220,2024-04-07,123840.89,freelance,True
INC_NPU_00220_202405,NPU_00220,2024-05-24,48441.32,freelance,True
INC_NPU_00220_202406,NPU_00220,2024-06-06,151921.39,freelance,True
INC_NPU_00220_202407,NPU_00220,2024-07-15,66526.94,freelance,True
INC_NPU_00220_202408,NPU_00220,2024-08-11,86517.3,freelance,True
INC_NPU_00220_202409,NPU_00220,2024-09-24,111828.09,freelance,True
INC_NPU_00220_202410,NPU_00220,2024-10-07,177515.6,freelance,True
INC_NPU_00220_202411,NPU_00220,2024-11-20,124508.61,freelance,True
INC_NPU_00220_202412,NPU_00220,2024-12-06,155666.81,freelance,True
INC_NPU_00220_202501,NPU_00220,2025-01-05,109193.34,freelance,True
INC_NPU_00220_202502,NPU_00220,2025-02-02,207175.84,freelance,True
INC_NPU_00220_202503,NPU_00220,2025-03-04,139161.73,freelance,True
INC_NPU_00220_202504,NPU_00220,2025-04-24,281010.72,freelance,True
INC_NPU_00220_202505,NPU_00220,2025-05-12,42695.69,freelance,True
INC_NPU_00220_202506,NPU_00220,2025-06-21,77014.83,freelance,True
INC_NPU_00220_202507,NPU_00220,2025-07-15,249948.93,freelance,True
INC_NPU_00220_202508,NPU_00220,2025-08-04,129682.18,freelance,True
INC_NPU_00220_202509,NPU_00220,2025-09-23,81680.69,freelance,True
INC_NPU_00220_202510,NPU_00220,2025-10-01,195381.99,freelance,True
INC_NPU_00220_202511,NPU_00220,2025-11-14,66302.9,freelance,True
INC_NPU_00220_202512,NPU_00220,2025-12-18,191220.35,freelance,True
INC_NPU_00221_202301,NPU_00221,2023-01-04,16119.38,salary,True
INC_NPU_00221_202302,NPU_00221,2023-02-02,16005.26,salary,True
INC_NPU_00221_202303,NPU_00221,2023-03-04,16247.87,salary,True
INC_NPU_00221_202304,NPU_00221,2023-04-02,16271.48,salary,True
INC_NPU_00221_202305,NPU_00221,2023-05-02,16895.05,salary,True
INC_NPU_00221_202306,NPU_00221,2023-06-03,15563.39,salary,True
INC_NPU_00221_202307,NPU_00221,2023-07-02,16510.73,salary,True
INC_NPU_00221_202308,NPU_00221,2023-08-02,16333.79,salary,True
INC_NPU_00221_202309,NPU_00221,2023-09-01,16119.15,salary,True
INC_NPU_00221_202310,NPU_00221,2023-10-02,15695.89,salary,True
INC_NPU_00221_202311,NPU_00221,2023-11-03,15883.73,salary,True
INC_NPU_00221_202312,NPU_00221,2023-12-02,15840.11,salary,True
INC_NPU_00221_202401,NPU_00221,2024-01-02,15972.41,salary,True
INC_NPU_00221_202402,NPU_00221,2024-02-01,16234.23,salary,True
INC_NPU_00221_202403,NPU_00221,2024-03-02,16434.94,salary,True
INC_NPU_00221_202404,NPU_00221,2024-04-01,16616.96,salary,True
INC_NPU_00221_202405,NPU_00221,2024-05-03,15886.08,salary,True
INC_NPU_00221_202406,NPU_00221,2024-06-03,16066.16,salary,True
INC_NPU_00221_202407,NPU_00221,2024-07-05,15747.89,salary,True
INC_NPU_00221_202408,NPU_00221,2024-08-01,16350.26,salary,True
INC_NPU_00221_202409,NPU_00221,2024-09-02,16139.98,salary,True
INC_NPU_00221_202410,NPU_00221,2024-10-01,15943.26,salary,True
INC_NPU_00221_202411,NPU_00221,2024-11-03,15546.37,salary,True
INC_NPU_00221_202412,NPU_00221,2024-12-03,16070.65,salary,True
INC_NPU_00221_202501,NPU_00221,2025-01-01,16104.13,salary,True
INC_NPU_00221_202502,NPU_00221,2025-02-04,15461.4,salary,True
INC_NPU_00221_202503,NPU_00221,2025-03-01,15622.64,salary,True
INC_NPU_00221_202504,NPU_00221,2025-04-04,16062.72,salary,True
INC_NPU_00221_202505,NPU_00221,2025-05-01,16580.72,salary,True
INC_NPU_00221_202506,NPU_00221,2025-06-03,16387.71,salary,True
INC_NPU_00221_202507,NPU_00221,2025-07-04,15951.98,salary,True
INC_NPU_00221_202508,NPU_00221,2025-08-01,15904.76,salary,True
INC_NPU_00221_202509,NPU_00221,2025-09-01,15791.88,salary,True
INC_NPU_00221_202510,NPU_00221,2025-10-01,15761.32,salary,True
INC_NPU_00221_202511,NPU_00221,2025-11-01,15926.69,salary,True
INC_NPU_00221_202512,NPU_00221,2025-12-02,16695.15,salary,True
INC_NPU_00222_202301,NPU_00222,2023-01-02,75536.82,salary,True
INC_NPU_00222_202302,NPU_00222,2023-02-01,76062.38,salary,True
INC_NPU_00222_202303,NPU_00222,2023-03-04,74298.74,salary,True
INC_NPU_00222_202304,NPU_00222,2023-04-04,76926.72,salary,True
INC_NPU_00222_202305,NPU_00222,2023-05-01,76036.48,salary,True
INC_NPU_00222_202306,NPU_00222,2023-06-05,75451.29,salary,True
INC_NPU_00222_202307,NPU_00222,2023-07-01,74602.25,salary,True
INC_NPU_00222_202308,NPU_00222,2023-08-05,74932.28,salary,True
INC_NPU_00222_202309,NPU_00222,2023-09-03,75354.89,salary,True
INC_NPU_00222_202310,NPU_00222,2023-10-02,75444.46,salary,True
INC_NPU_00222_202311,NPU_00222,2023-11-03,74588.86,salary,True
INC_NPU_00222_202312,NPU_00222,2023-12-02,75895.93,salary,True
INC_NPU_00222_202401,NPU_00222,2024-01-03,76371.41,salary,True
INC_NPU_00222_202402,NPU_00222,2024-02-03,77205.39,salary,True
INC_NPU_00222_202403,NPU_00222,2024-03-01,78651.45,salary,True
INC_NPU_00222_202404,NPU_00222,2024-04-02,73410.73,salary,True
INC_NPU_00222_202405,NPU_00222,2024-05-02,76595.99,salary,True
INC_NPU_00222_202406,NPU_00222,2024-06-02,75605.45,salary,True
INC_NPU_00222_202407,NPU_00222,2024-07-01,73040.8,salary,True
INC_NPU_00222_202408,NPU_00222,2024-08-05,75110.04,salary,True
INC_NPU_00222_202409,NPU_00222,2024-09-05,73563.39,salary,True
INC_NPU_00222_202410,NPU_00222,2024-10-01,77031.53,salary,True
INC_NPU_00222_202411,NPU_00222,2024-11-02,76817.25,salary,True
INC_NPU_00222_202412,NPU_00222,2024-12-02,76225.48,salary,True
INC_NPU_00222_202501,NPU_00222,2025-01-01,74966.33,salary,True
INC_NPU_00222_202502,NPU_00222,2025-02-01,78132.11,salary,True
INC_NPU_00222_202503,NPU_00222,2025-03-01,74421.17,salary,True
INC_NPU_00222_202504,NPU_00222,2025-04-01,75471.38,salary,True
INC_NPU_00222_202505,NPU_00222,2025-05-02,75723.64,salary,True
INC_NPU_00222_202506,NPU_00222,2025-06-01,75925.14,salary,True
INC_NPU_00222_202507,NPU_00222,2025-07-03,79667.88,salary,True
INC_NPU_00222_202508,NPU_00222,2025-08-01,78492.72,salary,True
INC_NPU_00222_202509,NPU_00222,2025-09-01,76766.22,salary,True
INC_NPU_00222_202510,NPU_00222,2025-10-05,76047.21,salary,True
INC_NPU_00222_202511,NPU_00222,2025-11-01,76030.54,salary,True
INC_NPU_00222_202512,NPU_00222,2025-12-05,77149.51,salary,True
INC_NPU_00223_202301,NPU_00223,2023-01-08,94131.63,freelance,True
INC_NPU_00223_202302,NPU_00223,2023-02-17,65133.55,freelance,True
INC_NPU_00223_202303,NPU_00223,2023-03-08,57363.52,freelance,True
INC_NPU_00223_202304,NPU_00223,2023-04-23,44328.23,freelance,True
INC_NPU_00223_202305,NPU_00223,2023-05-21,53008.55,freelance,True
INC_NPU_00223_202306,NPU_00223,2023-06-22,22754.06,freelance,True
INC_NPU_00223_202307,NPU_00223,2023-07-04,37876.49,freelance,True
INC_NPU_00223_202308,NPU_00223,2023-08-15,55137.53,freelance,True
INC_NPU_00223_202309,NPU_00223,2023-09-10,61968.94,freelance,True
INC_NPU_00223_202310,NPU_00223,2023-10-15,104972.78,freelance,True
INC_NPU_00223_202311,NPU_00223,2023-11-23,32944.81,freelance,True
INC_NPU_00223_202312,NPU_00223,2023-12-23,49943.64,freelance,True
INC_NPU_00223_202401,NPU_00223,2024-01-21,48482.12,freelance,True
INC_NPU_00223_202402,NPU_00223,2024-02-07,55861.3,freelance,True
INC_NPU_00223_202403,NPU_00223,2024-03-16,89216.37,freelance,True
INC_NPU_00223_202404,NPU_00223,2024-04-17,20356.54,freelance,True
INC_NPU_00223_202405,NPU_00223,2024-05-21,50845.52,freelance,True
INC_NPU_00223_202406,NPU_00223,2024-06-15,29831.93,freelance,True
INC_NPU_00223_202407,NPU_00223,2024-07-15,35160.95,freelance,True
INC_NPU_00223_202408,NPU_00223,2024-08-24,21866.18,freelance,True
INC_NPU_00223_202409,NPU_00223,2024-09-06,26733.28,freelance,True
INC_NPU_00223_202410,NPU_00223,2024-10-11,100144.88,freelance,True
INC_NPU_00223_202411,NPU_00223,2024-11-02,54220.43,freelance,True
INC_NPU_00223_202412,NPU_00223,2024-12-11,43363.88,freelance,True
INC_NPU_00223_202501,NPU_00223,2025-01-10,38913.99,freelance,True
INC_NPU_00223_202502,NPU_00223,2025-02-10,65250.08,freelance,True
INC_NPU_00223_202503,NPU_00223,2025-03-11,30739.43,freelance,True
INC_NPU_00223_202504,NPU_00223,2025-04-05,137986.25,freelance,True
INC_NPU_00223_202505,NPU_00223,2025-05-01,98339.58,freelance,True
INC_NPU_00223_202506,NPU_00223,2025-06-05,71868.33,freelance,True
INC_NPU_00223_202507,NPU_00223,2025-07-12,90934.42,freelance,True
INC_NPU_00223_202508,NPU_00223,2025-08-06,27828.99,freelance,True
INC_NPU_00223_202509,NPU_00223,2025-09-16,69819.25,freelance,True
INC_NPU_00223_202510,NPU_00223,2025-10-16,17783.61,freelance,True
INC_NPU_00223_202511,NPU_00223,2025-11-16,39402.93,freelance,True
INC_NPU_00223_202512,NPU_00223,2025-12-14,17853.34,freelance,True
INC_NPU_00224_202301,NPU_00224,2023-01-02,83826.43,salary,True
INC_NPU_00224_202302,NPU_00224,2023-02-01,84380.3,salary,True
INC_NPU_00224_202303,NPU_00224,2023-03-01,79979.72,salary,True
INC_NPU_00224_202304,NPU_00224,2023-04-01,79715.52,salary,True
INC_NPU_00224_202305,NPU_00224,2023-05-02,84182.31,salary,True
INC_NPU_00224_202306,NPU_00224,2023-06-04,83508.96,salary,True
INC_NPU_00224_202307,NPU_00224,2023-07-01,80092.3,salary,True
INC_NPU_00224_202308,NPU_00224,2023-08-01,80359.73,salary,True
INC_NPU_00224_202309,NPU_00224,2023-09-03,85373.28,salary,True
INC_NPU_00224_202310,NPU_00224,2023-10-02,83795.42,salary,True
INC_NPU_00224_202311,NPU_00224,2023-11-01,81056.59,salary,True
INC_NPU_00224_202312,NPU_00224,2023-12-05,84537.06,salary,True
INC_NPU_00224_202401,NPU_00224,2024-01-01,80077.27,salary,True
INC_NPU_00224_202402,NPU_00224,2024-02-04,79535.36,salary,True
INC_NPU_00224_202403,NPU_00224,2024-03-02,81553.77,salary,True
INC_NPU_00224_202404,NPU_00224,2024-04-05,84052.86,salary,True
INC_NPU_00224_202405,NPU_00224,2024-05-02,83084.39,salary,True
INC_NPU_00224_202406,NPU_00224,2024-06-03,83750.29,salary,True
INC_NPU_00224_202407,NPU_00224,2024-07-01,83558.76,salary,True
INC_NPU_00224_202408,NPU_00224,2024-08-04,84795.22,salary,True
INC_NPU_00224_202409,NPU_00224,2024-09-01,83328.39,salary,True
INC_NPU_00224_202410,NPU_00224,2024-10-02,82801.48,salary,True
INC_NPU_00224_202411,NPU_00224,2024-11-01,81005.95,salary,True
INC_NPU_00224_202412,NPU_00224,2024-12-01,83420.73,salary,True
INC_NPU_00224_202501,NPU_00224,2025-01-02,80364.39,salary,True
INC_NPU_00224_202502,NPU_00224,2025-02-02,81925.89,salary,True
INC_NPU_00224_202503,NPU_00224,2025-03-03,82841.47,salary,True
INC_NPU_00224_202504,NPU_00224,2025-04-01,81954.6,salary,True
INC_NPU_00224_202505,NPU_00224,2025-05-03,84292.76,salary,True
INC_NPU_00224_202506,NPU_00224,2025-06-02,85053.76,salary,True
INC_NPU_00224_202507,NPU_00224,2025-07-04,85175.51,salary,True
INC_NPU_00224_202508,NPU_00224,2025-08-05,85285.12,salary,True
INC_NPU_00224_202509,NPU_00224,2025-09-01,83770.84,salary,True
INC_NPU_00224_202510,NPU_00224,2025-10-01,85013.99,salary,True
INC_NPU_00224_202511,NPU_00224,2025-11-01,83787.31,salary,True
INC_NPU_00224_202512,NPU_00224,2025-12-03,85755.04,salary,True
INC_NPU_00225_202301,NPU_00225,2023-01-01,217599.74,salary,True
INC_NPU_00225_202302,NPU_00225,2023-02-01,221639.2,salary,True
INC_NPU_00225_202303,NPU_00225,2023-03-02,220804.01,salary,True
INC_NPU_00225_202304,NPU_00225,2023-04-01,223432.06,salary,True
INC_NPU_00225_202305,NPU_00225,2023-05-02,222617.84,salary,True
INC_NPU_00225_202306,NPU_00225,2023-06-01,217262.64,salary,True
INC_NPU_00225_202307,NPU_00225,2023-07-01,224279.34,salary,True
INC_NPU_00225_202308,NPU_00225,2023-08-01,226739.38,salary,True
INC_NPU_00225_202309,NPU_00225,2023-09-05,222572.57,salary,True
INC_NPU_00225_202310,NPU_00225,2023-10-01,218371.12,salary,True
INC_NPU_00225_202311,NPU_00225,2023-11-02,220448.39,salary,True
INC_NPU_00225_202312,NPU_00225,2023-12-01,222798.5,salary,True
INC_NPU_00225_202401,NPU_00225,2024-01-01,217861.61,salary,True
INC_NPU_00225_202402,NPU_00225,2024-02-04,218219.24,salary,True
INC_NPU_00225_202403,NPU_00225,2024-03-04,230085.58,salary,True
INC_NPU_00225_202404,NPU_00225,2024-04-01,215345.41,salary,True
INC_NPU_00225_202405,NPU_00225,2024-05-01,222186.86,salary,True
INC_NPU_00225_202406,NPU_00225,2024-06-01,229845.43,salary,True
INC_NPU_00225_202407,NPU_00225,2024-07-03,218443.31,salary,True
INC_NPU_00225_202408,NPU_00225,2024-08-02,225150.93,salary,True
INC_NPU_00225_202409,NPU_00225,2024-09-03,218392.78,salary,True
INC_NPU_00225_202410,NPU_00225,2024-10-03,224550.07,salary,True
INC_NPU_00225_202411,NPU_00225,2024-11-01,218414.62,salary,True
INC_NPU_00225_202412,NPU_00225,2024-12-03,228286.31,salary,True
INC_NPU_00225_202501,NPU_00225,2025-01-03,217464.89,salary,True
INC_NPU_00225_202502,NPU_00225,2025-02-03,219184.17,salary,True
INC_NPU_00225_202503,NPU_00225,2025-03-04,225236.88,salary,True
INC_NPU_00225_202504,NPU_00225,2025-04-01,221268.92,salary,True
INC_NPU_00225_202505,NPU_00225,2025-05-02,223758.04,salary,True
INC_NPU_00225_202506,NPU_00225,2025-06-04,225736.4,salary,True
INC_NPU_00225_202507,NPU_00225,2025-07-01,219039.68,salary,True
INC_NPU_00225_202508,NPU_00225,2025-08-04,220666.71,salary,True
INC_NPU_00225_202509,NPU_00225,2025-09-01,221626.88,salary,True
INC_NPU_00225_202510,NPU_00225,2025-10-02,227757.11,salary,True
INC_NPU_00225_202511,NPU_00225,2025-11-04,222335.36,salary,True
INC_NPU_00225_202512,NPU_00225,2025-12-01,217882.44,salary,True
INC_NPU_00226_202301,NPU_00226,2023-01-01,27390.92,salary,True
INC_NPU_00226_202302,NPU_00226,2023-02-02,27839.6,salary,True
INC_NPU_00226_202303,NPU_00226,2023-03-01,27745.62,salary,True
INC_NPU_00226_202304,NPU_00226,2023-04-01,28665.47,salary,True
INC_NPU_00226_202305,NPU_00226,2023-05-01,28550.8,salary,True
INC_NPU_00226_202306,NPU_00226,2023-06-01,27786.7,salary,True
INC_NPU_00226_202307,NPU_00226,2023-07-01,27911.58,salary,True
INC_NPU_00226_202308,NPU_00226,2023-08-04,27389.36,salary,True
INC_NPU_00226_202309,NPU_00226,2023-09-01,28338.0,salary,True
INC_NPU_00226_202310,NPU_00226,2023-10-03,27780.75,salary,True
INC_NPU_00226_202311,NPU_00226,2023-11-01,27817.69,salary,True
INC_NPU_00226_202312,NPU_00226,2023-12-04,28034.3,salary,True
INC_NPU_00226_202401,NPU_00226,2024-01-01,28513.34,salary,True
INC_NPU_00226_202402,NPU_00226,2024-02-01,28037.86,salary,True
INC_NPU_00226_202403,NPU_00226,2024-03-03,27437.45,salary,True
INC_NPU_00226_202404,NPU_00226,2024-04-04,28074.49,salary,True
INC_NPU_00226_202405,NPU_00226,2024-05-03,26935.32,salary,True
INC_NPU_00226_202406,NPU_00226,2024-06-01,28139.06,salary,True
INC_NPU_00226_202407,NPU_00226,2024-07-03,27934.64,salary,True
INC_NPU_00226_202408,NPU_00226,2024-08-01,27746.14,salary,True
INC_NPU_00226_202409,NPU_00226,2024-09-03,28233.07,salary,True
INC_NPU_00226_202410,NPU_00226,2024-10-03,28148.41,salary,True
INC_NPU_00226_202411,NPU_00226,2024-11-03,28159.93,salary,True
INC_NPU_00226_202412,NPU_00226,2024-12-01,27383.43,salary,True
INC_NPU_00226_202501,NPU_00226,2025-01-01,28492.67,salary,True
INC_NPU_00226_202502,NPU_00226,2025-02-02,27079.51,salary,True
INC_NPU_00226_202503,NPU_00226,2025-03-03,27627.22,salary,True
INC_NPU_00226_202504,NPU_00226,2025-04-02,27711.04,salary,True
INC_NPU_00226_202505,NPU_00226,2025-05-01,28318.02,salary,True
INC_NPU_00226_202506,NPU_00226,2025-06-01,28111.77,salary,True
INC_NPU_00226_202507,NPU_00226,2025-07-01,27632.47,salary,True
INC_NPU_00226_202508,NPU_00226,2025-08-01,27707.49,salary,True
INC_NPU_00226_202509,NPU_00226,2025-09-02,26851.28,salary,True
INC_NPU_00226_202510,NPU_00226,2025-10-03,28618.72,salary,True
INC_NPU_00226_202511,NPU_00226,2025-11-03,28294.1,salary,True
INC_NPU_00226_202512,NPU_00226,2025-12-02,28811.38,salary,True
INC_NPU_00227_202301,NPU_00227,2023-01-15,124183.39,freelance,True
INC_NPU_00227_202302,NPU_00227,2023-02-18,49604.39,freelance,True
INC_NPU_00227_202303,NPU_00227,2023-03-06,157373.43,freelance,True
INC_NPU_00227_202304,NPU_00227,2023-04-02,221545.69,freelance,True
INC_NPU_00227_202305,NPU_00227,2023-05-11,379353.2,freelance,True
INC_NPU_00227_202306,NPU_00227,2023-06-07,128245.27,freelance,True
INC_NPU_00227_202307,NPU_00227,2023-07-21,204616.17,freelance,True
INC_NPU_00227_202308,NPU_00227,2023-08-03,119293.76,freelance,True
INC_NPU_00227_202309,NPU_00227,2023-09-04,152502.07,freelance,True
INC_NPU_00227_202310,NPU_00227,2023-10-12,39785.66,freelance,True
INC_NPU_00227_202311,NPU_00227,2023-11-09,242397.24,freelance,True
INC_NPU_00227_202312,NPU_00227,2023-12-12,170257.16,freelance,True
INC_NPU_00227_202401,NPU_00227,2024-01-20,448282.69,freelance,True
INC_NPU_00227_202402,NPU_00227,2024-02-23,131544.09,freelance,True
INC_NPU_00227_202403,NPU_00227,2024-03-23,133479.49,freelance,True
INC_NPU_00227_202404,NPU_00227,2024-04-18,131445.51,freelance,True
INC_NPU_00227_202405,NPU_00227,2024-05-19,356839.35,freelance,True
INC_NPU_00227_202406,NPU_00227,2024-06-18,163028.9,freelance,True
INC_NPU_00227_202407,NPU_00227,2024-07-24,84465.86,freelance,True
INC_NPU_00227_202408,NPU_00227,2024-08-07,442696.01,freelance,True
INC_NPU_00227_202409,NPU_00227,2024-09-11,93208.99,freelance,True
INC_NPU_00227_202410,NPU_00227,2024-10-17,121859.76,freelance,True
INC_NPU_00227_202411,NPU_00227,2024-11-02,200270.75,freelance,True
INC_NPU_00227_202412,NPU_00227,2024-12-22,342807.24,freelance,True
INC_NPU_00227_202501,NPU_00227,2025-01-14,81758.22,freelance,True
INC_NPU_00227_202502,NPU_00227,2025-02-16,223590.03,freelance,True
INC_NPU_00227_202503,NPU_00227,2025-03-02,375488.07,freelance,True
INC_NPU_00227_202504,NPU_00227,2025-04-02,384216.41,freelance,True
INC_NPU_00227_202505,NPU_00227,2025-05-16,187123.56,freelance,True
INC_NPU_00227_202506,NPU_00227,2025-06-12,258006.3,freelance,True
INC_NPU_00227_202507,NPU_00227,2025-07-02,119997.54,freelance,True
INC_NPU_00227_202508,NPU_00227,2025-08-09,114748.85,freelance,True
INC_NPU_00227_202509,NPU_00227,2025-09-17,153557.51,freelance,True
INC_NPU_00227_202510,NPU_00227,2025-10-07,149344.98,freelance,True
INC_NPU_00227_202511,NPU_00227,2025-11-02,241840.93,freelance,True
INC_NPU_00227_202512,NPU_00227,2025-12-10,259914.11,freelance,True
INC_NPU_00228_202301,NPU_00228,2023-01-01,105288.41,salary,True
INC_NPU_00228_202302,NPU_00228,2023-02-01,104228.32,salary,True
INC_NPU_00228_202303,NPU_00228,2023-03-01,98745.46,salary,True
INC_NPU_00228_202304,NPU_00228,2023-04-02,107010.25,salary,True
INC_NPU_00228_202305,NPU_00228,2023-05-02,104914.42,salary,True
INC_NPU_00228_202306,NPU_00228,2023-06-01,102903.62,salary,True
INC_NPU_00228_202307,NPU_00228,2023-07-02,106799.33,salary,True
INC_NPU_00228_202308,NPU_00228,2023-08-01,104196.25,salary,True
INC_NPU_00228_202309,NPU_00228,2023-09-01,102090.55,salary,True
INC_NPU_00228_202310,NPU_00228,2023-10-02,105263.89,salary,True
INC_NPU_00228_202311,NPU_00228,2023-11-02,103079.43,salary,True
INC_NPU_00228_202312,NPU_00228,2023-12-02,101601.2,salary,True
INC_NPU_00228_202401,NPU_00228,2024-01-04,101503.62,salary,True
INC_NPU_00228_202402,NPU_00228,2024-02-01,102927.8,salary,True
INC_NPU_00228_202403,NPU_00228,2024-03-02,104408.94,salary,True
INC_NPU_00228_202404,NPU_00228,2024-04-01,101146.36,salary,True
INC_NPU_00228_202405,NPU_00228,2024-05-01,101797.05,salary,True
INC_NPU_00228_202406,NPU_00228,2024-06-04,106906.68,salary,True
INC_NPU_00228_202407,NPU_00228,2024-07-01,107583.7,salary,True
INC_NPU_00228_202408,NPU_00228,2024-08-04,104848.03,salary,True
INC_NPU_00228_202409,NPU_00228,2024-09-04,105195.71,salary,True
INC_NPU_00228_202410,NPU_00228,2024-10-02,106836.67,salary,True
INC_NPU_00228_202411,NPU_00228,2024-11-02,103076.61,salary,True
INC_NPU_00228_202412,NPU_00228,2024-12-02,99892.51,salary,True
INC_NPU_00228_202501,NPU_00228,2025-01-01,107272.43,salary,True
INC_NPU_00228_202502,NPU_00228,2025-02-03,107501.91,salary,True
INC_NPU_00228_202503,NPU_00228,2025-03-01,109593.93,salary,True
INC_NPU_00228_202504,NPU_00228,2025-04-04,108276.62,salary,True
INC_NPU_00228_202505,NPU_00228,2025-05-01,103872.18,salary,True
INC_NPU_00228_202506,NPU_00228,2025-06-01,103400.13,salary,True
INC_NPU_00228_202507,NPU_00228,2025-07-03,104955.51,salary,True
INC_NPU_00228_202508,NPU_00228,2025-08-04,100551.07,salary,True
INC_NPU_00228_202509,NPU_00228,2025-09-03,101967.28,salary,True
INC_NPU_00228_202510,NPU_00228,2025-10-03,103104.79,salary,True
INC_NPU_00228_202511,NPU_00228,2025-11-05,105695.57,salary,True
INC_NPU_00228_202512,NPU_00228,2025-12-02,105799.81,salary,True
INC_NPU_00229_202301,NPU_00229,2023-01-22,65728.64,freelance,True
INC_NPU_00229_202302,NPU_00229,2023-02-16,79639.29,freelance,True
INC_NPU_00229_202303,NPU_00229,2023-03-24,106831.79,freelance,True
INC_NPU_00229_202304,NPU_00229,2023-04-15,53721.03,freelance,True
INC_NPU_00229_202305,NPU_00229,2023-05-02,75551.29,freelance,True
INC_NPU_00229_202306,NPU_00229,2023-06-24,50278.5,freelance,True
INC_NPU_00229_202307,NPU_00229,2023-07-01,104209.24,freelance,True
INC_NPU_00229_202308,NPU_00229,2023-08-02,95995.14,freelance,True
INC_NPU_00229_202309,NPU_00229,2023-09-05,40226.12,freelance,True
INC_NPU_00229_202310,NPU_00229,2023-10-04,73613.52,freelance,True
INC_NPU_00229_202311,NPU_00229,2023-11-20,72559.36,freelance,True
INC_NPU_00229_202312,NPU_00229,2023-12-23,50623.55,freelance,True
INC_NPU_00229_202401,NPU_00229,2024-01-02,62263.96,freelance,True
INC_NPU_00229_202402,NPU_00229,2024-02-07,89775.44,freelance,True
INC_NPU_00229_202403,NPU_00229,2024-03-03,81773.81,freelance,True
INC_NPU_00229_202404,NPU_00229,2024-04-12,147522.24,freelance,True
INC_NPU_00229_202405,NPU_00229,2024-05-18,60316.91,freelance,True
INC_NPU_00229_202406,NPU_00229,2024-06-11,109626.34,freelance,True
INC_NPU_00229_202407,NPU_00229,2024-07-11,64900.2,freelance,True
INC_NPU_00229_202408,NPU_00229,2024-08-06,98906.76,freelance,True
INC_NPU_00229_202409,NPU_00229,2024-09-13,18747.58,freelance,True
INC_NPU_00229_202410,NPU_00229,2024-10-16,47095.63,freelance,True
INC_NPU_00229_202411,NPU_00229,2024-11-01,57783.91,freelance,True
INC_NPU_00229_202412,NPU_00229,2024-12-09,42002.16,freelance,True
INC_NPU_00229_202501,NPU_00229,2025-01-20,58659.86,freelance,True
INC_NPU_00229_202502,NPU_00229,2025-02-07,64149.32,freelance,True
INC_NPU_00229_202503,NPU_00229,2025-03-02,25953.92,freelance,True
INC_NPU_00229_202504,NPU_00229,2025-04-17,62442.25,freelance,True
INC_NPU_00229_202505,NPU_00229,2025-05-08,54069.22,freelance,True
INC_NPU_00229_202506,NPU_00229,2025-06-09,10185.71,freelance,True
INC_NPU_00229_202507,NPU_00229,2025-07-01,47079.93,freelance,True
INC_NPU_00229_202508,NPU_00229,2025-08-16,86230.43,freelance,True
INC_NPU_00229_202509,NPU_00229,2025-09-10,128279.47,freelance,True
INC_NPU_00229_202510,NPU_00229,2025-10-14,114522.99,freelance,True
INC_NPU_00229_202511,NPU_00229,2025-11-20,65830.89,freelance,True
INC_NPU_00229_202512,NPU_00229,2025-12-19,31612.36,freelance,True
INC_NPU_00230_202301,NPU_00230,2023-01-01,93543.26,salary,True
INC_NPU_00230_202302,NPU_00230,2023-02-05,95001.46,salary,True
INC_NPU_00230_202303,NPU_00230,2023-03-02,92687.07,salary,True
INC_NPU_00230_202304,NPU_00230,2023-04-01,92426.27,salary,True
INC_NPU_00230_202305,NPU_00230,2023-05-02,94275.15,salary,True
INC_NPU_00230_202306,NPU_00230,2023-06-05,93471.85,salary,True
INC_NPU_00230_202307,NPU_00230,2023-07-01,94121.78,salary,True
INC_NPU_00230_202308,NPU_00230,2023-08-01,97121.6,salary,True
INC_NPU_00230_202309,NPU_00230,2023-09-01,91943.84,salary,True
INC_NPU_00230_202310,NPU_00230,2023-10-03,93670.13,salary,True
INC_NPU_00230_202311,NPU_00230,2023-11-03,95574.75,salary,True
INC_NPU_00230_202312,NPU_00230,2023-12-03,95609.68,salary,True
INC_NPU_00230_202401,NPU_00230,2024-01-04,93854.34,salary,True
INC_NPU_00230_202402,NPU_00230,2024-02-01,92351.51,salary,True
INC_NPU_00230_202403,NPU_00230,2024-03-01,94095.4,salary,True
INC_NPU_00230_202404,NPU_00230,2024-04-03,94137.64,salary,True
INC_NPU_00230_202405,NPU_00230,2024-05-01,94467.41,salary,True
INC_NPU_00230_202406,NPU_00230,2024-06-04,90898.81,salary,True
INC_NPU_00230_202407,NPU_00230,2024-07-02,96249.54,salary,True
INC_NPU_00230_202408,NPU_00230,2024-08-01,95583.03,salary,True
INC_NPU_00230_202409,NPU_00230,2024-09-02,92744.76,salary,True
INC_NPU_00230_202410,NPU_00230,2024-10-01,95359.83,salary,True
INC_NPU_00230_202411,NPU_00230,2024-11-02,92615.89,salary,True
INC_NPU_00230_202412,NPU_00230,2024-12-02,95863.56,salary,True
INC_NPU_00230_202501,NPU_00230,2025-01-04,93040.82,salary,True
INC_NPU_00230_202502,NPU_00230,2025-02-03,91236.25,salary,True
INC_NPU_00230_202503,NPU_00230,2025-03-02,96777.01,salary,True
INC_NPU_00230_202504,NPU_00230,2025-04-02,94384.7,salary,True
INC_NPU_00230_202505,NPU_00230,2025-05-03,92496.05,salary,True
INC_NPU_00230_202506,NPU_00230,2025-06-04,96052.86,salary,True
INC_NPU_00230_202507,NPU_00230,2025-07-01,94117.42,salary,True
INC_NPU_00230_202508,NPU_00230,2025-08-01,92262.85,salary,True
INC_NPU_00230_202509,NPU_00230,2025-09-02,96082.05,salary,True
INC_NPU_00230_202510,NPU_00230,2025-10-01,94458.52,salary,True
INC_NPU_00230_202511,NPU_00230,2025-11-01,93521.1,salary,True
INC_NPU_00230_202512,NPU_00230,2025-12-01,92918.3,salary,True
INC_NPU_00231_202301,NPU_00231,2023-01-02,149921.4,salary,True
INC_NPU_00231_202302,NPU_00231,2023-02-01,145600.57,salary,True
INC_NPU_00231_202303,NPU_00231,2023-03-01,154987.93,salary,True
INC_NPU_00231_202304,NPU_00231,2023-04-01,149321.58,salary,True
INC_NPU_00231_202305,NPU_00231,2023-05-05,149919.69,salary,True
INC_NPU_00231_202306,NPU_00231,2023-06-01,152247.07,salary,True
INC_NPU_00231_202307,NPU_00231,2023-07-02,152322.07,salary,True
INC_NPU_00231_202308,NPU_00231,2023-08-03,150284.14,salary,True
INC_NPU_00231_202309,NPU_00231,2023-09-05,154984.74,salary,True
INC_NPU_00231_202310,NPU_00231,2023-10-02,147734.33,salary,True
INC_NPU_00231_202311,NPU_00231,2023-11-02,154917.88,salary,True
INC_NPU_00231_202312,NPU_00231,2023-12-02,151894.66,salary,True
INC_NPU_00231_202401,NPU_00231,2024-01-01,150139.04,salary,True
INC_NPU_00231_202402,NPU_00231,2024-02-02,147979.76,salary,True
INC_NPU_00231_202403,NPU_00231,2024-03-01,153300.46,salary,True
INC_NPU_00231_202404,NPU_00231,2024-04-01,149104.68,salary,True
INC_NPU_00231_202405,NPU_00231,2024-05-01,148698.11,salary,True
INC_NPU_00231_202406,NPU_00231,2024-06-02,157122.42,salary,True
INC_NPU_00231_202407,NPU_00231,2024-07-01,148431.21,salary,True
INC_NPU_00231_202408,NPU_00231,2024-08-01,147683.38,salary,True
INC_NPU_00231_202409,NPU_00231,2024-09-03,154647.85,salary,True
INC_NPU_00231_202410,NPU_00231,2024-10-04,153553.23,salary,True
INC_NPU_00231_202411,NPU_00231,2024-11-03,150977.78,salary,True
INC_NPU_00231_202412,NPU_00231,2024-12-02,149738.26,salary,True
INC_NPU_00231_202501,NPU_00231,2025-01-01,150468.67,salary,True
INC_NPU_00231_202502,NPU_00231,2025-02-03,151057.67,salary,True
INC_NPU_00231_202503,NPU_00231,2025-03-02,154261.64,salary,True
INC_NPU_00231_202504,NPU_00231,2025-04-01,153375.95,salary,True
INC_NPU_00231_202505,NPU_00231,2025-05-01,151558.29,salary,True
INC_NPU_00231_202506,NPU_00231,2025-06-03,151525.52,salary,True
INC_NPU_00231_202507,NPU_00231,2025-07-04,154797.67,salary,True
INC_NPU_00231_202508,NPU_00231,2025-08-04,150128.5,salary,True
INC_NPU_00231_202509,NPU_00231,2025-09-04,147888.53,salary,True
INC_NPU_00231_202510,NPU_00231,2025-10-01,156714.33,salary,True
INC_NPU_00231_202511,NPU_00231,2025-11-02,151561.96,salary,True
INC_NPU_00231_202512,NPU_00231,2025-12-02,158720.08,salary,True
INC_NPU_00232_202301,NPU_00232,2023-01-01,89928.66,salary,True
INC_NPU_00232_202302,NPU_00232,2023-02-01,90816.93,salary,True
INC_NPU_00232_202303,NPU_00232,2023-03-02,89191.35,salary,True
INC_NPU_00232_202304,NPU_00232,2023-04-05,91292.25,salary,True
INC_NPU_00232_202305,NPU_00232,2023-05-01,90204.11,salary,True
INC_NPU_00232_202306,NPU_00232,2023-06-05,90413.02,salary,True
INC_NPU_00232_202307,NPU_00232,2023-07-02,91011.14,salary,True
INC_NPU_00232_202308,NPU_00232,2023-08-04,89967.83,salary,True
INC_NPU_00232_202309,NPU_00232,2023-09-05,91231.7,salary,True
INC_NPU_00232_202310,NPU_00232,2023-10-01,89556.84,salary,True
INC_NPU_00232_202311,NPU_00232,2023-11-04,91134.45,salary,True
INC_NPU_00232_202312,NPU_00232,2023-12-01,87699.19,salary,True
INC_NPU_00232_202401,NPU_00232,2024-01-02,88319.63,salary,True
INC_NPU_00232_202402,NPU_00232,2024-02-01,89163.83,salary,True
INC_NPU_00232_202403,NPU_00232,2024-03-03,88631.19,salary,True
INC_NPU_00232_202404,NPU_00232,2024-04-02,88758.63,salary,True
INC_NPU_00232_202405,NPU_00232,2024-05-01,91670.28,salary,True
INC_NPU_00232_202406,NPU_00232,2024-06-01,90251.67,salary,True
INC_NPU_00232_202407,NPU_00232,2024-07-02,89967.9,salary,True
INC_NPU_00232_202408,NPU_00232,2024-08-05,91249.05,salary,True
INC_NPU_00232_202409,NPU_00232,2024-09-01,91389.53,salary,True
INC_NPU_00232_202410,NPU_00232,2024-10-02,89767.94,salary,True
INC_NPU_00232_202411,NPU_00232,2024-11-04,92684.79,salary,True
INC_NPU_00232_202412,NPU_00232,2024-12-02,90351.45,salary,True
INC_NPU_00232_202501,NPU_00232,2025-01-01,91849.16,salary,True
INC_NPU_00232_202502,NPU_00232,2025-02-02,89554.32,salary,True
INC_NPU_00232_202503,NPU_00232,2025-03-02,91175.91,salary,True
INC_NPU_00232_202504,NPU_00232,2025-04-01,92028.12,salary,True
INC_NPU_00232_202505,NPU_00232,2025-05-05,91798.56,salary,True
INC_NPU_00232_202506,NPU_00232,2025-06-04,91619.7,salary,True
INC_NPU_00232_202507,NPU_00232,2025-07-01,89471.35,salary,True
INC_NPU_00232_202508,NPU_00232,2025-08-03,88559.64,salary,True
INC_NPU_00232_202509,NPU_00232,2025-09-02,88372.43,salary,True
INC_NPU_00232_202510,NPU_00232,2025-10-04,89885.84,salary,True
INC_NPU_00232_202511,NPU_00232,2025-11-04,89762.53,salary,True
INC_NPU_00232_202512,NPU_00232,2025-12-05,91420.63,salary,True
INC_NPU_00233_202301,NPU_00233,2023-01-01,148912.34,salary,True
INC_NPU_00233_202302,NPU_00233,2023-02-01,145089.45,salary,True
INC_NPU_00233_202303,NPU_00233,2023-03-03,151565.05,salary,True
INC_NPU_00233_202304,NPU_00233,2023-04-02,149450.44,salary,True
INC_NPU_00233_202305,NPU_00233,2023-05-02,146633.68,salary,True
INC_NPU_00233_202306,NPU_00233,2023-06-02,147084.93,salary,True
INC_NPU_00233_202307,NPU_00233,2023-07-01,152991.78,salary,True
INC_NPU_00233_202308,NPU_00233,2023-08-01,145441.23,salary,True
INC_NPU_00233_202309,NPU_00233,2023-09-04,153177.05,salary,True
INC_NPU_00233_202310,NPU_00233,2023-10-01,148026.51,salary,True
INC_NPU_00233_202311,NPU_00233,2023-11-02,148218.09,salary,True
INC_NPU_00233_202312,NPU_00233,2023-12-01,149753.81,salary,True
INC_NPU_00233_202401,NPU_00233,2024-01-02,144336.64,salary,True
INC_NPU_00233_202402,NPU_00233,2024-02-03,149437.81,salary,True
INC_NPU_00233_202403,NPU_00233,2024-03-02,150951.58,salary,True
INC_NPU_00233_202404,NPU_00233,2024-04-01,147424.63,salary,True
INC_NPU_00233_202405,NPU_00233,2024-05-03,148672.98,salary,True
INC_NPU_00233_202406,NPU_00233,2024-06-02,155061.77,salary,True
INC_NPU_00233_202407,NPU_00233,2024-07-01,151293.06,salary,True
INC_NPU_00233_202408,NPU_00233,2024-08-02,146107.37,salary,True
INC_NPU_00233_202409,NPU_00233,2024-09-01,147252.6,salary,True
INC_NPU_00233_202410,NPU_00233,2024-10-01,147938.03,salary,True
INC_NPU_00233_202411,NPU_00233,2024-11-02,151497.21,salary,True
INC_NPU_00233_202412,NPU_00233,2024-12-01,146097.8,salary,True
INC_NPU_00233_202501,NPU_00233,2025-01-01,150647.27,salary,True
INC_NPU_00233_202502,NPU_00233,2025-02-03,150667.91,salary,True
INC_NPU_00233_202503,NPU_00233,2025-03-05,148853.9,salary,True
INC_NPU_00233_202504,NPU_00233,2025-04-02,151607.36,salary,True
INC_NPU_00233_202505,NPU_00233,2025-05-02,146359.3,salary,True
INC_NPU_00233_202506,NPU_00233,2025-06-01,152248.66,salary,True
INC_NPU_00233_202507,NPU_00233,2025-07-01,143793.06,salary,True
INC_NPU_00233_202508,NPU_00233,2025-08-05,146083.15,salary,True
INC_NPU_00233_202509,NPU_00233,2025-09-01,143851.31,salary,True
INC_NPU_00233_202510,NPU_00233,2025-10-01,146512.56,salary,True
INC_NPU_00233_202511,NPU_00233,2025-11-02,150725.28,salary,True
INC_NPU_00233_202512,NPU_00233,2025-12-04,149883.78,salary,True
INC_NPU_00234_202301,NPU_00234,2023-01-19,150678.76,freelance,True
INC_NPU_00234_202302,NPU_00234,2023-02-21,135066.13,freelance,True
INC_NPU_00234_202303,NPU_00234,2023-03-01,171777.5,freelance,True
INC_NPU_00234_202304,NPU_00234,2023-04-03,98308.3,freelance,True
INC_NPU_00234_202305,NPU_00234,2023-05-04,100181.59,freelance,True
INC_NPU_00234_202306,NPU_00234,2023-06-15,157910.88,freelance,True
INC_NPU_00234_202307,NPU_00234,2023-07-02,326746.98,freelance,True
INC_NPU_00234_202308,NPU_00234,2023-08-13,195355.1,freelance,True
INC_NPU_00234_202309,NPU_00234,2023-09-04,120481.98,freelance,True
INC_NPU_00234_202310,NPU_00234,2023-10-17,140845.69,freelance,True
INC_NPU_00234_202311,NPU_00234,2023-11-09,90241.74,freelance,True
INC_NPU_00234_202312,NPU_00234,2023-12-13,24856.34,freelance,True
INC_NPU_00234_202401,NPU_00234,2024-01-09,127427.33,freelance,True
INC_NPU_00234_202402,NPU_00234,2024-02-02,185528.06,freelance,True
INC_NPU_00234_202403,NPU_00234,2024-03-02,105175.94,freelance,True
INC_NPU_00234_202404,NPU_00234,2024-04-03,190194.33,freelance,True
INC_NPU_00234_202405,NPU_00234,2024-05-06,58089.48,freelance,True
INC_NPU_00234_202406,NPU_00234,2024-06-23,113926.51,freelance,True
INC_NPU_00234_202407,NPU_00234,2024-07-13,125934.12,freelance,True
INC_NPU_00234_202408,NPU_00234,2024-08-17,58167.68,freelance,True
INC_NPU_00234_202409,NPU_00234,2024-09-20,81730.45,freelance,True
INC_NPU_00234_202410,NPU_00234,2024-10-06,125729.33,freelance,True
INC_NPU_00234_202411,NPU_00234,2024-11-24,207966.43,freelance,True
INC_NPU_00234_202412,NPU_00234,2024-12-21,48998.67,freelance,True
INC_NPU_00234_202501,NPU_00234,2025-01-01,63123.02,freelance,True
INC_NPU_00234_202502,NPU_00234,2025-02-03,60071.92,freelance,True
INC_NPU_00234_202503,NPU_00234,2025-03-19,24200.05,freelance,True
INC_NPU_00234_202504,NPU_00234,2025-04-13,65490.66,freelance,True
INC_NPU_00234_202505,NPU_00234,2025-05-01,84758.98,freelance,True
INC_NPU_00234_202506,NPU_00234,2025-06-12,218051.51,freelance,True
INC_NPU_00234_202507,NPU_00234,2025-07-22,136624.89,freelance,True
INC_NPU_00234_202508,NPU_00234,2025-08-15,100013.22,freelance,True
INC_NPU_00234_202509,NPU_00234,2025-09-07,178913.51,freelance,True
INC_NPU_00234_202510,NPU_00234,2025-10-17,98228.43,freelance,True
INC_NPU_00234_202511,NPU_00234,2025-11-09,153788.83,freelance,True
INC_NPU_00234_202512,NPU_00234,2025-12-03,124291.19,freelance,True
INC_NPU_00235_202301,NPU_00235,2023-01-05,69142.23,salary,True
INC_NPU_00235_202302,NPU_00235,2023-02-03,67625.14,salary,True
INC_NPU_00235_202303,NPU_00235,2023-03-01,68564.81,salary,True
INC_NPU_00235_202304,NPU_00235,2023-04-01,70435.75,salary,True
INC_NPU_00235_202305,NPU_00235,2023-05-01,66919.54,salary,True
INC_NPU_00235_202306,NPU_00235,2023-06-01,69924.05,salary,True
INC_NPU_00235_202307,NPU_00235,2023-07-01,68297.18,salary,True
INC_NPU_00235_202308,NPU_00235,2023-08-05,67344.94,salary,True
INC_NPU_00235_202309,NPU_00235,2023-09-03,67429.87,salary,True
INC_NPU_00235_202310,NPU_00235,2023-10-01,68257.67,salary,True
INC_NPU_00235_202311,NPU_00235,2023-11-01,69994.03,salary,True
INC_NPU_00235_202312,NPU_00235,2023-12-05,69133.73,salary,True
INC_NPU_00235_202401,NPU_00235,2024-01-04,66818.42,salary,True
INC_NPU_00235_202402,NPU_00235,2024-02-01,69845.03,salary,True
INC_NPU_00235_202403,NPU_00235,2024-03-05,69589.57,salary,True
INC_NPU_00235_202404,NPU_00235,2024-04-03,66216.26,salary,True
INC_NPU_00235_202405,NPU_00235,2024-05-04,67287.58,salary,True
INC_NPU_00235_202406,NPU_00235,2024-06-02,70150.88,salary,True
INC_NPU_00235_202407,NPU_00235,2024-07-03,68536.92,salary,True
INC_NPU_00235_202408,NPU_00235,2024-08-01,69835.89,salary,True
INC_NPU_00235_202409,NPU_00235,2024-09-01,65568.4,salary,True
INC_NPU_00235_202410,NPU_00235,2024-10-01,65126.9,salary,True
INC_NPU_00235_202411,NPU_00235,2024-11-01,69412.51,salary,True
INC_NPU_00235_202412,NPU_00235,2024-12-01,67745.84,salary,True
INC_NPU_00235_202501,NPU_00235,2025-01-03,69493.87,salary,True
INC_NPU_00235_202502,NPU_00235,2025-02-02,69855.86,salary,True
INC_NPU_00235_202503,NPU_00235,2025-03-04,67769.33,salary,True
INC_NPU_00235_202504,NPU_00235,2025-04-05,68408.83,salary,True
INC_NPU_00235_202505,NPU_00235,2025-05-03,68105.45,salary,True
INC_NPU_00235_202506,NPU_00235,2025-06-02,67748.08,salary,True
INC_NPU_00235_202507,NPU_00235,2025-07-03,68835.34,salary,True
INC_NPU_00235_202508,NPU_00235,2025-08-01,69698.4,salary,True
INC_NPU_00235_202509,NPU_00235,2025-09-03,67550.26,salary,True
INC_NPU_00235_202510,NPU_00235,2025-10-02,67543.97,salary,True
INC_NPU_00235_202511,NPU_00235,2025-11-03,67780.61,salary,True
INC_NPU_00235_202512,NPU_00235,2025-12-02,69315.37,salary,True
INC_NPU_00236_202301,NPU_00236,2023-01-02,95299.17,salary,True
INC_NPU_00236_202302,NPU_00236,2023-02-01,92894.82,salary,True
INC_NPU_00236_202303,NPU_00236,2023-03-02,89985.02,salary,True
INC_NPU_00236_202304,NPU_00236,2023-04-01,91594.16,salary,True
INC_NPU_00236_202305,NPU_00236,2023-05-01,92786.71,salary,True
INC_NPU_00236_202306,NPU_00236,2023-06-02,91940.35,salary,True
INC_NPU_00236_202307,NPU_00236,2023-07-01,91155.88,salary,True
INC_NPU_00236_202308,NPU_00236,2023-08-04,93599.78,salary,True
INC_NPU_00236_202309,NPU_00236,2023-09-01,98154.49,salary,True
INC_NPU_00236_202310,NPU_00236,2023-10-02,91704.6,salary,True
INC_NPU_00236_202311,NPU_00236,2023-11-02,93938.79,salary,True
INC_NPU_00236_202312,NPU_00236,2023-12-02,94480.32,salary,True
INC_NPU_00236_202401,NPU_00236,2024-01-02,94635.5,salary,True
INC_NPU_00236_202402,NPU_00236,2024-02-02,93394.63,salary,True
INC_NPU_00236_202403,NPU_00236,2024-03-03,91238.44,salary,True
INC_NPU_00236_202404,NPU_00236,2024-04-01,95086.22,salary,True
INC_NPU_00236_202405,NPU_00236,2024-05-05,90578.23,salary,True
INC_NPU_00236_202406,NPU_00236,2024-06-02,93204.35,salary,True
INC_NPU_00236_202407,NPU_00236,2024-07-05,93018.78,salary,True
INC_NPU_00236_202408,NPU_00236,2024-08-01,91371.98,salary,True
INC_NPU_00236_202409,NPU_00236,2024-09-01,92481.98,salary,True
INC_NPU_00236_202410,NPU_00236,2024-10-02,94568.94,salary,True
INC_NPU_00236_202411,NPU_00236,2024-11-01,93203.82,salary,True
INC_NPU_00236_202412,NPU_00236,2024-12-02,90848.64,salary,True
INC_NPU_00236_202501,NPU_00236,2025-01-01,94839.47,salary,True
INC_NPU_00236_202502,NPU_00236,2025-02-04,96769.59,salary,True
INC_NPU_00236_202503,NPU_00236,2025-03-03,91070.41,salary,True
INC_NPU_00236_202504,NPU_00236,2025-04-04,93352.29,salary,True
INC_NPU_00236_202505,NPU_00236,2025-05-01,93419.2,salary,True
INC_NPU_00236_202506,NPU_00236,2025-06-01,91029.26,salary,True
INC_NPU_00236_202507,NPU_00236,2025-07-03,95787.43,salary,True
INC_NPU_00236_202508,NPU_00236,2025-08-03,93458.45,salary,True
INC_NPU_00236_202509,NPU_00236,2025-09-05,95155.34,salary,True
INC_NPU_00236_202510,NPU_00236,2025-10-01,94054.51,salary,True
INC_NPU_00236_202511,NPU_00236,2025-11-02,95707.14,salary,True
INC_NPU_00236_202512,NPU_00236,2025-12-02,94027.23,salary,True
INC_NPU_00237_202301,NPU_00237,2023-01-03,15345.7,salary,True
INC_NPU_00237_202302,NPU_00237,2023-02-01,15635.56,salary,True
INC_NPU_00237_202303,NPU_00237,2023-03-02,15232.76,salary,True
INC_NPU_00237_202304,NPU_00237,2023-04-01,15666.5,salary,True
INC_NPU_00237_202305,NPU_00237,2023-05-02,15185.61,salary,True
INC_NPU_00237_202306,NPU_00237,2023-06-02,15448.5,salary,True
INC_NPU_00237_202307,NPU_00237,2023-07-01,15388.6,salary,True
INC_NPU_00237_202308,NPU_00237,2023-08-02,15548.45,salary,True
INC_NPU_00237_202309,NPU_00237,2023-09-01,15904.82,salary,True
INC_NPU_00237_202310,NPU_00237,2023-10-02,15305.07,salary,True
INC_NPU_00237_202311,NPU_00237,2023-11-02,15735.85,salary,True
INC_NPU_00237_202312,NPU_00237,2023-12-01,15860.47,salary,True
INC_NPU_00237_202401,NPU_00237,2024-01-02,15725.62,salary,True
INC_NPU_00237_202402,NPU_00237,2024-02-04,15546.17,salary,True
INC_NPU_00237_202403,NPU_00237,2024-03-02,15530.44,salary,True
INC_NPU_00237_202404,NPU_00237,2024-04-05,15287.32,salary,True
INC_NPU_00237_202405,NPU_00237,2024-05-01,15004.24,salary,True
INC_NPU_00237_202406,NPU_00237,2024-06-02,15487.42,salary,True
INC_NPU_00237_202407,NPU_00237,2024-07-01,15890.82,salary,True
INC_NPU_00237_202408,NPU_00237,2024-08-02,15939.72,salary,True
INC_NPU_00237_202409,NPU_00237,2024-09-03,15056.09,salary,True
INC_NPU_00237_202410,NPU_00237,2024-10-04,15928.46,salary,True
INC_NPU_00237_202411,NPU_00237,2024-11-02,15650.35,salary,True
INC_NPU_00237_202412,NPU_00237,2024-12-01,15613.34,salary,True
INC_NPU_00237_202501,NPU_00237,2025-01-04,15888.14,salary,True
INC_NPU_00237_202502,NPU_00237,2025-02-01,15781.99,salary,True
INC_NPU_00237_202503,NPU_00237,2025-03-01,15180.97,salary,True
INC_NPU_00237_202504,NPU_00237,2025-04-02,15254.35,salary,True
INC_NPU_00237_202505,NPU_00237,2025-05-01,14971.59,salary,True
INC_NPU_00237_202506,NPU_00237,2025-06-01,15599.06,salary,True
INC_NPU_00237_202507,NPU_00237,2025-07-02,15213.21,salary,True
INC_NPU_00237_202508,NPU_00237,2025-08-01,15335.26,salary,True
INC_NPU_00237_202509,NPU_00237,2025-09-03,15844.64,salary,True
INC_NPU_00237_202510,NPU_00237,2025-10-04,15640.36,salary,True
INC_NPU_00237_202511,NPU_00237,2025-11-01,15648.88,salary,True
INC_NPU_00237_202512,NPU_00237,2025-12-02,16149.54,salary,True
INC_NPU_00238_202301,NPU_00238,2023-01-01,21903.35,salary,True
INC_NPU_00238_202302,NPU_00238,2023-02-03,22793.69,salary,True
INC_NPU_00238_202303,NPU_00238,2023-03-03,23030.81,salary,True
INC_NPU_00238_202304,NPU_00238,2023-04-01,22821.18,salary,True
INC_NPU_00238_202305,NPU_00238,2023-05-05,23581.31,salary,True
INC_NPU_00238_202306,NPU_00238,2023-06-01,23081.88,salary,True
INC_NPU_00238_202307,NPU_00238,2023-07-01,22677.38,salary,True
INC_NPU_00238_202308,NPU_00238,2023-08-01,23306.7,salary,True
INC_NPU_00238_202309,NPU_00238,2023-09-02,23383.78,salary,True
INC_NPU_00238_202310,NPU_00238,2023-10-03,22710.88,salary,True
INC_NPU_00238_202311,NPU_00238,2023-11-01,23103.65,salary,True
INC_NPU_00238_202312,NPU_00238,2023-12-04,23395.08,salary,True
INC_NPU_00238_202401,NPU_00238,2024-01-01,23745.32,salary,True
INC_NPU_00238_202402,NPU_00238,2024-02-03,22864.48,salary,True
INC_NPU_00238_202403,NPU_00238,2024-03-01,23447.33,salary,True
INC_NPU_00238_202404,NPU_00238,2024-04-03,22926.69,salary,True
INC_NPU_00238_202405,NPU_00238,2024-05-03,23217.99,salary,True
INC_NPU_00238_202406,NPU_00238,2024-06-01,22747.38,salary,True
INC_NPU_00238_202407,NPU_00238,2024-07-01,23432.46,salary,True
INC_NPU_00238_202408,NPU_00238,2024-08-01,23653.53,salary,True
INC_NPU_00238_202409,NPU_00238,2024-09-05,23123.27,salary,True
INC_NPU_00238_202410,NPU_00238,2024-10-03,23065.18,salary,True
INC_NPU_00238_202411,NPU_00238,2024-11-01,23023.04,salary,True
INC_NPU_00238_202412,NPU_00238,2024-12-02,22630.51,salary,True
INC_NPU_00238_202501,NPU_00238,2025-01-01,23525.33,salary,True
INC_NPU_00238_202502,NPU_00238,2025-02-04,23731.72,salary,True
INC_NPU_00238_202503,NPU_00238,2025-03-04,22840.29,salary,True
INC_NPU_00238_202504,NPU_00238,2025-04-03,23278.7,salary,True
INC_NPU_00238_202505,NPU_00238,2025-05-01,23419.25,salary,True
INC_NPU_00238_202506,NPU_00238,2025-06-04,22919.28,salary,True
INC_NPU_00238_202507,NPU_00238,2025-07-03,23855.9,salary,True
INC_NPU_00238_202508,NPU_00238,2025-08-03,23287.3,salary,True
INC_NPU_00238_202509,NPU_00238,2025-09-02,22535.07,salary,True
INC_NPU_00238_202510,NPU_00238,2025-10-01,23680.86,salary,True
INC_NPU_00238_202511,NPU_00238,2025-11-04,22144.52,salary,True
INC_NPU_00238_202512,NPU_00238,2025-12-05,23141.01,salary,True
INC_NPU_00239_202301,NPU_00239,2023-01-03,82944.97,salary,True
INC_NPU_00239_202302,NPU_00239,2023-02-05,84736.9,salary,True
INC_NPU_00239_202303,NPU_00239,2023-03-02,82739.05,salary,True
INC_NPU_00239_202304,NPU_00239,2023-04-05,85940.63,salary,True
INC_NPU_00239_202305,NPU_00239,2023-05-01,85500.23,salary,True
INC_NPU_00239_202306,NPU_00239,2023-06-03,86202.76,salary,True
INC_NPU_00239_202307,NPU_00239,2023-07-03,87085.23,salary,True
INC_NPU_00239_202308,NPU_00239,2023-08-01,84464.38,salary,True
INC_NPU_00239_202309,NPU_00239,2023-09-01,83636.39,salary,True
INC_NPU_00239_202310,NPU_00239,2023-10-01,82677.4,salary,True
INC_NPU_00239_202311,NPU_00239,2023-11-01,84630.63,salary,True
INC_NPU_00239_202312,NPU_00239,2023-12-03,87025.57,salary,True
INC_NPU_00239_202401,NPU_00239,2024-01-05,81207.7,salary,True
INC_NPU_00239_202402,NPU_00239,2024-02-04,81656.12,salary,True
INC_NPU_00239_202403,NPU_00239,2024-03-03,84154.9,salary,True
INC_NPU_00239_202404,NPU_00239,2024-04-01,81280.34,salary,True
INC_NPU_00239_202405,NPU_00239,2024-05-01,81221.17,salary,True
INC_NPU_00239_202406,NPU_00239,2024-06-02,85680.98,salary,True
INC_NPU_00239_202407,NPU_00239,2024-07-02,85366.73,salary,True
INC_NPU_00239_202408,NPU_00239,2024-08-01,82596.72,salary,True
INC_NPU_00239_202409,NPU_00239,2024-09-01,81906.72,salary,True
INC_NPU_00239_202410,NPU_00239,2024-10-03,86280.76,salary,True
INC_NPU_00239_202411,NPU_00239,2024-11-04,82014.57,salary,True
INC_NPU_00239_202412,NPU_00239,2024-12-01,81531.59,salary,True
INC_NPU_00239_202501,NPU_00239,2025-01-01,82063.39,salary,True
INC_NPU_00239_202502,NPU_00239,2025-02-02,84328.57,salary,True
INC_NPU_00239_202503,NPU_00239,2025-03-04,87379.1,salary,True
INC_NPU_00239_202504,NPU_00239,2025-04-03,82701.28,salary,True
INC_NPU_00239_202505,NPU_00239,2025-05-01,85656.55,salary,True
INC_NPU_00239_202506,NPU_00239,2025-06-02,83846.2,salary,True
INC_NPU_00239_202507,NPU_00239,2025-07-01,80479.19,salary,True
INC_NPU_00239_202508,NPU_00239,2025-08-01,82749.55,salary,True
INC_NPU_00239_202509,NPU_00239,2025-09-01,85387.56,salary,True
INC_NPU_00239_202510,NPU_00239,2025-10-01,85286.18,salary,True
INC_NPU_00239_202511,NPU_00239,2025-11-02,82519.92,salary,True
INC_NPU_00239_202512,NPU_00239,2025-12-01,84864.3,salary,True
INC_NPU_00240_202301,NPU_00240,2023-01-02,84748.61,salary,True
INC_NPU_00240_202302,NPU_00240,2023-02-01,85570.62,salary,True
INC_NPU_00240_202303,NPU_00240,2023-03-05,87095.62,salary,True
INC_NPU_00240_202304,NPU_00240,2023-04-02,83864.74,salary,True
INC_NPU_00240_202305,NPU_00240,2023-05-01,84307.36,salary,True
INC_NPU_00240_202306,NPU_00240,2023-06-01,87132.04,salary,True
INC_NPU_00240_202307,NPU_00240,2023-07-01,88495.55,salary,True
INC_NPU_00240_202308,NPU_00240,2023-08-01,86473.44,salary,True
INC_NPU_00240_202309,NPU_00240,2023-09-02,85461.32,salary,True
INC_NPU_00240_202310,NPU_00240,2023-10-02,86456.18,salary,True
INC_NPU_00240_202311,NPU_00240,2023-11-02,84025.99,salary,True
INC_NPU_00240_202312,NPU_00240,2023-12-01,85049.95,salary,True
INC_NPU_00240_202401,NPU_00240,2024-01-04,82466.51,salary,True
INC_NPU_00240_202402,NPU_00240,2024-02-02,84061.73,salary,True
INC_NPU_00240_202403,NPU_00240,2024-03-01,85678.05,salary,True
INC_NPU_00240_202404,NPU_00240,2024-04-04,85288.73,salary,True
INC_NPU_00240_202405,NPU_00240,2024-05-01,81273.23,salary,True
INC_NPU_00240_202406,NPU_00240,2024-06-01,84549.15,salary,True
INC_NPU_00240_202407,NPU_00240,2024-07-02,85253.83,salary,True
INC_NPU_00240_202408,NPU_00240,2024-08-04,85319.82,salary,True
INC_NPU_00240_202409,NPU_00240,2024-09-04,82766.95,salary,True
INC_NPU_00240_202410,NPU_00240,2024-10-05,86217.29,salary,True
INC_NPU_00240_202411,NPU_00240,2024-11-01,88175.42,salary,True
INC_NPU_00240_202412,NPU_00240,2024-12-01,86434.72,salary,True
INC_NPU_00240_202501,NPU_00240,2025-01-03,85051.16,salary,True
INC_NPU_00240_202502,NPU_00240,2025-02-04,87670.28,salary,True
INC_NPU_00240_202503,NPU_00240,2025-03-02,84030.52,salary,True
INC_NPU_00240_202504,NPU_00240,2025-04-01,85975.24,salary,True
INC_NPU_00240_202505,NPU_00240,2025-05-01,84868.29,salary,True
INC_NPU_00240_202506,NPU_00240,2025-06-01,87693.15,salary,True
INC_NPU_00240_202507,NPU_00240,2025-07-02,83399.74,salary,True
INC_NPU_00240_202508,NPU_00240,2025-08-01,83395.96,salary,True
INC_NPU_00240_202509,NPU_00240,2025-09-01,87177.42,salary,True
INC_NPU_00240_202510,NPU_00240,2025-10-01,85843.73,salary,True
INC_NPU_00240_202511,NPU_00240,2025-11-05,82973.64,salary,True
INC_NPU_00240_202512,NPU_00240,2025-12-03,87337.06,salary,True
INC_NPU_00241_202301,NPU_00241,2023-01-02,107625.6,salary,True
INC_NPU_00241_202302,NPU_00241,2023-02-01,107983.59,salary,True
INC_NPU_00241_202303,NPU_00241,2023-03-05,110178.73,salary,True
INC_NPU_00241_202304,NPU_00241,2023-04-03,106314.84,salary,True
INC_NPU_00241_202305,NPU_00241,2023-05-02,110020.18,salary,True
INC_NPU_00241_202306,NPU_00241,2023-06-04,108574.92,salary,True
INC_NPU_00241_202307,NPU_00241,2023-07-02,109317.57,salary,True
INC_NPU_00241_202308,NPU_00241,2023-08-01,111053.88,salary,True
INC_NPU_00241_202309,NPU_00241,2023-09-04,111175.41,salary,True
INC_NPU_00241_202310,NPU_00241,2023-10-01,113450.03,salary,True
INC_NPU_00241_202311,NPU_00241,2023-11-01,111907.28,salary,True
INC_NPU_00241_202312,NPU_00241,2023-12-01,105338.92,salary,True
INC_NPU_00241_202401,NPU_00241,2024-01-01,107599.71,salary,True
INC_NPU_00241_202402,NPU_00241,2024-02-02,107767.69,salary,True
INC_NPU_00241_202403,NPU_00241,2024-03-05,111648.45,salary,True
INC_NPU_00241_202404,NPU_00241,2024-04-01,113046.18,salary,True
INC_NPU_00241_202405,NPU_00241,2024-05-04,106874.19,salary,True
INC_NPU_00241_202406,NPU_00241,2024-06-04,111710.86,salary,True
INC_NPU_00241_202407,NPU_00241,2024-07-02,109570.16,salary,True
INC_NPU_00241_202408,NPU_00241,2024-08-05,105265.1,salary,True
INC_NPU_00241_202409,NPU_00241,2024-09-03,109255.05,salary,True
INC_NPU_00241_202410,NPU_00241,2024-10-02,108218.55,salary,True
INC_NPU_00241_202411,NPU_00241,2024-11-05,108948.88,salary,True
INC_NPU_00241_202412,NPU_00241,2024-12-03,110031.15,salary,True
INC_NPU_00241_202501,NPU_00241,2025-01-04,108454.75,salary,True
INC_NPU_00241_202502,NPU_00241,2025-02-03,110471.4,salary,True
INC_NPU_00241_202503,NPU_00241,2025-03-04,109264.57,salary,True
INC_NPU_00241_202504,NPU_00241,2025-04-02,109022.22,salary,True
INC_NPU_00241_202505,NPU_00241,2025-05-01,110890.05,salary,True
INC_NPU_00241_202506,NPU_00241,2025-06-01,110242.22,salary,True
INC_NPU_00241_202507,NPU_00241,2025-07-02,104788.86,salary,True
INC_NPU_00241_202508,NPU_00241,2025-08-03,110569.5,salary,True
INC_NPU_00241_202509,NPU_00241,2025-09-01,110114.48,salary,True
INC_NPU_00241_202510,NPU_00241,2025-10-02,112065.03,salary,True
INC_NPU_00241_202511,NPU_00241,2025-11-05,110204.31,salary,True
INC_NPU_00241_202512,NPU_00241,2025-12-02,108828.68,salary,True
INC_NPU_00242_202301,NPU_00242,2023-01-04,66068.95,salary,True
INC_NPU_00242_202302,NPU_00242,2023-02-01,64746.21,salary,True
INC_NPU_00242_202303,NPU_00242,2023-03-04,66923.69,salary,True
INC_NPU_00242_202304,NPU_00242,2023-04-01,65855.63,salary,True
INC_NPU_00242_202305,NPU_00242,2023-05-02,68693.66,salary,True
INC_NPU_00242_202306,NPU_00242,2023-06-03,66981.12,salary,True
INC_NPU_00242_202307,NPU_00242,2023-07-01,65498.36,salary,True
INC_NPU_00242_202308,NPU_00242,2023-08-04,64430.19,salary,True
INC_NPU_00242_202309,NPU_00242,2023-09-04,64809.07,salary,True
INC_NPU_00242_202310,NPU_00242,2023-10-05,67435.37,salary,True
INC_NPU_00242_202311,NPU_00242,2023-11-01,68871.13,salary,True
INC_NPU_00242_202312,NPU_00242,2023-12-02,67715.63,salary,True
INC_NPU_00242_202401,NPU_00242,2024-01-05,66784.62,salary,True
INC_NPU_00242_202402,NPU_00242,2024-02-04,69685.55,salary,True
INC_NPU_00242_202403,NPU_00242,2024-03-01,68015.52,salary,True
INC_NPU_00242_202404,NPU_00242,2024-04-03,67343.03,salary,True
INC_NPU_00242_202405,NPU_00242,2024-05-02,66454.34,salary,True
INC_NPU_00242_202406,NPU_00242,2024-06-01,68953.57,salary,True
INC_NPU_00242_202407,NPU_00242,2024-07-01,66576.8,salary,True
INC_NPU_00242_202408,NPU_00242,2024-08-02,65851.27,salary,True
INC_NPU_00242_202409,NPU_00242,2024-09-02,66840.71,salary,True
INC_NPU_00242_202410,NPU_00242,2024-10-01,67099.77,salary,True
INC_NPU_00242_202411,NPU_00242,2024-11-05,68141.45,salary,True
INC_NPU_00242_202412,NPU_00242,2024-12-01,65822.39,salary,True
INC_NPU_00242_202501,NPU_00242,2025-01-01,66044.02,salary,True
INC_NPU_00242_202502,NPU_00242,2025-02-04,66110.19,salary,True
INC_NPU_00242_202503,NPU_00242,2025-03-05,66769.97,salary,True
INC_NPU_00242_202504,NPU_00242,2025-04-01,65523.78,salary,True
INC_NPU_00242_202505,NPU_00242,2025-05-04,68674.48,salary,True
INC_NPU_00242_202506,NPU_00242,2025-06-01,64821.36,salary,True
INC_NPU_00242_202507,NPU_00242,2025-07-05,69000.39,salary,True
INC_NPU_00242_202508,NPU_00242,2025-08-05,67991.05,salary,True
INC_NPU_00242_202509,NPU_00242,2025-09-01,65746.09,salary,True
INC_NPU_00242_202510,NPU_00242,2025-10-03,66661.84,salary,True
INC_NPU_00242_202511,NPU_00242,2025-11-01,65937.67,salary,True
INC_NPU_00242_202512,NPU_00242,2025-12-04,68016.5,salary,True
INC_NPU_00243_202301,NPU_00243,2023-01-02,85082.76,salary,True
INC_NPU_00243_202302,NPU_00243,2023-02-02,87841.26,salary,True
INC_NPU_00243_202303,NPU_00243,2023-03-01,83594.01,salary,True
INC_NPU_00243_202304,NPU_00243,2023-04-04,80169.33,salary,True
INC_NPU_00243_202305,NPU_00243,2023-05-04,81155.72,salary,True
INC_NPU_00243_202306,NPU_00243,2023-06-03,83505.65,salary,True
INC_NPU_00243_202307,NPU_00243,2023-07-04,82475.27,salary,True
INC_NPU_00243_202308,NPU_00243,2023-08-04,84023.28,salary,True
INC_NPU_00243_202309,NPU_00243,2023-09-01,83278.38,salary,True
INC_NPU_00243_202310,NPU_00243,2023-10-02,81295.97,salary,True
INC_NPU_00243_202311,NPU_00243,2023-11-04,82211.13,salary,True
INC_NPU_00243_202312,NPU_00243,2023-12-04,84110.66,salary,True
INC_NPU_00243_202401,NPU_00243,2024-01-01,83375.54,salary,True
INC_NPU_00243_202402,NPU_00243,2024-02-05,84043.74,salary,True
INC_NPU_00243_202403,NPU_00243,2024-03-02,80611.27,salary,True
INC_NPU_00243_202404,NPU_00243,2024-04-02,81401.1,salary,True
INC_NPU_00243_202405,NPU_00243,2024-05-03,84750.35,salary,True
INC_NPU_00243_202406,NPU_00243,2024-06-01,80669.11,salary,True
INC_NPU_00243_202407,NPU_00243,2024-07-04,83934.34,salary,True
INC_NPU_00243_202408,NPU_00243,2024-08-01,80498.34,salary,True
INC_NPU_00243_202409,NPU_00243,2024-09-01,82920.67,salary,True
INC_NPU_00243_202410,NPU_00243,2024-10-02,81973.03,salary,True
INC_NPU_00243_202411,NPU_00243,2024-11-05,81274.56,salary,True
INC_NPU_00243_202412,NPU_00243,2024-12-02,83054.16,salary,True
INC_NPU_00243_202501,NPU_00243,2025-01-03,84655.02,salary,True
INC_NPU_00243_202502,NPU_00243,2025-02-03,81606.58,salary,True
INC_NPU_00243_202503,NPU_00243,2025-03-03,79360.57,salary,True
INC_NPU_00243_202504,NPU_00243,2025-04-04,82522.16,salary,True
INC_NPU_00243_202505,NPU_00243,2025-05-03,81259.2,salary,True
INC_NPU_00243_202506,NPU_00243,2025-06-04,84148.64,salary,True
INC_NPU_00243_202507,NPU_00243,2025-07-01,81968.36,salary,True
INC_NPU_00243_202508,NPU_00243,2025-08-02,81663.85,salary,True
INC_NPU_00243_202509,NPU_00243,2025-09-03,82140.54,salary,True
INC_NPU_00243_202510,NPU_00243,2025-10-02,84654.04,salary,True
INC_NPU_00243_202511,NPU_00243,2025-11-04,83461.75,salary,True
INC_NPU_00243_202512,NPU_00243,2025-12-02,81032.38,salary,True
INC_NPU_00244_202301,NPU_00244,2023-01-01,44544.49,salary,True
INC_NPU_00244_202302,NPU_00244,2023-02-01,47118.96,salary,True
INC_NPU_00244_202303,NPU_00244,2023-03-01,45106.74,salary,True
INC_NPU_00244_202304,NPU_00244,2023-04-01,46811.56,salary,True
INC_NPU_00244_202305,NPU_00244,2023-05-04,45564.69,salary,True
INC_NPU_00244_202306,NPU_00244,2023-06-01,44995.51,salary,True
INC_NPU_00244_202307,NPU_00244,2023-07-03,45060.25,salary,True
INC_NPU_00244_202308,NPU_00244,2023-08-02,45607.37,salary,True
INC_NPU_00244_202309,NPU_00244,2023-09-02,43820.4,salary,True
INC_NPU_00244_202310,NPU_00244,2023-10-04,45023.34,salary,True
INC_NPU_00244_202311,NPU_00244,2023-11-03,47502.26,salary,True
INC_NPU_00244_202312,NPU_00244,2023-12-02,47837.89,salary,True
INC_NPU_00244_202401,NPU_00244,2024-01-01,45110.18,salary,True
INC_NPU_00244_202402,NPU_00244,2024-02-02,46328.97,salary,True
INC_NPU_00244_202403,NPU_00244,2024-03-01,46094.26,salary,True
INC_NPU_00244_202404,NPU_00244,2024-04-02,44654.51,salary,True
INC_NPU_00244_202405,NPU_00244,2024-05-01,46345.87,salary,True
INC_NPU_00244_202406,NPU_00244,2024-06-02,45370.58,salary,True
INC_NPU_00244_202407,NPU_00244,2024-07-01,45783.36,salary,True
INC_NPU_00244_202408,NPU_00244,2024-08-02,46539.53,salary,True
INC_NPU_00244_202409,NPU_00244,2024-09-05,45429.73,salary,True
INC_NPU_00244_202410,NPU_00244,2024-10-01,45419.79,salary,True
INC_NPU_00244_202411,NPU_00244,2024-11-04,46235.26,salary,True
INC_NPU_00244_202412,NPU_00244,2024-12-01,46843.24,salary,True
INC_NPU_00244_202501,NPU_00244,2025-01-02,46179.35,salary,True
INC_NPU_00244_202502,NPU_00244,2025-02-05,45462.9,salary,True
INC_NPU_00244_202503,NPU_00244,2025-03-02,46727.43,salary,True
INC_NPU_00244_202504,NPU_00244,2025-04-02,46054.64,salary,True
INC_NPU_00244_202505,NPU_00244,2025-05-05,47065.78,salary,True
INC_NPU_00244_202506,NPU_00244,2025-06-01,47350.11,salary,True
INC_NPU_00244_202507,NPU_00244,2025-07-04,46163.22,salary,True
INC_NPU_00244_202508,NPU_00244,2025-08-01,46985.96,salary,True
INC_NPU_00244_202509,NPU_00244,2025-09-01,47018.8,salary,True
INC_NPU_00244_202510,NPU_00244,2025-10-02,45657.01,salary,True
INC_NPU_00244_202511,NPU_00244,2025-11-03,47018.48,salary,True
INC_NPU_00244_202512,NPU_00244,2025-12-03,45826.34,salary,True
INC_NPU_00245_202301,NPU_00245,2023-01-01,164117.55,salary,True
INC_NPU_00245_202302,NPU_00245,2023-02-01,161613.07,salary,True
INC_NPU_00245_202303,NPU_00245,2023-03-05,156920.61,salary,True
INC_NPU_00245_202304,NPU_00245,2023-04-03,168458.45,salary,True
INC_NPU_00245_202305,NPU_00245,2023-05-05,163973.79,salary,True
INC_NPU_00245_202306,NPU_00245,2023-06-01,164286.24,salary,True
INC_NPU_00245_202307,NPU_00245,2023-07-04,162265.56,salary,True
INC_NPU_00245_202308,NPU_00245,2023-08-04,166131.22,salary,True
INC_NPU_00245_202309,NPU_00245,2023-09-03,152553.28,salary,True
INC_NPU_00245_202310,NPU_00245,2023-10-02,161273.81,salary,True
INC_NPU_00245_202311,NPU_00245,2023-11-03,149548.7,salary,True
INC_NPU_00245_202312,NPU_00245,2023-12-01,161488.34,salary,True
INC_NPU_00245_202401,NPU_00245,2024-01-01,158279.87,salary,True
INC_NPU_00245_202402,NPU_00245,2024-02-01,162608.17,salary,True
INC_NPU_00245_202403,NPU_00245,2024-03-04,165930.73,salary,True
INC_NPU_00245_202404,NPU_00245,2024-04-03,161314.17,salary,True
INC_NPU_00245_202405,NPU_00245,2024-05-01,157867.74,salary,True
INC_NPU_00245_202406,NPU_00245,2024-06-01,165096.35,salary,True
INC_NPU_00245_202407,NPU_00245,2024-07-04,163424.69,salary,True
INC_NPU_00245_202408,NPU_00245,2024-08-02,167938.14,salary,True
INC_NPU_00245_202409,NPU_00245,2024-09-01,159244.73,salary,True
INC_NPU_00245_202410,NPU_00245,2024-10-01,163987.17,salary,True
INC_NPU_00245_202411,NPU_00245,2024-11-01,157740.29,salary,True
INC_NPU_00245_202412,NPU_00245,2024-12-01,161705.15,salary,True
INC_NPU_00245_202501,NPU_00245,2025-01-01,162322.1,salary,True
INC_NPU_00245_202502,NPU_00245,2025-02-01,156604.61,salary,True
INC_NPU_00245_202503,NPU_00245,2025-03-02,165643.83,salary,True
INC_NPU_00245_202504,NPU_00245,2025-04-01,164558.01,salary,True
INC_NPU_00245_202505,NPU_00245,2025-05-04,163424.42,salary,True
INC_NPU_00245_202506,NPU_00245,2025-06-01,157930.69,salary,True
INC_NPU_00245_202507,NPU_00245,2025-07-01,159538.81,salary,True
INC_NPU_00245_202508,NPU_00245,2025-08-02,164977.71,salary,True
INC_NPU_00245_202509,NPU_00245,2025-09-02,161672.45,salary,True
INC_NPU_00245_202510,NPU_00245,2025-10-05,160999.03,salary,True
INC_NPU_00245_202511,NPU_00245,2025-11-02,166040.38,salary,True
INC_NPU_00245_202512,NPU_00245,2025-12-01,162198.19,salary,True
INC_NPU_00246_202301,NPU_00246,2023-01-21,83679.15,business,True
INC_NPU_00246_202302,NPU_00246,2023-02-01,156650.3,business,True
INC_NPU_00246_202303,NPU_00246,2023-03-21,177173.27,business,True
INC_NPU_00246_202304,NPU_00246,2023-04-01,72221.7,business,True
INC_NPU_00246_202305,NPU_00246,2023-05-11,116043.05,business,True
INC_NPU_00246_202306,NPU_00246,2023-06-01,126874.68,business,True
INC_NPU_00246_202307,NPU_00246,2023-07-21,139687.77,business,True
INC_NPU_00246_202308,NPU_00246,2023-08-06,95940.16,business,True
INC_NPU_00246_202309,NPU_00246,2023-09-11,58938.07,business,True
INC_NPU_00246_202310,NPU_00246,2023-10-01,59504.68,business,True
INC_NPU_00246_202311,NPU_00246,2023-11-06,169884.6,business,True
INC_NPU_00246_202312,NPU_00246,2023-12-01,118808.61,business,True
INC_NPU_00246_202401,NPU_00246,2024-01-11,72352.42,business,True
INC_NPU_00246_202402,NPU_00246,2024-02-21,198951.41,business,True
INC_NPU_00246_202403,NPU_00246,2024-03-21,131373.12,business,True
INC_NPU_00246_202404,NPU_00246,2024-04-11,98471.9,business,True
INC_NPU_00246_202405,NPU_00246,2024-05-11,87703.15,business,True
INC_NPU_00246_202406,NPU_00246,2024-06-06,63899.35,business,True
INC_NPU_00246_202407,NPU_00246,2024-07-16,224650.85,business,True
INC_NPU_00246_202408,NPU_00246,2024-08-16,147725.05,business,True
INC_NPU_00246_202409,NPU_00246,2024-09-06,99173.25,business,True
INC_NPU_00246_202410,NPU_00246,2024-10-16,174699.14,business,True
INC_NPU_00246_202411,NPU_00246,2024-11-11,81295.51,business,True
INC_NPU_00246_202412,NPU_00246,2024-12-06,130092.58,business,True
INC_NPU_00246_202501,NPU_00246,2025-01-01,116455.15,business,True
INC_NPU_00246_202502,NPU_00246,2025-02-11,108900.13,business,True
INC_NPU_00246_202503,NPU_00246,2025-03-21,85653.12,business,True
INC_NPU_00246_202504,NPU_00246,2025-04-06,135204.03,business,True
INC_NPU_00246_202505,NPU_00246,2025-05-21,113171.02,business,True
INC_NPU_00246_202506,NPU_00246,2025-06-21,214329.86,business,True
INC_NPU_00246_202507,NPU_00246,2025-07-11,77069.04,business,True
INC_NPU_00246_202508,NPU_00246,2025-08-06,111132.04,business,True
INC_NPU_00246_202509,NPU_00246,2025-09-11,105415.18,business,True
INC_NPU_00246_202510,NPU_00246,2025-10-06,138262.74,business,True
INC_NPU_00246_202511,NPU_00246,2025-11-11,114913.37,business,True
INC_NPU_00246_202512,NPU_00246,2025-12-01,131626.79,business,True
INC_NPU_00247_202301,NPU_00247,2023-01-04,23238.19,salary,True
INC_NPU_00247_202302,NPU_00247,2023-02-03,21996.24,salary,True
INC_NPU_00247_202303,NPU_00247,2023-03-01,21132.07,salary,True
INC_NPU_00247_202304,NPU_00247,2023-04-02,22787.47,salary,True
INC_NPU_00247_202305,NPU_00247,2023-05-02,22433.16,salary,True
INC_NPU_00247_202306,NPU_00247,2023-06-04,22792.05,salary,True
INC_NPU_00247_202307,NPU_00247,2023-07-04,22499.57,salary,True
INC_NPU_00247_202308,NPU_00247,2023-08-01,21268.17,salary,True
INC_NPU_00247_202309,NPU_00247,2023-09-01,22529.78,salary,True
INC_NPU_00247_202310,NPU_00247,2023-10-01,21993.13,salary,True
INC_NPU_00247_202311,NPU_00247,2023-11-02,22185.27,salary,True
INC_NPU_00247_202312,NPU_00247,2023-12-01,22275.03,salary,True
INC_NPU_00247_202401,NPU_00247,2024-01-01,21787.71,salary,True
INC_NPU_00247_202402,NPU_00247,2024-02-01,21978.48,salary,True
INC_NPU_00247_202403,NPU_00247,2024-03-03,22694.82,salary,True
INC_NPU_00247_202404,NPU_00247,2024-04-01,22694.02,salary,True
INC_NPU_00247_202405,NPU_00247,2024-05-01,21564.87,salary,True
INC_NPU_00247_202406,NPU_00247,2024-06-04,22438.37,salary,True
INC_NPU_00247_202407,NPU_00247,2024-07-02,22749.23,salary,True
INC_NPU_00247_202408,NPU_00247,2024-08-03,22389.66,salary,True
INC_NPU_00247_202409,NPU_00247,2024-09-01,22465.55,salary,True
INC_NPU_00247_202410,NPU_00247,2024-10-01,21593.79,salary,True
INC_NPU_00247_202411,NPU_00247,2024-11-01,22915.01,salary,True
INC_NPU_00247_202412,NPU_00247,2024-12-01,21823.93,salary,True
INC_NPU_00247_202501,NPU_00247,2025-01-02,22161.98,salary,True
INC_NPU_00247_202502,NPU_00247,2025-02-03,22753.99,salary,True
INC_NPU_00247_202503,NPU_00247,2025-03-03,23094.2,salary,True
INC_NPU_00247_202504,NPU_00247,2025-04-03,22198.4,salary,True
INC_NPU_00247_202505,NPU_00247,2025-05-02,23381.07,salary,True
INC_NPU_00247_202506,NPU_00247,2025-06-05,22406.24,salary,True
INC_NPU_00247_202507,NPU_00247,2025-07-01,22352.44,salary,True
INC_NPU_00247_202508,NPU_00247,2025-08-01,21882.45,salary,True
INC_NPU_00247_202509,NPU_00247,2025-09-01,22171.64,salary,True
INC_NPU_00247_202510,NPU_00247,2025-10-05,22446.85,salary,True
INC_NPU_00247_202511,NPU_00247,2025-11-01,22594.66,salary,True
INC_NPU_00247_202512,NPU_00247,2025-12-04,22571.5,salary,True
INC_NPU_00248_202301,NPU_00248,2023-01-02,104467.06,salary,True
INC_NPU_00248_202302,NPU_00248,2023-02-01,108550.93,salary,True
INC_NPU_00248_202303,NPU_00248,2023-03-05,105620.06,salary,True
INC_NPU_00248_202304,NPU_00248,2023-04-01,105475.35,salary,True
INC_NPU_00248_202305,NPU_00248,2023-05-03,103190.42,salary,True
INC_NPU_00248_202306,NPU_00248,2023-06-02,106925.24,salary,True
INC_NPU_00248_202307,NPU_00248,2023-07-01,105349.51,salary,True
INC_NPU_00248_202308,NPU_00248,2023-08-05,104848.75,salary,True
INC_NPU_00248_202309,NPU_00248,2023-09-02,102548.9,salary,True
INC_NPU_00248_202310,NPU_00248,2023-10-01,102628.21,salary,True
INC_NPU_00248_202311,NPU_00248,2023-11-02,106225.16,salary,True
INC_NPU_00248_202312,NPU_00248,2023-12-03,108926.54,salary,True
INC_NPU_00248_202401,NPU_00248,2024-01-04,105011.18,salary,True
INC_NPU_00248_202402,NPU_00248,2024-02-04,104996.65,salary,True
INC_NPU_00248_202403,NPU_00248,2024-03-01,106954.48,salary,True
INC_NPU_00248_202404,NPU_00248,2024-04-03,108111.29,salary,True
INC_NPU_00248_202405,NPU_00248,2024-05-01,104271.83,salary,True
INC_NPU_00248_202406,NPU_00248,2024-06-02,103221.52,salary,True
INC_NPU_00248_202407,NPU_00248,2024-07-05,105290.72,salary,True
INC_NPU_00248_202408,NPU_00248,2024-08-02,106549.44,salary,True
INC_NPU_00248_202409,NPU_00248,2024-09-01,100752.0,salary,True
INC_NPU_00248_202410,NPU_00248,2024-10-02,104551.64,salary,True
INC_NPU_00248_202411,NPU_00248,2024-11-02,105069.23,salary,True
INC_NPU_00248_202412,NPU_00248,2024-12-01,104783.77,salary,True
INC_NPU_00248_202501,NPU_00248,2025-01-03,102365.02,salary,True
INC_NPU_00248_202502,NPU_00248,2025-02-02,104559.51,salary,True
INC_NPU_00248_202503,NPU_00248,2025-03-03,105104.23,salary,True
INC_NPU_00248_202504,NPU_00248,2025-04-01,103529.57,salary,True
INC_NPU_00248_202505,NPU_00248,2025-05-02,106010.22,salary,True
INC_NPU_00248_202506,NPU_00248,2025-06-01,107295.3,salary,True
INC_NPU_00248_202507,NPU_00248,2025-07-03,107381.85,salary,True
INC_NPU_00248_202508,NPU_00248,2025-08-01,103984.34,salary,True
INC_NPU_00248_202509,NPU_00248,2025-09-03,106505.24,salary,True
INC_NPU_00248_202510,NPU_00248,2025-10-02,106311.39,salary,True
INC_NPU_00248_202511,NPU_00248,2025-11-04,109496.9,salary,True
INC_NPU_00248_202512,NPU_00248,2025-12-02,106516.95,salary,True
INC_NPU_00249_202301,NPU_00249,2023-01-01,112731.19,salary,True
INC_NPU_00249_202302,NPU_00249,2023-02-01,113902.63,salary,True
INC_NPU_00249_202303,NPU_00249,2023-03-01,108659.49,salary,True
INC_NPU_00249_202304,NPU_00249,2023-04-05,111577.59,salary,True
INC_NPU_00249_202305,NPU_00249,2023-05-01,115307.93,salary,True
INC_NPU_00249_202306,NPU_00249,2023-06-01,115366.56,salary,True
INC_NPU_00249_202307,NPU_00249,2023-07-02,110516.66,salary,True
INC_NPU_00249_202308,NPU_00249,2023-08-04,105339.28,salary,True
INC_NPU_00249_202309,NPU_00249,2023-09-04,115230.34,salary,True
INC_NPU_00249_202310,NPU_00249,2023-10-05,110832.72,salary,True
INC_NPU_00249_202311,NPU_00249,2023-11-05,112134.74,salary,True
INC_NPU_00249_202312,NPU_00249,2023-12-04,107873.72,salary,True
INC_NPU_00249_202401,NPU_00249,2024-01-02,114609.22,salary,True
INC_NPU_00249_202402,NPU_00249,2024-02-02,110722.62,salary,True
INC_NPU_00249_202403,NPU_00249,2024-03-02,108261.45,salary,True
INC_NPU_00249_202404,NPU_00249,2024-04-05,111148.1,salary,True
INC_NPU_00249_202405,NPU_00249,2024-05-02,105986.2,salary,True
INC_NPU_00249_202406,NPU_00249,2024-06-01,112940.11,salary,True
INC_NPU_00249_202407,NPU_00249,2024-07-05,114094.29,salary,True
INC_NPU_00249_202408,NPU_00249,2024-08-01,109166.24,salary,True
INC_NPU_00249_202409,NPU_00249,2024-09-01,109090.33,salary,True
INC_NPU_00249_202410,NPU_00249,2024-10-03,112760.54,salary,True
INC_NPU_00249_202411,NPU_00249,2024-11-01,113051.7,salary,True
INC_NPU_00249_202412,NPU_00249,2024-12-03,110007.37,salary,True
INC_NPU_00249_202501,NPU_00249,2025-01-01,109439.12,salary,True
INC_NPU_00249_202502,NPU_00249,2025-02-04,113617.61,salary,True
INC_NPU_00249_202503,NPU_00249,2025-03-02,108063.13,salary,True
INC_NPU_00249_202504,NPU_00249,2025-04-05,110394.91,salary,True
INC_NPU_00249_202505,NPU_00249,2025-05-05,105718.72,salary,True
INC_NPU_00249_202506,NPU_00249,2025-06-01,109385.82,salary,True
INC_NPU_00249_202507,NPU_00249,2025-07-04,112723.31,salary,True
INC_NPU_00249_202508,NPU_00249,2025-08-01,109547.91,salary,True
INC_NPU_00249_202509,NPU_00249,2025-09-05,115874.19,salary,True
INC_NPU_00249_202510,NPU_00249,2025-10-03,113951.29,salary,True
INC_NPU_00249_202511,NPU_00249,2025-11-01,110312.28,salary,True
INC_NPU_00249_202512,NPU_00249,2025-12-01,112281.09,salary,True
INC_NPU_00250_202301,NPU_00250,2023-01-04,64492.11,salary,True
INC_NPU_00250_202302,NPU_00250,2023-02-03,65808.09,salary,True
INC_NPU_00250_202303,NPU_00250,2023-03-01,64644.95,salary,True
INC_NPU_00250_202304,NPU_00250,2023-04-01,64131.57,salary,True
INC_NPU_00250_202305,NPU_00250,2023-05-01,66522.49,salary,True
INC_NPU_00250_202306,NPU_00250,2023-06-02,64457.6,salary,True
INC_NPU_00250_202307,NPU_00250,2023-07-02,64479.76,salary,True
INC_NPU_00250_202308,NPU_00250,2023-08-02,65688.43,salary,True
INC_NPU_00250_202309,NPU_00250,2023-09-03,65916.0,salary,True
INC_NPU_00250_202310,NPU_00250,2023-10-02,64087.17,salary,True
INC_NPU_00250_202311,NPU_00250,2023-11-01,66221.9,salary,True
INC_NPU_00250_202312,NPU_00250,2023-12-01,64557.43,salary,True
INC_NPU_00250_202401,NPU_00250,2024-01-04,63774.42,salary,True
INC_NPU_00250_202402,NPU_00250,2024-02-04,65139.07,salary,True
INC_NPU_00250_202403,NPU_00250,2024-03-01,65119.17,salary,True
INC_NPU_00250_202404,NPU_00250,2024-04-05,63108.24,salary,True
INC_NPU_00250_202405,NPU_00250,2024-05-01,66104.56,salary,True
INC_NPU_00250_202406,NPU_00250,2024-06-02,68174.42,salary,True
INC_NPU_00250_202407,NPU_00250,2024-07-02,65664.84,salary,True
INC_NPU_00250_202408,NPU_00250,2024-08-01,66291.92,salary,True
INC_NPU_00250_202409,NPU_00250,2024-09-04,63451.74,salary,True
INC_NPU_00250_202410,NPU_00250,2024-10-02,67132.03,salary,True
INC_NPU_00250_202411,NPU_00250,2024-11-01,65344.47,salary,True
INC_NPU_00250_202412,NPU_00250,2024-12-01,63870.37,salary,True
INC_NPU_00250_202501,NPU_00250,2025-01-02,67072.81,salary,True
INC_NPU_00250_202502,NPU_00250,2025-02-04,65400.81,salary,True
INC_NPU_00250_202503,NPU_00250,2025-03-01,66816.78,salary,True
INC_NPU_00250_202504,NPU_00250,2025-04-01,68358.56,salary,True
INC_NPU_00250_202505,NPU_00250,2025-05-01,63571.89,salary,True
INC_NPU_00250_202506,NPU_00250,2025-06-01,64506.18,salary,True
INC_NPU_00250_202507,NPU_00250,2025-07-02,66545.5,salary,True
INC_NPU_00250_202508,NPU_00250,2025-08-01,65489.13,salary,True
INC_NPU_00250_202509,NPU_00250,2025-09-02,62470.85,salary,True
INC_NPU_00250_202510,NPU_00250,2025-10-01,64995.24,salary,True
INC_NPU_00250_202511,NPU_00250,2025-11-01,65196.36,salary,True
INC_NPU_00250_202512,NPU_00250,2025-12-01,65402.47,salary,True
INC_NPU_00251_202301,NPU_00251,2023-01-01,30901.93,salary,True
INC_NPU_00251_202302,NPU_00251,2023-02-02,32362.41,salary,True
INC_NPU_00251_202303,NPU_00251,2023-03-01,30418.76,salary,True
INC_NPU_00251_202304,NPU_00251,2023-04-02,31640.96,salary,True
INC_NPU_00251_202305,NPU_00251,2023-05-03,31042.03,salary,True
INC_NPU_00251_202306,NPU_00251,2023-06-01,30998.26,salary,True
INC_NPU_00251_202307,NPU_00251,2023-07-01,32257.84,salary,True
INC_NPU_00251_202308,NPU_00251,2023-08-05,31221.06,salary,True
INC_NPU_00251_202309,NPU_00251,2023-09-05,31644.73,salary,True
INC_NPU_00251_202310,NPU_00251,2023-10-01,31947.97,salary,True
INC_NPU_00251_202311,NPU_00251,2023-11-01,31423.85,salary,True
INC_NPU_00251_202312,NPU_00251,2023-12-02,32268.34,salary,True
INC_NPU_00251_202401,NPU_00251,2024-01-03,30560.51,salary,True
INC_NPU_00251_202402,NPU_00251,2024-02-01,31685.03,salary,True
INC_NPU_00251_202403,NPU_00251,2024-03-05,30083.82,salary,True
INC_NPU_00251_202404,NPU_00251,2024-04-01,32690.99,salary,True
INC_NPU_00251_202405,NPU_00251,2024-05-05,31627.82,salary,True
INC_NPU_00251_202406,NPU_00251,2024-06-03,30290.87,salary,True
INC_NPU_00251_202407,NPU_00251,2024-07-01,31708.69,salary,True
INC_NPU_00251_202408,NPU_00251,2024-08-02,32393.75,salary,True
INC_NPU_00251_202409,NPU_00251,2024-09-01,31165.97,salary,True
INC_NPU_00251_202410,NPU_00251,2024-10-02,31158.45,salary,True
INC_NPU_00251_202411,NPU_00251,2024-11-01,31872.71,salary,True
INC_NPU_00251_202412,NPU_00251,2024-12-01,31743.59,salary,True
INC_NPU_00251_202501,NPU_00251,2025-01-03,31447.27,salary,True
INC_NPU_00251_202502,NPU_00251,2025-02-01,30943.67,salary,True
INC_NPU_00251_202503,NPU_00251,2025-03-01,31098.04,salary,True
INC_NPU_00251_202504,NPU_00251,2025-04-01,30762.9,salary,True
INC_NPU_00251_202505,NPU_00251,2025-05-01,30232.12,salary,True
INC_NPU_00251_202506,NPU_00251,2025-06-05,32182.98,salary,True
INC_NPU_00251_202507,NPU_00251,2025-07-05,31910.33,salary,True
INC_NPU_00251_202508,NPU_00251,2025-08-02,31839.41,salary,True
INC_NPU_00251_202509,NPU_00251,2025-09-03,31826.36,salary,True
INC_NPU_00251_202510,NPU_00251,2025-10-01,31274.28,salary,True
INC_NPU_00251_202511,NPU_00251,2025-11-01,31189.18,salary,True
INC_NPU_00251_202512,NPU_00251,2025-12-02,30624.41,salary,True
INC_NPU_00252_202301,NPU_00252,2023-01-01,81754.68,salary,True
INC_NPU_00252_202302,NPU_00252,2023-02-02,84740.3,salary,True
INC_NPU_00252_202303,NPU_00252,2023-03-04,81014.58,salary,True
INC_NPU_00252_202304,NPU_00252,2023-04-05,82011.48,salary,True
INC_NPU_00252_202305,NPU_00252,2023-05-03,82018.83,salary,True
INC_NPU_00252_202306,NPU_00252,2023-06-01,82970.59,salary,True
INC_NPU_00252_202307,NPU_00252,2023-07-01,78931.32,salary,True
INC_NPU_00252_202308,NPU_00252,2023-08-01,77815.04,salary,True
INC_NPU_00252_202309,NPU_00252,2023-09-04,80660.12,salary,True
INC_NPU_00252_202310,NPU_00252,2023-10-03,80124.37,salary,True
INC_NPU_00252_202311,NPU_00252,2023-11-01,84535.61,salary,True
INC_NPU_00252_202312,NPU_00252,2023-12-02,78693.66,salary,True
INC_NPU_00252_202401,NPU_00252,2024-01-01,83569.59,salary,True
INC_NPU_00252_202402,NPU_00252,2024-02-02,80140.62,salary,True
INC_NPU_00252_202403,NPU_00252,2024-03-01,78515.78,salary,True
INC_NPU_00252_202404,NPU_00252,2024-04-02,83161.77,salary,True
INC_NPU_00252_202405,NPU_00252,2024-05-01,78954.88,salary,True
INC_NPU_00252_202406,NPU_00252,2024-06-02,82022.95,salary,True
INC_NPU_00252_202407,NPU_00252,2024-07-04,80708.97,salary,True
INC_NPU_00252_202408,NPU_00252,2024-08-03,83561.89,salary,True
INC_NPU_00252_202409,NPU_00252,2024-09-01,82414.21,salary,True
INC_NPU_00252_202410,NPU_00252,2024-10-01,80097.88,salary,True
INC_NPU_00252_202411,NPU_00252,2024-11-01,83172.46,salary,True
INC_NPU_00252_202412,NPU_00252,2024-12-02,81226.1,salary,True
INC_NPU_00252_202501,NPU_00252,2025-01-02,80465.68,salary,True
INC_NPU_00252_202502,NPU_00252,2025-02-01,80672.06,salary,True
INC_NPU_00252_202503,NPU_00252,2025-03-02,82096.5,salary,True
INC_NPU_00252_202504,NPU_00252,2025-04-03,80014.33,salary,True
INC_NPU_00252_202505,NPU_00252,2025-05-03,79541.26,salary,True
INC_NPU_00252_202506,NPU_00252,2025-06-02,79166.05,salary,True
INC_NPU_00252_202507,NPU_00252,2025-07-03,80990.67,salary,True
INC_NPU_00252_202508,NPU_00252,2025-08-01,79274.06,salary,True
INC_NPU_00252_202509,NPU_00252,2025-09-01,82124.51,salary,True
INC_NPU_00252_202510,NPU_00252,2025-10-01,79974.76,salary,True
INC_NPU_00252_202511,NPU_00252,2025-11-01,81362.29,salary,True
INC_NPU_00252_202512,NPU_00252,2025-12-03,82523.74,salary,True
INC_NPU_00253_202301,NPU_00253,2023-01-03,158597.07,freelance,True
INC_NPU_00253_202302,NPU_00253,2023-02-09,67885.96,freelance,True
INC_NPU_00253_202303,NPU_00253,2023-03-06,99241.11,freelance,True
INC_NPU_00253_202304,NPU_00253,2023-04-17,121301.93,freelance,True
INC_NPU_00253_202305,NPU_00253,2023-05-12,17199.09,freelance,True
INC_NPU_00253_202306,NPU_00253,2023-06-08,61502.75,freelance,True
INC_NPU_00253_202307,NPU_00253,2023-07-24,43644.76,freelance,True
INC_NPU_00253_202308,NPU_00253,2023-08-19,42392.96,freelance,True
INC_NPU_00253_202309,NPU_00253,2023-09-24,66938.71,freelance,True
INC_NPU_00253_202310,NPU_00253,2023-10-22,68911.92,freelance,True
INC_NPU_00253_202311,NPU_00253,2023-11-02,72386.85,freelance,True
INC_NPU_00253_202312,NPU_00253,2023-12-10,42943.8,freelance,True
INC_NPU_00253_202401,NPU_00253,2024-01-15,53020.25,freelance,True
INC_NPU_00253_202402,NPU_00253,2024-02-01,68739.17,freelance,True
INC_NPU_00253_202403,NPU_00253,2024-03-17,71025.05,freelance,True
INC_NPU_00253_202404,NPU_00253,2024-04-20,58838.86,freelance,True
INC_NPU_00253_202405,NPU_00253,2024-05-20,58945.17,freelance,True
INC_NPU_00253_202406,NPU_00253,2024-06-03,63182.05,freelance,True
INC_NPU_00253_202407,NPU_00253,2024-07-21,36129.93,freelance,True
INC_NPU_00253_202408,NPU_00253,2024-08-15,201887.18,freelance,True
INC_NPU_00253_202409,NPU_00253,2024-09-20,31446.64,freelance,True
INC_NPU_00253_202410,NPU_00253,2024-10-20,61770.22,freelance,True
INC_NPU_00253_202411,NPU_00253,2024-11-18,136640.78,freelance,True
INC_NPU_00253_202412,NPU_00253,2024-12-02,28731.06,freelance,True
INC_NPU_00253_202501,NPU_00253,2025-01-21,53783.81,freelance,True
INC_NPU_00253_202502,NPU_00253,2025-02-12,44333.67,freelance,True
INC_NPU_00253_202503,NPU_00253,2025-03-10,70851.76,freelance,True
INC_NPU_00253_202504,NPU_00253,2025-04-03,112676.21,freelance,True
INC_NPU_00253_202505,NPU_00253,2025-05-01,37615.16,freelance,True
INC_NPU_00253_202506,NPU_00253,2025-06-19,64549.06,freelance,True
INC_NPU_00253_202507,NPU_00253,2025-07-04,31553.68,freelance,True
INC_NPU_00253_202508,NPU_00253,2025-08-23,22291.11,freelance,True
INC_NPU_00253_202509,NPU_00253,2025-09-11,125531.35,freelance,True
INC_NPU_00253_202510,NPU_00253,2025-10-19,74542.99,freelance,True
INC_NPU_00253_202511,NPU_00253,2025-11-04,60935.86,freelance,True
INC_NPU_00253_202512,NPU_00253,2025-12-04,20740.86,freelance,True
INC_NPU_00254_202301,NPU_00254,2023-01-01,61997.65,salary,True
INC_NPU_00254_202302,NPU_00254,2023-02-03,62292.68,salary,True
INC_NPU_00254_202303,NPU_00254,2023-03-02,63637.92,salary,True
INC_NPU_00254_202304,NPU_00254,2023-04-04,64402.95,salary,True
INC_NPU_00254_202305,NPU_00254,2023-05-03,63752.07,salary,True
INC_NPU_00254_202306,NPU_00254,2023-06-04,63831.34,salary,True
INC_NPU_00254_202307,NPU_00254,2023-07-01,62963.15,salary,True
INC_NPU_00254_202308,NPU_00254,2023-08-01,61614.74,salary,True
INC_NPU_00254_202309,NPU_00254,2023-09-01,62860.63,salary,True
INC_NPU_00254_202310,NPU_00254,2023-10-05,64051.24,salary,True
INC_NPU_00254_202311,NPU_00254,2023-11-05,63231.03,salary,True
INC_NPU_00254_202312,NPU_00254,2023-12-02,64468.34,salary,True
INC_NPU_00254_202401,NPU_00254,2024-01-03,65328.22,salary,True
INC_NPU_00254_202402,NPU_00254,2024-02-01,63522.85,salary,True
INC_NPU_00254_202403,NPU_00254,2024-03-04,64313.64,salary,True
INC_NPU_00254_202404,NPU_00254,2024-04-01,60200.94,salary,True
INC_NPU_00254_202405,NPU_00254,2024-05-02,62624.29,salary,True
INC_NPU_00254_202406,NPU_00254,2024-06-05,62957.08,salary,True
INC_NPU_00254_202407,NPU_00254,2024-07-04,63716.55,salary,True
INC_NPU_00254_202408,NPU_00254,2024-08-02,65367.06,salary,True
INC_NPU_00254_202409,NPU_00254,2024-09-01,63441.43,salary,True
INC_NPU_00254_202410,NPU_00254,2024-10-03,60857.93,salary,True
INC_NPU_00254_202411,NPU_00254,2024-11-04,63847.79,salary,True
INC_NPU_00254_202412,NPU_00254,2024-12-01,62531.07,salary,True
INC_NPU_00254_202501,NPU_00254,2025-01-03,63710.73,salary,True
INC_NPU_00254_202502,NPU_00254,2025-02-01,63961.01,salary,True
INC_NPU_00254_202503,NPU_00254,2025-03-02,60781.06,salary,True
INC_NPU_00254_202504,NPU_00254,2025-04-01,62888.5,salary,True
INC_NPU_00254_202505,NPU_00254,2025-05-02,62936.15,salary,True
INC_NPU_00254_202506,NPU_00254,2025-06-02,63424.91,salary,True
INC_NPU_00254_202507,NPU_00254,2025-07-01,62088.42,salary,True
INC_NPU_00254_202508,NPU_00254,2025-08-04,61742.13,salary,True
INC_NPU_00254_202509,NPU_00254,2025-09-04,65339.97,salary,True
INC_NPU_00254_202510,NPU_00254,2025-10-02,63287.51,salary,True
INC_NPU_00254_202511,NPU_00254,2025-11-01,61862.28,salary,True
INC_NPU_00254_202512,NPU_00254,2025-12-04,62320.69,salary,True
INC_NPU_00255_202301,NPU_00255,2023-01-01,33487.62,salary,True
INC_NPU_00255_202302,NPU_00255,2023-02-01,33144.81,salary,True
INC_NPU_00255_202303,NPU_00255,2023-03-01,31834.23,salary,True
INC_NPU_00255_202304,NPU_00255,2023-04-01,31550.9,salary,True
INC_NPU_00255_202305,NPU_00255,2023-05-01,31594.13,salary,True
INC_NPU_00255_202306,NPU_00255,2023-06-04,33059.97,salary,True
INC_NPU_00255_202307,NPU_00255,2023-07-01,31968.29,salary,True
INC_NPU_00255_202308,NPU_00255,2023-08-01,31294.23,salary,True
INC_NPU_00255_202309,NPU_00255,2023-09-05,31922.91,salary,True
INC_NPU_00255_202310,NPU_00255,2023-10-03,32461.33,salary,True
INC_NPU_00255_202311,NPU_00255,2023-11-01,32182.37,salary,True
INC_NPU_00255_202312,NPU_00255,2023-12-03,33158.35,salary,True
INC_NPU_00255_202401,NPU_00255,2024-01-04,32469.86,salary,True
INC_NPU_00255_202402,NPU_00255,2024-02-02,32562.57,salary,True
INC_NPU_00255_202403,NPU_00255,2024-03-02,32877.92,salary,True
INC_NPU_00255_202404,NPU_00255,2024-04-01,32838.41,salary,True
INC_NPU_00255_202405,NPU_00255,2024-05-02,31919.78,salary,True
INC_NPU_00255_202406,NPU_00255,2024-06-05,31561.39,salary,True
INC_NPU_00255_202407,NPU_00255,2024-07-01,32414.31,salary,True
INC_NPU_00255_202408,NPU_00255,2024-08-02,32319.24,salary,True
INC_NPU_00255_202409,NPU_00255,2024-09-01,32475.02,salary,True
INC_NPU_00255_202410,NPU_00255,2024-10-05,33924.41,salary,True
INC_NPU_00255_202411,NPU_00255,2024-11-05,32532.23,salary,True
INC_NPU_00255_202412,NPU_00255,2024-12-02,33384.66,salary,True
INC_NPU_00255_202501,NPU_00255,2025-01-01,32082.32,salary,True
INC_NPU_00255_202502,NPU_00255,2025-02-04,32559.85,salary,True
INC_NPU_00255_202503,NPU_00255,2025-03-03,31558.83,salary,True
INC_NPU_00255_202504,NPU_00255,2025-04-01,31737.04,salary,True
INC_NPU_00255_202505,NPU_00255,2025-05-01,32277.0,salary,True
INC_NPU_00255_202506,NPU_00255,2025-06-05,31647.32,salary,True
INC_NPU_00255_202507,NPU_00255,2025-07-04,32699.0,salary,True
INC_NPU_00255_202508,NPU_00255,2025-08-01,32589.88,salary,True
INC_NPU_00255_202509,NPU_00255,2025-09-02,31842.76,salary,True
INC_NPU_00255_202510,NPU_00255,2025-10-03,32128.42,salary,True
INC_NPU_00255_202511,NPU_00255,2025-11-04,33067.87,salary,True
INC_NPU_00255_202512,NPU_00255,2025-12-03,32406.26,salary,True
INC_NPU_00256_202301,NPU_00256,2023-01-02,96320.28,salary,True
INC_NPU_00256_202302,NPU_00256,2023-02-01,91497.82,salary,True
INC_NPU_00256_202303,NPU_00256,2023-03-04,91709.54,salary,True
INC_NPU_00256_202304,NPU_00256,2023-04-02,91919.4,salary,True
INC_NPU_00256_202305,NPU_00256,2023-05-03,88911.1,salary,True
INC_NPU_00256_202306,NPU_00256,2023-06-01,91622.43,salary,True
INC_NPU_00256_202307,NPU_00256,2023-07-03,91557.83,salary,True
INC_NPU_00256_202308,NPU_00256,2023-08-02,93304.59,salary,True
INC_NPU_00256_202309,NPU_00256,2023-09-02,94260.35,salary,True
INC_NPU_00256_202310,NPU_00256,2023-10-01,91337.59,salary,True
INC_NPU_00256_202311,NPU_00256,2023-11-01,88067.56,salary,True
INC_NPU_00256_202312,NPU_00256,2023-12-02,92203.21,salary,True
INC_NPU_00256_202401,NPU_00256,2024-01-01,90105.62,salary,True
INC_NPU_00256_202402,NPU_00256,2024-02-03,92370.94,salary,True
INC_NPU_00256_202403,NPU_00256,2024-03-03,92320.34,salary,True
INC_NPU_00256_202404,NPU_00256,2024-04-04,90548.03,salary,True
INC_NPU_00256_202405,NPU_00256,2024-05-02,92219.3,salary,True
INC_NPU_00256_202406,NPU_00256,2024-06-02,89174.57,salary,True
INC_NPU_00256_202407,NPU_00256,2024-07-03,92489.83,salary,True
INC_NPU_00256_202408,NPU_00256,2024-08-01,93495.96,salary,True
INC_NPU_00256_202409,NPU_00256,2024-09-01,92898.82,salary,True
INC_NPU_00256_202410,NPU_00256,2024-10-05,96295.62,salary,True
INC_NPU_00256_202411,NPU_00256,2024-11-04,90942.14,salary,True
INC_NPU_00256_202412,NPU_00256,2024-12-03,93338.78,salary,True
INC_NPU_00256_202501,NPU_00256,2025-01-03,93100.13,salary,True
INC_NPU_00256_202502,NPU_00256,2025-02-01,93191.68,salary,True
INC_NPU_00256_202503,NPU_00256,2025-03-01,94521.28,salary,True
INC_NPU_00256_202504,NPU_00256,2025-04-05,92672.31,salary,True
INC_NPU_00256_202505,NPU_00256,2025-05-01,89930.57,salary,True
INC_NPU_00256_202506,NPU_00256,2025-06-02,90210.57,salary,True
INC_NPU_00256_202507,NPU_00256,2025-07-02,92673.93,salary,True
INC_NPU_00256_202508,NPU_00256,2025-08-05,88658.86,salary,True
INC_NPU_00256_202509,NPU_00256,2025-09-04,91593.57,salary,True
INC_NPU_00256_202510,NPU_00256,2025-10-03,91240.0,salary,True
INC_NPU_00256_202511,NPU_00256,2025-11-01,93041.1,salary,True
INC_NPU_00256_202512,NPU_00256,2025-12-01,89610.88,salary,True
INC_NPU_00257_202301,NPU_00257,2023-01-05,107596.42,salary,True
INC_NPU_00257_202302,NPU_00257,2023-02-03,105749.51,salary,True
INC_NPU_00257_202303,NPU_00257,2023-03-02,106974.27,salary,True
INC_NPU_00257_202304,NPU_00257,2023-04-01,103750.61,salary,True
INC_NPU_00257_202305,NPU_00257,2023-05-01,107687.14,salary,True
INC_NPU_00257_202306,NPU_00257,2023-06-01,108488.08,salary,True
INC_NPU_00257_202307,NPU_00257,2023-07-01,113539.49,salary,True
INC_NPU_00257_202308,NPU_00257,2023-08-05,106824.96,salary,True
INC_NPU_00257_202309,NPU_00257,2023-09-03,108400.01,salary,True
INC_NPU_00257_202310,NPU_00257,2023-10-01,104174.28,salary,True
INC_NPU_00257_202311,NPU_00257,2023-11-01,109120.29,salary,True
INC_NPU_00257_202312,NPU_00257,2023-12-03,103213.48,salary,True
INC_NPU_00257_202401,NPU_00257,2024-01-01,110073.36,salary,True
INC_NPU_00257_202402,NPU_00257,2024-02-05,106600.86,salary,True
INC_NPU_00257_202403,NPU_00257,2024-03-01,103387.82,salary,True
INC_NPU_00257_202404,NPU_00257,2024-04-01,105525.76,salary,True
INC_NPU_00257_202405,NPU_00257,2024-05-02,108373.9,salary,True
INC_NPU_00257_202406,NPU_00257,2024-06-02,105916.98,salary,True
INC_NPU_00257_202407,NPU_00257,2024-07-01,105888.39,salary,True
INC_NPU_00257_202408,NPU_00257,2024-08-01,108145.52,salary,True
INC_NPU_00257_202409,NPU_00257,2024-09-03,106092.59,salary,True
INC_NPU_00257_202410,NPU_00257,2024-10-02,108957.56,salary,True
INC_NPU_00257_202411,NPU_00257,2024-11-02,105060.05,salary,True
INC_NPU_00257_202412,NPU_00257,2024-12-05,108796.35,salary,True
INC_NPU_00257_202501,NPU_00257,2025-01-02,102623.26,salary,True
INC_NPU_00257_202502,NPU_00257,2025-02-02,106217.17,salary,True
INC_NPU_00257_202503,NPU_00257,2025-03-02,106470.35,salary,True
INC_NPU_00257_202504,NPU_00257,2025-04-03,104981.58,salary,True
INC_NPU_00257_202505,NPU_00257,2025-05-01,106911.09,salary,True
INC_NPU_00257_202506,NPU_00257,2025-06-04,102912.83,salary,True
INC_NPU_00257_202507,NPU_00257,2025-07-05,106975.33,salary,True
INC_NPU_00257_202508,NPU_00257,2025-08-01,103858.94,salary,True
INC_NPU_00257_202509,NPU_00257,2025-09-02,103381.6,salary,True
INC_NPU_00257_202510,NPU_00257,2025-10-05,106409.4,salary,True
INC_NPU_00257_202511,NPU_00257,2025-11-01,103232.29,salary,True
INC_NPU_00257_202512,NPU_00257,2025-12-03,102001.66,salary,True
INC_NPU_00258_202301,NPU_00258,2023-01-01,175978.39,salary,True
INC_NPU_00258_202302,NPU_00258,2023-02-03,170737.89,salary,True
INC_NPU_00258_202303,NPU_00258,2023-03-01,176358.18,salary,True
INC_NPU_00258_202304,NPU_00258,2023-04-02,173354.55,salary,True
INC_NPU_00258_202305,NPU_00258,2023-05-01,174568.34,salary,True
INC_NPU_00258_202306,NPU_00258,2023-06-01,177857.47,salary,True
INC_NPU_00258_202307,NPU_00258,2023-07-02,175773.33,salary,True
INC_NPU_00258_202308,NPU_00258,2023-08-01,176439.17,salary,True
INC_NPU_00258_202309,NPU_00258,2023-09-01,176300.71,salary,True
INC_NPU_00258_202310,NPU_00258,2023-10-05,171917.5,salary,True
INC_NPU_00258_202311,NPU_00258,2023-11-02,175606.43,salary,True
INC_NPU_00258_202312,NPU_00258,2023-12-02,171133.4,salary,True
INC_NPU_00258_202401,NPU_00258,2024-01-02,175614.61,salary,True
INC_NPU_00258_202402,NPU_00258,2024-02-05,173192.36,salary,True
INC_NPU_00258_202403,NPU_00258,2024-03-04,173869.67,salary,True
INC_NPU_00258_202404,NPU_00258,2024-04-02,180068.62,salary,True
INC_NPU_00258_202405,NPU_00258,2024-05-01,176142.02,salary,True
INC_NPU_00258_202406,NPU_00258,2024-06-05,172164.32,salary,True
INC_NPU_00258_202407,NPU_00258,2024-07-04,168817.16,salary,True
INC_NPU_00258_202408,NPU_00258,2024-08-01,174680.93,salary,True
INC_NPU_00258_202409,NPU_00258,2024-09-01,169194.8,salary,True
INC_NPU_00258_202410,NPU_00258,2024-10-05,180614.74,salary,True
INC_NPU_00258_202411,NPU_00258,2024-11-02,173968.33,salary,True
INC_NPU_00258_202412,NPU_00258,2024-12-02,177454.73,salary,True
INC_NPU_00258_202501,NPU_00258,2025-01-03,169796.12,salary,True
INC_NPU_00258_202502,NPU_00258,2025-02-01,176046.19,salary,True
INC_NPU_00258_202503,NPU_00258,2025-03-05,178246.32,salary,True
INC_NPU_00258_202504,NPU_00258,2025-04-05,176347.11,salary,True
INC_NPU_00258_202505,NPU_00258,2025-05-02,177156.01,salary,True
INC_NPU_00258_202506,NPU_00258,2025-06-04,175703.74,salary,True
INC_NPU_00258_202507,NPU_00258,2025-07-03,172881.13,salary,True
INC_NPU_00258_202508,NPU_00258,2025-08-01,171261.36,salary,True
INC_NPU_00258_202509,NPU_00258,2025-09-02,171759.22,salary,True
INC_NPU_00258_202510,NPU_00258,2025-10-05,171260.92,salary,True
INC_NPU_00258_202511,NPU_00258,2025-11-02,180720.69,salary,True
INC_NPU_00258_202512,NPU_00258,2025-12-01,175047.62,salary,True
INC_NPU_00259_202301,NPU_00259,2023-01-03,202554.57,salary,True
INC_NPU_00259_202302,NPU_00259,2023-02-01,195449.36,salary,True
INC_NPU_00259_202303,NPU_00259,2023-03-01,200628.95,salary,True
INC_NPU_00259_202304,NPU_00259,2023-04-02,193949.38,salary,True
INC_NPU_00259_202305,NPU_00259,2023-05-02,196684.87,salary,True
INC_NPU_00259_202306,NPU_00259,2023-06-01,195868.53,salary,True
INC_NPU_00259_202307,NPU_00259,2023-07-03,204345.18,salary,True
INC_NPU_00259_202308,NPU_00259,2023-08-01,194542.47,salary,True
INC_NPU_00259_202309,NPU_00259,2023-09-01,200139.94,salary,True
INC_NPU_00259_202310,NPU_00259,2023-10-04,199353.28,salary,True
INC_NPU_00259_202311,NPU_00259,2023-11-05,207422.64,salary,True
INC_NPU_00259_202312,NPU_00259,2023-12-01,192859.1,salary,True
INC_NPU_00259_202401,NPU_00259,2024-01-01,202604.13,salary,True
INC_NPU_00259_202402,NPU_00259,2024-02-01,203138.5,salary,True
INC_NPU_00259_202403,NPU_00259,2024-03-03,198518.67,salary,True
INC_NPU_00259_202404,NPU_00259,2024-04-03,197829.21,salary,True
INC_NPU_00259_202405,NPU_00259,2024-05-01,190855.91,salary,True
INC_NPU_00259_202406,NPU_00259,2024-06-03,192336.23,salary,True
INC_NPU_00259_202407,NPU_00259,2024-07-03,196580.38,salary,True
INC_NPU_00259_202408,NPU_00259,2024-08-01,194063.87,salary,True
INC_NPU_00259_202409,NPU_00259,2024-09-01,201236.29,salary,True
INC_NPU_00259_202410,NPU_00259,2024-10-02,192200.39,salary,True
INC_NPU_00259_202411,NPU_00259,2024-11-01,191886.67,salary,True
INC_NPU_00259_202412,NPU_00259,2024-12-04,199753.43,salary,True
INC_NPU_00259_202501,NPU_00259,2025-01-02,199064.9,salary,True
INC_NPU_00259_202502,NPU_00259,2025-02-02,198224.48,salary,True
INC_NPU_00259_202503,NPU_00259,2025-03-03,200645.72,salary,True
INC_NPU_00259_202504,NPU_00259,2025-04-05,195132.67,salary,True
INC_NPU_00259_202505,NPU_00259,2025-05-02,196039.23,salary,True
INC_NPU_00259_202506,NPU_00259,2025-06-04,198935.78,salary,True
INC_NPU_00259_202507,NPU_00259,2025-07-01,198494.52,salary,True
INC_NPU_00259_202508,NPU_00259,2025-08-03,194361.63,salary,True
INC_NPU_00259_202509,NPU_00259,2025-09-02,201939.6,salary,True
INC_NPU_00259_202510,NPU_00259,2025-10-03,192960.31,salary,True
INC_NPU_00259_202511,NPU_00259,2025-11-01,196344.26,salary,True
INC_NPU_00259_202512,NPU_00259,2025-12-03,193209.15,salary,True
INC_NPU_00260_202301,NPU_00260,2023-01-01,73562.33,salary,True
INC_NPU_00260_202302,NPU_00260,2023-02-02,70361.8,salary,True
INC_NPU_00260_202303,NPU_00260,2023-03-01,68904.12,salary,True
INC_NPU_00260_202304,NPU_00260,2023-04-03,69637.48,salary,True
INC_NPU_00260_202305,NPU_00260,2023-05-01,70695.76,salary,True
INC_NPU_00260_202306,NPU_00260,2023-06-02,71523.46,salary,True
INC_NPU_00260_202307,NPU_00260,2023-07-01,69027.58,salary,True
INC_NPU_00260_202308,NPU_00260,2023-08-04,72296.97,salary,True
INC_NPU_00260_202309,NPU_00260,2023-09-03,70307.05,salary,True
INC_NPU_00260_202310,NPU_00260,2023-10-02,71021.62,salary,True
INC_NPU_00260_202311,NPU_00260,2023-11-01,69533.49,salary,True
INC_NPU_00260_202312,NPU_00260,2023-12-05,71965.11,salary,True
INC_NPU_00260_202401,NPU_00260,2024-01-01,70803.7,salary,True
INC_NPU_00260_202402,NPU_00260,2024-02-05,69434.63,salary,True
INC_NPU_00260_202403,NPU_00260,2024-03-01,69710.31,salary,True
INC_NPU_00260_202404,NPU_00260,2024-04-03,71582.92,salary,True
INC_NPU_00260_202405,NPU_00260,2024-05-05,70938.0,salary,True
INC_NPU_00260_202406,NPU_00260,2024-06-02,69844.87,salary,True
INC_NPU_00260_202407,NPU_00260,2024-07-01,71495.83,salary,True
INC_NPU_00260_202408,NPU_00260,2024-08-02,70647.74,salary,True
INC_NPU_00260_202409,NPU_00260,2024-09-01,67640.79,salary,True
INC_NPU_00260_202410,NPU_00260,2024-10-04,66667.3,salary,True
INC_NPU_00260_202411,NPU_00260,2024-11-04,70094.87,salary,True
INC_NPU_00260_202412,NPU_00260,2024-12-05,73144.28,salary,True
INC_NPU_00260_202501,NPU_00260,2025-01-01,71548.0,salary,True
INC_NPU_00260_202502,NPU_00260,2025-02-04,72793.82,salary,True
INC_NPU_00260_202503,NPU_00260,2025-03-01,68779.34,salary,True
INC_NPU_00260_202504,NPU_00260,2025-04-04,71443.92,salary,True
INC_NPU_00260_202505,NPU_00260,2025-05-04,70297.03,salary,True
INC_NPU_00260_202506,NPU_00260,2025-06-03,68556.6,salary,True
INC_NPU_00260_202507,NPU_00260,2025-07-03,68662.3,salary,True
INC_NPU_00260_202508,NPU_00260,2025-08-02,68826.91,salary,True
INC_NPU_00260_202509,NPU_00260,2025-09-02,68151.0,salary,True
INC_NPU_00260_202510,NPU_00260,2025-10-02,68443.0,salary,True
INC_NPU_00260_202511,NPU_00260,2025-11-01,70352.9,salary,True
INC_NPU_00260_202512,NPU_00260,2025-12-01,67615.33,salary,True
INC_NPU_00261_202301,NPU_00261,2023-01-02,57227.84,salary,True
INC_NPU_00261_202302,NPU_00261,2023-02-03,57789.01,salary,True
INC_NPU_00261_202303,NPU_00261,2023-03-01,57234.37,salary,True
INC_NPU_00261_202304,NPU_00261,2023-04-01,56608.48,salary,True
INC_NPU_00261_202305,NPU_00261,2023-05-01,58225.03,salary,True
INC_NPU_00261_202306,NPU_00261,2023-06-05,57212.31,salary,True
INC_NPU_00261_202307,NPU_00261,2023-07-03,57296.47,salary,True
INC_NPU_00261_202308,NPU_00261,2023-08-05,60051.26,salary,True
INC_NPU_00261_202309,NPU_00261,2023-09-05,58040.98,salary,True
INC_NPU_00261_202310,NPU_00261,2023-10-01,58957.61,salary,True
INC_NPU_00261_202311,NPU_00261,2023-11-04,57461.86,salary,True
INC_NPU_00261_202312,NPU_00261,2023-12-01,57518.41,salary,True
INC_NPU_00261_202401,NPU_00261,2024-01-05,56573.71,salary,True
INC_NPU_00261_202402,NPU_00261,2024-02-05,56780.9,salary,True
INC_NPU_00261_202403,NPU_00261,2024-03-04,59285.18,salary,True
INC_NPU_00261_202404,NPU_00261,2024-04-01,58245.61,salary,True
INC_NPU_00261_202405,NPU_00261,2024-05-02,59201.32,salary,True
INC_NPU_00261_202406,NPU_00261,2024-06-01,59406.05,salary,True
INC_NPU_00261_202407,NPU_00261,2024-07-04,57446.89,salary,True
INC_NPU_00261_202408,NPU_00261,2024-08-05,60627.17,salary,True
INC_NPU_00261_202409,NPU_00261,2024-09-01,59102.89,salary,True
INC_NPU_00261_202410,NPU_00261,2024-10-02,58360.39,salary,True
INC_NPU_00261_202411,NPU_00261,2024-11-03,57543.9,salary,True
INC_NPU_00261_202412,NPU_00261,2024-12-02,57367.83,salary,True
INC_NPU_00261_202501,NPU_00261,2025-01-05,58212.71,salary,True
INC_NPU_00261_202502,NPU_00261,2025-02-01,58482.79,salary,True
INC_NPU_00261_202503,NPU_00261,2025-03-03,55790.45,salary,True
INC_NPU_00261_202504,NPU_00261,2025-04-03,57699.05,salary,True
INC_NPU_00261_202505,NPU_00261,2025-05-02,58431.4,salary,True
INC_NPU_00261_202506,NPU_00261,2025-06-01,58704.37,salary,True
INC_NPU_00261_202507,NPU_00261,2025-07-04,58032.19,salary,True
INC_NPU_00261_202508,NPU_00261,2025-08-03,58667.02,salary,True
INC_NPU_00261_202509,NPU_00261,2025-09-02,57369.61,salary,True
INC_NPU_00261_202510,NPU_00261,2025-10-01,58635.89,salary,True
INC_NPU_00261_202511,NPU_00261,2025-11-01,58468.36,salary,True
INC_NPU_00261_202512,NPU_00261,2025-12-03,59384.67,salary,True
INC_NPU_00262_202301,NPU_00262,2023-01-01,77030.89,salary,True
INC_NPU_00262_202302,NPU_00262,2023-02-01,76291.11,salary,True
INC_NPU_00262_202303,NPU_00262,2023-03-01,74328.11,salary,True
INC_NPU_00262_202304,NPU_00262,2023-04-01,72980.96,salary,True
INC_NPU_00262_202305,NPU_00262,2023-05-02,73479.16,salary,True
INC_NPU_00262_202306,NPU_00262,2023-06-02,76980.82,salary,True
INC_NPU_00262_202307,NPU_00262,2023-07-04,74822.15,salary,True
INC_NPU_00262_202308,NPU_00262,2023-08-03,75133.39,salary,True
INC_NPU_00262_202309,NPU_00262,2023-09-03,76012.03,salary,True
INC_NPU_00262_202310,NPU_00262,2023-10-03,74730.63,salary,True
INC_NPU_00262_202311,NPU_00262,2023-11-02,76543.37,salary,True
INC_NPU_00262_202312,NPU_00262,2023-12-01,72818.65,salary,True
INC_NPU_00262_202401,NPU_00262,2024-01-02,75449.14,salary,True
INC_NPU_00262_202402,NPU_00262,2024-02-01,77519.81,salary,True
INC_NPU_00262_202403,NPU_00262,2024-03-02,76682.51,salary,True
INC_NPU_00262_202404,NPU_00262,2024-04-02,76785.45,salary,True
INC_NPU_00262_202405,NPU_00262,2024-05-02,72686.94,salary,True
INC_NPU_00262_202406,NPU_00262,2024-06-02,75047.66,salary,True
INC_NPU_00262_202407,NPU_00262,2024-07-01,74543.15,salary,True
INC_NPU_00262_202408,NPU_00262,2024-08-01,73470.81,salary,True
INC_NPU_00262_202409,NPU_00262,2024-09-04,75072.13,salary,True
INC_NPU_00262_202410,NPU_00262,2024-10-01,72993.71,salary,True
INC_NPU_00262_202411,NPU_00262,2024-11-01,75324.48,salary,True
INC_NPU_00262_202412,NPU_00262,2024-12-02,73367.94,salary,True
INC_NPU_00262_202501,NPU_00262,2025-01-01,75245.6,salary,True
INC_NPU_00262_202502,NPU_00262,2025-02-04,73535.17,salary,True
INC_NPU_00262_202503,NPU_00262,2025-03-01,74244.05,salary,True
INC_NPU_00262_202504,NPU_00262,2025-04-02,74107.67,salary,True
INC_NPU_00262_202505,NPU_00262,2025-05-02,74513.28,salary,True
INC_NPU_00262_202506,NPU_00262,2025-06-02,74660.08,salary,True
INC_NPU_00262_202507,NPU_00262,2025-07-02,74114.1,salary,True
INC_NPU_00262_202508,NPU_00262,2025-08-02,73223.04,salary,True
INC_NPU_00262_202509,NPU_00262,2025-09-03,76362.39,salary,True
INC_NPU_00262_202510,NPU_00262,2025-10-04,74723.07,salary,True
INC_NPU_00262_202511,NPU_00262,2025-11-02,75106.58,salary,True
INC_NPU_00262_202512,NPU_00262,2025-12-01,74114.71,salary,True
INC_NPU_00263_202301,NPU_00263,2023-01-19,573086.71,freelance,True
INC_NPU_00263_202302,NPU_00263,2023-02-14,342266.32,freelance,True
INC_NPU_00263_202303,NPU_00263,2023-03-17,99450.52,freelance,True
INC_NPU_00263_202304,NPU_00263,2023-04-19,243735.54,freelance,True
INC_NPU_00263_202305,NPU_00263,2023-05-10,61975.25,freelance,True
INC_NPU_00263_202306,NPU_00263,2023-06-03,96678.69,freelance,True
INC_NPU_00263_202307,NPU_00263,2023-07-04,80740.64,freelance,True
INC_NPU_00263_202308,NPU_00263,2023-08-02,75365.04,freelance,True
INC_NPU_00263_202309,NPU_00263,2023-09-01,306951.43,freelance,True
INC_NPU_00263_202310,NPU_00263,2023-10-09,207180.63,freelance,True
INC_NPU_00263_202311,NPU_00263,2023-11-16,245426.05,freelance,True
INC_NPU_00263_202312,NPU_00263,2023-12-03,309169.47,freelance,True
INC_NPU_00263_202401,NPU_00263,2024-01-14,45422.87,freelance,True
INC_NPU_00263_202402,NPU_00263,2024-02-08,236504.21,freelance,True
INC_NPU_00263_202403,NPU_00263,2024-03-19,367624.31,freelance,True
INC_NPU_00263_202404,NPU_00263,2024-04-10,84968.28,freelance,True
INC_NPU_00263_202405,NPU_00263,2024-05-09,473342.71,freelance,True
INC_NPU_00263_202406,NPU_00263,2024-06-12,247616.52,freelance,True
INC_NPU_00263_202407,NPU_00263,2024-07-11,82181.23,freelance,True
INC_NPU_00263_202408,NPU_00263,2024-08-13,221177.42,freelance,True
INC_NPU_00263_202409,NPU_00263,2024-09-06,117404.29,freelance,True
INC_NPU_00263_202410,NPU_00263,2024-10-13,367257.83,freelance,True
INC_NPU_00263_202411,NPU_00263,2024-11-04,168123.23,freelance,True
INC_NPU_00263_202412,NPU_00263,2024-12-20,209996.44,freelance,True
INC_NPU_00263_202501,NPU_00263,2025-01-23,197537.06,freelance,True
INC_NPU_00263_202502,NPU_00263,2025-02-20,75356.97,freelance,True
INC_NPU_00263_202503,NPU_00263,2025-03-12,156863.07,freelance,True
INC_NPU_00263_202504,NPU_00263,2025-04-19,287525.47,freelance,True
INC_NPU_00263_202505,NPU_00263,2025-05-04,261677.44,freelance,True
INC_NPU_00263_202506,NPU_00263,2025-06-14,331473.9,freelance,True
INC_NPU_00263_202507,NPU_00263,2025-07-21,118113.52,freelance,True
INC_NPU_00263_202508,NPU_00263,2025-08-07,247721.14,freelance,True
INC_NPU_00263_202509,NPU_00263,2025-09-21,58772.65,freelance,True
INC_NPU_00263_202510,NPU_00263,2025-10-08,140667.73,freelance,True
INC_NPU_00263_202511,NPU_00263,2025-11-08,193119.61,freelance,True
INC_NPU_00263_202512,NPU_00263,2025-12-17,212827.88,freelance,True
INC_NPU_00264_202301,NPU_00264,2023-01-03,91076.9,salary,True
INC_NPU_00264_202302,NPU_00264,2023-02-05,85237.03,salary,True
INC_NPU_00264_202303,NPU_00264,2023-03-01,88096.83,salary,True
INC_NPU_00264_202304,NPU_00264,2023-04-03,88417.25,salary,True
INC_NPU_00264_202305,NPU_00264,2023-05-02,90689.45,salary,True
INC_NPU_00264_202306,NPU_00264,2023-06-01,88884.29,salary,True
INC_NPU_00264_202307,NPU_00264,2023-07-02,87256.98,salary,True
INC_NPU_00264_202308,NPU_00264,2023-08-04,89729.53,salary,True
INC_NPU_00264_202309,NPU_00264,2023-09-03,90098.72,salary,True
INC_NPU_00264_202310,NPU_00264,2023-10-02,88345.51,salary,True
INC_NPU_00264_202311,NPU_00264,2023-11-01,89339.47,salary,True
INC_NPU_00264_202312,NPU_00264,2023-12-02,87134.74,salary,True
INC_NPU_00264_202401,NPU_00264,2024-01-04,91154.37,salary,True
INC_NPU_00264_202402,NPU_00264,2024-02-01,87606.27,salary,True
INC_NPU_00264_202403,NPU_00264,2024-03-04,85915.34,salary,True
INC_NPU_00264_202404,NPU_00264,2024-04-03,88101.88,salary,True
INC_NPU_00264_202405,NPU_00264,2024-05-05,86896.59,salary,True
INC_NPU_00264_202406,NPU_00264,2024-06-02,87663.92,salary,True
INC_NPU_00264_202407,NPU_00264,2024-07-01,86679.74,salary,True
INC_NPU_00264_202408,NPU_00264,2024-08-01,89881.07,salary,True
INC_NPU_00264_202409,NPU_00264,2024-09-01,88503.6,salary,True
INC_NPU_00264_202410,NPU_00264,2024-10-04,89143.07,salary,True
INC_NPU_00264_202411,NPU_00264,2024-11-04,86400.76,salary,True
INC_NPU_00264_202412,NPU_00264,2024-12-01,87654.64,salary,True
INC_NPU_00264_202501,NPU_00264,2025-01-01,89378.65,salary,True
INC_NPU_00264_202502,NPU_00264,2025-02-03,88104.95,salary,True
INC_NPU_00264_202503,NPU_00264,2025-03-02,88829.49,salary,True
INC_NPU_00264_202504,NPU_00264,2025-04-01,88319.41,salary,True
INC_NPU_00264_202505,NPU_00264,2025-05-03,91112.69,salary,True
INC_NPU_00264_202506,NPU_00264,2025-06-02,91423.21,salary,True
INC_NPU_00264_202507,NPU_00264,2025-07-02,88871.07,salary,True
INC_NPU_00264_202508,NPU_00264,2025-08-05,89311.11,salary,True
INC_NPU_00264_202509,NPU_00264,2025-09-03,89070.93,salary,True
INC_NPU_00264_202510,NPU_00264,2025-10-01,90764.86,salary,True
INC_NPU_00264_202511,NPU_00264,2025-11-02,86514.05,salary,True
INC_NPU_00264_202512,NPU_00264,2025-12-03,89287.16,salary,True
INC_NPU_00265_202301,NPU_00265,2023-01-02,71054.52,salary,True
INC_NPU_00265_202302,NPU_00265,2023-02-01,73801.56,salary,True
INC_NPU_00265_202303,NPU_00265,2023-03-01,73319.27,salary,True
INC_NPU_00265_202304,NPU_00265,2023-04-02,71053.25,salary,True
INC_NPU_00265_202305,NPU_00265,2023-05-01,71422.73,salary,True
INC_NPU_00265_202306,NPU_00265,2023-06-01,70488.65,salary,True
INC_NPU_00265_202307,NPU_00265,2023-07-02,73056.62,salary,True
INC_NPU_00265_202308,NPU_00265,2023-08-01,72703.32,salary,True
INC_NPU_00265_202309,NPU_00265,2023-09-01,71498.01,salary,True
INC_NPU_00265_202310,NPU_00265,2023-10-02,71483.01,salary,True
INC_NPU_00265_202311,NPU_00265,2023-11-05,71161.9,salary,True
INC_NPU_00265_202312,NPU_00265,2023-12-03,73695.19,salary,True
INC_NPU_00265_202401,NPU_00265,2024-01-02,71619.14,salary,True
INC_NPU_00265_202402,NPU_00265,2024-02-04,71214.19,salary,True
INC_NPU_00265_202403,NPU_00265,2024-03-01,72899.03,salary,True
INC_NPU_00265_202404,NPU_00265,2024-04-03,68574.39,salary,True
INC_NPU_00265_202405,NPU_00265,2024-05-01,71398.79,salary,True
INC_NPU_00265_202406,NPU_00265,2024-06-01,73108.99,salary,True
INC_NPU_00265_202407,NPU_00265,2024-07-02,74063.49,salary,True
INC_NPU_00265_202408,NPU_00265,2024-08-04,70898.12,salary,True
INC_NPU_00265_202409,NPU_00265,2024-09-04,72524.3,salary,True
INC_NPU_00265_202410,NPU_00265,2024-10-01,70889.75,salary,True
INC_NPU_00265_202411,NPU_00265,2024-11-02,74835.26,salary,True
INC_NPU_00265_202412,NPU_00265,2024-12-02,72025.24,salary,True
INC_NPU_00265_202501,NPU_00265,2025-01-04,72692.21,salary,True
INC_NPU_00265_202502,NPU_00265,2025-02-02,68803.98,salary,True
INC_NPU_00265_202503,NPU_00265,2025-03-01,71146.86,salary,True
INC_NPU_00265_202504,NPU_00265,2025-04-05,72906.86,salary,True
INC_NPU_00265_202505,NPU_00265,2025-05-01,69862.63,salary,True
INC_NPU_00265_202506,NPU_00265,2025-06-02,72021.64,salary,True
INC_NPU_00265_202507,NPU_00265,2025-07-01,74142.58,salary,True
INC_NPU_00265_202508,NPU_00265,2025-08-01,72992.57,salary,True
INC_NPU_00265_202509,NPU_00265,2025-09-03,72577.84,salary,True
INC_NPU_00265_202510,NPU_00265,2025-10-02,71226.27,salary,True
INC_NPU_00265_202511,NPU_00265,2025-11-01,70175.03,salary,True
INC_NPU_00265_202512,NPU_00265,2025-12-01,71721.85,salary,True
INC_NPU_00266_202301,NPU_00266,2023-01-01,82887.63,salary,True
INC_NPU_00266_202302,NPU_00266,2023-02-01,80306.04,salary,True
INC_NPU_00266_202303,NPU_00266,2023-03-02,83142.55,salary,True
INC_NPU_00266_202304,NPU_00266,2023-04-03,82142.38,salary,True
INC_NPU_00266_202305,NPU_00266,2023-05-02,80555.32,salary,True
INC_NPU_00266_202306,NPU_00266,2023-06-03,79228.73,salary,True
INC_NPU_00266_202307,NPU_00266,2023-07-02,79567.3,salary,True
INC_NPU_00266_202308,NPU_00266,2023-08-04,81649.53,salary,True
INC_NPU_00266_202309,NPU_00266,2023-09-01,83698.68,salary,True
INC_NPU_00266_202310,NPU_00266,2023-10-01,80576.79,salary,True
INC_NPU_00266_202311,NPU_00266,2023-11-01,83942.35,salary,True
INC_NPU_00266_202312,NPU_00266,2023-12-02,79062.0,salary,True
INC_NPU_00266_202401,NPU_00266,2024-01-01,81914.22,salary,True
INC_NPU_00266_202402,NPU_00266,2024-02-03,81748.77,salary,True
INC_NPU_00266_202403,NPU_00266,2024-03-05,82466.75,salary,True
INC_NPU_00266_202404,NPU_00266,2024-04-01,82115.19,salary,True
INC_NPU_00266_202405,NPU_00266,2024-05-03,81126.2,salary,True
INC_NPU_00266_202406,NPU_00266,2024-06-03,81138.16,salary,True
INC_NPU_00266_202407,NPU_00266,2024-07-01,83343.7,salary,True
INC_NPU_00266_202408,NPU_00266,2024-08-02,82000.42,salary,True
INC_NPU_00266_202409,NPU_00266,2024-09-01,78316.78,salary,True
INC_NPU_00266_202410,NPU_00266,2024-10-03,81278.64,salary,True
INC_NPU_00266_202411,NPU_00266,2024-11-01,81415.76,salary,True
INC_NPU_00266_202412,NPU_00266,2024-12-01,81406.85,salary,True
INC_NPU_00266_202501,NPU_00266,2025-01-04,83074.45,salary,True
INC_NPU_00266_202502,NPU_00266,2025-02-02,80894.61,salary,True
INC_NPU_00266_202503,NPU_00266,2025-03-01,82251.86,salary,True
INC_NPU_00266_202504,NPU_00266,2025-04-01,84503.65,salary,True
INC_NPU_00266_202505,NPU_00266,2025-05-01,83712.07,salary,True
INC_NPU_00266_202506,NPU_00266,2025-06-02,80756.77,salary,True
INC_NPU_00266_202507,NPU_00266,2025-07-01,82047.54,salary,True
INC_NPU_00266_202508,NPU_00266,2025-08-02,77619.39,salary,True
INC_NPU_00266_202509,NPU_00266,2025-09-01,82788.49,salary,True
INC_NPU_00266_202510,NPU_00266,2025-10-01,79843.57,salary,True
INC_NPU_00266_202511,NPU_00266,2025-11-02,81815.22,salary,True
INC_NPU_00266_202512,NPU_00266,2025-12-05,81594.1,salary,True
INC_NPU_00267_202301,NPU_00267,2023-01-01,85454.64,salary,True
INC_NPU_00267_202302,NPU_00267,2023-02-01,84075.02,salary,True
INC_NPU_00267_202303,NPU_00267,2023-03-04,83377.24,salary,True
INC_NPU_00267_202304,NPU_00267,2023-04-02,84730.34,salary,True
INC_NPU_00267_202305,NPU_00267,2023-05-01,85754.85,salary,True
INC_NPU_00267_202306,NPU_00267,2023-06-01,79680.57,salary,True
INC_NPU_00267_202307,NPU_00267,2023-07-02,82622.55,salary,True
INC_NPU_00267_202308,NPU_00267,2023-08-01,86422.78,salary,True
INC_NPU_00267_202309,NPU_00267,2023-09-02,87348.96,salary,True
INC_NPU_00267_202310,NPU_00267,2023-10-01,82317.74,salary,True
INC_NPU_00267_202311,NPU_00267,2023-11-01,85145.44,salary,True
INC_NPU_00267_202312,NPU_00267,2023-12-05,82313.47,salary,True
INC_NPU_00267_202401,NPU_00267,2024-01-01,81871.89,salary,True
INC_NPU_00267_202402,NPU_00267,2024-02-04,83441.38,salary,True
INC_NPU_00267_202403,NPU_00267,2024-03-01,85360.2,salary,True
INC_NPU_00267_202404,NPU_00267,2024-04-04,83231.4,salary,True
INC_NPU_00267_202405,NPU_00267,2024-05-02,85334.88,salary,True
INC_NPU_00267_202406,NPU_00267,2024-06-01,85509.44,salary,True
INC_NPU_00267_202407,NPU_00267,2024-07-01,82854.39,salary,True
INC_NPU_00267_202408,NPU_00267,2024-08-02,82807.96,salary,True
INC_NPU_00267_202409,NPU_00267,2024-09-02,83274.84,salary,True
INC_NPU_00267_202410,NPU_00267,2024-10-02,83677.21,salary,True
INC_NPU_00267_202411,NPU_00267,2024-11-01,83473.18,salary,True
INC_NPU_00267_202412,NPU_00267,2024-12-03,83830.83,salary,True
INC_NPU_00267_202501,NPU_00267,2025-01-01,82969.16,salary,True
INC_NPU_00267_202502,NPU_00267,2025-02-01,81731.84,salary,True
INC_NPU_00267_202503,NPU_00267,2025-03-02,86886.97,salary,True
INC_NPU_00267_202504,NPU_00267,2025-04-05,82620.98,salary,True
INC_NPU_00267_202505,NPU_00267,2025-05-01,80927.26,salary,True
INC_NPU_00267_202506,NPU_00267,2025-06-01,84869.37,salary,True
INC_NPU_00267_202507,NPU_00267,2025-07-01,81997.94,salary,True
INC_NPU_00267_202508,NPU_00267,2025-08-04,84685.93,salary,True
INC_NPU_00267_202509,NPU_00267,2025-09-01,82551.31,salary,True
INC_NPU_00267_202510,NPU_00267,2025-10-03,87288.24,salary,True
INC_NPU_00267_202511,NPU_00267,2025-11-02,86055.54,salary,True
INC_NPU_00267_202512,NPU_00267,2025-12-05,83347.36,salary,True
INC_NPU_00268_202301,NPU_00268,2023-01-02,107860.55,salary,True
INC_NPU_00268_202302,NPU_00268,2023-02-01,107396.59,salary,True
INC_NPU_00268_202303,NPU_00268,2023-03-03,105289.4,salary,True
INC_NPU_00268_202304,NPU_00268,2023-04-03,108236.64,salary,True
INC_NPU_00268_202305,NPU_00268,2023-05-01,106976.97,salary,True
INC_NPU_00268_202306,NPU_00268,2023-06-05,107274.25,salary,True
INC_NPU_00268_202307,NPU_00268,2023-07-04,108044.77,salary,True
INC_NPU_00268_202308,NPU_00268,2023-08-02,106595.33,salary,True
INC_NPU_00268_202309,NPU_00268,2023-09-04,105034.77,salary,True
INC_NPU_00268_202310,NPU_00268,2023-10-04,107860.8,salary,True
INC_NPU_00268_202311,NPU_00268,2023-11-04,108436.93,salary,True
INC_NPU_00268_202312,NPU_00268,2023-12-04,108449.02,salary,True
INC_NPU_00268_202401,NPU_00268,2024-01-02,108498.81,salary,True
INC_NPU_00268_202402,NPU_00268,2024-02-02,107572.59,salary,True
INC_NPU_00268_202403,NPU_00268,2024-03-01,103389.47,salary,True
INC_NPU_00268_202404,NPU_00268,2024-04-02,111535.54,salary,True
INC_NPU_00268_202405,NPU_00268,2024-05-01,108419.75,salary,True
INC_NPU_00268_202406,NPU_00268,2024-06-04,106009.79,salary,True
INC_NPU_00268_202407,NPU_00268,2024-07-01,108758.04,salary,True
INC_NPU_00268_202408,NPU_00268,2024-08-01,104436.43,salary,True
INC_NPU_00268_202409,NPU_00268,2024-09-03,108100.44,salary,True
INC_NPU_00268_202410,NPU_00268,2024-10-03,106218.96,salary,True
INC_NPU_00268_202411,NPU_00268,2024-11-01,104540.67,salary,True
INC_NPU_00268_202412,NPU_00268,2024-12-02,104509.42,salary,True
INC_NPU_00268_202501,NPU_00268,2025-01-02,107737.43,salary,True
INC_NPU_00268_202502,NPU_00268,2025-02-04,108000.83,salary,True
INC_NPU_00268_202503,NPU_00268,2025-03-02,104906.14,salary,True
INC_NPU_00268_202504,NPU_00268,2025-04-05,106248.13,salary,True
INC_NPU_00268_202505,NPU_00268,2025-05-02,107513.85,salary,True
INC_NPU_00268_202506,NPU_00268,2025-06-03,105706.55,salary,True
INC_NPU_00268_202507,NPU_00268,2025-07-01,111042.0,salary,True
INC_NPU_00268_202508,NPU_00268,2025-08-01,107765.52,salary,True
INC_NPU_00268_202509,NPU_00268,2025-09-04,106600.58,salary,True
INC_NPU_00268_202510,NPU_00268,2025-10-04,109109.41,salary,True
INC_NPU_00268_202511,NPU_00268,2025-11-01,107950.86,salary,True
INC_NPU_00268_202512,NPU_00268,2025-12-01,107533.94,salary,True
INC_NPU_00269_202301,NPU_00269,2023-01-06,496587.16,business,True
INC_NPU_00269_202302,NPU_00269,2023-02-06,545704.75,business,True
INC_NPU_00269_202303,NPU_00269,2023-03-21,593267.86,business,True
INC_NPU_00269_202304,NPU_00269,2023-04-06,424770.67,business,True
INC_NPU_00269_202305,NPU_00269,2023-05-16,250005.1,business,True
INC_NPU_00269_202306,NPU_00269,2023-06-11,613404.41,business,True
INC_NPU_00269_202307,NPU_00269,2023-07-01,393428.99,business,True
INC_NPU_00269_202308,NPU_00269,2023-08-11,397832.26,business,True
INC_NPU_00269_202309,NPU_00269,2023-09-21,378766.64,business,True
INC_NPU_00269_202310,NPU_00269,2023-10-11,335900.98,business,True
INC_NPU_00269_202311,NPU_00269,2023-11-21,396036.38,business,True
INC_NPU_00269_202312,NPU_00269,2023-12-11,507152.7,business,True
INC_NPU_00269_202401,NPU_00269,2024-01-16,456624.14,business,True
INC_NPU_00269_202402,NPU_00269,2024-02-16,429753.93,business,True
INC_NPU_00269_202403,NPU_00269,2024-03-21,397769.06,business,True
INC_NPU_00269_202404,NPU_00269,2024-04-11,372331.83,business,True
INC_NPU_00269_202405,NPU_00269,2024-05-01,514195.05,business,True
INC_NPU_00269_202406,NPU_00269,2024-06-11,542593.65,business,True
INC_NPU_00269_202407,NPU_00269,2024-07-21,580146.61,business,True
INC_NPU_00269_202408,NPU_00269,2024-08-11,660762.34,business,True
INC_NPU_00269_202409,NPU_00269,2024-09-16,463971.29,business,True
INC_NPU_00269_202410,NPU_00269,2024-10-06,691832.0,business,True
INC_NPU_00269_202411,NPU_00269,2024-11-01,303527.88,business,True
INC_NPU_00269_202412,NPU_00269,2024-12-21,271341.71,business,True
INC_NPU_00269_202501,NPU_00269,2025-01-11,584310.43,business,True
INC_NPU_00269_202502,NPU_00269,2025-02-16,249170.27,business,True
INC_NPU_00269_202503,NPU_00269,2025-03-11,305781.67,business,True
INC_NPU_00269_202504,NPU_00269,2025-04-06,461156.09,business,True
INC_NPU_00269_202505,NPU_00269,2025-05-01,306962.74,business,True
INC_NPU_00269_202506,NPU_00269,2025-06-11,419694.55,business,True
INC_NPU_00269_202507,NPU_00269,2025-07-11,427187.39,business,True
INC_NPU_00269_202508,NPU_00269,2025-08-11,343085.2,business,True
INC_NPU_00269_202509,NPU_00269,2025-09-21,415589.31,business,True
INC_NPU_00269_202510,NPU_00269,2025-10-01,385000.33,business,True
INC_NPU_00269_202511,NPU_00269,2025-11-01,605391.44,business,True
INC_NPU_00269_202512,NPU_00269,2025-12-21,386874.22,business,True
INC_NPU_00270_202301,NPU_00270,2023-01-03,17426.77,salary,True
INC_NPU_00270_202302,NPU_00270,2023-02-01,17969.56,salary,True
INC_NPU_00270_202303,NPU_00270,2023-03-02,18118.63,salary,True
INC_NPU_00270_202304,NPU_00270,2023-04-05,17286.7,salary,True
INC_NPU_00270_202305,NPU_00270,2023-05-03,18451.73,salary,True
INC_NPU_00270_202306,NPU_00270,2023-06-03,18182.64,salary,True
INC_NPU_00270_202307,NPU_00270,2023-07-01,18342.8,salary,True
INC_NPU_00270_202308,NPU_00270,2023-08-01,18019.24,salary,True
INC_NPU_00270_202309,NPU_00270,2023-09-01,17649.25,salary,True
INC_NPU_00270_202310,NPU_00270,2023-10-03,17393.72,salary,True
INC_NPU_00270_202311,NPU_00270,2023-11-04,16999.81,salary,True
INC_NPU_00270_202312,NPU_00270,2023-12-01,18217.52,salary,True
INC_NPU_00270_202401,NPU_00270,2024-01-04,17765.23,salary,True
INC_NPU_00270_202402,NPU_00270,2024-02-02,17185.24,salary,True
INC_NPU_00270_202403,NPU_00270,2024-03-03,17798.63,salary,True
INC_NPU_00270_202404,NPU_00270,2024-04-05,17910.81,salary,True
INC_NPU_00270_202405,NPU_00270,2024-05-03,18402.83,salary,True
INC_NPU_00270_202406,NPU_00270,2024-06-01,17828.16,salary,True
INC_NPU_00270_202407,NPU_00270,2024-07-02,17913.65,salary,True
INC_NPU_00270_202408,NPU_00270,2024-08-03,17919.42,salary,True
INC_NPU_00270_202409,NPU_00270,2024-09-01,18270.4,salary,True
INC_NPU_00270_202410,NPU_00270,2024-10-01,17658.31,salary,True
INC_NPU_00270_202411,NPU_00270,2024-11-05,18066.64,salary,True
INC_NPU_00270_202412,NPU_00270,2024-12-01,17733.78,salary,True
INC_NPU_00270_202501,NPU_00270,2025-01-02,18392.93,salary,True
INC_NPU_00270_202502,NPU_00270,2025-02-03,18487.14,salary,True
INC_NPU_00270_202503,NPU_00270,2025-03-01,17971.28,salary,True
INC_NPU_00270_202504,NPU_00270,2025-04-03,18039.78,salary,True
INC_NPU_00270_202505,NPU_00270,2025-05-01,17836.39,salary,True
INC_NPU_00270_202506,NPU_00270,2025-06-01,17276.53,salary,True
INC_NPU_00270_202507,NPU_00270,2025-07-03,17922.58,salary,True
INC_NPU_00270_202508,NPU_00270,2025-08-05,17889.0,salary,True
INC_NPU_00270_202509,NPU_00270,2025-09-04,17790.07,salary,True
INC_NPU_00270_202510,NPU_00270,2025-10-02,17829.6,salary,True
INC_NPU_00270_202511,NPU_00270,2025-11-03,18071.66,salary,True
INC_NPU_00270_202512,NPU_00270,2025-12-01,18040.66,salary,True
INC_NPU_00271_202301,NPU_00271,2023-01-01,154776.07,business,True
INC_NPU_00271_202302,NPU_00271,2023-02-21,254136.69,business,True
INC_NPU_00271_202303,NPU_00271,2023-03-21,122723.27,business,True
INC_NPU_00271_202304,NPU_00271,2023-04-21,192442.64,business,True
INC_NPU_00271_202305,NPU_00271,2023-05-21,134872.72,business,True
INC_NPU_00271_202306,NPU_00271,2023-06-11,212450.27,business,True
INC_NPU_00271_202307,NPU_00271,2023-07-01,155976.6,business,True
INC_NPU_00271_202308,NPU_00271,2023-08-11,291086.46,business,True
INC_NPU_00271_202309,NPU_00271,2023-09-01,100477.18,business,True
INC_NPU_00271_202310,NPU_00271,2023-10-16,92420.93,business,True
INC_NPU_00271_202311,NPU_00271,2023-11-11,176678.9,business,True
INC_NPU_00271_202312,NPU_00271,2023-12-06,208287.42,business,True
INC_NPU_00271_202401,NPU_00271,2024-01-06,162052.54,business,True
INC_NPU_00271_202402,NPU_00271,2024-02-01,143197.15,business,True
INC_NPU_00271_202403,NPU_00271,2024-03-01,100662.49,business,True
INC_NPU_00271_202404,NPU_00271,2024-04-06,151013.51,business,True
INC_NPU_00271_202405,NPU_00271,2024-05-01,94382.77,business,True
INC_NPU_00271_202406,NPU_00271,2024-06-01,130581.4,business,True
INC_NPU_00271_202407,NPU_00271,2024-07-16,259758.29,business,True
INC_NPU_00271_202408,NPU_00271,2024-08-11,146762.55,business,True
INC_NPU_00271_202409,NPU_00271,2024-09-11,187616.02,business,True
INC_NPU_00271_202410,NPU_00271,2024-10-01,137505.61,business,True
INC_NPU_00271_202411,NPU_00271,2024-11-06,183724.09,business,True
INC_NPU_00271_202412,NPU_00271,2024-12-01,138563.63,business,True
INC_NPU_00271_202501,NPU_00271,2025-01-06,161038.6,business,True
INC_NPU_00271_202502,NPU_00271,2025-02-01,162443.38,business,True
INC_NPU_00271_202503,NPU_00271,2025-03-21,210911.31,business,True
INC_NPU_00271_202504,NPU_00271,2025-04-16,231356.11,business,True
INC_NPU_00271_202505,NPU_00271,2025-05-11,189902.1,business,True
INC_NPU_00271_202506,NPU_00271,2025-06-01,208802.41,business,True
INC_NPU_00271_202507,NPU_00271,2025-07-21,274629.81,business,True
INC_NPU_00271_202508,NPU_00271,2025-08-16,101029.48,business,True
INC_NPU_00271_202509,NPU_00271,2025-09-06,156186.73,business,True
INC_NPU_00271_202510,NPU_00271,2025-10-16,252386.28,business,True
INC_NPU_00271_202511,NPU_00271,2025-11-01,116061.84,business,True
INC_NPU_00271_202512,NPU_00271,2025-12-11,183954.85,business,True
INC_NPU_00272_202301,NPU_00272,2023-01-03,99999.8,salary,True
INC_NPU_00272_202302,NPU_00272,2023-02-02,100515.7,salary,True
INC_NPU_00272_202303,NPU_00272,2023-03-02,102865.35,salary,True
INC_NPU_00272_202304,NPU_00272,2023-04-02,98171.57,salary,True
INC_NPU_00272_202305,NPU_00272,2023-05-05,97649.04,salary,True
INC_NPU_00272_202306,NPU_00272,2023-06-01,102482.89,salary,True
INC_NPU_00272_202307,NPU_00272,2023-07-02,101168.04,salary,True
INC_NPU_00272_202308,NPU_00272,2023-08-04,97725.91,salary,True
INC_NPU_00272_202309,NPU_00272,2023-09-02,100497.23,salary,True
INC_NPU_00272_202310,NPU_00272,2023-10-01,99170.7,salary,True
INC_NPU_00272_202311,NPU_00272,2023-11-02,99460.73,salary,True
INC_NPU_00272_202312,NPU_00272,2023-12-03,101567.77,salary,True
INC_NPU_00272_202401,NPU_00272,2024-01-02,99303.0,salary,True
INC_NPU_00272_202402,NPU_00272,2024-02-01,99989.71,salary,True
INC_NPU_00272_202403,NPU_00272,2024-03-04,100101.81,salary,True
INC_NPU_00272_202404,NPU_00272,2024-04-02,96060.19,salary,True
INC_NPU_00272_202405,NPU_00272,2024-05-02,99005.87,salary,True
INC_NPU_00272_202406,NPU_00272,2024-06-02,102112.37,salary,True
INC_NPU_00272_202407,NPU_00272,2024-07-01,95795.07,salary,True
INC_NPU_00272_202408,NPU_00272,2024-08-02,100985.92,salary,True
INC_NPU_00272_202409,NPU_00272,2024-09-02,98132.73,salary,True
INC_NPU_00272_202410,NPU_00272,2024-10-01,99126.29,salary,True
INC_NPU_00272_202411,NPU_00272,2024-11-03,101390.81,salary,True
INC_NPU_00272_202412,NPU_00272,2024-12-03,97684.42,salary,True
INC_NPU_00272_202501,NPU_00272,2025-01-01,99292.93,salary,True
INC_NPU_00272_202502,NPU_00272,2025-02-05,96627.34,salary,True
INC_NPU_00272_202503,NPU_00272,2025-03-02,100691.01,salary,True
INC_NPU_00272_202504,NPU_00272,2025-04-02,98346.42,salary,True
INC_NPU_00272_202505,NPU_00272,2025-05-01,97054.77,salary,True
INC_NPU_00272_202506,NPU_00272,2025-06-03,99867.33,salary,True
INC_NPU_00272_202507,NPU_00272,2025-07-01,96548.88,salary,True
INC_NPU_00272_202508,NPU_00272,2025-08-01,99070.68,salary,True
INC_NPU_00272_202509,NPU_00272,2025-09-04,98177.05,salary,True
INC_NPU_00272_202510,NPU_00272,2025-10-03,100289.8,salary,True
INC_NPU_00272_202511,NPU_00272,2025-11-02,100334.97,salary,True
INC_NPU_00272_202512,NPU_00272,2025-12-01,98491.05,salary,True
INC_NPU_00273_202301,NPU_00273,2023-01-04,44603.13,salary,True
INC_NPU_00273_202302,NPU_00273,2023-02-02,44252.94,salary,True
INC_NPU_00273_202303,NPU_00273,2023-03-03,42478.43,salary,True
INC_NPU_00273_202304,NPU_00273,2023-04-01,45391.95,salary,True
INC_NPU_00273_202305,NPU_00273,2023-05-01,43945.09,salary,True
INC_NPU_00273_202306,NPU_00273,2023-06-01,43608.4,salary,True
INC_NPU_00273_202307,NPU_00273,2023-07-02,43667.88,salary,True
INC_NPU_00273_202308,NPU_00273,2023-08-02,42260.77,salary,True
INC_NPU_00273_202309,NPU_00273,2023-09-02,44410.08,salary,True
INC_NPU_00273_202310,NPU_00273,2023-10-01,41683.08,salary,True
INC_NPU_00273_202311,NPU_00273,2023-11-02,43662.67,salary,True
INC_NPU_00273_202312,NPU_00273,2023-12-01,44266.21,salary,True
INC_NPU_00273_202401,NPU_00273,2024-01-01,42542.27,salary,True
INC_NPU_00273_202402,NPU_00273,2024-02-01,44011.54,salary,True
INC_NPU_00273_202403,NPU_00273,2024-03-01,43411.03,salary,True
INC_NPU_00273_202404,NPU_00273,2024-04-04,44071.48,salary,True
INC_NPU_00273_202405,NPU_00273,2024-05-01,44220.56,salary,True
INC_NPU_00273_202406,NPU_00273,2024-06-01,44697.26,salary,True
INC_NPU_00273_202407,NPU_00273,2024-07-02,44455.81,salary,True
INC_NPU_00273_202408,NPU_00273,2024-08-01,41781.19,salary,True
INC_NPU_00273_202409,NPU_00273,2024-09-03,42497.63,salary,True
INC_NPU_00273_202410,NPU_00273,2024-10-05,43756.78,salary,True
INC_NPU_00273_202411,NPU_00273,2024-11-01,44233.91,salary,True
INC_NPU_00273_202412,NPU_00273,2024-12-04,42386.97,salary,True
INC_NPU_00273_202501,NPU_00273,2025-01-02,43925.73,salary,True
INC_NPU_00273_202502,NPU_00273,2025-02-01,44528.58,salary,True
INC_NPU_00273_202503,NPU_00273,2025-03-02,44195.8,salary,True
INC_NPU_00273_202504,NPU_00273,2025-04-01,43910.97,salary,True
INC_NPU_00273_202505,NPU_00273,2025-05-02,43267.85,salary,True
INC_NPU_00273_202506,NPU_00273,2025-06-01,43225.14,salary,True
INC_NPU_00273_202507,NPU_00273,2025-07-03,45192.45,salary,True
INC_NPU_00273_202508,NPU_00273,2025-08-01,40539.07,salary,True
INC_NPU_00273_202509,NPU_00273,2025-09-03,42880.83,salary,True
INC_NPU_00273_202510,NPU_00273,2025-10-02,42497.7,salary,True
INC_NPU_00273_202511,NPU_00273,2025-11-03,42103.77,salary,True
INC_NPU_00273_202512,NPU_00273,2025-12-01,43852.91,salary,True
INC_NPU_00274_202301,NPU_00274,2023-01-01,161567.69,business,True
INC_NPU_00274_202302,NPU_00274,2023-02-11,141861.44,business,True
INC_NPU_00274_202303,NPU_00274,2023-03-06,125817.47,business,True
INC_NPU_00274_202304,NPU_00274,2023-04-11,167149.91,business,True
INC_NPU_00274_202305,NPU_00274,2023-05-06,182305.8,business,True
INC_NPU_00274_202306,NPU_00274,2023-06-06,132121.47,business,True
INC_NPU_00274_202307,NPU_00274,2023-07-06,101409.9,business,True
INC_NPU_00274_202308,NPU_00274,2023-08-21,173606.97,business,True
INC_NPU_00274_202309,NPU_00274,2023-09-21,128567.93,business,True
INC_NPU_00274_202310,NPU_00274,2023-10-11,166979.37,business,True
INC_NPU_00274_202311,NPU_00274,2023-11-11,134129.87,business,True
INC_NPU_00274_202312,NPU_00274,2023-12-01,237618.66,business,True
INC_NPU_00274_202401,NPU_00274,2024-01-16,188480.49,business,True
INC_NPU_00274_202402,NPU_00274,2024-02-01,241399.6,business,True
INC_NPU_00274_202403,NPU_00274,2024-03-11,150054.31,business,True
INC_NPU_00274_202404,NPU_00274,2024-04-21,113997.79,business,True
INC_NPU_00274_202405,NPU_00274,2024-05-21,113038.75,business,True
INC_NPU_00274_202406,NPU_00274,2024-06-01,160405.86,business,True
INC_NPU_00274_202407,NPU_00274,2024-07-01,91307.61,business,True
INC_NPU_00274_202408,NPU_00274,2024-08-21,148804.97,business,True
INC_NPU_00274_202409,NPU_00274,2024-09-06,169333.32,business,True
INC_NPU_00274_202410,NPU_00274,2024-10-16,150224.92,business,True
INC_NPU_00274_202411,NPU_00274,2024-11-21,96276.52,business,True
INC_NPU_00274_202412,NPU_00274,2024-12-11,137074.23,business,True
INC_NPU_00274_202501,NPU_00274,2025-01-01,162706.27,business,True
INC_NPU_00274_202502,NPU_00274,2025-02-16,108216.5,business,True
INC_NPU_00274_202503,NPU_00274,2025-03-21,130036.16,business,True
INC_NPU_00274_202504,NPU_00274,2025-04-11,164359.92,business,True
INC_NPU_00274_202505,NPU_00274,2025-05-01,132956.4,business,True
INC_NPU_00274_202506,NPU_00274,2025-06-06,112704.56,business,True
INC_NPU_00274_202507,NPU_00274,2025-07-06,139876.28,business,True
INC_NPU_00274_202508,NPU_00274,2025-08-01,165413.8,business,True
INC_NPU_00274_202509,NPU_00274,2025-09-16,156832.27,business,True
INC_NPU_00274_202510,NPU_00274,2025-10-06,119755.21,business,True
INC_NPU_00274_202511,NPU_00274,2025-11-21,257978.91,business,True
INC_NPU_00274_202512,NPU_00274,2025-12-11,94752.68,business,True
INC_NPU_00275_202301,NPU_00275,2023-01-02,185417.16,salary,True
INC_NPU_00275_202302,NPU_00275,2023-02-02,195303.9,salary,True
INC_NPU_00275_202303,NPU_00275,2023-03-01,197364.79,salary,True
INC_NPU_00275_202304,NPU_00275,2023-04-03,195954.05,salary,True
INC_NPU_00275_202305,NPU_00275,2023-05-02,188854.34,salary,True
INC_NPU_00275_202306,NPU_00275,2023-06-02,193550.11,salary,True
INC_NPU_00275_202307,NPU_00275,2023-07-04,192821.31,salary,True
INC_NPU_00275_202308,NPU_00275,2023-08-01,186253.78,salary,True
INC_NPU_00275_202309,NPU_00275,2023-09-04,189711.37,salary,True
INC_NPU_00275_202310,NPU_00275,2023-10-02,193259.97,salary,True
INC_NPU_00275_202311,NPU_00275,2023-11-03,184012.53,salary,True
INC_NPU_00275_202312,NPU_00275,2023-12-02,187619.07,salary,True
INC_NPU_00275_202401,NPU_00275,2024-01-04,194789.04,salary,True
INC_NPU_00275_202402,NPU_00275,2024-02-01,188731.59,salary,True
INC_NPU_00275_202403,NPU_00275,2024-03-02,186298.37,salary,True
INC_NPU_00275_202404,NPU_00275,2024-04-03,195723.08,salary,True
INC_NPU_00275_202405,NPU_00275,2024-05-01,188732.82,salary,True
INC_NPU_00275_202406,NPU_00275,2024-06-01,194820.97,salary,True
INC_NPU_00275_202407,NPU_00275,2024-07-02,198584.53,salary,True
INC_NPU_00275_202408,NPU_00275,2024-08-03,187510.68,salary,True
INC_NPU_00275_202409,NPU_00275,2024-09-03,191213.59,salary,True
INC_NPU_00275_202410,NPU_00275,2024-10-02,192860.75,salary,True
INC_NPU_00275_202411,NPU_00275,2024-11-01,195643.32,salary,True
INC_NPU_00275_202412,NPU_00275,2024-12-01,189696.02,salary,True
INC_NPU_00275_202501,NPU_00275,2025-01-01,182118.39,salary,True
INC_NPU_00275_202502,NPU_00275,2025-02-01,187508.19,salary,True
INC_NPU_00275_202503,NPU_00275,2025-03-01,190412.29,salary,True
INC_NPU_00275_202504,NPU_00275,2025-04-01,194813.08,salary,True
INC_NPU_00275_202505,NPU_00275,2025-05-03,191252.61,salary,True
INC_NPU_00275_202506,NPU_00275,2025-06-01,194530.06,salary,True
INC_NPU_00275_202507,NPU_00275,2025-07-03,190276.61,salary,True
INC_NPU_00275_202508,NPU_00275,2025-08-02,192477.71,salary,True
INC_NPU_00275_202509,NPU_00275,2025-09-02,195130.33,salary,True
INC_NPU_00275_202510,NPU_00275,2025-10-02,196229.44,salary,True
INC_NPU_00275_202511,NPU_00275,2025-11-03,199633.31,salary,True
INC_NPU_00275_202512,NPU_00275,2025-12-03,193006.1,salary,True
INC_NPU_00276_202301,NPU_00276,2023-01-03,58671.55,salary,True
INC_NPU_00276_202302,NPU_00276,2023-02-01,61532.31,salary,True
INC_NPU_00276_202303,NPU_00276,2023-03-01,58600.15,salary,True
INC_NPU_00276_202304,NPU_00276,2023-04-03,61686.01,salary,True
INC_NPU_00276_202305,NPU_00276,2023-05-02,61101.81,salary,True
INC_NPU_00276_202306,NPU_00276,2023-06-04,62261.68,salary,True
INC_NPU_00276_202307,NPU_00276,2023-07-01,60439.81,salary,True
INC_NPU_00276_202308,NPU_00276,2023-08-05,61161.95,salary,True
INC_NPU_00276_202309,NPU_00276,2023-09-04,61554.56,salary,True
INC_NPU_00276_202310,NPU_00276,2023-10-01,58060.48,salary,True
INC_NPU_00276_202311,NPU_00276,2023-11-01,61493.67,salary,True
INC_NPU_00276_202312,NPU_00276,2023-12-03,58142.44,salary,True
INC_NPU_00276_202401,NPU_00276,2024-01-02,60034.54,salary,True
INC_NPU_00276_202402,NPU_00276,2024-02-05,61357.1,salary,True
INC_NPU_00276_202403,NPU_00276,2024-03-03,58399.88,salary,True
INC_NPU_00276_202404,NPU_00276,2024-04-04,61747.91,salary,True
INC_NPU_00276_202405,NPU_00276,2024-05-01,61635.28,salary,True
INC_NPU_00276_202406,NPU_00276,2024-06-03,62199.87,salary,True
INC_NPU_00276_202407,NPU_00276,2024-07-01,58903.79,salary,True
INC_NPU_00276_202408,NPU_00276,2024-08-04,63374.1,salary,True
INC_NPU_00276_202409,NPU_00276,2024-09-01,59362.42,salary,True
INC_NPU_00276_202410,NPU_00276,2024-10-02,61153.07,salary,True
INC_NPU_00276_202411,NPU_00276,2024-11-04,60514.25,salary,True
INC_NPU_00276_202412,NPU_00276,2024-12-04,60789.85,salary,True
INC_NPU_00276_202501,NPU_00276,2025-01-01,63134.73,salary,True
INC_NPU_00276_202502,NPU_00276,2025-02-03,59522.86,salary,True
INC_NPU_00276_202503,NPU_00276,2025-03-05,62887.14,salary,True
INC_NPU_00276_202504,NPU_00276,2025-04-04,61935.74,salary,True
INC_NPU_00276_202505,NPU_00276,2025-05-01,60925.91,salary,True
INC_NPU_00276_202506,NPU_00276,2025-06-04,60913.19,salary,True
INC_NPU_00276_202507,NPU_00276,2025-07-02,61640.69,salary,True
INC_NPU_00276_202508,NPU_00276,2025-08-02,60426.33,salary,True
INC_NPU_00276_202509,NPU_00276,2025-09-01,60653.84,salary,True
INC_NPU_00276_202510,NPU_00276,2025-10-02,61145.91,salary,True
INC_NPU_00276_202511,NPU_00276,2025-11-04,62712.04,salary,True
INC_NPU_00276_202512,NPU_00276,2025-12-01,60772.36,salary,True
INC_NPU_00277_202301,NPU_00277,2023-01-02,44682.55,salary,True
INC_NPU_00277_202302,NPU_00277,2023-02-05,46527.26,salary,True
INC_NPU_00277_202303,NPU_00277,2023-03-01,46258.91,salary,True
INC_NPU_00277_202304,NPU_00277,2023-04-05,45721.71,salary,True
INC_NPU_00277_202305,NPU_00277,2023-05-01,46675.11,salary,True
INC_NPU_00277_202306,NPU_00277,2023-06-01,45752.74,salary,True
INC_NPU_00277_202307,NPU_00277,2023-07-03,46179.63,salary,True
INC_NPU_00277_202308,NPU_00277,2023-08-02,46491.35,salary,True
INC_NPU_00277_202309,NPU_00277,2023-09-01,46585.66,salary,True
INC_NPU_00277_202310,NPU_00277,2023-10-04,46754.12,salary,True
INC_NPU_00277_202311,NPU_00277,2023-11-01,46891.28,salary,True
INC_NPU_00277_202312,NPU_00277,2023-12-02,46470.45,salary,True
INC_NPU_00277_202401,NPU_00277,2024-01-02,44864.19,salary,True
INC_NPU_00277_202402,NPU_00277,2024-02-02,46621.03,salary,True
INC_NPU_00277_202403,NPU_00277,2024-03-04,47259.17,salary,True
INC_NPU_00277_202404,NPU_00277,2024-04-02,44659.7,salary,True
INC_NPU_00277_202405,NPU_00277,2024-05-03,44873.09,salary,True
INC_NPU_00277_202406,NPU_00277,2024-06-01,45603.58,salary,True
INC_NPU_00277_202407,NPU_00277,2024-07-01,47192.48,salary,True
INC_NPU_00277_202408,NPU_00277,2024-08-02,45551.69,salary,True
INC_NPU_00277_202409,NPU_00277,2024-09-02,47207.33,salary,True
INC_NPU_00277_202410,NPU_00277,2024-10-03,46560.83,salary,True
INC_NPU_00277_202411,NPU_00277,2024-11-05,45792.07,salary,True
INC_NPU_00277_202412,NPU_00277,2024-12-01,49087.05,salary,True
INC_NPU_00277_202501,NPU_00277,2025-01-01,45145.17,salary,True
INC_NPU_00277_202502,NPU_00277,2025-02-01,46361.18,salary,True
INC_NPU_00277_202503,NPU_00277,2025-03-01,45443.61,salary,True
INC_NPU_00277_202504,NPU_00277,2025-04-01,46666.3,salary,True
INC_NPU_00277_202505,NPU_00277,2025-05-01,45483.64,salary,True
INC_NPU_00277_202506,NPU_00277,2025-06-03,45916.77,salary,True
INC_NPU_00277_202507,NPU_00277,2025-07-01,45645.18,salary,True
INC_NPU_00277_202508,NPU_00277,2025-08-01,46086.72,salary,True
INC_NPU_00277_202509,NPU_00277,2025-09-01,47249.1,salary,True
INC_NPU_00277_202510,NPU_00277,2025-10-03,45019.22,salary,True
INC_NPU_00277_202511,NPU_00277,2025-11-01,45566.52,salary,True
INC_NPU_00277_202512,NPU_00277,2025-12-01,45955.85,salary,True
INC_NPU_00278_202301,NPU_00278,2023-01-01,22614.11,salary,True
INC_NPU_00278_202302,NPU_00278,2023-02-01,23338.05,salary,True
INC_NPU_00278_202303,NPU_00278,2023-03-01,22360.69,salary,True
INC_NPU_00278_202304,NPU_00278,2023-04-01,23142.25,salary,True
INC_NPU_00278_202305,NPU_00278,2023-05-02,23406.77,salary,True
INC_NPU_00278_202306,NPU_00278,2023-06-02,22642.74,salary,True
INC_NPU_00278_202307,NPU_00278,2023-07-01,22250.81,salary,True
INC_NPU_00278_202308,NPU_00278,2023-08-01,23266.66,salary,True
INC_NPU_00278_202309,NPU_00278,2023-09-02,23097.41,salary,True
INC_NPU_00278_202310,NPU_00278,2023-10-05,22209.24,salary,True
INC_NPU_00278_202311,NPU_00278,2023-11-04,23492.09,salary,True
INC_NPU_00278_202312,NPU_00278,2023-12-02,22400.23,salary,True
INC_NPU_00278_202401,NPU_00278,2024-01-01,22635.78,salary,True
INC_NPU_00278_202402,NPU_00278,2024-02-02,23011.19,salary,True
INC_NPU_00278_202403,NPU_00278,2024-03-01,23421.19,salary,True
INC_NPU_00278_202404,NPU_00278,2024-04-02,22851.69,salary,True
INC_NPU_00278_202405,NPU_00278,2024-05-01,22587.67,salary,True
INC_NPU_00278_202406,NPU_00278,2024-06-05,22521.58,salary,True
INC_NPU_00278_202407,NPU_00278,2024-07-01,22587.23,salary,True
INC_NPU_00278_202408,NPU_00278,2024-08-01,23785.12,salary,True
INC_NPU_00278_202409,NPU_00278,2024-09-02,22916.49,salary,True
INC_NPU_00278_202410,NPU_00278,2024-10-01,22785.46,salary,True
INC_NPU_00278_202411,NPU_00278,2024-11-02,23102.69,salary,True
INC_NPU_00278_202412,NPU_00278,2024-12-02,22618.45,salary,True
INC_NPU_00278_202501,NPU_00278,2025-01-04,23391.39,salary,True
INC_NPU_00278_202502,NPU_00278,2025-02-05,22956.74,salary,True
INC_NPU_00278_202503,NPU_00278,2025-03-01,22576.43,salary,True
INC_NPU_00278_202504,NPU_00278,2025-04-01,22482.84,salary,True
INC_NPU_00278_202505,NPU_00278,2025-05-01,21946.19,salary,True
INC_NPU_00278_202506,NPU_00278,2025-06-01,23164.05,salary,True
INC_NPU_00278_202507,NPU_00278,2025-07-05,21475.45,salary,True
INC_NPU_00278_202508,NPU_00278,2025-08-01,22067.4,salary,True
INC_NPU_00278_202509,NPU_00278,2025-09-01,23359.18,salary,True
INC_NPU_00278_202510,NPU_00278,2025-10-01,22329.37,salary,True
INC_NPU_00278_202511,NPU_00278,2025-11-04,22381.33,salary,True
INC_NPU_00278_202512,NPU_00278,2025-12-03,23622.71,salary,True
INC_NPU_00279_202301,NPU_00279,2023-01-01,63260.4,salary,True
INC_NPU_00279_202302,NPU_00279,2023-02-01,62300.83,salary,True
INC_NPU_00279_202303,NPU_00279,2023-03-02,64466.44,salary,True
INC_NPU_00279_202304,NPU_00279,2023-04-04,62056.14,salary,True
INC_NPU_00279_202305,NPU_00279,2023-05-01,61566.84,salary,True
INC_NPU_00279_202306,NPU_00279,2023-06-01,62419.05,salary,True
INC_NPU_00279_202307,NPU_00279,2023-07-03,63466.53,salary,True
INC_NPU_00279_202308,NPU_00279,2023-08-02,60610.64,salary,True
INC_NPU_00279_202309,NPU_00279,2023-09-02,61201.18,salary,True
INC_NPU_00279_202310,NPU_00279,2023-10-04,60898.77,salary,True
INC_NPU_00279_202311,NPU_00279,2023-11-01,60707.28,salary,True
INC_NPU_00279_202312,NPU_00279,2023-12-02,61923.35,salary,True
INC_NPU_00279_202401,NPU_00279,2024-01-01,60683.35,salary,True
INC_NPU_00279_202402,NPU_00279,2024-02-01,59897.11,salary,True
INC_NPU_00279_202403,NPU_00279,2024-03-03,61191.63,salary,True
INC_NPU_00279_202404,NPU_00279,2024-04-04,61114.99,salary,True
INC_NPU_00279_202405,NPU_00279,2024-05-03,62725.0,salary,True
INC_NPU_00279_202406,NPU_00279,2024-06-01,63339.04,salary,True
INC_NPU_00279_202407,NPU_00279,2024-07-05,61366.68,salary,True
INC_NPU_00279_202408,NPU_00279,2024-08-04,59053.59,salary,True
INC_NPU_00279_202409,NPU_00279,2024-09-05,61214.34,salary,True
INC_NPU_00279_202410,NPU_00279,2024-10-01,64532.01,salary,True
INC_NPU_00279_202411,NPU_00279,2024-11-02,63287.25,salary,True
INC_NPU_00279_202412,NPU_00279,2024-12-03,62575.67,salary,True
INC_NPU_00279_202501,NPU_00279,2025-01-02,61724.03,salary,True
INC_NPU_00279_202502,NPU_00279,2025-02-01,63255.63,salary,True
INC_NPU_00279_202503,NPU_00279,2025-03-03,60801.02,salary,True
INC_NPU_00279_202504,NPU_00279,2025-04-02,63319.02,salary,True
INC_NPU_00279_202505,NPU_00279,2025-05-04,62789.24,salary,True
INC_NPU_00279_202506,NPU_00279,2025-06-02,63036.19,salary,True
INC_NPU_00279_202507,NPU_00279,2025-07-04,62315.56,salary,True
INC_NPU_00279_202508,NPU_00279,2025-08-02,60459.35,salary,True
INC_NPU_00279_202509,NPU_00279,2025-09-01,60832.89,salary,True
INC_NPU_00279_202510,NPU_00279,2025-10-02,62861.17,salary,True
INC_NPU_00279_202511,NPU_00279,2025-11-04,62720.64,salary,True
INC_NPU_00279_202512,NPU_00279,2025-12-02,61490.09,salary,True
INC_NPU_00280_202301,NPU_00280,2023-01-01,84527.68,salary,True
INC_NPU_00280_202302,NPU_00280,2023-02-05,87578.79,salary,True
INC_NPU_00280_202303,NPU_00280,2023-03-03,85465.52,salary,True
INC_NPU_00280_202304,NPU_00280,2023-04-02,84065.55,salary,True
INC_NPU_00280_202305,NPU_00280,2023-05-05,87895.13,salary,True
INC_NPU_00280_202306,NPU_00280,2023-06-04,87700.79,salary,True
INC_NPU_00280_202307,NPU_00280,2023-07-04,85462.36,salary,True
INC_NPU_00280_202308,NPU_00280,2023-08-02,85808.95,salary,True
INC_NPU_00280_202309,NPU_00280,2023-09-04,87039.4,salary,True
INC_NPU_00280_202310,NPU_00280,2023-10-01,86576.77,salary,True
INC_NPU_00280_202311,NPU_00280,2023-11-01,83090.49,salary,True
INC_NPU_00280_202312,NPU_00280,2023-12-01,87962.89,salary,True
INC_NPU_00280_202401,NPU_00280,2024-01-01,82791.21,salary,True
INC_NPU_00280_202402,NPU_00280,2024-02-01,86235.9,salary,True
INC_NPU_00280_202403,NPU_00280,2024-03-01,83405.11,salary,True
INC_NPU_00280_202404,NPU_00280,2024-04-01,86573.2,salary,True
INC_NPU_00280_202405,NPU_00280,2024-05-03,84238.75,salary,True
INC_NPU_00280_202406,NPU_00280,2024-06-05,84347.86,salary,True
INC_NPU_00280_202407,NPU_00280,2024-07-05,86928.44,salary,True
INC_NPU_00280_202408,NPU_00280,2024-08-04,83404.25,salary,True
INC_NPU_00280_202409,NPU_00280,2024-09-01,84558.27,salary,True
INC_NPU_00280_202410,NPU_00280,2024-10-04,83461.05,salary,True
INC_NPU_00280_202411,NPU_00280,2024-11-01,85677.84,salary,True
INC_NPU_00280_202412,NPU_00280,2024-12-05,89664.05,salary,True
INC_NPU_00280_202501,NPU_00280,2025-01-03,83432.9,salary,True
INC_NPU_00280_202502,NPU_00280,2025-02-04,86080.08,salary,True
INC_NPU_00280_202503,NPU_00280,2025-03-01,87674.16,salary,True
INC_NPU_00280_202504,NPU_00280,2025-04-01,82013.86,salary,True
INC_NPU_00280_202505,NPU_00280,2025-05-03,84246.62,salary,True
INC_NPU_00280_202506,NPU_00280,2025-06-01,83601.9,salary,True
INC_NPU_00280_202507,NPU_00280,2025-07-01,83117.86,salary,True
INC_NPU_00280_202508,NPU_00280,2025-08-02,86032.0,salary,True
INC_NPU_00280_202509,NPU_00280,2025-09-01,85819.44,salary,True
INC_NPU_00280_202510,NPU_00280,2025-10-04,87950.05,salary,True
INC_NPU_00280_202511,NPU_00280,2025-11-01,86721.25,salary,True
INC_NPU_00280_202512,NPU_00280,2025-12-01,85555.05,salary,True
INC_NPU_00281_202301,NPU_00281,2023-01-02,31300.45,salary,True
INC_NPU_00281_202302,NPU_00281,2023-02-01,30792.23,salary,True
INC_NPU_00281_202303,NPU_00281,2023-03-01,31321.94,salary,True
INC_NPU_00281_202304,NPU_00281,2023-04-01,30155.84,salary,True
INC_NPU_00281_202305,NPU_00281,2023-05-01,31033.01,salary,True
INC_NPU_00281_202306,NPU_00281,2023-06-03,31424.11,salary,True
INC_NPU_00281_202307,NPU_00281,2023-07-01,30999.86,salary,True
INC_NPU_00281_202308,NPU_00281,2023-08-01,30702.8,salary,True
INC_NPU_00281_202309,NPU_00281,2023-09-01,31184.84,salary,True
INC_NPU_00281_202310,NPU_00281,2023-10-01,30612.11,salary,True
INC_NPU_00281_202311,NPU_00281,2023-11-01,30962.13,salary,True
INC_NPU_00281_202312,NPU_00281,2023-12-01,31646.95,salary,True
INC_NPU_00281_202401,NPU_00281,2024-01-03,31690.68,salary,True
INC_NPU_00281_202402,NPU_00281,2024-02-04,31266.55,salary,True
INC_NPU_00281_202403,NPU_00281,2024-03-02,30496.09,salary,True
INC_NPU_00281_202404,NPU_00281,2024-04-03,30901.8,salary,True
INC_NPU_00281_202405,NPU_00281,2024-05-02,31196.57,salary,True
INC_NPU_00281_202406,NPU_00281,2024-06-02,30673.96,salary,True
INC_NPU_00281_202407,NPU_00281,2024-07-01,32225.38,salary,True
INC_NPU_00281_202408,NPU_00281,2024-08-04,30687.2,salary,True
INC_NPU_00281_202409,NPU_00281,2024-09-01,31153.16,salary,True
INC_NPU_00281_202410,NPU_00281,2024-10-05,30023.74,salary,True
INC_NPU_00281_202411,NPU_00281,2024-11-02,31734.56,salary,True
INC_NPU_00281_202412,NPU_00281,2024-12-03,32095.13,salary,True
INC_NPU_00281_202501,NPU_00281,2025-01-03,30483.66,salary,True
INC_NPU_00281_202502,NPU_00281,2025-02-02,30172.36,salary,True
INC_NPU_00281_202503,NPU_00281,2025-03-01,31258.77,salary,True
INC_NPU_00281_202504,NPU_00281,2025-04-02,32318.11,salary,True
INC_NPU_00281_202505,NPU_00281,2025-05-03,30255.43,salary,True
INC_NPU_00281_202506,NPU_00281,2025-06-03,30924.31,salary,True
INC_NPU_00281_202507,NPU_00281,2025-07-03,31313.81,salary,True
INC_NPU_00281_202508,NPU_00281,2025-08-02,31181.31,salary,True
INC_NPU_00281_202509,NPU_00281,2025-09-01,31413.21,salary,True
INC_NPU_00281_202510,NPU_00281,2025-10-01,31983.08,salary,True
INC_NPU_00281_202511,NPU_00281,2025-11-01,31748.82,salary,True
INC_NPU_00281_202512,NPU_00281,2025-12-01,30910.73,salary,True
INC_NPU_00282_202301,NPU_00282,2023-01-01,61369.06,salary,True
INC_NPU_00282_202302,NPU_00282,2023-02-03,64524.1,salary,True
INC_NPU_00282_202303,NPU_00282,2023-03-02,62739.57,salary,True
INC_NPU_00282_202304,NPU_00282,2023-04-01,63247.85,salary,True
INC_NPU_00282_202305,NPU_00282,2023-05-03,64266.38,salary,True
INC_NPU_00282_202306,NPU_00282,2023-06-01,64478.59,salary,True
INC_NPU_00282_202307,NPU_00282,2023-07-01,64184.21,salary,True
INC_NPU_00282_202308,NPU_00282,2023-08-01,65294.05,salary,True
INC_NPU_00282_202309,NPU_00282,2023-09-04,59631.63,salary,True
INC_NPU_00282_202310,NPU_00282,2023-10-01,63106.38,salary,True
INC_NPU_00282_202311,NPU_00282,2023-11-04,62335.63,salary,True
INC_NPU_00282_202312,NPU_00282,2023-12-01,61978.85,salary,True
INC_NPU_00282_202401,NPU_00282,2024-01-03,62402.27,salary,True
INC_NPU_00282_202402,NPU_00282,2024-02-01,62449.81,salary,True
INC_NPU_00282_202403,NPU_00282,2024-03-03,63442.08,salary,True
INC_NPU_00282_202404,NPU_00282,2024-04-03,63870.58,salary,True
INC_NPU_00282_202405,NPU_00282,2024-05-02,61812.37,salary,True
INC_NPU_00282_202406,NPU_00282,2024-06-04,64270.55,salary,True
INC_NPU_00282_202407,NPU_00282,2024-07-01,64405.59,salary,True
INC_NPU_00282_202408,NPU_00282,2024-08-04,60136.85,salary,True
INC_NPU_00282_202409,NPU_00282,2024-09-03,63903.29,salary,True
INC_NPU_00282_202410,NPU_00282,2024-10-02,62570.15,salary,True
INC_NPU_00282_202411,NPU_00282,2024-11-04,64836.37,salary,True
INC_NPU_00282_202412,NPU_00282,2024-12-03,63083.43,salary,True
INC_NPU_00282_202501,NPU_00282,2025-01-03,62185.83,salary,True
INC_NPU_00282_202502,NPU_00282,2025-02-02,61801.22,salary,True
INC_NPU_00282_202503,NPU_00282,2025-03-02,63334.2,salary,True
INC_NPU_00282_202504,NPU_00282,2025-04-01,62591.79,salary,True
INC_NPU_00282_202505,NPU_00282,2025-05-01,61486.32,salary,True
INC_NPU_00282_202506,NPU_00282,2025-06-01,61157.42,salary,True
INC_NPU_00282_202507,NPU_00282,2025-07-01,63524.72,salary,True
INC_NPU_00282_202508,NPU_00282,2025-08-01,61320.34,salary,True
INC_NPU_00282_202509,NPU_00282,2025-09-03,60280.14,salary,True
INC_NPU_00282_202510,NPU_00282,2025-10-04,64426.18,salary,True
INC_NPU_00282_202511,NPU_00282,2025-11-01,61941.35,salary,True
INC_NPU_00282_202512,NPU_00282,2025-12-01,63727.05,salary,True
INC_NPU_00283_202301,NPU_00283,2023-01-15,89818.12,freelance,True
INC_NPU_00283_202302,NPU_00283,2023-02-21,98588.3,freelance,True
INC_NPU_00283_202303,NPU_00283,2023-03-16,140021.52,freelance,True
INC_NPU_00283_202304,NPU_00283,2023-04-15,80623.86,freelance,True
INC_NPU_00283_202305,NPU_00283,2023-05-13,57263.9,freelance,True
INC_NPU_00283_202306,NPU_00283,2023-06-17,44658.86,freelance,True
INC_NPU_00283_202307,NPU_00283,2023-07-10,49701.05,freelance,True
INC_NPU_00283_202308,NPU_00283,2023-08-22,81546.92,freelance,True
INC_NPU_00283_202309,NPU_00283,2023-09-21,112132.96,freelance,True
INC_NPU_00283_202310,NPU_00283,2023-10-07,113952.11,freelance,True
INC_NPU_00283_202311,NPU_00283,2023-11-17,128694.04,freelance,True
INC_NPU_00283_202312,NPU_00283,2023-12-15,80057.39,freelance,True
INC_NPU_00283_202401,NPU_00283,2024-01-13,15726.67,freelance,True
INC_NPU_00283_202402,NPU_00283,2024-02-23,69946.69,freelance,True
INC_NPU_00283_202403,NPU_00283,2024-03-13,61976.87,freelance,True
INC_NPU_00283_202404,NPU_00283,2024-04-20,92939.35,freelance,True
INC_NPU_00283_202405,NPU_00283,2024-05-15,104514.5,freelance,True
INC_NPU_00283_202406,NPU_00283,2024-06-18,45116.22,freelance,True
INC_NPU_00283_202407,NPU_00283,2024-07-18,134647.64,freelance,True
INC_NPU_00283_202408,NPU_00283,2024-08-13,87598.52,freelance,True
INC_NPU_00283_202409,NPU_00283,2024-09-24,85916.79,freelance,True
INC_NPU_00283_202410,NPU_00283,2024-10-19,87495.78,freelance,True
INC_NPU_00283_202411,NPU_00283,2024-11-01,108059.17,freelance,True
INC_NPU_00283_202412,NPU_00283,2024-12-20,27751.56,freelance,True
INC_NPU_00283_202501,NPU_00283,2025-01-18,13959.73,freelance,True
INC_NPU_00283_202502,NPU_00283,2025-02-21,38561.25,freelance,True
INC_NPU_00283_202503,NPU_00283,2025-03-01,124626.47,freelance,True
INC_NPU_00283_202504,NPU_00283,2025-04-11,72799.8,freelance,True
INC_NPU_00283_202505,NPU_00283,2025-05-20,34927.27,freelance,True
INC_NPU_00283_202506,NPU_00283,2025-06-19,135480.88,freelance,True
INC_NPU_00283_202507,NPU_00283,2025-07-10,62546.8,freelance,True
INC_NPU_00283_202508,NPU_00283,2025-08-21,106790.52,freelance,True
INC_NPU_00283_202509,NPU_00283,2025-09-16,35868.82,freelance,True
INC_NPU_00283_202510,NPU_00283,2025-10-08,52907.43,freelance,True
INC_NPU_00283_202511,NPU_00283,2025-11-23,64631.38,freelance,True
INC_NPU_00283_202512,NPU_00283,2025-12-22,57629.75,freelance,True
INC_NPU_00284_202301,NPU_00284,2023-01-01,26954.1,salary,True
INC_NPU_00284_202302,NPU_00284,2023-02-01,27219.79,salary,True
INC_NPU_00284_202303,NPU_00284,2023-03-01,26171.59,salary,True
INC_NPU_00284_202304,NPU_00284,2023-04-01,25882.86,salary,True
INC_NPU_00284_202305,NPU_00284,2023-05-01,27688.69,salary,True
INC_NPU_00284_202306,NPU_00284,2023-06-01,27419.18,salary,True
INC_NPU_00284_202307,NPU_00284,2023-07-01,26696.15,salary,True
INC_NPU_00284_202308,NPU_00284,2023-08-03,25568.28,salary,True
INC_NPU_00284_202309,NPU_00284,2023-09-02,26824.0,salary,True
INC_NPU_00284_202310,NPU_00284,2023-10-01,28016.77,salary,True
INC_NPU_00284_202311,NPU_00284,2023-11-04,27036.5,salary,True
INC_NPU_00284_202312,NPU_00284,2023-12-01,26988.63,salary,True
INC_NPU_00284_202401,NPU_00284,2024-01-01,26656.65,salary,True
INC_NPU_00284_202402,NPU_00284,2024-02-01,26937.21,salary,True
INC_NPU_00284_202403,NPU_00284,2024-03-02,27033.72,salary,True
INC_NPU_00284_202404,NPU_00284,2024-04-02,26778.42,salary,True
INC_NPU_00284_202405,NPU_00284,2024-05-02,26580.05,salary,True
INC_NPU_00284_202406,NPU_00284,2024-06-01,26787.4,salary,True
INC_NPU_00284_202407,NPU_00284,2024-07-04,26762.27,salary,True
INC_NPU_00284_202408,NPU_00284,2024-08-01,25642.38,salary,True
INC_NPU_00284_202409,NPU_00284,2024-09-02,27870.91,salary,True
INC_NPU_00284_202410,NPU_00284,2024-10-03,26989.07,salary,True
INC_NPU_00284_202411,NPU_00284,2024-11-01,27318.26,salary,True
INC_NPU_00284_202412,NPU_00284,2024-12-02,26842.7,salary,True
INC_NPU_00284_202501,NPU_00284,2025-01-03,26417.33,salary,True
INC_NPU_00284_202502,NPU_00284,2025-02-03,27184.45,salary,True
INC_NPU_00284_202503,NPU_00284,2025-03-01,25856.72,salary,True
INC_NPU_00284_202504,NPU_00284,2025-04-01,27011.93,salary,True
INC_NPU_00284_202505,NPU_00284,2025-05-03,27177.71,salary,True
INC_NPU_00284_202506,NPU_00284,2025-06-03,26647.45,salary,True
INC_NPU_00284_202507,NPU_00284,2025-07-04,26956.57,salary,True
INC_NPU_00284_202508,NPU_00284,2025-08-03,25649.75,salary,True
INC_NPU_00284_202509,NPU_00284,2025-09-05,26981.11,salary,True
INC_NPU_00284_202510,NPU_00284,2025-10-03,26508.53,salary,True
INC_NPU_00284_202511,NPU_00284,2025-11-01,26959.4,salary,True
INC_NPU_00284_202512,NPU_00284,2025-12-02,26670.42,salary,True
INC_NPU_00285_202301,NPU_00285,2023-01-24,92345.14,freelance,True
INC_NPU_00285_202302,NPU_00285,2023-02-10,136468.66,freelance,True
INC_NPU_00285_202303,NPU_00285,2023-03-19,401998.63,freelance,True
INC_NPU_00285_202304,NPU_00285,2023-04-19,641397.22,freelance,True
INC_NPU_00285_202305,NPU_00285,2023-05-15,473769.86,freelance,True
INC_NPU_00285_202306,NPU_00285,2023-06-05,268003.84,freelance,True
INC_NPU_00285_202307,NPU_00285,2023-07-06,295207.52,freelance,True
INC_NPU_00285_202308,NPU_00285,2023-08-20,231817.64,freelance,True
INC_NPU_00285_202309,NPU_00285,2023-09-12,236503.21,freelance,True
INC_NPU_00285_202310,NPU_00285,2023-10-24,214528.28,freelance,True
INC_NPU_00285_202311,NPU_00285,2023-11-15,232357.96,freelance,True
INC_NPU_00285_202312,NPU_00285,2023-12-08,74688.52,freelance,True
INC_NPU_00285_202401,NPU_00285,2024-01-17,506775.18,freelance,True
INC_NPU_00285_202402,NPU_00285,2024-02-15,592122.4,freelance,True
INC_NPU_00285_202403,NPU_00285,2024-03-04,321819.07,freelance,True
INC_NPU_00285_202404,NPU_00285,2024-04-01,267190.77,freelance,True
INC_NPU_00285_202405,NPU_00285,2024-05-05,231816.8,freelance,True
INC_NPU_00285_202406,NPU_00285,2024-06-24,180048.18,freelance,True
INC_NPU_00285_202407,NPU_00285,2024-07-16,97137.11,freelance,True
INC_NPU_00285_202408,NPU_00285,2024-08-15,359622.65,freelance,True
INC_NPU_00285_202409,NPU_00285,2024-09-03,181220.14,freelance,True
INC_NPU_00285_202410,NPU_00285,2024-10-09,94782.46,freelance,True
INC_NPU_00285_202411,NPU_00285,2024-11-23,195014.92,freelance,True
INC_NPU_00285_202412,NPU_00285,2024-12-19,304986.17,freelance,True
INC_NPU_00285_202501,NPU_00285,2025-01-05,96449.8,freelance,True
INC_NPU_00285_202502,NPU_00285,2025-02-20,164480.35,freelance,True
INC_NPU_00285_202503,NPU_00285,2025-03-19,471798.52,freelance,True
INC_NPU_00285_202504,NPU_00285,2025-04-01,190654.75,freelance,True
INC_NPU_00285_202505,NPU_00285,2025-05-05,54533.79,freelance,True
INC_NPU_00285_202506,NPU_00285,2025-06-12,240043.77,freelance,True
INC_NPU_00285_202507,NPU_00285,2025-07-16,88225.87,freelance,True
INC_NPU_00285_202508,NPU_00285,2025-08-05,194691.34,freelance,True
INC_NPU_00285_202509,NPU_00285,2025-09-18,249136.81,freelance,True
INC_NPU_00285_202510,NPU_00285,2025-10-19,257181.35,freelance,True
INC_NPU_00285_202511,NPU_00285,2025-11-23,267602.08,freelance,True
INC_NPU_00285_202512,NPU_00285,2025-12-14,218932.16,freelance,True
INC_NPU_00286_202301,NPU_00286,2023-01-02,64335.03,salary,True
INC_NPU_00286_202302,NPU_00286,2023-02-02,65624.35,salary,True
INC_NPU_00286_202303,NPU_00286,2023-03-03,70350.57,salary,True
INC_NPU_00286_202304,NPU_00286,2023-04-02,68745.32,salary,True
INC_NPU_00286_202305,NPU_00286,2023-05-01,68419.51,salary,True
INC_NPU_00286_202306,NPU_00286,2023-06-02,69255.79,salary,True
INC_NPU_00286_202307,NPU_00286,2023-07-01,67155.47,salary,True
INC_NPU_00286_202308,NPU_00286,2023-08-01,66916.51,salary,True
INC_NPU_00286_202309,NPU_00286,2023-09-02,67041.49,salary,True
INC_NPU_00286_202310,NPU_00286,2023-10-02,69435.04,salary,True
INC_NPU_00286_202311,NPU_00286,2023-11-02,68633.04,salary,True
INC_NPU_00286_202312,NPU_00286,2023-12-01,68803.89,salary,True
INC_NPU_00286_202401,NPU_00286,2024-01-02,67653.92,salary,True
INC_NPU_00286_202402,NPU_00286,2024-02-01,64777.55,salary,True
INC_NPU_00286_202403,NPU_00286,2024-03-01,65834.82,salary,True
INC_NPU_00286_202404,NPU_00286,2024-04-04,65687.65,salary,True
INC_NPU_00286_202405,NPU_00286,2024-05-02,66824.97,salary,True
INC_NPU_00286_202406,NPU_00286,2024-06-02,65531.45,salary,True
INC_NPU_00286_202407,NPU_00286,2024-07-03,65111.28,salary,True
INC_NPU_00286_202408,NPU_00286,2024-08-01,66929.13,salary,True
INC_NPU_00286_202409,NPU_00286,2024-09-04,66397.99,salary,True
INC_NPU_00286_202410,NPU_00286,2024-10-03,65672.72,salary,True
INC_NPU_00286_202411,NPU_00286,2024-11-04,67680.66,salary,True
INC_NPU_00286_202412,NPU_00286,2024-12-01,67083.52,salary,True
INC_NPU_00286_202501,NPU_00286,2025-01-02,65923.84,salary,True
INC_NPU_00286_202502,NPU_00286,2025-02-03,68643.62,salary,True
INC_NPU_00286_202503,NPU_00286,2025-03-04,67716.19,salary,True
INC_NPU_00286_202504,NPU_00286,2025-04-01,66883.99,salary,True
INC_NPU_00286_202505,NPU_00286,2025-05-02,63873.13,salary,True
INC_NPU_00286_202506,NPU_00286,2025-06-01,67676.16,salary,True
INC_NPU_00286_202507,NPU_00286,2025-07-01,66398.97,salary,True
INC_NPU_00286_202508,NPU_00286,2025-08-01,67943.4,salary,True
INC_NPU_00286_202509,NPU_00286,2025-09-01,67831.86,salary,True
INC_NPU_00286_202510,NPU_00286,2025-10-01,66499.56,salary,True
INC_NPU_00286_202511,NPU_00286,2025-11-02,66302.48,salary,True
INC_NPU_00286_202512,NPU_00286,2025-12-03,68873.17,salary,True
INC_NPU_00287_202301,NPU_00287,2023-01-02,56893.8,salary,True
INC_NPU_00287_202302,NPU_00287,2023-02-02,57273.41,salary,True
INC_NPU_00287_202303,NPU_00287,2023-03-02,57074.81,salary,True
INC_NPU_00287_202304,NPU_00287,2023-04-01,58578.97,salary,True
INC_NPU_00287_202305,NPU_00287,2023-05-03,58150.2,salary,True
INC_NPU_00287_202306,NPU_00287,2023-06-03,57788.99,salary,True
INC_NPU_00287_202307,NPU_00287,2023-07-03,56710.49,salary,True
INC_NPU_00287_202308,NPU_00287,2023-08-01,56966.99,salary,True
INC_NPU_00287_202309,NPU_00287,2023-09-01,56828.77,salary,True
INC_NPU_00287_202310,NPU_00287,2023-10-01,56759.97,salary,True
INC_NPU_00287_202311,NPU_00287,2023-11-03,57037.91,salary,True
INC_NPU_00287_202312,NPU_00287,2023-12-02,56448.22,salary,True
INC_NPU_00287_202401,NPU_00287,2024-01-01,56605.06,salary,True
INC_NPU_00287_202402,NPU_00287,2024-02-02,57305.22,salary,True
INC_NPU_00287_202403,NPU_00287,2024-03-01,56620.21,salary,True
INC_NPU_00287_202404,NPU_00287,2024-04-03,57234.76,salary,True
INC_NPU_00287_202405,NPU_00287,2024-05-03,55707.09,salary,True
INC_NPU_00287_202406,NPU_00287,2024-06-01,55879.06,salary,True
INC_NPU_00287_202407,NPU_00287,2024-07-01,55366.0,salary,True
INC_NPU_00287_202408,NPU_00287,2024-08-01,58351.19,salary,True
INC_NPU_00287_202409,NPU_00287,2024-09-05,55690.83,salary,True
INC_NPU_00287_202410,NPU_00287,2024-10-01,57667.51,salary,True
INC_NPU_00287_202411,NPU_00287,2024-11-01,55999.17,salary,True
INC_NPU_00287_202412,NPU_00287,2024-12-01,57092.58,salary,True
INC_NPU_00287_202501,NPU_00287,2025-01-01,55317.47,salary,True
INC_NPU_00287_202502,NPU_00287,2025-02-05,57247.97,salary,True
INC_NPU_00287_202503,NPU_00287,2025-03-01,55731.74,salary,True
INC_NPU_00287_202504,NPU_00287,2025-04-01,57107.72,salary,True
INC_NPU_00287_202505,NPU_00287,2025-05-02,56663.06,salary,True
INC_NPU_00287_202506,NPU_00287,2025-06-05,57299.45,salary,True
INC_NPU_00287_202507,NPU_00287,2025-07-02,57388.44,salary,True
INC_NPU_00287_202508,NPU_00287,2025-08-01,55728.14,salary,True
INC_NPU_00287_202509,NPU_00287,2025-09-04,58261.37,salary,True
INC_NPU_00287_202510,NPU_00287,2025-10-01,56666.64,salary,True
INC_NPU_00287_202511,NPU_00287,2025-11-01,56376.53,salary,True
INC_NPU_00287_202512,NPU_00287,2025-12-01,56449.6,salary,True
INC_NPU_00288_202301,NPU_00288,2023-01-02,43596.57,salary,True
INC_NPU_00288_202302,NPU_00288,2023-02-03,43167.42,salary,True
INC_NPU_00288_202303,NPU_00288,2023-03-04,43147.31,salary,True
INC_NPU_00288_202304,NPU_00288,2023-04-01,43156.71,salary,True
INC_NPU_00288_202305,NPU_00288,2023-05-04,43876.1,salary,True
INC_NPU_00288_202306,NPU_00288,2023-06-02,43112.34,salary,True
INC_NPU_00288_202307,NPU_00288,2023-07-01,42858.2,salary,True
INC_NPU_00288_202308,NPU_00288,2023-08-01,45121.44,salary,True
INC_NPU_00288_202309,NPU_00288,2023-09-02,43402.51,salary,True
INC_NPU_00288_202310,NPU_00288,2023-10-03,45019.87,salary,True
INC_NPU_00288_202311,NPU_00288,2023-11-01,45469.74,salary,True
INC_NPU_00288_202312,NPU_00288,2023-12-01,43029.89,salary,True
INC_NPU_00288_202401,NPU_00288,2024-01-05,43653.72,salary,True
INC_NPU_00288_202402,NPU_00288,2024-02-01,43185.81,salary,True
INC_NPU_00288_202403,NPU_00288,2024-03-01,43809.1,salary,True
INC_NPU_00288_202404,NPU_00288,2024-04-03,43647.8,salary,True
INC_NPU_00288_202405,NPU_00288,2024-05-02,42803.07,salary,True
INC_NPU_00288_202406,NPU_00288,2024-06-01,43681.09,salary,True
INC_NPU_00288_202407,NPU_00288,2024-07-01,44437.19,salary,True
INC_NPU_00288_202408,NPU_00288,2024-08-05,43410.66,salary,True
INC_NPU_00288_202409,NPU_00288,2024-09-01,42818.76,salary,True
INC_NPU_00288_202410,NPU_00288,2024-10-01,43353.73,salary,True
INC_NPU_00288_202411,NPU_00288,2024-11-01,44117.3,salary,True
INC_NPU_00288_202412,NPU_00288,2024-12-01,43245.44,salary,True
INC_NPU_00288_202501,NPU_00288,2025-01-05,42156.02,salary,True
INC_NPU_00288_202502,NPU_00288,2025-02-01,43472.05,salary,True
INC_NPU_00288_202503,NPU_00288,2025-03-04,43018.26,salary,True
INC_NPU_00288_202504,NPU_00288,2025-04-02,43139.07,salary,True
INC_NPU_00288_202505,NPU_00288,2025-05-05,43842.79,salary,True
INC_NPU_00288_202506,NPU_00288,2025-06-01,43507.55,salary,True
INC_NPU_00288_202507,NPU_00288,2025-07-03,42548.7,salary,True
INC_NPU_00288_202508,NPU_00288,2025-08-01,45089.2,salary,True
INC_NPU_00288_202509,NPU_00288,2025-09-02,43889.26,salary,True
INC_NPU_00288_202510,NPU_00288,2025-10-01,43349.81,salary,True
INC_NPU_00288_202511,NPU_00288,2025-11-02,41610.54,salary,True
INC_NPU_00288_202512,NPU_00288,2025-12-02,44240.15,salary,True
INC_NPU_00289_202301,NPU_00289,2023-01-03,36506.53,salary,True
INC_NPU_00289_202302,NPU_00289,2023-02-01,35147.06,salary,True
INC_NPU_00289_202303,NPU_00289,2023-03-04,36501.26,salary,True
INC_NPU_00289_202304,NPU_00289,2023-04-01,36488.83,salary,True
INC_NPU_00289_202305,NPU_00289,2023-05-01,36409.14,salary,True
INC_NPU_00289_202306,NPU_00289,2023-06-03,36177.74,salary,True
INC_NPU_00289_202307,NPU_00289,2023-07-03,36946.83,salary,True
INC_NPU_00289_202308,NPU_00289,2023-08-03,36692.61,salary,True
INC_NPU_00289_202309,NPU_00289,2023-09-04,35961.1,salary,True
INC_NPU_00289_202310,NPU_00289,2023-10-01,35943.99,salary,True
INC_NPU_00289_202311,NPU_00289,2023-11-02,35096.93,salary,True
INC_NPU_00289_202312,NPU_00289,2023-12-02,35189.92,salary,True
INC_NPU_00289_202401,NPU_00289,2024-01-01,36126.35,salary,True
INC_NPU_00289_202402,NPU_00289,2024-02-03,36841.21,salary,True
INC_NPU_00289_202403,NPU_00289,2024-03-05,35621.91,salary,True
INC_NPU_00289_202404,NPU_00289,2024-04-04,36727.64,salary,True
INC_NPU_00289_202405,NPU_00289,2024-05-01,36382.64,salary,True
INC_NPU_00289_202406,NPU_00289,2024-06-03,35663.2,salary,True
INC_NPU_00289_202407,NPU_00289,2024-07-03,36289.97,salary,True
INC_NPU_00289_202408,NPU_00289,2024-08-05,36261.5,salary,True
INC_NPU_00289_202409,NPU_00289,2024-09-04,35692.04,salary,True
INC_NPU_00289_202410,NPU_00289,2024-10-01,36675.43,salary,True
INC_NPU_00289_202411,NPU_00289,2024-11-01,36917.32,salary,True
INC_NPU_00289_202412,NPU_00289,2024-12-05,36022.06,salary,True
INC_NPU_00289_202501,NPU_00289,2025-01-02,35435.27,salary,True
INC_NPU_00289_202502,NPU_00289,2025-02-01,36956.19,salary,True
INC_NPU_00289_202503,NPU_00289,2025-03-01,35150.93,salary,True
INC_NPU_00289_202504,NPU_00289,2025-04-01,36446.07,salary,True
INC_NPU_00289_202505,NPU_00289,2025-05-04,35621.15,salary,True
INC_NPU_00289_202506,NPU_00289,2025-06-02,35380.9,salary,True
INC_NPU_00289_202507,NPU_00289,2025-07-02,35856.13,salary,True
INC_NPU_00289_202508,NPU_00289,2025-08-02,36260.56,salary,True
INC_NPU_00289_202509,NPU_00289,2025-09-01,35510.41,salary,True
INC_NPU_00289_202510,NPU_00289,2025-10-01,35274.21,salary,True
INC_NPU_00289_202511,NPU_00289,2025-11-01,34958.12,salary,True
INC_NPU_00289_202512,NPU_00289,2025-12-01,37376.82,salary,True
INC_NPU_00290_202301,NPU_00290,2023-01-02,48303.55,salary,True
INC_NPU_00290_202302,NPU_00290,2023-02-02,47196.06,salary,True
INC_NPU_00290_202303,NPU_00290,2023-03-01,48352.5,salary,True
INC_NPU_00290_202304,NPU_00290,2023-04-02,47970.69,salary,True
INC_NPU_00290_202305,NPU_00290,2023-05-01,48634.46,salary,True
INC_NPU_00290_202306,NPU_00290,2023-06-03,47737.18,salary,True
INC_NPU_00290_202307,NPU_00290,2023-07-04,48813.84,salary,True
INC_NPU_00290_202308,NPU_00290,2023-08-01,47319.2,salary,True
INC_NPU_00290_202309,NPU_00290,2023-09-05,48133.57,salary,True
INC_NPU_00290_202310,NPU_00290,2023-10-03,48746.77,salary,True
INC_NPU_00290_202311,NPU_00290,2023-11-02,48181.34,salary,True
INC_NPU_00290_202312,NPU_00290,2023-12-01,49800.35,salary,True
INC_NPU_00290_202401,NPU_00290,2024-01-01,48614.64,salary,True
INC_NPU_00290_202402,NPU_00290,2024-02-01,48335.62,salary,True
INC_NPU_00290_202403,NPU_00290,2024-03-03,47601.51,salary,True
INC_NPU_00290_202404,NPU_00290,2024-04-02,48154.4,salary,True
INC_NPU_00290_202405,NPU_00290,2024-05-01,49105.26,salary,True
INC_NPU_00290_202406,NPU_00290,2024-06-03,47483.7,salary,True
INC_NPU_00290_202407,NPU_00290,2024-07-01,47103.5,salary,True
INC_NPU_00290_202408,NPU_00290,2024-08-01,47488.8,salary,True
INC_NPU_00290_202409,NPU_00290,2024-09-03,47440.46,salary,True
INC_NPU_00290_202410,NPU_00290,2024-10-02,48469.49,salary,True
INC_NPU_00290_202411,NPU_00290,2024-11-02,49652.87,salary,True
INC_NPU_00290_202412,NPU_00290,2024-12-04,46550.16,salary,True
INC_NPU_00290_202501,NPU_00290,2025-01-04,45840.87,salary,True
INC_NPU_00290_202502,NPU_00290,2025-02-02,47997.48,salary,True
INC_NPU_00290_202503,NPU_00290,2025-03-03,46991.37,salary,True
INC_NPU_00290_202504,NPU_00290,2025-04-01,48266.8,salary,True
INC_NPU_00290_202505,NPU_00290,2025-05-02,48381.0,salary,True
INC_NPU_00290_202506,NPU_00290,2025-06-02,47444.6,salary,True
INC_NPU_00290_202507,NPU_00290,2025-07-01,48497.32,salary,True
INC_NPU_00290_202508,NPU_00290,2025-08-02,47292.84,salary,True
INC_NPU_00290_202509,NPU_00290,2025-09-01,47291.36,salary,True
INC_NPU_00290_202510,NPU_00290,2025-10-01,47154.4,salary,True
INC_NPU_00290_202511,NPU_00290,2025-11-03,47498.6,salary,True
INC_NPU_00290_202512,NPU_00290,2025-12-04,47902.83,salary,True
INC_NPU_00291_202301,NPU_00291,2023-01-01,70947.85,salary,True
INC_NPU_00291_202302,NPU_00291,2023-02-01,71372.0,salary,True
INC_NPU_00291_202303,NPU_00291,2023-03-04,71909.34,salary,True
INC_NPU_00291_202304,NPU_00291,2023-04-03,71390.83,salary,True
INC_NPU_00291_202305,NPU_00291,2023-05-04,73377.4,salary,True
INC_NPU_00291_202306,NPU_00291,2023-06-01,71204.12,salary,True
INC_NPU_00291_202307,NPU_00291,2023-07-01,72240.99,salary,True
INC_NPU_00291_202308,NPU_00291,2023-08-02,68930.77,salary,True
INC_NPU_00291_202309,NPU_00291,2023-09-03,71372.3,salary,True
INC_NPU_00291_202310,NPU_00291,2023-10-03,70931.95,salary,True
INC_NPU_00291_202311,NPU_00291,2023-11-01,70805.8,salary,True
INC_NPU_00291_202312,NPU_00291,2023-12-02,72855.66,salary,True
INC_NPU_00291_202401,NPU_00291,2024-01-04,73992.07,salary,True
INC_NPU_00291_202402,NPU_00291,2024-02-01,71925.06,salary,True
INC_NPU_00291_202403,NPU_00291,2024-03-01,68645.59,salary,True
INC_NPU_00291_202404,NPU_00291,2024-04-04,70354.48,salary,True
INC_NPU_00291_202405,NPU_00291,2024-05-03,69131.5,salary,True
INC_NPU_00291_202406,NPU_00291,2024-06-01,71334.42,salary,True
INC_NPU_00291_202407,NPU_00291,2024-07-04,71729.55,salary,True
INC_NPU_00291_202408,NPU_00291,2024-08-01,68827.66,salary,True
INC_NPU_00291_202409,NPU_00291,2024-09-01,73137.9,salary,True
INC_NPU_00291_202410,NPU_00291,2024-10-03,69472.26,salary,True
INC_NPU_00291_202411,NPU_00291,2024-11-03,71660.36,salary,True
INC_NPU_00291_202412,NPU_00291,2024-12-03,73101.03,salary,True
INC_NPU_00291_202501,NPU_00291,2025-01-02,71362.13,salary,True
INC_NPU_00291_202502,NPU_00291,2025-02-01,70115.6,salary,True
INC_NPU_00291_202503,NPU_00291,2025-03-03,70038.31,salary,True
INC_NPU_00291_202504,NPU_00291,2025-04-05,71400.67,salary,True
INC_NPU_00291_202505,NPU_00291,2025-05-01,72244.14,salary,True
INC_NPU_00291_202506,NPU_00291,2025-06-02,71608.57,salary,True
INC_NPU_00291_202507,NPU_00291,2025-07-05,70009.37,salary,True
INC_NPU_00291_202508,NPU_00291,2025-08-01,70898.37,salary,True
INC_NPU_00291_202509,NPU_00291,2025-09-01,69828.83,salary,True
INC_NPU_00291_202510,NPU_00291,2025-10-01,69814.53,salary,True
INC_NPU_00291_202511,NPU_00291,2025-11-03,69746.49,salary,True
INC_NPU_00291_202512,NPU_00291,2025-12-01,70584.68,salary,True
INC_NPU_00292_202301,NPU_00292,2023-01-04,94223.57,salary,True
INC_NPU_00292_202302,NPU_00292,2023-02-05,89025.18,salary,True
INC_NPU_00292_202303,NPU_00292,2023-03-04,94437.72,salary,True
INC_NPU_00292_202304,NPU_00292,2023-04-02,94870.72,salary,True
INC_NPU_00292_202305,NPU_00292,2023-05-02,92951.36,salary,True
INC_NPU_00292_202306,NPU_00292,2023-06-04,94262.58,salary,True
INC_NPU_00292_202307,NPU_00292,2023-07-02,94488.52,salary,True
INC_NPU_00292_202308,NPU_00292,2023-08-03,96433.48,salary,True
INC_NPU_00292_202309,NPU_00292,2023-09-02,91337.99,salary,True
INC_NPU_00292_202310,NPU_00292,2023-10-01,91759.96,salary,True
INC_NPU_00292_202311,NPU_00292,2023-11-02,95292.95,salary,True
INC_NPU_00292_202312,NPU_00292,2023-12-05,95496.53,salary,True
INC_NPU_00292_202401,NPU_00292,2024-01-01,95301.2,salary,True
INC_NPU_00292_202402,NPU_00292,2024-02-05,95280.5,salary,True
INC_NPU_00292_202403,NPU_00292,2024-03-05,91490.09,salary,True
INC_NPU_00292_202404,NPU_00292,2024-04-01,97755.16,salary,True
INC_NPU_00292_202405,NPU_00292,2024-05-01,96188.07,salary,True
INC_NPU_00292_202406,NPU_00292,2024-06-01,91514.67,salary,True
INC_NPU_00292_202407,NPU_00292,2024-07-01,93788.3,salary,True
INC_NPU_00292_202408,NPU_00292,2024-08-03,93687.14,salary,True
INC_NPU_00292_202409,NPU_00292,2024-09-01,94088.54,salary,True
INC_NPU_00292_202410,NPU_00292,2024-10-02,93458.14,salary,True
INC_NPU_00292_202411,NPU_00292,2024-11-01,92264.0,salary,True
INC_NPU_00292_202412,NPU_00292,2024-12-04,94521.92,salary,True
INC_NPU_00292_202501,NPU_00292,2025-01-01,96570.82,salary,True
INC_NPU_00292_202502,NPU_00292,2025-02-01,93405.15,salary,True
INC_NPU_00292_202503,NPU_00292,2025-03-03,94855.4,salary,True
INC_NPU_00292_202504,NPU_00292,2025-04-03,94140.98,salary,True
INC_NPU_00292_202505,NPU_00292,2025-05-02,95279.57,salary,True
INC_NPU_00292_202506,NPU_00292,2025-06-01,93978.4,salary,True
INC_NPU_00292_202507,NPU_00292,2025-07-01,93144.29,salary,True
INC_NPU_00292_202508,NPU_00292,2025-08-01,93501.12,salary,True
INC_NPU_00292_202509,NPU_00292,2025-09-01,96486.96,salary,True
INC_NPU_00292_202510,NPU_00292,2025-10-05,94366.48,salary,True
INC_NPU_00292_202511,NPU_00292,2025-11-01,94306.07,salary,True
INC_NPU_00292_202512,NPU_00292,2025-12-01,96419.84,salary,True
INC_NPU_00293_202301,NPU_00293,2023-01-01,8212.23,salary,True
INC_NPU_00293_202302,NPU_00293,2023-02-03,7660.16,salary,True
INC_NPU_00293_202303,NPU_00293,2023-03-01,7787.86,salary,True
INC_NPU_00293_202304,NPU_00293,2023-04-02,8125.1,salary,True
INC_NPU_00293_202305,NPU_00293,2023-05-01,8012.85,salary,True
INC_NPU_00293_202306,NPU_00293,2023-06-03,8212.94,salary,True
INC_NPU_00293_202307,NPU_00293,2023-07-03,7749.47,salary,True
INC_NPU_00293_202308,NPU_00293,2023-08-01,8035.09,salary,True
INC_NPU_00293_202309,NPU_00293,2023-09-01,8091.61,salary,True
INC_NPU_00293_202310,NPU_00293,2023-10-01,7950.4,salary,True
INC_NPU_00293_202311,NPU_00293,2023-11-02,8115.17,salary,True
INC_NPU_00293_202312,NPU_00293,2023-12-01,8128.42,salary,True
INC_NPU_00293_202401,NPU_00293,2024-01-03,7988.35,salary,True
INC_NPU_00293_202402,NPU_00293,2024-02-02,7977.73,salary,True
INC_NPU_00293_202403,NPU_00293,2024-03-05,8144.98,salary,True
INC_NPU_00293_202404,NPU_00293,2024-04-04,8032.04,salary,True
INC_NPU_00293_202405,NPU_00293,2024-05-04,8080.06,salary,True
INC_NPU_00293_202406,NPU_00293,2024-06-02,8031.22,salary,True
INC_NPU_00293_202407,NPU_00293,2024-07-01,8023.18,salary,True
INC_NPU_00293_202408,NPU_00293,2024-08-01,7977.35,salary,True
INC_NPU_00293_202409,NPU_00293,2024-09-02,8090.91,salary,True
INC_NPU_00293_202410,NPU_00293,2024-10-01,7872.92,salary,True
INC_NPU_00293_202411,NPU_00293,2024-11-03,7755.85,salary,True
INC_NPU_00293_202412,NPU_00293,2024-12-03,8000.21,salary,True
INC_NPU_00293_202501,NPU_00293,2025-01-02,8215.75,salary,True
INC_NPU_00293_202502,NPU_00293,2025-02-02,8032.28,salary,True
INC_NPU_00293_202503,NPU_00293,2025-03-04,7963.13,salary,True
INC_NPU_00293_202504,NPU_00293,2025-04-01,7943.37,salary,True
INC_NPU_00293_202505,NPU_00293,2025-05-04,7933.41,salary,True
INC_NPU_00293_202506,NPU_00293,2025-06-01,7595.36,salary,True
INC_NPU_00293_202507,NPU_00293,2025-07-04,8189.48,salary,True
INC_NPU_00293_202508,NPU_00293,2025-08-01,7918.1,salary,True
INC_NPU_00293_202509,NPU_00293,2025-09-03,8003.11,salary,True
INC_NPU_00293_202510,NPU_00293,2025-10-01,7954.04,salary,True
INC_NPU_00293_202511,NPU_00293,2025-11-02,7892.84,salary,True
INC_NPU_00293_202512,NPU_00293,2025-12-01,8198.71,salary,True
INC_NPU_00294_202301,NPU_00294,2023-01-01,87147.95,salary,True
INC_NPU_00294_202302,NPU_00294,2023-02-01,90075.01,salary,True
INC_NPU_00294_202303,NPU_00294,2023-03-03,86499.81,salary,True
INC_NPU_00294_202304,NPU_00294,2023-04-02,88762.73,salary,True
INC_NPU_00294_202305,NPU_00294,2023-05-02,90920.53,salary,True
INC_NPU_00294_202306,NPU_00294,2023-06-04,88189.67,salary,True
INC_NPU_00294_202307,NPU_00294,2023-07-04,89908.1,salary,True
INC_NPU_00294_202308,NPU_00294,2023-08-02,88114.14,salary,True
INC_NPU_00294_202309,NPU_00294,2023-09-01,88443.08,salary,True
INC_NPU_00294_202310,NPU_00294,2023-10-04,90318.8,salary,True
INC_NPU_00294_202311,NPU_00294,2023-11-04,89949.31,salary,True
INC_NPU_00294_202312,NPU_00294,2023-12-01,91422.73,salary,True
INC_NPU_00294_202401,NPU_00294,2024-01-05,83707.98,salary,True
INC_NPU_00294_202402,NPU_00294,2024-02-03,88182.8,salary,True
INC_NPU_00294_202403,NPU_00294,2024-03-01,89597.94,salary,True
INC_NPU_00294_202404,NPU_00294,2024-04-01,89132.88,salary,True
INC_NPU_00294_202405,NPU_00294,2024-05-01,89648.03,salary,True
INC_NPU_00294_202406,NPU_00294,2024-06-03,90765.64,salary,True
INC_NPU_00294_202407,NPU_00294,2024-07-01,87886.57,salary,True
INC_NPU_00294_202408,NPU_00294,2024-08-01,89525.93,salary,True
INC_NPU_00294_202409,NPU_00294,2024-09-03,91186.88,salary,True
INC_NPU_00294_202410,NPU_00294,2024-10-02,89134.67,salary,True
INC_NPU_00294_202411,NPU_00294,2024-11-01,90304.57,salary,True
INC_NPU_00294_202412,NPU_00294,2024-12-03,85779.06,salary,True
INC_NPU_00294_202501,NPU_00294,2025-01-05,89213.02,salary,True
INC_NPU_00294_202502,NPU_00294,2025-02-04,88277.42,salary,True
INC_NPU_00294_202503,NPU_00294,2025-03-04,84943.54,salary,True
INC_NPU_00294_202504,NPU_00294,2025-04-05,89920.78,salary,True
INC_NPU_00294_202505,NPU_00294,2025-05-02,89537.51,salary,True
INC_NPU_00294_202506,NPU_00294,2025-06-03,87604.26,salary,True
INC_NPU_00294_202507,NPU_00294,2025-07-04,86666.81,salary,True
INC_NPU_00294_202508,NPU_00294,2025-08-01,92339.35,salary,True
INC_NPU_00294_202509,NPU_00294,2025-09-03,89677.65,salary,True
INC_NPU_00294_202510,NPU_00294,2025-10-01,89634.3,salary,True
INC_NPU_00294_202511,NPU_00294,2025-11-01,87841.62,salary,True
INC_NPU_00294_202512,NPU_00294,2025-12-02,88494.59,salary,True
INC_NPU_00295_202301,NPU_00295,2023-01-05,51855.78,salary,True
INC_NPU_00295_202302,NPU_00295,2023-02-04,50696.79,salary,True
INC_NPU_00295_202303,NPU_00295,2023-03-03,51895.2,salary,True
INC_NPU_00295_202304,NPU_00295,2023-04-01,50988.91,salary,True
INC_NPU_00295_202305,NPU_00295,2023-05-03,51635.33,salary,True
INC_NPU_00295_202306,NPU_00295,2023-06-01,48707.2,salary,True
INC_NPU_00295_202307,NPU_00295,2023-07-02,49890.93,salary,True
INC_NPU_00295_202308,NPU_00295,2023-08-03,50678.49,salary,True
INC_NPU_00295_202309,NPU_00295,2023-09-01,50391.0,salary,True
INC_NPU_00295_202310,NPU_00295,2023-10-01,51130.11,salary,True
INC_NPU_00295_202311,NPU_00295,2023-11-01,49274.86,salary,True
INC_NPU_00295_202312,NPU_00295,2023-12-03,49292.04,salary,True
INC_NPU_00295_202401,NPU_00295,2024-01-01,51090.92,salary,True
INC_NPU_00295_202402,NPU_00295,2024-02-03,51587.15,salary,True
INC_NPU_00295_202403,NPU_00295,2024-03-01,50307.12,salary,True
INC_NPU_00295_202404,NPU_00295,2024-04-05,52011.9,salary,True
INC_NPU_00295_202405,NPU_00295,2024-05-05,52276.24,salary,True
INC_NPU_00295_202406,NPU_00295,2024-06-01,50578.08,salary,True
INC_NPU_00295_202407,NPU_00295,2024-07-03,50273.66,salary,True
INC_NPU_00295_202408,NPU_00295,2024-08-02,50052.09,salary,True
INC_NPU_00295_202409,NPU_00295,2024-09-02,49884.26,salary,True
INC_NPU_00295_202410,NPU_00295,2024-10-03,51287.29,salary,True
INC_NPU_00295_202411,NPU_00295,2024-11-02,49768.99,salary,True
INC_NPU_00295_202412,NPU_00295,2024-12-02,49606.23,salary,True
INC_NPU_00295_202501,NPU_00295,2025-01-02,49842.96,salary,True
INC_NPU_00295_202502,NPU_00295,2025-02-01,50587.64,salary,True
INC_NPU_00295_202503,NPU_00295,2025-03-01,50656.14,salary,True
INC_NPU_00295_202504,NPU_00295,2025-04-02,51229.36,salary,True
INC_NPU_00295_202505,NPU_00295,2025-05-01,50496.42,salary,True
INC_NPU_00295_202506,NPU_00295,2025-06-01,49218.25,salary,True
INC_NPU_00295_202507,NPU_00295,2025-07-04,50230.92,salary,True
INC_NPU_00295_202508,NPU_00295,2025-08-04,50612.19,salary,True
INC_NPU_00295_202509,NPU_00295,2025-09-02,49995.5,salary,True
INC_NPU_00295_202510,NPU_00295,2025-10-01,50902.1,salary,True
INC_NPU_00295_202511,NPU_00295,2025-11-01,48352.96,salary,True
INC_NPU_00295_202512,NPU_00295,2025-12-04,50487.51,salary,True
INC_NPU_00296_202301,NPU_00296,2023-01-11,283712.75,business,True
INC_NPU_00296_202302,NPU_00296,2023-02-01,263905.4,business,True
INC_NPU_00296_202303,NPU_00296,2023-03-06,136467.49,business,True
INC_NPU_00296_202304,NPU_00296,2023-04-01,184849.92,business,True
INC_NPU_00296_202305,NPU_00296,2023-05-11,201579.36,business,True
INC_NPU_00296_202306,NPU_00296,2023-06-21,226640.33,business,True
INC_NPU_00296_202307,NPU_00296,2023-07-01,319956.64,business,True
INC_NPU_00296_202308,NPU_00296,2023-08-16,210438.4,business,True
INC_NPU_00296_202309,NPU_00296,2023-09-01,256996.18,business,True
INC_NPU_00296_202310,NPU_00296,2023-10-01,298992.11,business,True
INC_NPU_00296_202311,NPU_00296,2023-11-21,174756.36,business,True
INC_NPU_00296_202312,NPU_00296,2023-12-16,147577.44,business,True
INC_NPU_00296_202401,NPU_00296,2024-01-01,206495.04,business,True
INC_NPU_00296_202402,NPU_00296,2024-02-06,240584.09,business,True
INC_NPU_00296_202403,NPU_00296,2024-03-11,164257.86,business,True
INC_NPU_00296_202404,NPU_00296,2024-04-16,228388.23,business,True
INC_NPU_00296_202405,NPU_00296,2024-05-11,302311.05,business,True
INC_NPU_00296_202406,NPU_00296,2024-06-21,346029.13,business,True
INC_NPU_00296_202407,NPU_00296,2024-07-06,234836.97,business,True
INC_NPU_00296_202408,NPU_00296,2024-08-21,243736.36,business,True
INC_NPU_00296_202409,NPU_00296,2024-09-06,310675.99,business,True
INC_NPU_00296_202410,NPU_00296,2024-10-11,143571.88,business,True
INC_NPU_00296_202411,NPU_00296,2024-11-01,252768.45,business,True
INC_NPU_00296_202412,NPU_00296,2024-12-11,187558.12,business,True
INC_NPU_00296_202501,NPU_00296,2025-01-16,116795.03,business,True
INC_NPU_00296_202502,NPU_00296,2025-02-06,178209.38,business,True
INC_NPU_00296_202503,NPU_00296,2025-03-11,128114.17,business,True
INC_NPU_00296_202504,NPU_00296,2025-04-16,246312.65,business,True
INC_NPU_00296_202505,NPU_00296,2025-05-16,167003.1,business,True
INC_NPU_00296_202506,NPU_00296,2025-06-01,144216.22,business,True
INC_NPU_00296_202507,NPU_00296,2025-07-11,217441.42,business,True
INC_NPU_00296_202508,NPU_00296,2025-08-16,129725.28,business,True
INC_NPU_00296_202509,NPU_00296,2025-09-21,158655.22,business,True
INC_NPU_00296_202510,NPU_00296,2025-10-21,231612.04,business,True
INC_NPU_00296_202511,NPU_00296,2025-11-16,208825.98,business,True
INC_NPU_00296_202512,NPU_00296,2025-12-16,191294.64,business,True
INC_NPU_00297_202301,NPU_00297,2023-01-02,63507.42,salary,True
INC_NPU_00297_202302,NPU_00297,2023-02-02,62474.58,salary,True
INC_NPU_00297_202303,NPU_00297,2023-03-01,63025.55,salary,True
INC_NPU_00297_202304,NPU_00297,2023-04-04,65700.58,salary,True
INC_NPU_00297_202305,NPU_00297,2023-05-05,63465.56,salary,True
INC_NPU_00297_202306,NPU_00297,2023-06-01,64867.46,salary,True
INC_NPU_00297_202307,NPU_00297,2023-07-01,64790.64,salary,True
INC_NPU_00297_202308,NPU_00297,2023-08-04,66256.7,salary,True
INC_NPU_00297_202309,NPU_00297,2023-09-02,61549.09,salary,True
INC_NPU_00297_202310,NPU_00297,2023-10-01,64786.37,salary,True
INC_NPU_00297_202311,NPU_00297,2023-11-01,63024.75,salary,True
INC_NPU_00297_202312,NPU_00297,2023-12-02,62664.61,salary,True
INC_NPU_00297_202401,NPU_00297,2024-01-03,61907.82,salary,True
INC_NPU_00297_202402,NPU_00297,2024-02-01,61557.06,salary,True
INC_NPU_00297_202403,NPU_00297,2024-03-02,63705.61,salary,True
INC_NPU_00297_202404,NPU_00297,2024-04-01,61517.63,salary,True
INC_NPU_00297_202405,NPU_00297,2024-05-02,63759.42,salary,True
INC_NPU_00297_202406,NPU_00297,2024-06-03,60485.11,salary,True
INC_NPU_00297_202407,NPU_00297,2024-07-05,61998.91,salary,True
INC_NPU_00297_202408,NPU_00297,2024-08-03,62845.55,salary,True
INC_NPU_00297_202409,NPU_00297,2024-09-01,63165.92,salary,True
INC_NPU_00297_202410,NPU_00297,2024-10-02,62058.28,salary,True
INC_NPU_00297_202411,NPU_00297,2024-11-01,61655.84,salary,True
INC_NPU_00297_202412,NPU_00297,2024-12-05,62712.09,salary,True
INC_NPU_00297_202501,NPU_00297,2025-01-01,62394.51,salary,True
INC_NPU_00297_202502,NPU_00297,2025-02-01,62537.03,salary,True
INC_NPU_00297_202503,NPU_00297,2025-03-02,63824.43,salary,True
INC_NPU_00297_202504,NPU_00297,2025-04-03,64552.11,salary,True
INC_NPU_00297_202505,NPU_00297,2025-05-01,62645.39,salary,True
INC_NPU_00297_202506,NPU_00297,2025-06-01,63825.74,salary,True
INC_NPU_00297_202507,NPU_00297,2025-07-02,62429.56,salary,True
INC_NPU_00297_202508,NPU_00297,2025-08-01,62339.94,salary,True
INC_NPU_00297_202509,NPU_00297,2025-09-01,62704.99,salary,True
INC_NPU_00297_202510,NPU_00297,2025-10-01,64339.32,salary,True
INC_NPU_00297_202511,NPU_00297,2025-11-01,61271.58,salary,True
INC_NPU_00297_202512,NPU_00297,2025-12-02,61124.65,salary,True
INC_NPU_00298_202301,NPU_00298,2023-01-03,88776.27,salary,True
INC_NPU_00298_202302,NPU_00298,2023-02-01,84533.45,salary,True
INC_NPU_00298_202303,NPU_00298,2023-03-05,85676.73,salary,True
INC_NPU_00298_202304,NPU_00298,2023-04-01,85219.56,salary,True
INC_NPU_00298_202305,NPU_00298,2023-05-01,88357.21,salary,True
INC_NPU_00298_202306,NPU_00298,2023-06-01,87670.13,salary,True
INC_NPU_00298_202307,NPU_00298,2023-07-01,84015.79,salary,True
INC_NPU_00298_202308,NPU_00298,2023-08-05,86104.44,salary,True
INC_NPU_00298_202309,NPU_00298,2023-09-02,86522.85,salary,True
INC_NPU_00298_202310,NPU_00298,2023-10-01,86937.99,salary,True
INC_NPU_00298_202311,NPU_00298,2023-11-02,82789.99,salary,True
INC_NPU_00298_202312,NPU_00298,2023-12-04,83304.1,salary,True
INC_NPU_00298_202401,NPU_00298,2024-01-01,87063.89,salary,True
INC_NPU_00298_202402,NPU_00298,2024-02-01,83802.12,salary,True
INC_NPU_00298_202403,NPU_00298,2024-03-01,86493.76,salary,True
INC_NPU_00298_202404,NPU_00298,2024-04-02,84095.61,salary,True
INC_NPU_00298_202405,NPU_00298,2024-05-01,83393.73,salary,True
INC_NPU_00298_202406,NPU_00298,2024-06-01,84479.79,salary,True
INC_NPU_00298_202407,NPU_00298,2024-07-05,85849.68,salary,True
INC_NPU_00298_202408,NPU_00298,2024-08-03,86416.46,salary,True
INC_NPU_00298_202409,NPU_00298,2024-09-02,86618.5,salary,True
INC_NPU_00298_202410,NPU_00298,2024-10-04,87273.01,salary,True
INC_NPU_00298_202411,NPU_00298,2024-11-02,84566.19,salary,True
INC_NPU_00298_202412,NPU_00298,2024-12-01,87169.59,salary,True
INC_NPU_00298_202501,NPU_00298,2025-01-01,86004.62,salary,True
INC_NPU_00298_202502,NPU_00298,2025-02-02,86258.67,salary,True
INC_NPU_00298_202503,NPU_00298,2025-03-02,89745.9,salary,True
INC_NPU_00298_202504,NPU_00298,2025-04-01,86862.02,salary,True
INC_NPU_00298_202505,NPU_00298,2025-05-05,85540.79,salary,True
INC_NPU_00298_202506,NPU_00298,2025-06-04,85271.51,salary,True
INC_NPU_00298_202507,NPU_00298,2025-07-02,85865.87,salary,True
INC_NPU_00298_202508,NPU_00298,2025-08-03,83580.75,salary,True
INC_NPU_00298_202509,NPU_00298,2025-09-02,86491.71,salary,True
INC_NPU_00298_202510,NPU_00298,2025-10-04,85845.74,salary,True
INC_NPU_00298_202511,NPU_00298,2025-11-01,86238.07,salary,True
INC_NPU_00298_202512,NPU_00298,2025-12-04,85996.88,salary,True
INC_NPU_00299_202301,NPU_00299,2023-01-05,80514.88,salary,True
INC_NPU_00299_202302,NPU_00299,2023-02-03,83586.05,salary,True
INC_NPU_00299_202303,NPU_00299,2023-03-04,81667.13,salary,True
INC_NPU_00299_202304,NPU_00299,2023-04-01,84122.42,salary,True
INC_NPU_00299_202305,NPU_00299,2023-05-02,83727.24,salary,True
INC_NPU_00299_202306,NPU_00299,2023-06-01,85258.5,salary,True
INC_NPU_00299_202307,NPU_00299,2023-07-01,82565.92,salary,True
INC_NPU_00299_202308,NPU_00299,2023-08-02,83925.62,salary,True
INC_NPU_00299_202309,NPU_00299,2023-09-03,85475.13,salary,True
INC_NPU_00299_202310,NPU_00299,2023-10-01,81535.41,salary,True
INC_NPU_00299_202311,NPU_00299,2023-11-01,84332.66,salary,True
INC_NPU_00299_202312,NPU_00299,2023-12-01,83498.22,salary,True
INC_NPU_00299_202401,NPU_00299,2024-01-04,81041.46,salary,True
INC_NPU_00299_202402,NPU_00299,2024-02-01,82373.28,salary,True
INC_NPU_00299_202403,NPU_00299,2024-03-01,86631.56,salary,True
INC_NPU_00299_202404,NPU_00299,2024-04-05,84232.87,salary,True
INC_NPU_00299_202405,NPU_00299,2024-05-03,83336.09,salary,True
INC_NPU_00299_202406,NPU_00299,2024-06-01,81576.59,salary,True
INC_NPU_00299_202407,NPU_00299,2024-07-02,79314.09,salary,True
INC_NPU_00299_202408,NPU_00299,2024-08-01,80604.51,salary,True
INC_NPU_00299_202409,NPU_00299,2024-09-01,82628.83,salary,True
INC_NPU_00299_202410,NPU_00299,2024-10-01,82629.92,salary,True
INC_NPU_00299_202411,NPU_00299,2024-11-01,84700.42,salary,True
INC_NPU_00299_202412,NPU_00299,2024-12-01,81213.05,salary,True
INC_NPU_00299_202501,NPU_00299,2025-01-01,81088.05,salary,True
INC_NPU_00299_202502,NPU_00299,2025-02-02,83524.27,salary,True
INC_NPU_00299_202503,NPU_00299,2025-03-01,82029.99,salary,True
INC_NPU_00299_202504,NPU_00299,2025-04-04,82012.48,salary,True
INC_NPU_00299_202505,NPU_00299,2025-05-02,84511.18,salary,True
INC_NPU_00299_202506,NPU_00299,2025-06-04,81000.34,salary,True
INC_NPU_00299_202507,NPU_00299,2025-07-05,84231.09,salary,True
INC_NPU_00299_202508,NPU_00299,2025-08-02,83315.33,salary,True
INC_NPU_00299_202509,NPU_00299,2025-09-02,81870.85,salary,True
INC_NPU_00299_202510,NPU_00299,2025-10-02,82579.77,salary,True
INC_NPU_00299_202511,NPU_00299,2025-11-03,81363.25,salary,True
INC_NPU_00299_202512,NPU_00299,2025-12-05,82312.32,salary,True
INC_NPU_00300_202301,NPU_00300,2023-01-04,46449.66,salary,True
INC_NPU_00300_202302,NPU_00300,2023-02-04,44359.09,salary,True
INC_NPU_00300_202303,NPU_00300,2023-03-01,43497.63,salary,True
INC_NPU_00300_202304,NPU_00300,2023-04-02,44960.48,salary,True
INC_NPU_00300_202305,NPU_00300,2023-05-01,46255.52,salary,True
INC_NPU_00300_202306,NPU_00300,2023-06-01,45150.91,salary,True
INC_NPU_00300_202307,NPU_00300,2023-07-02,44736.01,salary,True
INC_NPU_00300_202308,NPU_00300,2023-08-01,44698.6,salary,True
INC_NPU_00300_202309,NPU_00300,2023-09-01,45861.54,salary,True
INC_NPU_00300_202310,NPU_00300,2023-10-02,45259.81,salary,True
INC_NPU_00300_202311,NPU_00300,2023-11-05,44003.44,salary,True
INC_NPU_00300_202312,NPU_00300,2023-12-01,45446.13,salary,True
INC_NPU_00300_202401,NPU_00300,2024-01-01,45076.54,salary,True
INC_NPU_00300_202402,NPU_00300,2024-02-02,45694.61,salary,True
INC_NPU_00300_202403,NPU_00300,2024-03-01,46449.72,salary,True
INC_NPU_00300_202404,NPU_00300,2024-04-05,46578.78,salary,True
INC_NPU_00300_202405,NPU_00300,2024-05-02,44945.88,salary,True
INC_NPU_00300_202406,NPU_00300,2024-06-01,45243.54,salary,True
INC_NPU_00300_202407,NPU_00300,2024-07-01,46402.63,salary,True
INC_NPU_00300_202408,NPU_00300,2024-08-01,45074.22,salary,True
INC_NPU_00300_202409,NPU_00300,2024-09-04,45847.91,salary,True
INC_NPU_00300_202410,NPU_00300,2024-10-03,44217.55,salary,True
INC_NPU_00300_202411,NPU_00300,2024-11-02,44330.95,salary,True
INC_NPU_00300_202412,NPU_00300,2024-12-05,46656.33,salary,True
INC_NPU_00300_202501,NPU_00300,2025-01-03,46695.05,salary,True
INC_NPU_00300_202502,NPU_00300,2025-02-01,45612.33,salary,True
INC_NPU_00300_202503,NPU_00300,2025-03-03,44832.57,salary,True
INC_NPU_00300_202504,NPU_00300,2025-04-02,44502.09,salary,True
INC_NPU_00300_202505,NPU_00300,2025-05-01,44701.0,salary,True
INC_NPU_00300_202506,NPU_00300,2025-06-03,43890.83,salary,True
INC_NPU_00300_202507,NPU_00300,2025-07-02,45532.18,salary,True
INC_NPU_00300_202508,NPU_00300,2025-08-03,45436.95,salary,True
INC_NPU_00300_202509,NPU_00300,2025-09-01,45415.38,salary,True
INC_NPU_00300_202510,NPU_00300,2025-10-05,46154.64,salary,True
INC_NPU_00300_202511,NPU_00300,2025-11-01,45024.15,salary,True
INC_NPU_00300_202512,NPU_00300,2025-12-01,45336.59,salary,True
