user_uid,name,email,age,persona,spending_personality,monthly_budget,roommate_count,roomspace_id,city,join_date
user_000000,Allison Hill,donaldgarcia@example.net,25,young_professional,moderate,3518,2,roomspace_0,New Roberttown,2021-03-14
user_000001,Jonathan Johnson,jennifermiles@example.com,19,student,impulsive,1492,4,roomspace_0,South Bridget,2022-09-21
user_000002,Olivia Moore,jpeterson@example.org,24,student,frugal,832,2,roomspace_0,Curtisfurt,2021-03-17
user_000003,Gregory Baker,blairamanda@example.com,18,student,moderate,1374,2,roomspace_1,New Kellystad,2022-03-25
user_000004,Benjamin Stanley,tracie31@example.com,43,family,moderate,4402,5,roomspace_0,Shawnstad,2021-05-07
user_000005,Daniel Adams,lynchgeorge@example.net,30,family,moderate,4153,5,roomspace_0,East Steven,2021-07-29
user_000006,Margaret Hawkins DDS,perezantonio@example.com,23,student,frugal,904,2,roomspace_2,Adamsborough,2022-12-11
user_000007,Sherri Edwards,pfoster@example.com,23,student,impulsive,1418,3,roomspace_1,West Donald,2022-08-02
user_000008,Deborah Richards,icox@example.net,47,family,moderate,4011,5,roomspace_1,Daviston,2022-10-31
user_000009,Mark Conner,ycarlson@example.com,23,student,moderate,1391,2,roomspace_3,Riceside,2022-10-31
user_000010,Melanie Wilson,kayla51@example.com,21,student,impulsive,1096,2,roomspace_3,Mooretown,2022-07-15
user_000011,Deborah Mason,williamrodriguez@example.net,37,freelancer,moderate,2069,1,roomspace_5,Meaganhaven,2022-04-19
user_000012,James Martin,georgetracy@example.org,23,student,moderate,1163,2,roomspace_4,Natashaport,2021-07-05
user_000013,Shawn Arroyo,dennislisa@example.net,50,family,moderate,3792,3,roomspace_3,East Donna,2022-03-04
user_000014,Joseph Obrien,sarahcampos@example.net,25,student,impulsive,1188,3,roomspace_3,Lake Larry,2022-06-06
user_000015,Jessica Holmes,wrightcaleb@example.org,33,young_professional,comfortable,2449,3,roomspace_3,New Jeffrey,2021-02-25
user_000016,Amy Jones,heathchad@example.org,31,family,comfortable,4438,2,roomspace_5,Elizabethborough,2022-02-23
user_000017,Timothy Duncan,esanchez@example.com,26,young_professional,lavish,2432,3,roomspace_4,North Collin,2021-12-01
user_000018,Jason Shields,nuneztracey@example.org,25,student,moderate,1205,4,roomspace_3,South Jessicaville,2021-07-13
user_000019,Joshua Taylor,joshuawright@example.org,21,student,frugal,1374,4,roomspace_3,Mortonside,2021-03-18
user_000020,Zachary Huff,housemelinda@example.org,34,young_professional,moderate,2817,2,roomspace_6,Tuckerborough,2022-11-03
user_000021,Anthony Gray,ybaker@example.com,52,budget_conscious,frugal,1105,1,roomspace_10,Rodneyside,2022-05-30
user_000022,Brittney Phillips,rileyamy@example.net,29,freelancer,impulsive,2785,0,,Brianshire,2022-01-06
user_000023,Sarah Moore,yorkcasey@example.org,26,young_professional,comfortable,2788,2,roomspace_7,South David,2022-11-23
user_000024,Lauren Williams,barnesbrandy@example.net,29,young_professional,lavish,3988,3,roomspace_6,Sarahborough,2022-06-05
user_000025,Cynthia Foster,stephen10@example.com,19,student,moderate,1498,4,roomspace_5,North Amandahaven,2021-07-25
user_000026,Gregory Jones,mikemoore@example.net,40,family,moderate,3956,4,roomspace_5,Cherylhaven,2021-01-07
user_000027,Kristen Huynh,mcmillandennis@example.org,29,young_professional,comfortable,3990,3,roomspace_6,Lake Angelaview,2021-08-07
user_000028,Michelle Harris,william40@example.org,26,young_professional,moderate,3782,3,roomspace_7,Calderonton,2021-01-03
user_000029,Carlos Whitney,joycearnold@example.com,34,young_professional,comfortable,2407,1,roomspace_14,North Charlesberg,2022-02-28
user_000030,Jacob Tran,tanderson@example.com,18,student,moderate,1413,3,roomspace_7,West Jasonbury,2022-06-03
user_000031,Richard Henson,vdickson@example.org,23,student,frugal,1114,2,roomspace_10,Port Francisco,2022-09-14
user_000032,Sierra Johnson,kimberly63@example.com,27,freelancer,moderate,1675,2,roomspace_10,Port Jacqueline,2021-10-25
user_000033,Shannon Walker,ybailey@example.org,20,student,moderate,931,4,roomspace_6,North Donna,2021-11-06
user_000034,Sean Rasmussen,michael86@example.net,29,young_professional,comfortable,3080,3,roomspace_8,Sheilaville,2022-11-13
user_000035,Cassandra Estes,benjamin96@example.com,21,student,impulsive,1119,3,roomspace_8,Samuelhaven,2021-03-31
user_000036,Kenneth Scott,zsmith@example.net,32,young_professional,comfortable,3842,3,roomspace_9,West Ryan,2022-05-31
user_000037,Lisa Alvarado,cortezkevin@example.com,19,student,moderate,1146,2,roomspace_12,Nguyenport,2022-03-07
user_000038,Jason Bentley,christinaturner@example.net,21,student,moderate,807,2,roomspace_12,West Justinchester,2022-09-03
user_000039,Mary Marshall,glowe@example.com,19,student,frugal,832,3,roomspace_9,Lake Christopher,2022-02-05
user_000040,Lisa Davis,emilywalker@example.org,25,student,frugal,1019,4,roomspace_8,North Brandon,2022-01-05
user_000041,Patricia Gibson,jennifercruz@example.com,40,freelancer,impulsive,1997,1,roomspace_20,East Diana,2021-01-05
user_000042,Shannon Mcclure,zrobinson@example.net,19,student,frugal,1474,3,roomspace_10,Williamsbury,2022-12-14
user_000043,Joyce Solis,stephanie79@example.net,25,young_professional,lavish,3379,3,roomspace_10,Rivasside,2021-12-13
user_000044,Natasha Wells,karen48@example.com,24,student,frugal,1147,2,roomspace_14,West Scott,2022-07-09
user_000045,Devon Flores,taylorjesse@example.net,25,student,frugal,943,3,roomspace_11,Lake Jason,2021-11-19
user_000046,Joshua Perry,marissaprice@example.net,26,young_professional,moderate,2907,3,roomspace_11,Port Nicoleshire,2021-10-23
user_000047,Tommy Evans,acastaneda@example.net,33,young_professional,lavish,3712,1,roomspace_23,South Jeffrey,2021-12-05
user_000048,Mr. Michael Yates,marycalhoun@example.net,32,freelancer,moderate,1840,1,roomspace_24,South Brittanytown,2021-03-07
user_000049,Brandy Murray,greenmark@example.com,24,student,frugal,860,2,roomspace_16,Matthewfurt,2021-08-05
user_000050,Sandra King,ruizkaitlyn@example.org,36,budget_conscious,frugal,1065,2,roomspace_16,Jeffreyland,2022-08-30
user_000051,Amanda Johnson,jamessmith@example.org,55,budget_conscious,frugal,1098,1,roomspace_25,East Thomas,2021-03-30
user_000052,Claudia Lyons,gary91@example.org,18,student,moderate,1393,4,roomspace_10,Danieltown,2022-12-23
user_000053,Michael Rubio,mdavid@example.org,31,family,moderate,3705,5,roomspace_8,North Heidi,2021-08-23
user_000054,Lindsay Martinez,reedross@example.com,30,freelancer,frugal,1616,2,roomspace_18,New Deborahtown,2022-10-22
user_000055,John Hamilton,cynthia72@example.com,19,student,moderate,1491,2,roomspace_18,Lake Aimee,2022-05-21
user_000056,Robert Medina,umarshall@example.net,32,freelancer,frugal,2685,2,roomspace_18,Marcusbury,2022-10-08
user_000057,Diana Hayes,qhudson@example.com,23,student,moderate,1067,2,roomspace_19,Anthonymouth,2021-05-22
user_000058,Mr. David Ramirez,angela83@example.org,22,student,moderate,1205,2,roomspace_19,Lake Richard,2022-03-08
user_000059,Melissa Brewer,bwest@example.org,23,student,moderate,874,2,roomspace_19,Jeffreybury,2021-08-26
user_000060,Jackie Tran,ronald85@example.com,26,budget_conscious,frugal,675,3,roomspace_15,Nelsonview,2021-06-29
user_000061,Corey Wilson,jamesrodgers@example.com,23,student,frugal,870,2,roomspace_20,Tinaborough,2021-08-19
user_000062,Christopher Smith,joshuamccann@example.net,22,student,moderate,1426,4,roomspace_12,Heidiberg,2022-05-11
user_000063,Katherine Salas,taylor75@example.org,33,young_professional,moderate,2613,3,roomspace_15,West Shelleyfort,2021-03-30
user_000064,Jennifer Jones,hernandezlisa@example.com,33,freelancer,impulsive,1736,0,,East Davidchester,2022-04-16
user_000065,Lisa Rowe,chayes@example.com,22,student,moderate,1419,2,roomspace_21,Torreston,2022-04-19
user_000066,Annette Farmer,josephmiller@example.org,22,student,frugal,1317,3,roomspace_16,New Charles,2021-01-03
user_000067,Michael Harrison,halljasmine@example.net,26,freelancer,moderate,1689,2,roomspace_22,Jonesbury,2022-12-19
user_000068,Rick Lawrence,ronaldstephens@example.net,18,student,moderate,1141,2,roomspace_22,West Margaret,2021-02-25
user_000069,Ricky Larson,scott74@example.net,25,student,moderate,1364,4,roomspace_13,Benderhaven,2022-02-24
user_000070,Bobby Williams MD,cassandra01@example.org,19,student,frugal,952,4,roomspace_14,Port Emilyview,2022-03-24
user_000071,Peter Ruiz,lmoon@example.net,20,student,frugal,1240,2,roomspace_23,Waltersfort,2021-03-12
user_000072,Jason Morris,hodgemark@example.net,18,student,moderate,1166,2,roomspace_24,Robertsfurt,2022-09-24
user_000073,Amanda Miller,marcus68@example.org,30,young_professional,lavish,3597,3,roomspace_18,Gutierrezborough,2022-02-07
user_000074,Peter Garrett,harrisandrea@example.com,34,young_professional,lavish,3534,1,roomspace_37,Gilmorefort,2021-04-05
user_000075,Mark Lloyd,lancesmith@example.com,20,student,frugal,981,3,roomspace_18,East Victoriaville,2021-12-25
user_000076,Maria Moore,william46@example.com,40,family,moderate,5186,3,roomspace_19,Sanchezside,2021-04-23
user_000077,Thomas Romero,michellehill@example.com,33,family,comfortable,5066,2,roomspace_25,Sarahhaven,2021-07-27
user_000078,Diane Evans,cgrimes@example.net,25,student,impulsive,1158,3,roomspace_19,Reedside,2022-08-16
user_000079,Jordan Morris,tinaallen@example.com,32,freelancer,frugal,1548,2,roomspace_26,Port Kimberly,2021-02-03
user_000080,John Mcintyre,qhughes@example.net,19,student,moderate,1085,3,roomspace_20,South Tammie,2021-04-09
user_000081,Leslie Kane,dgarcia@example.org,23,student,impulsive,828,2,roomspace_27,South Monica,2021-04-30
user_000082,Richard Baker,vsantos@example.net,22,student,moderate,839,2,roomspace_27,Finleyfort,2022-11-09
user_000083,Lisa Young,wendy16@example.org,23,student,impulsive,1246,4,roomspace_16,South Garrettport,2022-12-03
user_000084,Frederick Brown,nicholas23@example.net,21,student,moderate,1060,2,roomspace_28,Knightburgh,2021-05-13
user_000085,Leon Reyes,tyleraguilar@example.org,21,student,frugal,1172,3,roomspace_21,Littlemouth,2021-07-18
user_000086,Stephanie Marshall,erica21@example.com,30,young_professional,comfortable,3276,2,roomspace_28,Vanessaport,2022-05-12
user_000087,Melissa Bryant,james67@example.org,22,student,moderate,1319,3,roomspace_21,South Ashley,2022-03-23
user_000088,Michael Johnson,khill@example.net,22,student,frugal,1367,2,roomspace_29,New Julieport,2022-08-26
user_000089,Lisa Gomez,christinebyrd@example.net,31,young_professional,lavish,3387,3,roomspace_22,Lake Colton,2022-05-03
user_000090,Ellen Alexander,jessica14@example.com,29,young_professional,lavish,2831,3,roomspace_22,Thompsonberg,2022-09-03
user_000091,Valerie Schmidt,maria47@example.com,21,student,moderate,1240,4,roomspace_18,Lindamouth,2021-02-28
user_000092,Vincent Dalton,zcoffey@example.net,25,student,frugal,1252,4,roomspace_18,Christopherfurt,2021-01-11
user_000093,Caleb Richardson,brenda51@example.net,27,young_professional,moderate,3349,1,roomspace_46,South Angel,2022-11-18
user_000094,Erin Bishop,reidsteven@example.net,34,young_professional,lavish,2686,1,roomspace_47,Debraville,2021-04-19
user_000095,Andrew Ferrell,davispaige@example.org,39,family,moderate,4420,3,roomspace_23,Chavezside,2021-11-22
user_000096,Molly Mcclure,basschristina@example.com,25,student,moderate,1425,2,roomspace_32,Lake Mitchellmouth,2021-12-12
user_000097,Savannah Garcia,amy50@example.com,31,freelancer,moderate,2971,2,roomspace_32,Jamesville,2022-10-21
user_000098,Anna Lewis,williamsmatthew@example.org,20,student,frugal,1471,4,roomspace_19,North Maria,2022-03-07
user_000099,Daniel Kane,kim90@example.com,33,family,moderate,5241,3,roomspace_24,East Amber,2022-09-13
user_000100,Matthew Johnson,howardkristina@example.net,53,budget_conscious,frugal,1075,1,roomspace_50,Alfredview,2021-02-10
user_000101,Jason Wilson,alvarezkimberly@example.net,28,freelancer,impulsive,2434,0,,South Williamton,2022-07-19
user_000102,Sharon Boyd,bschneider@example.org,33,young_professional,lavish,3219,2,roomspace_34,Boonechester,2022-06-17
user_000103,Micheal Wallace,morriseddie@example.org,38,freelancer,moderate,3201,2,roomspace_34,Claudiashire,2022-03-02
user_000104,Jane Harper,shawn96@example.org,25,student,moderate,1260,3,roomspace_26,Port Dianaside,2022-07-14
user_000105,Jessica Beasley,dmorgan@example.com,38,family,comfortable,5635,5,roomspace_17,Blairmouth,2021-11-28
user_000106,David Mckay,fjones@example.org,19,student,frugal,1092,2,roomspace_35,Davisstad,2022-09-23
user_000107,Anthony Frye,elizabeth65@example.net,19,student,frugal,941,2,roomspace_35,Parrishton,2021-08-12
user_000108,Heather Lane,ericolson@example.org,28,young_professional,comfortable,2131,2,roomspace_36,Meganstad,2021-03-31
user_000109,Laura Aguirre,lynchdiane@example.net,31,young_professional,lavish,2127,1,roomspace_54,Anthonyview,2022-06-30
user_000110,Tammy Bell,mollyknight@example.com,18,student,moderate,1389,3,roomspace_27,East Joycetown,2021-03-13
user_000111,Cindy Barnes,eric45@example.net,34,freelancer,impulsive,3043,1,roomspace_55,North Ericton,2022-06-08
user_000112,Jeremy Coleman,nperry@example.net,46,budget_conscious,frugal,1151,3,roomspace_28,West Russellport,2022-06-11
user_000113,Katelyn Estrada,walkertracey@example.org,37,family,moderate,5499,3,roomspace_28,East Kevinborough,2022-08-20
user_000114,David Murphy,jimenezryan@example.org,31,young_professional,comfortable,2688,3,roomspace_28,Patelbury,2022-01-24
user_000115,Mary Gomez,chensley@example.com,27,young_professional,lavish,3721,2,roomspace_38,South Samanthamouth,2022-03-24
user_000116,Jared Bowman,darius05@example.org,54,budget_conscious,frugal,627,2,roomspace_38,Collierstad,2021-03-10
user_000117,Brian Graham,zwarren@example.com,26,young_professional,moderate,3316,2,roomspace_39,Jeffreyburgh,2021-03-01
user_000118,Ashley Hicks,michael23@example.org,25,young_professional,comfortable,2532,2,roomspace_39,West James,2022-04-13
user_000119,Peter Jones,kmarshall@example.net,30,young_professional,moderate,3558,2,roomspace_39,Maldonadoshire,2022-05-15
user_000120,Lori Lin,edward17@example.com,46,budget_conscious,frugal,858,1,roomspace_60,Laurashire,2021-02-13
user_000121,Benjamin Murray,brownmarie@example.org,31,family,comfortable,4933,3,roomspace_30,New Brookefurt,2021-12-26
user_000122,Tiffany Stevenson,colelisa@example.net,50,family,comfortable,3664,2,roomspace_40,West Cassidy,2022-01-25
user_000123,Antonio Garcia,toni18@example.net,18,student,frugal,1436,2,roomspace_41,North John,2021-12-07
user_000124,Kelly Bishop MD,paul59@example.org,26,young_professional,comfortable,3155,1,roomspace_62,Cameronville,2022-03-10
user_000125,Diane Cummings,mathewaguilar@example.org,23,student,moderate,971,4,roomspace_25,Kylefurt,2021-04-11
user_000126,Teresa Collins,vschneider@example.org,33,family,moderate,4170,4,roomspace_25,Lake Ellenhaven,2021-10-09
user_000127,Eric Bean,stacey73@example.org,22,student,impulsive,1389,4,roomspace_25,East Chris,2022-10-18
user_000128,Katie Fernandez,stanleynancy@example.net,21,student,moderate,877,4,roomspace_25,New Nicholas,2021-05-07
user_000129,Michael Weber,jenniferwilliams@example.com,26,young_professional,lavish,3427,2,roomspace_43,South Cheryl,2022-08-08
user_000130,Joann Ferguson,tammy73@example.com,26,young_professional,comfortable,3630,3,roomspace_32,Murrayport,2022-08-28
user_000131,Joseph Burch,laurietaylor@example.com,24,student,frugal,1477,3,roomspace_32,Lake Timothystad,2022-03-07
user_000132,Michelle Black,mitchellkathryn@example.com,25,young_professional,lavish,3739,2,roomspace_44,Whiteheadberg,2022-10-08
user_000133,Travis Walker,bwilkerson@example.com,23,student,moderate,1450,3,roomspace_33,South Waynebury,2021-10-27
user_000134,Jade Johnson DVM,lacey20@example.com,33,young_professional,moderate,3977,3,roomspace_33,Hortonberg,2022-08-13
user_000135,Joan Smith,smithjason@example.org,47,family,moderate,5480,5,roomspace_22,Rodriguezport,2021-07-04
user_000136,Anthony Barnes,fbrown@example.net,38,family,comfortable,4820,3,roomspace_34,Lake Zacharybury,2022-07-13
user_000137,Jeffrey Mendez,ashleylopez@example.net,25,student,moderate,1049,3,roomspace_34,New Theresaland,2022-02-13
user_000138,Rachel Romero,myerstheodore@example.net,30,young_professional,lavish,2058,2,roomspace_46,Zavalaview,2022-08-04
user_000139,Richard Cooper,ingramjill@example.com,21,student,frugal,1163,3,roomspace_34,North Michael,2021-09-20
user_000140,Carrie Maxwell,epollard@example.net,33,freelancer,moderate,2638,0,,Port Dennis,2022-07-11
user_000141,Judith Carter,moodynina@example.com,21,student,moderate,1216,3,roomspace_35,Zacharyside,2022-01-03
user_000142,Paul Lee,michelle05@example.com,25,student,moderate,1461,4,roomspace_28,Port Michealfurt,2022-08-01
user_000143,Tyler Morgan,tylerjimenez@example.net,32,family,moderate,4705,3,roomspace_35,Lauriechester,2021-03-03
user_000144,Zachary White,manuel15@example.net,23,student,moderate,1284,4,roomspace_28,Kirkchester,2021-05-10
user_000145,Heather Williams,christina64@example.net,33,young_professional,comfortable,2677,2,roomspace_48,North Emilyfurt,2021-10-10
user_000146,Nicole Moore,thomascathy@example.com,22,student,moderate,1036,2,roomspace_48,East Carlosstad,2021-10-09
user_000147,Keith Jacobs,xrush@example.com,20,student,moderate,996,2,roomspace_49,New Devinstad,2021-11-06
user_000148,Donald Horne,fitzgeraldvictor@example.com,22,student,frugal,902,2,roomspace_49,West Kimberlymouth,2021-06-16
user_000149,Donna Hendricks DDS,taylorcharles@example.org,22,student,moderate,814,4,roomspace_29,Osbornmouth,2022-06-03
user_000150,Austin Daniels,melissa25@example.net,18,student,moderate,1366,3,roomspace_37,North Tracie,2022-09-08
user_000151,Richard Johnson,tanner82@example.net,25,student,moderate,905,2,roomspace_50,North Kylefort,2022-02-13
user_000152,Jason Andrews,teresaday@example.com,32,young_professional,lavish,2697,1,roomspace_76,Frazierstad,2021-04-10
user_000153,Penny Bowman,katrinaanderson@example.net,25,student,moderate,916,2,roomspace_51,Port Davidberg,2021-08-25
user_000154,Frank Fletcher,stacey84@example.org,18,student,impulsive,955,2,roomspace_51,Jamesside,2021-08-02
user_000155,Eric Ferguson,brittanycarpenter@example.org,27,freelancer,moderate,2008,0,,Meganshire,2021-02-01
user_000156,Alyssa Williams,debra96@example.net,34,young_professional,moderate,3619,3,roomspace_39,South Pamelaside,2021-08-13
user_000157,Elizabeth Sanchez,eevans@example.net,32,young_professional,moderate,3860,2,roomspace_52,East Scottfort,2021-12-27
user_000158,Lawrence Edwards,jessica56@example.org,31,young_professional,comfortable,2625,3,roomspace_39,Zacharyville,2021-09-05
user_000159,Bryan Cole,colinroberts@example.com,26,young_professional,comfortable,3940,1,roomspace_79,Wrightburgh,2022-09-24
user_000160,Kenneth Edwards,tyronerobertson@example.com,19,student,frugal,960,2,roomspace_53,Tylerland,2021-11-02
user_000161,Tracy Lewis,brandon47@example.net,18,student,moderate,1218,3,roomspace_40,Mitchelltown,2022-10-21
user_000162,Cesar Baker,kathryn50@example.com,25,young_professional,comfortable,2474,2,roomspace_54,New Annastad,2022-03-06
user_000163,James Cole,marcia99@example.org,44,family,comfortable,3791,3,roomspace_40,North Phillip,2022-09-10
user_000164,Ms. Holly Thomas,cporter@example.org,50,family,moderate,5915,3,roomspace_41,Lake Mason,2022-01-03
user_000165,Brittany Barry,markaustin@example.org,35,young_professional,lavish,2305,2,roomspace_55,Ewingport,2022-04-07
user_000166,Ronald Patel,thomas05@example.com,20,student,moderate,1114,4,roomspace_33,South Brandytown,2022-04-09
user_000167,Walter Patton,jennifersilva@example.org,29,young_professional,comfortable,2899,1,roomspace_83,Hernandezbury,2021-01-25
user_000168,Melody Lee,jedwards@example.com,24,student,moderate,1078,4,roomspace_33,South Warren,2022-04-20
user_000169,Shelley Fitzgerald,thorntonapril@example.net,34,young_professional,comfortable,2081,2,roomspace_56,Whitneyfort,2022-02-13
user_000170,Tyler Stevens,amy49@example.com,25,young_professional,lavish,2187,1,roomspace_85,East Joshua,2021-08-20
user_000171,William Evans,janet75@example.com,48,family,comfortable,5904,2,roomspace_57,Annview,2021-08-12
user_000172,Michael James,xcardenas@example.org,29,young_professional,comfortable,3180,1,roomspace_86,Bobbyland,2021-09-27
user_000173,Mary Burgess,jamesryan@example.net,25,student,impulsive,1084,2,roomspace_57,Derrickshire,2021-07-05
user_000174,Michael Schmidt,briangutierrez@example.net,32,young_professional,comfortable,3984,1,roomspace_87,Garciaberg,2021-01-05
user_000175,Vanessa Moore,mwoods@example.com,30,young_professional,lavish,3372,1,roomspace_87,Justinton,2022-12-07
user_000176,Marissa Hall,gentrygregory@example.org,25,student,impulsive,1095,4,roomspace_35,Port Randyfort,2021-05-25
user_000177,Tonya Howe,smithashley@example.org,47,family,moderate,3650,5,roomspace_29,Justinside,2022-02-12
user_000178,Todd Rosales MD,lisarivera@example.net,19,student,impulsive,1213,4,roomspace_35,Wongburgh,2021-01-11
user_000179,Rachel Bradley,gregorychase@example.com,25,student,frugal,1223,2,roomspace_59,Robertsonland,2021-11-08
user_000180,Cathy Taylor,shari04@example.com,25,student,moderate,1440,3,roomspace_45,South Karen,2021-09-14
user_000181,Nathan Smith,heather01@example.com,20,student,impulsive,1094,3,roomspace_45,Erikhaven,2022-12-18
user_000182,Michele Collins,fowlershelia@example.com,25,young_professional,comfortable,3993,3,roomspace_45,East Susan,2022-01-07
user_000183,Paul Obrien,emiles@example.net,20,student,frugal,1118,4,roomspace_36,Port John,2022-08-10
user_000184,Rachel Fox,christian91@example.org,28,young_professional,comfortable,3723,1,roomspace_92,New Amanda,2021-05-08
user_000185,Joseph Wilson,jenniferburns@example.net,20,student,frugal,1310,4,roomspace_37,Stokesmouth,2021-04-13
user_000186,Joyce Brown,tchambers@example.net,43,family,moderate,5476,5,roomspace_31,South Jonathantown,2022-08-03
user_000187,Benjamin Henderson,weaverbrian@example.org,31,young_professional,comfortable,2390,3,roomspace_46,Johnsonchester,2021-05-20
user_000188,Pamela Good,ybrooks@example.com,27,freelancer,moderate,2065,1,roomspace_94,Bennettside,2021-04-14
user_000189,Hannah White,urice@example.org,38,family,comfortable,3510,4,roomspace_37,Port Andrewport,2021-12-26
user_000190,Kimberly Patel,johnreed@example.com,48,family,moderate,5505,3,roomspace_47,Lake Kathy,2021-01-26
user_000191,Jennifer Miranda,allencarlos@example.net,30,young_professional,comfortable,3130,3,roomspace_47,South Carlaton,2021-07-10
user_000192,Jennifer Young,karenparsons@example.org,31,freelancer,moderate,2928,0,,Jimshire,2021-09-05
user_000193,Patricia Cardenas,kevinthomas@example.net,24,student,moderate,844,3,roomspace_48,South Kevin,2021-02-17
user_000194,Leslie Moss,conniesimmons@example.com,42,family,moderate,5081,3,roomspace_48,West Shellyfurt,2022-09-03
user_000195,Melissa Russell,nicholas87@example.org,23,student,frugal,902,3,roomspace_48,West Meredith,2021-04-23
user_000196,Suzanne Hart,igrant@example.com,25,freelancer,moderate,2979,0,,West James,2022-05-18
user_000197,Jerry Watson,brettbennett@example.net,27,young_professional,comfortable,2153,2,roomspace_65,Port Charlesshire,2022-07-17
user_000198,Claire Clark,kevin03@example.org,24,student,impulsive,1465,2,roomspace_66,Lake Yvonnefort,2022-12-12
user_000199,Larry Harris,andrearowe@example.com,37,freelancer,moderate,3454,1,roomspace_99,Fergusonstad,2021-08-28
user_000200,Jose Crawford,langjennifer@example.com,40,freelancer,frugal,3286,2,roomspace_66,West Lawrence,2021-02-05
user_000201,Connie Thomas,angela99@example.net,22,student,frugal,1032,4,roomspace_40,Phillipsborough,2021-09-14
user_000202,Kelly Sanchez,jonathan77@example.com,60,budget_conscious,frugal,702,2,roomspace_67,Lake Laura,2021-05-12
user_000203,Joshua White,warrenmary@example.org,18,student,moderate,847,3,roomspace_50,Port Adamberg,2022-10-17
user_000204,Andrea Hernandez,williambrooks@example.net,23,student,frugal,1241,2,roomspace_68,Hopkinstown,2021-01-06
user_000205,Jennifer Smith,amanda40@example.net,35,young_professional,moderate,3623,1,roomspace_102,Drakeburgh,2021-03-25
user_000206,Kelly Allen,lisa46@example.org,24,student,frugal,1434,4,roomspace_41,Susanmouth,2022-03-15
user_000207,Michael Evans,valdezmichele@example.org,29,freelancer,moderate,1975,1,roomspace_103,South Nicholasside,2022-01-05
user_000208,Adam Jackson,pbruce@example.com,35,young_professional,lavish,2019,2,roomspace_69,New Samanthabury,2021-06-14
user_000209,Melissa Knight,brandon14@example.net,27,young_professional,lavish,2151,2,roomspace_69,East Sarahmouth,2021-01-13
user_000210,Laurie Goodwin,thickman@example.org,39,budget_conscious,frugal,1034,3,roomspace_52,New Mary,2021-10-30
user_000211,Kimberly Reyes,krystalnorris@example.org,36,family,moderate,5075,5,roomspace_35,Brianchester,2021-06-30
user_000212,Gina Mack,unovak@example.org,23,student,impulsive,1388,3,roomspace_53,Kristenmouth,2022-01-17
user_000213,Juan Bennett,eringuerrero@example.org,24,student,moderate,1081,2,roomspace_71,Laurenland,2021-03-05
user_000214,James Bowers,jodistewart@example.org,25,young_professional,comfortable,3864,3,roomspace_53,North Sherrymouth,2021-10-07
user_000215,Ashley Miller,jcole@example.net,39,family,moderate,4442,4,roomspace_43,Garcialand,2021-10-02
user_000216,Linda Mueller,asmith@example.com,22,student,moderate,1494,4,roomspace_43,Lake Rachelbury,2022-03-21
user_000217,Melissa Jackson,kevin72@example.org,27,young_professional,lavish,3286,1,roomspace_108,South Joshua,2021-08-21
user_000218,Mr. David Wright,mwheeler@example.com,29,young_professional,moderate,3615,2,roomspace_72,East Kevinfurt,2021-09-16
user_000219,Jamie Atkins,pcook@example.net,20,student,frugal,892,3,roomspace_54,West Malik,2022-06-25
user_000220,Ernest Oconnell,kelly79@example.org,28,young_professional,lavish,2270,3,roomspace_55,Nicholasfurt,2021-10-11
user_000221,Justin Vargas,erinpierce@example.net,22,student,impulsive,968,3,roomspace_55,Hahnborough,2021-12-07
user_000222,Sandra Jones,ichambers@example.net,34,freelancer,impulsive,3028,1,roomspace_111,Johnberg,2022-07-10
user_000223,James Cole,iaguilar@example.net,26,young_professional,lavish,2288,1,roomspace_111,Stephensstad,2022-06-29
user_000224,Kimberly Little,rodriguezjohn@example.net,42,family,moderate,5782,4,roomspace_44,Gabrielton,2022-03-14
user_000225,Miss Jennifer Goodwin,grodriguez@example.com,22,student,moderate,1349,2,roomspace_75,New Julie,2022-03-10
user_000226,Laura Griffin,rford@example.net,35,young_professional,comfortable,2536,3,roomspace_56,West Whitney,2022-01-10
user_000227,Jason Nixon,guerrajessica@example.com,30,young_professional,moderate,2221,3,roomspace_56,Matthewborough,2022-02-09
user_000228,Mr. Jeffrey Horton,carlos01@example.org,23,student,moderate,1424,2,roomspace_76,Deborahburgh,2022-12-24
user_000229,Mrs. Carrie Moore,omullen@example.com,32,young_professional,comfortable,3862,3,roomspace_57,East Danielle,2021-12-02
user_000230,Omar Ware,yvargas@example.org,27,young_professional,comfortable,2092,1,roomspace_115,East Joshua,2022-07-01
user_000231,Amy Garcia,michaelgonzalez@example.org,26,young_professional,moderate,2480,3,roomspace_57,Emilyfort,2022-02-14
user_000232,Emily Price,wmatthews@example.com,35,young_professional,comfortable,3944,3,roomspace_58,Williamsonport,2022-12-15
user_000233,Angela Anderson,allendaryl@example.com,34,young_professional,moderate,3520,3,roomspace_58,New Paul,2022-04-09
user_000234,James Lopez,angelaburns@example.org,26,young_professional,comfortable,3707,2,roomspace_78,West Megan,2022-04-27
user_000235,Ian Smith,jamescruz@example.net,33,freelancer,moderate,1567,2,roomspace_78,Ortizfort,2021-11-19
user_000236,Jill Jackson,flynnjeffrey@example.org,28,young_professional,moderate,3751,2,roomspace_78,Jeffreyport,2021-05-11
user_000237,Krystal Barton,hdunn@example.net,33,young_professional,comfortable,3846,3,roomspace_59,West Kimberlystad,2022-02-26
user_000238,Amanda Ball,veronicagarcia@example.net,21,student,frugal,925,3,roomspace_59,West Nancy,2021-01-26
user_000239,Gregory Montoya,hgrimes@example.org,18,student,frugal,851,3,roomspace_59,Port Joan,2022-06-20
user_000240,Michael Chen,christinaglover@example.org,21,student,frugal,870,4,roomspace_48,New Michaelview,2022-04-09
user_000241,Erica Padilla,ashley81@example.org,21,student,moderate,1136,2,roomspace_80,Sellersview,2022-11-05
user_000242,Meredith Anderson,jenniferpoole@example.net,29,young_professional,lavish,3758,1,roomspace_121,Burnsshire,2022-05-07
user_000243,Jason Hayes,powellkara@example.net,27,young_professional,lavish,2225,3,roomspace_60,Shawnfort,2021-09-12
user_000244,Sheila Boone,simonstephen@example.net,23,student,frugal,1043,4,roomspace_48,Melissaside,2021-11-05
user_000245,Jeffrey Lewis,marcus45@example.net,18,student,moderate,929,4,roomspace_49,New Melissa,2022-09-05
user_000246,Michael Williams,simsmary@example.org,19,student,moderate,1287,3,roomspace_61,Port Ericmouth,2021-01-01
user_000247,Jessica Forbes DVM,erik41@example.net,26,young_professional,moderate,2925,3,roomspace_61,Johnstad,2022-06-01
user_000248,Carol Sanders,jessica36@example.net,35,young_professional,comfortable,3067,2,roomspace_82,Lake Codyborough,2022-01-06
user_000249,Kevin Stone,ssmith@example.com,23,budget_conscious,frugal,1090,2,roomspace_83,Port Robertberg,2022-01-07
user_000250,James Cross,garciamichael@example.com,25,student,frugal,875,2,roomspace_83,South Kiara,2022-08-08
user_000251,Margaret Byrd,morenoalan@example.net,20,student,moderate,1081,4,roomspace_50,South Michael,2021-06-15
user_000252,Brittany Jenkins,fheath@example.org,30,young_professional,comfortable,2780,3,roomspace_63,Port David,2022-07-22
user_000253,Victor Edwards,johnnewman@example.org,34,young_professional,comfortable,2881,1,roomspace_126,Kimberlytown,2022-10-21
user_000254,Sheri Harris,juliephillips@example.org,21,student,impulsive,1240,3,roomspace_63,South Paul,2021-07-07
user_000255,Mr. Joseph Levine DVM,david96@example.com,32,young_professional,comfortable,2816,2,roomspace_85,Port Thomas,2022-08-22
user_000256,Kevin Smith,billbrown@example.com,23,student,frugal,1481,3,roomspace_64,Courtneyhaven,2022-08-19
user_000257,Michael Miller,joshuacollins@example.net,25,student,impulsive,868,2,roomspace_85,Port Eric,2021-09-11
user_000258,Mark Davenport,collinssamuel@example.org,19,student,moderate,1181,2,roomspace_86,East Christopherchester,2021-04-01
user_000259,Lee Parker,davidzimmerman@example.net,33,young_professional,comfortable,3150,2,roomspace_86,East Tylerstad,2022-02-11
user_000260,Samantha Green,david41@example.org,35,young_professional,lavish,3927,2,roomspace_86,Lindsayview,2022-02-11
user_000261,Michael Ray,crawfordwilliam@example.org,39,family,moderate,5959,4,roomspace_52,Villarrealburgh,2021-10-13
user_000262,Raymond Shannon,perezwilliam@example.org,28,young_professional,comfortable,2316,3,roomspace_65,East Brandonstad,2021-10-25
user_000263,Cassidy Horne,tranrobin@example.net,41,family,moderate,5778,4,roomspace_52,Walkerbury,2021-11-20
user_000264,Erica Mckenzie,david02@example.org,21,student,impulsive,1239,4,roomspace_52,South Caseymouth,2022-11-04
user_000265,Ryan Murphy,msmith@example.com,49,family,comfortable,5780,2,roomspace_88,Jodibury,2021-12-27
user_000266,Wesley Cuevas,jessicapayne@example.org,29,young_professional,moderate,2059,1,roomspace_133,North Sarah,2021-01-19
user_000267,Gregory Franco,tapiaaaron@example.net,40,family,moderate,4937,2,roomspace_89,Sweeneyport,2021-03-22
user_000268,William Barnes,kaufmandouglas@example.com,24,student,moderate,871,2,roomspace_89,North Samanthahaven,2021-11-17
user_000269,Jacqueline Villegas,carpenterwilliam@example.net,25,budget_conscious,frugal,1143,1,roomspace_134,Jonesshire,2021-02-18
user_000270,Victor Young,melissa65@example.com,27,young_professional,comfortable,2757,2,roomspace_90,Nelsonland,2021-06-07
user_000271,Randy Rodriguez,martinsteven@example.com,48,family,comfortable,5942,2,roomspace_90,New Michaelborough,2021-12-18
user_000272,Derek Wilson,lindseytorres@example.net,18,student,frugal,1490,2,roomspace_90,East Marymouth,2021-04-26
user_000273,David Kelly,byrdjorge@example.org,32,young_professional,comfortable,3243,2,roomspace_91,South Melissaside,2022-08-05
user_000274,Anna Garcia,davidbrown@example.org,19,student,frugal,1153,3,roomspace_68,East Madison,2021-10-17
user_000275,Teresa Miller,samantha10@example.org,34,young_professional,comfortable,2996,3,roomspace_68,Lake Scott,2021-04-11
user_000276,Ryan Lamb,williamssteven@example.org,24,student,frugal,1413,2,roomspace_92,Underwoodfurt,2022-01-21
user_000277,Michael Thompson,rebekahhill@example.com,21,student,frugal,940,3,roomspace_69,North Christina,2022-04-25
user_000278,Edward Jenkins,rbrown@example.com,25,student,frugal,1240,2,roomspace_92,South James,2022-11-19
user_000279,Danielle Mcknight,mayokimberly@example.com,28,young_professional,lavish,3024,3,roomspace_69,Stephensfort,2021-09-25
user_000280,Kathryn Price,anthonyharper@example.org,32,family,moderate,5126,2,roomspace_93,Brianfort,2022-02-16
user_000281,Kevin Hall,craigsandoval@example.com,26,young_professional,comfortable,3765,2,roomspace_93,Port Wendybury,2022-03-24
user_000282,Rebecca Kelly,gregorywatkins@example.net,35,young_professional,moderate,2855,2,roomspace_94,Robintown,2022-07-01
user_000283,Theresa Elliott,marycochran@example.com,23,student,moderate,975,4,roomspace_56,Gregoryton,2021-03-12
user_000284,Kyle Smith,nsmith@example.org,30,young_professional,lavish,2180,2,roomspace_94,West Jennifer,2022-12-15
user_000285,Sheena Brown,brendastark@example.org,24,student,frugal,1336,2,roomspace_95,Susanstad,2022-07-02
user_000286,Jennifer Garcia,marcus26@example.net,23,student,moderate,1026,3,roomspace_71,Banksburgh,2022-07-04
user_000287,Melissa Mcfarland,jeffrey92@example.com,19,student,frugal,1343,4,roomspace_57,Jessicaport,2021-04-09
user_000288,Aaron Miles,xrosales@example.net,41,family,moderate,4104,3,roomspace_72,East Carriebury,2022-05-12
user_000289,Taylor Taylor,youngtoni@example.org,20,student,moderate,1416,2,roomspace_96,Port Jennamouth,2021-12-13
user_000290,Daniel Steele,jonathan10@example.org,27,young_professional,comfortable,3948,3,roomspace_72,Kimchester,2021-05-10
user_000291,Katherine Gray,egarcia@example.net,48,family,comfortable,5338,4,roomspace_58,East Shannon,2022-09-13
user_000292,Elizabeth Flores,jonesgeorge@example.com,27,young_professional,comfortable,2900,1,roomspace_146,Lake Charles,2022-11-29
user_000293,Gail Galloway,bbush@example.net,29,young_professional,comfortable,3211,1,roomspace_146,New Pamela,2021-05-03
user_000294,Gary Mccann,uterry@example.net,25,student,frugal,1262,2,roomspace_98,Donnaport,2021-07-04
user_000295,James Dunn,xhernandez@example.org,32,family,moderate,3869,5,roomspace_49,Millerfort,2021-06-05
user_000296,Daniel Little,wellsdarrell@example.com,25,young_professional,comfortable,2921,3,roomspace_74,Burnsview,2021-03-12
user_000297,Jasmine Watson,cwood@example.org,25,student,impulsive,1313,2,roomspace_99,Scottview,2021-06-25
user_000298,Kristy Hernandez,millermaurice@example.net,30,young_professional,comfortable,3462,1,roomspace_149,Arellanoshire,2021-06-26
user_000299,Sara Cardenas,rsheppard@example.com,21,student,moderate,1248,3,roomspace_74,South Kent,2021-11-03
user_000300,Michelle Shaw,davidtodd@example.org,30,young_professional,comfortable,2763,2,roomspace_100,East Lindsey,2021-04-09
user_000301,Blake Vega,wendyburton@example.net,49,family,moderate,3714,4,roomspace_60,Luisland,2021-03-09
user_000302,James Nguyen,april09@example.net,24,student,moderate,1090,3,roomspace_75,Rodriguezberg,2021-04-26
user_000303,Lauren Hanna,buckleyanna@example.org,34,young_professional,comfortable,3788,1,roomspace_151,Mikaylastad,2022-11-13
user_000304,James Washington,rjohnson@example.com,27,young_professional,comfortable,3877,2,roomspace_101,New Charlotte,2022-06-23
user_000305,James Koch,brandonalvarez@example.com,35,young_professional,comfortable,2802,1,roomspace_152,Andrewport,2021-08-30
user_000306,John Horton,comptonjeremy@example.com,34,freelancer,moderate,2644,1,roomspace_153,Schroedermouth,2021-07-29
user_000307,Lisa Davis,alewis@example.net,20,student,impulsive,1486,4,roomspace_61,Malonestad,2022-09-30
user_000308,Rick Jones,htaylor@example.net,46,family,moderate,3882,5,roomspace_51,East Jamesborough,2022-10-13
user_000309,Andrew Williams,janet45@example.com,22,student,frugal,984,2,roomspace_103,Reidville,2022-06-14
user_000310,Jaime Wheeler,susanwells@example.net,36,family,moderate,4427,3,roomspace_77,Maxview,2022-08-05
user_000311,Ann Johnson,martinashley@example.org,19,student,impulsive,1319,4,roomspace_62,Lake Jeffrey,2021-06-10
user_000312,Jason Smith,wellsdavid@example.org,26,freelancer,impulsive,2855,1,roomspace_156,East Johnnyport,2022-07-08
user_000313,Maria Coleman,dyork@example.com,34,young_professional,moderate,2771,1,roomspace_156,South Kevin,2022-02-09
user_000314,Jennifer Garcia,anna99@example.com,49,family,moderate,4178,5,roomspace_52,Gabriellefort,2021-02-19
user_000315,Donald Nguyen,jose43@example.org,21,student,frugal,1254,4,roomspace_63,North Linda,2022-09-16
user_000316,Jennifer Flores,jenniferrios@example.com,44,family,moderate,4458,3,roomspace_79,Rebeccafurt,2021-10-29
user_000317,Lauren Cooley,matthewreeves@example.net,45,family,comfortable,4294,4,roomspace_63,Knoxstad,2022-01-30
user_000318,Christopher Sandoval,kellyruiz@example.net,32,young_professional,comfortable,2945,2,roomspace_106,Jessicaside,2022-08-16
user_000319,Theresa Lam,walkerjeffrey@example.com,31,young_professional,lavish,3978,1,roomspace_159,Frenchmouth,2021-10-16
user_000320,Edward York,obrown@example.net,34,family,comfortable,4524,2,roomspace_106,South Pamelahaven,2021-04-04
user_000321,Jane Evans,pittsedward@example.org,28,freelancer,impulsive,2956,2,roomspace_107,Robertshire,2022-11-25
user_000322,Judith Stewart,kimberlyfreeman@example.net,20,student,impulsive,1079,3,roomspace_80,West Cynthia,2021-01-04
user_000323,Daniel Ayala,tracygallagher@example.org,24,student,impulsive,893,2,roomspace_107,New Ryan,2021-11-30
user_000324,Vincent Reyes,fergusonjessica@example.org,25,freelancer,moderate,2349,0,,Katherinehaven,2021-05-29
user_000325,Aaron Gross,heathercooper@example.org,24,student,frugal,883,3,roomspace_81,South Wesleyport,2021-05-10
user_000326,Angel Fry,mluna@example.net,19,student,moderate,1465,3,roomspace_81,Ryanberg,2021-09-24
user_000327,Katherine Christensen MD,osmith@example.net,22,student,impulsive,1283,4,roomspace_65,East Jessica,2022-04-04
user_000328,Barbara Dawson,brooksdanielle@example.net,45,family,comfortable,5337,2,roomspace_109,New Virginiaville,2022-05-23
user_000329,Amber Wilson,jjames@example.com,21,student,impulsive,953,4,roomspace_65,Milesborough,2022-06-24
user_000330,Alexandra Fisher,batesjoseph@example.net,31,young_professional,moderate,2227,2,roomspace_110,South Maria,2021-03-23
user_000331,Lisa Campbell,jimenezchelsea@example.com,21,student,moderate,1229,4,roomspace_66,West Jade,2021-08-18
user_000332,Joshua Lozano,arivera@example.org,26,young_professional,comfortable,3713,2,roomspace_110,North Maryfort,2021-04-26
user_000333,Penny Jones,conwaydawn@example.com,21,student,moderate,947,3,roomspace_83,Josephton,2021-03-19
user_000334,Shelly Phelps,laurie56@example.net,28,young_professional,moderate,3168,2,roomspace_111,North Melissaton,2021-01-08
user_000335,Mary Jackson,patricia94@example.net,33,young_professional,moderate,3996,2,roomspace_111,West Lisaburgh,2021-03-30
user_000336,Victor Nelson,evaughn@example.com,33,young_professional,comfortable,3610,3,roomspace_84,North David,2022-07-19
user_000337,Tommy Moore,epruitt@example.net,25,student,frugal,844,4,roomspace_67,Whitefurt,2022-08-29
user_000338,Allen Cohen,timothyfreeman@example.com,18,student,frugal,1165,2,roomspace_112,Williamsview,2022-05-24
user_000339,Michael Gregory,tiffanysantiago@example.com,50,family,moderate,3924,4,roomspace_67,South Dorothybury,2022-01-10
user_000340,Michael Cruz,smithsarah@example.net,23,student,impulsive,1458,2,roomspace_113,Christianburgh,2021-02-28
user_000341,Erica Rivera,brent38@example.net,32,young_professional,lavish,3293,1,roomspace_170,Powellbury,2021-03-03
user_000342,Robert West,hwest@example.com,25,student,frugal,837,3,roomspace_85,North Richardton,2022-03-09
user_000343,Samantha Conner,pamela83@example.net,31,family,moderate,4792,4,roomspace_68,Clementsstad,2022-10-04
user_000344,Daniel Gibson,xmoran@example.net,54,budget_conscious,frugal,1084,2,roomspace_114,Wilsonbury,2021-01-02
user_000345,Ronald Brandt,amy51@example.org,29,young_professional,lavish,2731,1,roomspace_172,South Donald,2022-07-11
user_000346,Jennifer King,jacobconrad@example.com,19,student,impulsive,1176,3,roomspace_86,South Makayla,2021-05-29
user_000347,Ashley Perry,bartonshannon@example.net,42,family,moderate,4888,3,roomspace_86,South Adam,2022-07-26
user_000348,Timothy Roberson,xglass@example.org,33,young_professional,comfortable,2546,1,roomspace_174,Lake Lisa,2021-03-22
user_000349,Kyle Andrade,mbarnes@example.net,20,student,frugal,1358,3,roomspace_87,West Raymond,2021-09-24
user_000350,Jodi Anderson,vmorrison@example.net,22,student,moderate,1113,3,roomspace_87,Meganside,2022-10-31
user_000351,Norman Spencer,jamesweber@example.com,32,young_professional,moderate,2719,2,roomspace_117,Samanthaberg,2022-07-06
user_000352,Tina Gordon,jennifer58@example.com,36,freelancer,frugal,2759,1,roomspace_176,Craigside,2021-08-11
user_000353,Jenny Smith,johnsondustin@example.net,23,budget_conscious,frugal,676,3,roomspace_88,East Josephburgh,2021-08-11
user_000354,Brianna Brown,james80@example.com,20,student,impulsive,831,2,roomspace_118,Garciaside,2022-11-03
user_000355,Matthew Price,heather06@example.com,32,young_professional,moderate,2071,1,roomspace_177,Fryemouth,2022-03-05
user_000356,Patrick Harris,ogreer@example.net,41,family,comfortable,4983,5,roomspace_59,Kariside,2022-07-28
user_000357,Patty Brandt,shane12@example.org,20,student,impulsive,1495,3,roomspace_89,South Billyview,2022-03-09
user_000358,Christopher Singleton,riverajenna@example.org,19,student,moderate,1387,2,roomspace_119,East Sarahton,2022-08-24
user_000359,Lisa Stanley,jtyler@example.com,22,student,frugal,1055,2,roomspace_119,Port Jasminehaven,2021-06-20
user_000360,Kelly Hartman,robertherrera@example.org,24,student,frugal,1375,2,roomspace_120,Jeffreyborough,2022-05-31
user_000361,Isaac Robinson,wbarajas@example.net,25,student,frugal,1019,4,roomspace_72,North Elizabethmouth,2021-07-06
user_000362,Lisa Oliver,flemingmanuel@example.org,40,freelancer,frugal,1909,0,,Scottport,2021-01-20
user_000363,Samantha Brooks,stucker@example.net,20,student,impulsive,1255,2,roomspace_121,West Willie,2021-03-16
user_000364,Tyler Medina,simsjason@example.net,40,budget_conscious,frugal,955,3,roomspace_91,Port Gina,2022-10-12
user_000365,Joshua Park,elucas@example.net,29,young_professional,comfortable,3743,1,roomspace_182,North Stephen,2021-09-15
user_000366,Benjamin Thompson,angela93@example.com,30,freelancer,moderate,3125,1,roomspace_183,Hughesfurt,2021-12-03
user_000367,James Wilson,maychristine@example.net,21,student,moderate,942,2,roomspace_122,Lake Melaniestad,2022-12-22
user_000368,Donna Jennings,campbellsara@example.com,23,student,frugal,1278,4,roomspace_73,Shorttown,2022-01-04
user_000369,Daniel Francis,susan24@example.net,27,freelancer,impulsive,2133,1,roomspace_184,Susantown,2022-03-06
user_000370,Brenda Williams,fmedina@example.com,46,family,comfortable,5182,5,roomspace_61,Lake Judith,2022-07-18
user_000371,Jason Brewer,eugenewalker@example.com,23,student,moderate,1457,2,roomspace_123,North Howard,2022-09-14
user_000372,Amy Potter,enewman@example.com,30,young_professional,comfortable,2262,3,roomspace_93,West Coreyshire,2022-01-14
user_000373,Heather Lambert,craigharvey@example.org,20,student,impulsive,1243,4,roomspace_74,Toddmouth,2022-04-24
user_000374,Melissa Hernandez,lindsey62@example.org,19,student,frugal,1330,2,roomspace_124,Johnbury,2022-07-08
user_000375,Jessica Larsen,erinrivera@example.com,21,student,impulsive,1154,4,roomspace_75,Griffinport,2022-01-14
user_000376,Casey Obrien,michele28@example.org,38,family,moderate,4304,4,roomspace_75,Jessicaland,2022-07-20
user_000377,Albert Hunter,hessbeth@example.net,19,student,frugal,1314,4,roomspace_75,North Andrea,2022-02-27
user_000378,Kimberly Valdez,michaelwalker@example.net,29,freelancer,moderate,1850,2,roomspace_126,Dennishaven,2022-02-01
user_000379,Jack Smith,melaniedrake@example.net,35,freelancer,frugal,3225,2,roomspace_126,Port Willie,2021-12-13
user_000380,Keith Knight,jillwebb@example.com,27,freelancer,impulsive,1593,2,roomspace_126,East Kathleenbury,2021-02-18
user_000381,David Barnett,paul70@example.org,21,student,moderate,1385,3,roomspace_95,Dakotahaven,2022-05-08
user_000382,Sandy Baker,nicholasgray@example.net,22,student,moderate,1457,3,roomspace_95,New Johnbury,2022-02-06
user_000383,Robert Reed,aeaton@example.net,42,family,moderate,4718,5,roomspace_63,South Gabriel,2021-03-01
user_000384,Diana Hernandez,michaellove@example.org,25,student,moderate,1225,3,roomspace_96,South Lisa,2022-07-14
user_000385,Michael Mendoza,deborahjenkins@example.org,20,student,frugal,1120,4,roomspace_77,East Ashleyburgh,2021-04-15
user_000386,Amanda Armstrong,jacksonsandra@example.net,42,budget_conscious,frugal,1008,1,roomspace_193,Greeneshire,2022-05-11
user_000387,Nathan Stanley,stacey37@example.net,26,young_professional,comfortable,2653,1,roomspace_193,Dillonburgh,2021-06-20
user_000388,Lindsay Norton,cindydixon@example.org,21,student,frugal,944,2,roomspace_129,Sandrashire,2021-02-23
user_000389,James Rodriguez,alexandrablankenship@example.net,38,freelancer,impulsive,2008,0,,Serranoville,2021-05-18
user_000390,Lucas Williams,davisdonna@example.net,35,freelancer,moderate,1888,0,,Port Erikachester,2022-02-10
user_000391,Shaun Wolfe,zperez@example.com,32,young_professional,comfortable,3800,2,roomspace_130,Bellshire,2021-03-17
user_000392,David Cannon,campbellnancy@example.com,24,student,impulsive,1317,3,roomspace_98,Jacobtown,2022-03-25
user_000393,Kelly Brooks,gwendolynstewart@example.com,23,student,frugal,849,2,roomspace_131,East Ronaldshire,2021-07-17
user_000394,Joshua Cunningham,victoria63@example.com,35,young_professional,moderate,3377,2,roomspace_131,Whiteside,2022-03-08
user_000395,Dr. Kenneth Schroeder,qfitzgerald@example.org,19,student,impulsive,1241,2,roomspace_131,South Krista,2021-05-06
user_000396,Jordan Hartman,martintamara@example.org,42,family,moderate,4998,2,roomspace_132,Port Dustinchester,2021-03-10
user_000397,Daniel Miller,ramseysarah@example.com,28,young_professional,moderate,2742,3,roomspace_99,Jenniferton,2022-08-24
user_000398,Margaret Gonzales,melissagalvan@example.net,25,student,impulsive,1363,3,roomspace_99,Jameshaven,2022-02-05
user_000399,Lisa Craig,john02@example.org,34,young_professional,lavish,2243,1,roomspace_199,Kimberlystad,2022-06-05
user_000400,Kevin Holmes,calhounandrea@example.net,23,student,moderate,1371,3,roomspace_100,Michaelview,2021-06-25
user_000401,Cheyenne Spears,greenrichard@example.org,24,student,frugal,1312,2,roomspace_133,New Kellyville,2022-09-16
user_000402,Deanna Medina,heather69@example.com,23,student,moderate,1285,4,roomspace_80,Port Matthew,2022-08-26
user_000403,Joe Matthews,olsonjonathan@example.com,33,young_professional,lavish,2286,2,roomspace_134,Lake Jacqueline,2022-09-14
user_000404,Tyler Black,haynesjose@example.com,24,student,impulsive,1431,4,roomspace_80,South Emilymouth,2021-03-01
user_000405,Cassandra Edwards,patriciaadams@example.net,33,young_professional,comfortable,3696,3,roomspace_101,South Jillian,2021-07-02
user_000406,Shelley Clark,maryhuff@example.com,39,family,moderate,5445,2,roomspace_135,Port Daniel,2022-12-16
user_000407,Tyler Vasquez,duranamber@example.org,31,young_professional,comfortable,3195,2,roomspace_135,Watsonmouth,2022-01-18
user_000408,Sierra Andrews,travis84@example.com,50,family,moderate,3609,5,roomspace_68,Port Barbara,2021-02-12
user_000409,Jenny Ayers,shawphillip@example.net,34,young_professional,comfortable,3182,1,roomspace_204,South Tiffany,2022-06-27
user_000410,Emily Smith,nicolasgarcia@example.com,27,young_professional,comfortable,3073,3,roomspace_102,Jacobview,2021-07-04
user_000411,Tyler Cooper,victorclark@example.net,42,family,moderate,4105,3,roomspace_102,Michaelfurt,2021-08-06
user_000412,Kenneth Krause,lisale@example.org,28,freelancer,moderate,1890,0,,Chaseborough,2021-04-24
user_000413,Nancy Kennedy,thompsonvictor@example.net,31,young_professional,comfortable,3414,1,roomspace_206,Kristenport,2021-07-14
user_000414,Laura Ross,briancervantes@example.com,45,family,moderate,3755,3,roomspace_103,South Julieview,2021-10-08
user_000415,Justin Patrick,andrew15@example.net,35,young_professional,comfortable,2979,3,roomspace_103,New Barbara,2022-05-20
user_000416,Veronica Mitchell,emily77@example.org,49,budget_conscious,frugal,1145,2,roomspace_138,Austinmouth,2022-05-06
user_000417,Sheena Davidson,robert99@example.com,35,young_professional,moderate,3317,3,roomspace_104,North Fernandobury,2021-09-01
user_000418,Eddie Adams,cnelson@example.com,28,young_professional,moderate,2571,3,roomspace_104,Gutierrezburgh,2022-10-26
user_000419,Nicholas Stanley,clarkrandy@example.org,34,freelancer,impulsive,3079,1,roomspace_209,South Amytown,2022-08-22
user_000420,Phillip Miller,christine16@example.com,32,young_professional,comfortable,2649,2,roomspace_140,East Joan,2021-12-11
user_000421,Bonnie Roberson,johnsonmichael@example.com,33,freelancer,moderate,2089,0,,Mcdonaldside,2022-12-28
user_000422,Jeremy Montes,brittanybryant@example.net,31,young_professional,lavish,3676,2,roomspace_140,Millsside,2021-08-29
user_000423,Karen Perez,ramosmichael@example.com,39,family,comfortable,3672,4,roomspace_84,West Alex,2022-02-11
user_000424,Sarah Cooper,snichols@example.com,25,student,moderate,1471,3,roomspace_106,Evanschester,2022-09-12
user_000425,David Smith,jacob86@example.com,22,student,frugal,1375,4,roomspace_85,East Jennifer,2022-05-17
user_000426,James Baker,hgarrett@example.net,21,student,moderate,1048,2,roomspace_142,Justinside,2022-09-21
user_000427,Cole Jones,keithwalsh@example.net,35,young_professional,moderate,2476,1,roomspace_213,Nelsonfort,2021-05-26
user_000428,Christian Booker,lopezcurtis@example.com,25,student,moderate,902,4,roomspace_85,Lake Samuel,2021-01-07
user_000429,Chris Snyder,robert75@example.com,20,student,impulsive,1216,4,roomspace_85,West Christopherberg,2021-02-13
user_000430,James Daniels,jamesskinner@example.com,40,freelancer,impulsive,2832,0,,North Theresabury,2021-10-26
user_000431,Jessica Rojas,gonzalezjill@example.org,22,student,impulsive,1461,2,roomspace_143,South Paul,2021-08-31
user_000432,Caitlin Chandler,kingdanielle@example.org,21,student,moderate,1347,4,roomspace_86,Paigeborough,2021-03-29
user_000433,Jeffrey Smith,brenda63@example.org,30,freelancer,impulsive,2355,0,,New Kristenfort,2022-06-19
user_000434,Jacqueline Davis,vincentparks@example.com,24,student,impulsive,1307,2,roomspace_144,North Michaelberg,2022-06-29
user_000435,Ashley Freeman,tina57@example.net,38,budget_conscious,frugal,638,1,roomspace_217,North Hannah,2021-10-06
user_000436,Danielle Williams,ihansen@example.net,30,young_professional,lavish,2582,2,roomspace_145,Lopezburgh,2022-02-27
user_000437,Nicholas Hill,caseymoore@example.com,32,young_professional,lavish,3821,1,roomspace_218,Ambermouth,2021-01-01
user_000438,Katie Gross,harveymichael@example.net,28,young_professional,comfortable,3656,1,roomspace_219,West Jennifer,2022-05-27
user_000439,Sabrina Lee,jcannon@example.net,50,family,moderate,4553,3,roomspace_109,Marcusmouth,2021-03-27
user_000440,Matthew Williams,gregoryjohnson@example.org,22,student,moderate,1381,4,roomspace_88,Leeton,2022-03-20
user_000441,Jasmine Burns,brandon39@example.net,24,student,frugal,1237,4,roomspace_88,North Sarahborough,2022-05-25
user_000442,Steve Miller PhD,wardjulia@example.com,26,young_professional,comfortable,2378,1,roomspace_221,Lauraton,2022-10-02
user_000443,Kendra Navarro,christian38@example.org,25,freelancer,frugal,2034,1,roomspace_221,Lake Jerryfurt,2021-05-28
user_000444,Matthew Hudson,angelagrant@example.net,40,family,moderate,4736,2,roomspace_148,Port Daniellestad,2022-06-08
user_000445,Maurice Andrade,laurapierce@example.net,21,student,frugal,863,4,roomspace_89,Dianeside,2022-04-11
user_000446,Harold Edwards,megan66@example.net,24,student,moderate,1314,4,roomspace_89,Charleneshire,2022-02-28
user_000447,Ralph Howe,michael77@example.com,35,young_professional,comfortable,3876,2,roomspace_149,Lake Austinport,2022-04-08
user_000448,Chad Zamora,evansjeffrey@example.com,20,student,moderate,1289,2,roomspace_149,Port Lynnview,2022-12-15
user_000449,Kristie Howe,clintonstevens@example.org,43,budget_conscious,frugal,1025,3,roomspace_112,West Michael,2022-03-29
user_000450,David Evans,ncarroll@example.net,33,young_professional,lavish,3642,3,roomspace_112,Lake Markfort,2021-05-15
user_000451,Steven Warner PhD,larsonkevin@example.net,49,family,moderate,3835,5,roomspace_75,Millerton,2022-12-18
user_000452,Hannah Montoya,hconrad@example.org,19,student,impulsive,863,4,roomspace_90,Lake Kimberlyfurt,2021-02-12
user_000453,Andrew Fernandez,markwolfe@example.org,20,student,impulsive,968,3,roomspace_113,Lake Jessicafurt,2021-12-13
user_000454,Laura Davis,zroberts@example.org,35,young_professional,comfortable,2420,3,roomspace_113,West Christopher,2022-03-20
user_000455,Kimberly Baker,xshaw@example.net,25,student,frugal,856,3,roomspace_113,Port Dennis,2022-03-11
user_000456,James Duncan,johnadams@example.com,34,young_professional,comfortable,2118,3,roomspace_114,Gailshire,2021-03-11
user_000457,Jason Diaz,malikwheeler@example.org,30,family,comfortable,5121,4,roomspace_91,Garystad,2022-04-24
user_000458,Rebekah Hanson,owilliams@example.org,48,family,moderate,3799,2,roomspace_152,Ericland,2021-03-29
user_000459,Dana Oliver,mistywilkins@example.org,47,family,comfortable,3746,2,roomspace_153,Heatherville,2021-08-25
user_000460,Alexander Clark,jamesmills@example.com,29,young_professional,comfortable,2837,1,roomspace_230,Deanberg,2022-06-24
user_000461,Alicia Aguilar,scottbrian@example.org,50,family,comfortable,5221,4,roomspace_92,Briantown,2021-02-21
user_000462,Devon Christian,michelle04@example.net,24,student,moderate,1184,2,roomspace_154,Hallfurt,2022-01-30
user_000463,Ariana Stewart,lopezvincent@example.com,33,young_professional,lavish,2272,3,roomspace_115,North Johnhaven,2021-08-25
user_000464,James Moore,gabrielle54@example.org,24,student,moderate,1341,2,roomspace_154,Lisaview,2022-11-14
user_000465,Zachary Mooney,jeremiah56@example.net,18,student,moderate,823,3,roomspace_116,North Jessica,2022-02-09
user_000466,Lisa Garrett,robertberry@example.com,43,family,comfortable,5678,5,roomspace_77,Reneemouth,2021-12-15
user_000467,Christine Taylor,michelleparker@example.net,23,student,frugal,958,3,roomspace_116,South Wendy,2022-08-22
user_000468,Timothy Stark,carlos81@example.org,28,freelancer,moderate,1565,2,roomspace_156,Maryberg,2022-07-19
user_000469,Fernando Dudley,vturner@example.net,30,family,moderate,4485,3,roomspace_117,Edwinborough,2021-03-24
user_000470,Alexander Odom,catherine93@example.net,32,young_professional,comfortable,3224,3,roomspace_117,East Grace,2021-10-07
user_000471,Richard Anderson,xjoseph@example.org,18,student,frugal,1211,3,roomspace_117,Henryberg,2021-05-08
user_000472,Andrew Duran,schaeferstephanie@example.org,18,student,impulsive,943,4,roomspace_94,Port James,2021-05-18
user_000473,Victoria Camacho,dwatts@example.org,23,student,moderate,1391,4,roomspace_94,Sullivanton,2022-04-18
user_000474,Jamie Edwards,meyershannon@example.org,37,family,comfortable,4736,3,roomspace_118,New Amanda,2022-07-26
user_000475,James Hubbard,leescott@example.com,31,young_professional,moderate,2615,2,roomspace_158,Stevenchester,2021-08-17
user_000476,Amy Black,stevenlucas@example.org,30,freelancer,moderate,2782,2,roomspace_158,East Kimberlyside,2021-04-16
user_000477,Frank Johnson,tgarza@example.org,30,young_professional,comfortable,3928,3,roomspace_119,Davismouth,2022-06-22
user_000478,Michelle Martin,davisjasmin@example.net,40,family,moderate,5205,5,roomspace_79,Christopherfurt,2022-07-19
user_000479,Kayla Herring,cpierce@example.org,25,student,frugal,1046,2,roomspace_159,Arianaberg,2021-05-06
user_000480,Cassidy Joseph,uparker@example.com,44,family,comfortable,3736,5,roomspace_80,Courtneyville,2022-11-29
user_000481,Dale Dean,alexander77@example.net,27,young_professional,moderate,2795,1,roomspace_240,New Nicolebury,2021-06-18
user_000482,Karen Ortiz,burkeadam@example.net,19,student,frugal,1260,3,roomspace_120,Christineside,2022-09-30
user_000483,Amber Hernandez,benjamin09@example.net,36,family,moderate,3711,4,roomspace_96,Markland,2021-02-08
user_000484,Xavier Martin,cheryl99@example.net,25,young_professional,moderate,3789,1,roomspace_242,South Kara,2021-10-07
user_000485,Anna Evans,priscilla16@example.net,47,family,moderate,4388,5,roomspace_80,West Thomasville,2022-06-24
user_000486,Erin Gutierrez,heathersalazar@example.org,34,freelancer,frugal,3459,0,,South Jenniferport,2021-11-28
user_000487,Emily Fox,sara99@example.com,19,student,moderate,1290,2,roomspace_162,Vasquezburgh,2022-11-18
user_000488,Michelle Krause,wilsonsteven@example.org,42,family,comfortable,4480,4,roomspace_97,Port Christina,2021-11-19
user_000489,Gene Castro,alexharris@example.com,23,student,frugal,1115,3,roomspace_122,Kristyport,2021-08-22
user_000490,Erica Smith,matthew99@example.org,39,freelancer,moderate,1701,2,roomspace_163,East Mark,2021-09-20
user_000491,Karen Wells,brewertimothy@example.net,36,family,moderate,5018,4,roomspace_98,Mcclainside,2022-11-27
user_000492,Richard Gutierrez,conleykevin@example.net,28,young_professional,moderate,3518,1,roomspace_246,Angelatown,2021-06-11
user_000493,Evelyn Hendricks,carl24@example.org,34,young_professional,comfortable,3186,3,roomspace_123,Tonyaside,2022-10-17
user_000494,Larry Lopez,hancockkaren@example.net,23,student,moderate,1035,3,roomspace_123,Jenniferview,2021-11-18
user_000495,Shawn Watson,javier42@example.org,23,student,impulsive,1063,3,roomspace_123,Kristenborough,2022-12-11
user_000496,Jonathan Lloyd,jamesmclean@example.net,32,young_professional,comfortable,2943,1,roomspace_248,Kimberlyberg,2022-08-21
user_000497,Samantha Hurley,jamiejohnson@example.com,20,student,frugal,1359,3,roomspace_124,North Larryton,2022-06-18
user_000498,Shelby Cook,garciakatie@example.net,26,freelancer,impulsive,2573,0,,Andrewport,2022-05-12
user_000499,Erica Lee,amanda71@example.com,18,student,frugal,806,3,roomspace_124,East Joshua,2021-01-12
user_000500,Kristin Garcia,andrea42@example.net,26,young_professional,moderate,3448,1,roomspace_250,Audreyburgh,2021-02-25
user_000501,Steven Fernandez,andersonthomas@example.net,30,young_professional,comfortable,2123,3,roomspace_125,North Patrickland,2021-11-28
user_000502,Michael Vance,tjensen@example.com,40,freelancer,frugal,2850,1,roomspace_251,Lake Katherine,2022-09-21
user_000503,Valerie Campos,fbradley@example.net,31,young_professional,comfortable,2024,1,roomspace_251,Davisport,2022-06-16
user_000504,Pamela Ruiz,douglashuang@example.com,22,student,impulsive,817,4,roomspace_100,Philipmouth,2022-09-05
user_000505,Erika Freeman,alvarezmichael@example.com,27,young_professional,comfortable,2219,1,roomspace_252,West Katrina,2022-04-15
user_000506,Katie Sullivan,nguyendebra@example.com,22,student,moderate,1162,3,roomspace_126,Moraleschester,2021-07-05
user_000507,Kimberly Dickson,njones@example.net,24,student,frugal,1270,4,roomspace_101,Muellerchester,2022-03-17
user_000508,Kimberly Young,stevensonjennifer@example.com,29,young_professional,comfortable,3400,1,roomspace_254,New Caitlinmouth,2022-03-08
user_000509,Jeremy Parker,gjones@example.net,26,freelancer,moderate,1691,1,roomspace_254,Murphyton,2021-03-12
user_000510,Charles Carpenter,shermandonna@example.com,25,young_professional,comfortable,3304,1,roomspace_255,Petershire,2021-12-14
user_000511,Michael Stewart,samantha65@example.org,24,student,moderate,1460,3,roomspace_127,New Valeriefurt,2022-10-21
user_000512,Edward Wood,smithann@example.com,28,freelancer,impulsive,3332,2,roomspace_170,Port Juliantown,2021-07-02
user_000513,Kevin Garrett,bsullivan@example.net,25,student,impulsive,1077,2,roomspace_171,Lake Glenn,2021-04-19
user_000514,James Middleton,qmoore@example.org,29,young_professional,comfortable,3841,3,roomspace_128,North Charles,2021-01-13
user_000515,Stephen Barrett,christophermay@example.com,23,student,moderate,816,2,roomspace_171,Englishchester,2022-04-30
user_000516,Jordan Arnold,ocruz@example.org,42,family,moderate,3815,4,roomspace_103,Jacobsshire,2022-01-22
user_000517,Cynthia Shaw,khouse@example.com,24,student,frugal,1493,4,roomspace_103,North Ashleystad,2021-03-29
user_000518,Tonya Miller,steven18@example.net,34,family,moderate,3821,4,roomspace_103,East Thomasland,2022-06-16
user_000519,Rebecca Edwards,bergeramanda@example.org,26,young_professional,comfortable,2697,3,roomspace_129,Gibsonfort,2022-03-22
user_000520,Jennifer Yu,keith09@example.net,45,budget_conscious,frugal,934,1,roomspace_260,Jessicashire,2021-07-22
user_000521,John Jackson,douglaskelly@example.net,44,family,moderate,5509,3,roomspace_130,West Toddberg,2022-01-28
user_000522,Richard King,joshua40@example.net,38,freelancer,moderate,1880,2,roomspace_174,New Gregshire,2022-07-28
user_000523,Jeremy Morton,kimberly37@example.org,22,student,frugal,1052,4,roomspace_104,West Traceyberg,2022-04-08
user_000524,Brittany Crawford,ptownsend@example.net,24,student,moderate,1449,2,roomspace_174,Barberburgh,2021-06-13
user_000525,Sarah Brown,karla10@example.org,19,student,impulsive,893,2,roomspace_175,Rossport,2022-01-05
user_000526,Nicole Patel,yvega@example.com,29,young_professional,moderate,2209,1,roomspace_263,Dustinchester,2021-01-10
user_000527,Robert Reyes,suzanne01@example.net,33,young_professional,comfortable,3136,3,roomspace_131,Stephaniechester,2022-04-20
user_000528,Shannon Rogers,leah49@example.com,23,student,moderate,1367,2,roomspace_176,Mejiabury,2022-07-25
user_000529,Patricia Meyer,lawrencesmith@example.org,42,family,moderate,3550,4,roomspace_105,North Roberthaven,2021-03-22
user_000530,Heather Hardy,james09@example.org,47,family,comfortable,4494,3,roomspace_132,New Dianeborough,2022-04-11
user_000531,Michelle Wilson,nicholasgallagher@example.net,22,student,moderate,1108,3,roomspace_132,North Heather,2021-07-16
user_000532,Matthew Jones,rlivingston@example.com,24,student,frugal,1082,3,roomspace_133,Jonathanland,2021-08-04
user_000533,Janet Cook,scottlisa@example.org,41,family,comfortable,4530,3,roomspace_133,Jonesborough,2022-04-20
user_000534,Matthew Rodriguez,probinson@example.org,34,young_professional,moderate,2400,2,roomspace_178,Baldwinville,2021-01-28
user_000535,Kenneth King,fsmith@example.org,24,student,frugal,1140,4,roomspace_107,North Elizabethview,2021-04-28
user_000536,Summer Andrews,zmendoza@example.net,39,freelancer,impulsive,2185,1,roomspace_268,New Jeremiahfurt,2022-06-20
user_000537,Karen Bradley,mathew46@example.org,29,freelancer,moderate,2115,1,roomspace_268,West Amandamouth,2021-03-04
user_000538,Paige Roberts,gregorywilliams@example.com,32,young_professional,lavish,2643,1,roomspace_269,West Heather,2022-11-28
user_000539,Michael Tucker,imoss@example.org,38,budget_conscious,frugal,1102,3,roomspace_134,North Jennifer,2022-04-06
user_000540,James Sparks,victor70@example.org,22,student,frugal,1202,3,roomspace_135,Brianton,2021-11-11
user_000541,Robert Contreras,ibentley@example.org,34,young_professional,comfortable,3117,1,roomspace_270,North Benjamin,2021-04-20
user_000542,Alec Meadows DDS,jacquelineanderson@example.org,32,young_professional,moderate,3931,3,roomspace_135,West Loriville,2021-12-21
user_000543,Sara Brown,wilsonbrooke@example.net,32,family,moderate,5175,5,roomspace_90,North Linda,2021-11-28
user_000544,Russell Rojas,rnguyen@example.net,22,student,moderate,1474,2,roomspace_181,West Mary,2022-09-09
user_000545,Angel Thompson,martinezdonald@example.com,32,family,moderate,5339,5,roomspace_90,Lake Mitchell,2021-05-09
user_000546,Timothy Williams,moodycrystal@example.com,31,young_professional,comfortable,3113,1,roomspace_273,North Nichole,2021-03-04
user_000547,Christopher Davis,robert72@example.org,19,student,moderate,911,2,roomspace_182,Lake Joseph,2021-12-16
user_000548,Todd Bishop,carlsonjennifer@example.net,18,student,moderate,1376,4,roomspace_109,Lake Margaretport,2021-09-28
user_000549,Justin Lee,montgomerymichelle@example.net,23,student,frugal,1240,2,roomspace_183,South Kaylee,2022-05-28
user_000550,Anthony Rodriguez,ginaschmitt@example.com,21,student,frugal,1256,3,roomspace_137,Thompsonton,2021-02-11
user_000551,Dominique Hamilton,christina70@example.org,48,family,moderate,5549,3,roomspace_137,New Gregorytown,2022-01-12
user_000552,Andrea Young,uwatkins@example.com,19,student,impulsive,1102,3,roomspace_138,Lake Erica,2021-09-10
user_000553,Brian Perez,joankane@example.com,20,student,frugal,1156,3,roomspace_138,North Thomas,2022-01-12
user_000554,Jeffrey Robinson,xthompson@example.org,46,family,moderate,5478,4,roomspace_110,Cortezstad,2021-07-29
user_000555,Cameron Schwartz,ramirezdaniel@example.com,32,young_professional,comfortable,2653,1,roomspace_277,Barnesmouth,2021-06-20
user_000556,Lindsey Clarke,belindatran@example.org,33,family,comfortable,3592,4,roomspace_111,South Melodyfort,2022-11-01
user_000557,Leslie Hood MD,pfitzgerald@example.org,27,young_professional,moderate,3904,3,roomspace_139,Ryanbury,2022-11-24
user_000558,Theresa Mcintyre,butlerbradley@example.com,20,student,moderate,1138,4,roomspace_111,South Amandafort,2022-09-21
user_000559,Samantha Chavez,christophermullins@example.net,31,young_professional,moderate,3289,1,roomspace_279,Dodsonberg,2021-10-06
user_000560,Matthew Davis,kcaldwell@example.net,31,young_professional,comfortable,2059,3,roomspace_140,Hodgeshire,2021-01-19
user_000561,Julie Taylor,xlopez@example.net,24,student,moderate,1198,2,roomspace_187,Padillatown,2022-10-31
user_000562,Janice Vazquez,phillipskaren@example.net,19,student,moderate,1391,2,roomspace_187,Port Gail,2022-04-27
user_000563,Nancy Brown,pamela16@example.com,30,young_professional,comfortable,2667,1,roomspace_281,Harveystad,2021-10-12
user_000564,Justin Jones,devonrogers@example.net,25,student,frugal,1340,4,roomspace_112,Lake Timothyshire,2022-11-08
user_000565,Christine Mcgee,lukehurst@example.net,24,student,frugal,1401,2,roomspace_188,Ramirezland,2021-10-17
user_000566,John Rose,harrisonamanda@example.net,49,family,comfortable,4206,4,roomspace_113,Shannonstad,2022-09-14
user_000567,Melissa Spence,lopeznicole@example.org,35,young_professional,moderate,2274,2,roomspace_189,South Rachaelport,2021-03-01
user_000568,Donald Terry,nhernandez@example.net,20,student,frugal,1182,4,roomspace_113,West Robertside,2022-12-25
user_000569,Gregory Wallace,carterbryan@example.org,20,student,moderate,1388,3,roomspace_142,Robertmouth,2022-05-25
user_000570,Erin Watkins,kellis@example.org,33,young_professional,lavish,3420,3,roomspace_142,Georgeview,2021-06-26
user_000571,Dr. Randy Williams,justin29@example.org,20,student,frugal,1301,3,roomspace_142,Ianburgh,2022-10-14
user_000572,Summer Bauer,johnwilliams@example.com,25,student,impulsive,1434,2,roomspace_190,South Jorge,2021-05-24
user_000573,Michael Wade,earl78@example.org,51,budget_conscious,frugal,739,1,roomspace_286,Davidtown,2021-11-11
user_000574,Patricia Gould,eric88@example.com,52,budget_conscious,frugal,1106,2,roomspace_191,Thomasport,2022-08-09
user_000575,Ms. Bridget Cunningham,hmorgan@example.net,32,young_professional,moderate,3000,1,roomspace_287,Mcculloughberg,2022-06-11
user_000576,Elizabeth Morales,seandavis@example.org,21,student,frugal,1099,2,roomspace_192,New Alicia,2022-08-30
user_000577,Diana Johnson,frhodes@example.net,27,young_professional,comfortable,3598,2,roomspace_192,Leemouth,2022-04-14
user_000578,Terri Kerr,raymond65@example.com,45,family,moderate,5751,2,roomspace_192,Alexanderstad,2021-09-30
user_000579,Jeremy Hoffman,jessicawallace@example.com,23,student,moderate,1355,2,roomspace_193,Robertschester,2022-07-20
user_000580,Brenda Matthews,thomaskevin@example.net,28,young_professional,comfortable,2870,1,roomspace_290,Carlshire,2022-08-11
user_000581,Aaron Fowler,robert87@example.net,28,young_professional,comfortable,2609,1,roomspace_290,East Jacob,2021-10-24
user_000582,John Carson,mary47@example.net,19,student,moderate,1249,2,roomspace_194,Walkertown,2021-04-30
user_000583,Tyler Flowers,qmartinez@example.com,23,student,moderate,1424,4,roomspace_116,Whitebury,2021-01-23
user_000584,Donald Gamble,georgemichael@example.com,28,young_professional,lavish,3666,1,roomspace_292,Oneillfort,2022-06-24
user_000585,Jacqueline Quinn,brucefrancisco@example.org,33,young_professional,comfortable,2575,3,roomspace_146,West Steven,2022-06-23
user_000586,Christopher Nelson,wfields@example.org,22,student,frugal,1096,4,roomspace_117,Kellyland,2022-02-04
user_000587,Mark Duran,amybrennan@example.net,28,freelancer,impulsive,1777,1,roomspace_293,Josephstad,2021-03-16
user_000588,Heather Thomas,aprilwatson@example.com,28,budget_conscious,frugal,735,1,roomspace_294,Petersonburgh,2021-03-21
user_000589,Jonathan Decker,butlersabrina@example.org,21,student,moderate,1492,3,roomspace_147,North Timothy,2021-08-31
user_000590,Brenda Ramos,gerald40@example.net,29,young_professional,comfortable,3285,2,roomspace_196,East Davidberg,2022-06-19
user_000591,Calvin Anderson,colemankathryn@example.org,19,student,moderate,1212,4,roomspace_118,North Kimchester,2021-02-03
user_000592,Andrew Keller,harrisonrebekah@example.org,30,young_professional,comfortable,2931,2,roomspace_197,West Elizabethville,2022-08-31
user_000593,Lance Matthews,jackbell@example.org,19,student,moderate,1269,4,roomspace_118,Port Julie,2021-08-04
user_000594,Hannah Martin,williamjones@example.net,19,student,frugal,1347,3,roomspace_148,New Jayborough,2021-08-07
user_000595,Paul Smith,glasssamantha@example.net,28,young_professional,comfortable,3013,2,roomspace_198,Richardsonshire,2021-05-24
user_000596,Tyler White,tina63@example.net,20,student,moderate,1379,3,roomspace_149,South Daniel,2021-09-02
user_000597,Brian Taylor,janet80@example.org,26,freelancer,moderate,1594,0,,Tristanfurt,2021-08-09
user_000598,Noah Mcdaniel,aperez@example.com,30,family,moderate,4008,3,roomspace_149,Lopezland,2022-11-26
user_000599,Karen Shelton,alexandercraig@example.net,24,student,impulsive,1007,4,roomspace_119,South Samuelland,2021-04-03
user_000600,James Garza,figueroapatricia@example.org,34,freelancer,frugal,1825,1,roomspace_300,West Theresamouth,2021-06-05
user_000601,Wanda Martinez,rhardy@example.net,19,student,impulsive,1180,4,roomspace_120,Katelynfurt,2021-10-04
user_000602,Larry Sullivan,jdixon@example.com,24,student,moderate,1440,3,roomspace_150,North Johnfort,2021-06-29
user_000603,Brandy Garcia,greertyrone@example.org,43,family,moderate,3873,2,roomspace_201,South Cassandra,2021-09-11
user_000604,Marco Davis,guerreroapril@example.com,27,young_professional,comfortable,3215,1,roomspace_302,Harrisfort,2022-01-16
user_000605,Kimberly Pacheco,cisnerosanthony@example.com,25,young_professional,lavish,3424,2,roomspace_201,South Shannonfurt,2021-12-10
user_000606,Andrew Hawkins,nicole27@example.com,47,budget_conscious,frugal,735,2,roomspace_202,West Jennifer,2022-01-14
user_000607,Laura Henry,kalvarez@example.net,19,student,frugal,905,3,roomspace_151,South Joseshire,2021-10-21
user_000608,Heather Levine,bryan90@example.org,24,student,impulsive,936,4,roomspace_121,Michaelshire,2021-01-21
user_000609,Lori James,wreed@example.com,18,student,frugal,1424,4,roomspace_121,Brianbury,2021-07-12
user_000610,Erik Miller,meltondanny@example.org,21,student,frugal,1443,4,roomspace_122,New Markmouth,2022-05-26
user_000611,Laura Valenzuela,andrew79@example.org,35,young_professional,moderate,2906,1,roomspace_305,Nicholasfurt,2021-09-08
user_000612,Rhonda Garcia,matthewshaw@example.net,19,student,frugal,1403,4,roomspace_122,Garrettport,2021-10-10
user_000613,Christina Reid,pittmanamanda@example.com,40,budget_conscious,frugal,743,1,roomspace_306,Brandonshire,2021-11-09
user_000614,Lori Rubio,vargasjoshua@example.net,22,student,impulsive,827,4,roomspace_122,Simmonsstad,2022-09-11
user_000615,Rodney Wagner,ryan85@example.org,21,student,moderate,1201,3,roomspace_153,Moraleshaven,2021-12-19
user_000616,Kimberly Ibarra,barbaralewis@example.net,37,family,moderate,5527,5,roomspace_102,Adamsside,2022-09-21
user_000617,Patricia Hamilton,boydmichael@example.org,34,young_professional,lavish,2145,3,roomspace_154,East Julie,2022-08-18
user_000618,Jeffrey Flores,waltersmeghan@example.com,23,student,frugal,1124,2,roomspace_206,Debbieview,2022-06-18
user_000619,Jennifer Wilson,anthonyrobles@example.com,43,family,comfortable,4996,3,roomspace_154,Washingtonchester,2021-11-24
user_000620,Amanda Moore,anthonyclarke@example.com,24,budget_conscious,frugal,617,3,roomspace_155,Lake Melissa,2022-07-16
user_000621,Mr. Scott Miller,michelle65@example.net,18,student,moderate,861,3,roomspace_155,South Sherryberg,2021-07-03
user_000622,Nicholas Fitzpatrick,tyler13@example.net,33,young_professional,comfortable,3571,2,roomspace_207,Port Lindsaymouth,2022-10-09
user_000623,Jean Goodman,selenarobinson@example.org,35,young_professional,comfortable,3098,3,roomspace_155,East Tara,2021-12-08
user_000624,Scott Brown,holly15@example.net,22,student,impulsive,880,4,roomspace_124,Wellsbury,2021-08-04
user_000625,Taylor Cox,lori09@example.org,29,budget_conscious,frugal,1149,2,roomspace_208,Lake Samanthabury,2021-07-16
user_000626,Ellen Mullen,rebecca18@example.org,35,young_professional,moderate,3394,3,roomspace_156,Pricefurt,2022-12-22
user_000627,Dawn Davis,kennethvillarreal@example.org,28,young_professional,moderate,2118,1,roomspace_313,Welchchester,2022-09-06
user_000628,Sean Morrow,aruiz@example.com,32,young_professional,moderate,3253,3,roomspace_157,Mcdowellville,2022-10-03
user_000629,Dean Jones,jguzman@example.net,35,young_professional,moderate,3516,1,roomspace_314,Shawntown,2022-08-15
user_000630,Martin Mccoy,aarongonzalez@example.com,30,family,comfortable,4171,5,roomspace_105,Barbaraville,2021-05-03
user_000631,Micheal Saunders,melaniejennings@example.com,29,young_professional,moderate,2341,2,roomspace_210,Mendozaberg,2021-07-22
user_000632,Kevin Murphy,james65@example.org,38,family,moderate,3983,2,roomspace_210,Waltershire,2021-06-24
user_000633,Alexander Hansen,rebeccamccann@example.org,33,young_professional,comfortable,2130,2,roomspace_211,Jacquelineburgh,2021-02-08
user_000634,Jeffrey Green,rubiogeorge@example.net,26,young_professional,comfortable,3016,2,roomspace_211,North Jenniferchester,2022-08-24
user_000635,Jody Nunez,walkerjames@example.com,20,student,frugal,1176,2,roomspace_211,Juliefurt,2021-04-12
user_000636,Daniel Lewis,jessica36@example.org,19,student,moderate,1033,4,roomspace_127,Sparkstown,2021-08-14
user_000637,Cynthia Hayes,mikesutton@example.com,18,student,moderate,1050,2,roomspace_212,North Taylormouth,2022-06-23
user_000638,Daniel Reyes,qfitzgerald@example.org,20,student,moderate,983,2,roomspace_212,New Brianmouth,2022-12-25
user_000639,Terry Barajas,smithwilliam@example.com,38,freelancer,frugal,1959,1,roomspace_319,Tiffanystad,2021-04-13
user_000640,Kristin Carpenter,geoffrey75@example.com,35,freelancer,moderate,2055,0,,North Logan,2022-02-16
user_000641,David Edwards,victormcpherson@example.com,18,student,impulsive,983,2,roomspace_213,Saraport,2022-12-03
user_000642,Lisa Juarez,zachary62@example.com,45,budget_conscious,frugal,670,2,roomspace_214,Gallagherberg,2022-03-08
user_000643,Mary Yates,lopezbrian@example.org,39,family,moderate,4840,2,roomspace_214,South Jorgemouth,2021-12-05
user_000644,Steven Simpson,tkelly@example.net,21,student,moderate,1098,4,roomspace_128,Ellisville,2022-10-19
user_000645,Brittany Bailey,mirandawhite@example.org,37,family,moderate,5400,4,roomspace_129,Annashire,2021-06-14
user_000646,Valerie Fox,robertjones@example.com,28,young_professional,comfortable,3500,3,roomspace_161,West Anthonyville,2021-11-03
user_000647,Timothy Rodriguez,eric17@example.net,18,student,frugal,1219,2,roomspace_215,Gibsonview,2022-04-07
user_000648,Erin Williams,unguyen@example.net,18,student,moderate,1143,2,roomspace_216,East Michelle,2022-09-15
user_000649,Erica Brown,paynecarrie@example.org,22,student,moderate,906,2,roomspace_216,Scottbury,2022-08-22
user_000650,Ann Phelps,paulpowell@example.net,25,student,moderate,861,2,roomspace_216,North Kenneth,2022-09-15
user_000651,Robert Collins,michaeldavis@example.com,21,student,moderate,1332,3,roomspace_162,South Sean,2021-10-29
user_000652,Justin Henderson,nshepherd@example.org,19,student,moderate,1394,2,roomspace_217,Mccoyland,2021-02-01
user_000653,Valerie Rhodes,sarahrose@example.net,31,young_professional,comfortable,2153,3,roomspace_163,West Taylorland,2022-12-06
user_000654,Elizabeth Joyce,mckenzie86@example.com,27,young_professional,moderate,2484,2,roomspace_218,New Charleston,2022-02-03
user_000655,Jeffery Davis,michael91@example.net,24,student,moderate,1134,3,roomspace_163,North Joymouth,2021-05-20
user_000656,Sarah Williams,tmcdowell@example.com,21,student,frugal,939,4,roomspace_131,Toddmouth,2022-04-30
user_000657,Gloria Hull,jasonmiller@example.net,25,student,moderate,1277,3,roomspace_164,Monicaville,2021-12-03
user_000658,Abigail Wilson,dianastevens@example.com,28,young_professional,comfortable,2925,2,roomspace_219,Turnerstad,2022-06-21
user_000659,Melissa Foster,christopher20@example.org,27,freelancer,moderate,1822,2,roomspace_219,Port Allenborough,2022-10-30
user_000660,John Thomas,ryangarrett@example.net,49,family,comfortable,3665,3,roomspace_165,North Kevin,2021-12-26
user_000661,Javier Wilson,joannewallace@example.com,19,student,frugal,1054,3,roomspace_165,Smithmouth,2022-03-31
user_000662,Edward Gallegos,awilliams@example.org,22,student,frugal,1066,2,roomspace_220,Pettyfort,2022-07-27
user_000663,Monique Duarte,freemantodd@example.net,32,young_professional,comfortable,3138,3,roomspace_165,Hallton,2022-02-15
user_000664,Kenneth Tran,patricia67@example.org,19,student,frugal,943,2,roomspace_221,Deanstad,2021-12-15
user_000665,Alisha Roberts,taylorkim@example.net,37,family,comfortable,4035,3,roomspace_166,New Regina,2021-09-21
user_000666,Sarah Espinoza,sanderson@example.net,19,student,frugal,1396,4,roomspace_133,Moyerstad,2022-09-11
user_000667,Wesley Martin,justincurry@example.net,30,family,comfortable,3764,3,roomspace_166,Andersonborough,2021-05-02
user_000668,Ashlee Perry,ntorres@example.net,27,young_professional,moderate,2188,2,roomspace_222,North Michaelview,2021-10-05
user_000669,Carrie Villarreal,romanmatthew@example.org,26,freelancer,moderate,1844,2,roomspace_223,North Anna,2022-01-13
user_000670,Gerald Kelly,carrilloangela@example.org,45,family,comfortable,3620,5,roomspace_111,Lake Brentmouth,2022-09-13
user_000671,Ryan Rodriguez,harringtonchelsea@example.org,21,student,frugal,991,3,roomspace_167,New Danielville,2022-11-08
user_000672,Isaiah Chandler,fgill@example.net,26,freelancer,moderate,2757,2,roomspace_224,East Deborahmouth,2022-09-29
user_000673,Samuel Gonzales,ahammond@example.org,32,young_professional,comfortable,2843,3,roomspace_168,Petersonhaven,2021-05-14
user_000674,Jaime Fischer,crystal32@example.net,24,student,frugal,940,3,roomspace_168,Cobbberg,2022-09-15
user_000675,Thomas Villanueva,sherry72@example.org,32,freelancer,impulsive,2791,2,roomspace_225,North Matthewfurt,2022-08-23
user_000676,Antonio Malone,rachelbrown@example.net,42,budget_conscious,frugal,1091,3,roomspace_169,Robertside,2022-11-10
user_000677,Patrick Blankenship,wilcoxrachel@example.net,23,student,frugal,1197,3,roomspace_169,Lake Richard,2022-05-16
user_000678,Joshua Kramer,zterry@example.net,21,student,frugal,830,3,roomspace_169,Roweport,2021-03-07
user_000679,George Hardy,abigailfernandez@example.org,53,budget_conscious,frugal,966,3,roomspace_169,New Andreahaven,2021-09-22
user_000680,Caitlin Johnson,john46@example.net,26,budget_conscious,frugal,853,3,roomspace_170,Lake Brianstad,2021-07-21
user_000681,Heather Williams,westashley@example.org,25,young_professional,comfortable,3564,1,roomspace_340,Morganbury,2022-09-18
user_000682,Lauren Espinoza,michaelmitchell@example.net,44,budget_conscious,frugal,963,1,roomspace_341,Lake Nicholas,2022-07-27
user_000683,Garrett Aguilar,shawn26@example.com,30,young_professional,moderate,3871,3,roomspace_170,North Bryanberg,2022-01-05
user_000684,Blake Rhodes,hchapman@example.com,48,family,moderate,5808,3,roomspace_171,Breannachester,2021-12-08
user_000685,Theresa Dennis,jcolon@example.net,25,student,frugal,1355,3,roomspace_171,South Jennifer,2021-04-11
user_000686,Kayla Rice,stanleyjohnson@example.org,18,student,frugal,1038,4,roomspace_137,Sandraville,2022-04-13
user_000687,Ashley Wood,billy21@example.com,25,young_professional,moderate,2679,3,roomspace_171,Vickieport,2021-08-17
user_000688,Dr. Charles Lawrence,zunigakevin@example.com,20,student,frugal,1131,2,roomspace_229,East Lori,2022-01-15
user_000689,Joshua Jones,butlerashley@example.net,27,young_professional,lavish,3585,1,roomspace_344,Mcculloughfurt,2022-01-05
user_000690,Sandra Anderson,williammurray@example.com,27,freelancer,impulsive,2265,2,roomspace_230,Hernandezmouth,2021-03-11
user_000691,Mary Ortiz,rachelmorgan@example.org,19,student,frugal,1144,3,roomspace_172,Fitzgeraldland,2022-11-04
user_000692,Alexander Mccoy,ann18@example.org,47,budget_conscious,frugal,1098,3,roomspace_173,New Amber,2022-08-12
user_000693,Kelly Lopez,bshaw@example.org,47,family,comfortable,4961,3,roomspace_173,North Joshua,2021-06-09
user_000694,Michael Clay,imiller@example.net,42,family,moderate,4756,4,roomspace_138,Richardton,2022-01-17
user_000695,Allison Kim,hjohnson@example.com,48,family,moderate,5103,2,roomspace_231,Scottville,2021-03-19
user_000696,Dominique White,moorestephanie@example.net,21,student,frugal,1454,4,roomspace_139,North Christina,2021-09-10
user_000697,Micheal Evans,floresrobert@example.com,30,young_professional,moderate,3526,1,roomspace_348,Nicholasville,2021-02-10
user_000698,Paul Willis,gromero@example.com,30,budget_conscious,frugal,690,3,roomspace_174,West Brucemouth,2022-03-06
user_000699,John Russell,robinsmith@example.net,40,family,moderate,5329,2,roomspace_233,East Kathrynberg,2021-08-25
user_000700,Jill Mathis,kristathomas@example.net,19,student,moderate,1158,3,roomspace_175,Port John,2021-11-26
user_000701,Kristen Williams,nwoodward@example.com,31,family,comfortable,5080,5,roomspace_116,North Brian,2022-12-17
user_000702,Mr. Ryan James,megan39@example.net,46,budget_conscious,frugal,1104,2,roomspace_234,Brandonside,2022-03-14
user_000703,Brandon Hale,jessicalutz@example.com,25,student,moderate,1391,4,roomspace_140,New William,2022-09-15
user_000704,Michael Cooper,tiffany74@example.org,25,student,frugal,875,2,roomspace_234,Matthewmouth,2022-04-11
user_000705,Thomas Anderson,lynchadam@example.org,19,student,frugal,875,3,roomspace_176,South Angela,2022-06-25
user_000706,Pamela Medina,ryanpatricia@example.net,19,student,frugal,1360,2,roomspace_235,Chambersstad,2022-09-24
user_000707,Kyle Hughes,martinezmitchell@example.org,50,budget_conscious,frugal,631,2,roomspace_235,Smithtown,2022-08-13
user_000708,Thomas Howard,velasquezcolleen@example.net,24,student,frugal,960,2,roomspace_236,East Tina,2021-10-09
user_000709,Johnathan Padilla,adrianjoyce@example.net,21,student,moderate,1219,4,roomspace_141,Rodriguezview,2022-03-19
user_000710,Carolyn Lee,cameronanderson@example.org,33,freelancer,frugal,2852,1,roomspace_355,West Sarah,2022-10-27
user_000711,Joseph Casey,melaniejohnson@example.net,24,student,impulsive,1385,4,roomspace_142,Erinmouth,2021-01-02
user_000712,Margaret Hahn,nashmarcus@example.com,23,student,frugal,803,3,roomspace_178,Davidhaven,2021-12-29
user_000713,Joseph Williams DDS,ramirezrobert@example.com,50,family,moderate,5958,5,roomspace_118,Adamborough,2021-09-17
user_000714,Kenneth Johnson,tiffanycoleman@example.org,20,student,impulsive,1453,3,roomspace_178,East Frank,2021-08-30
user_000715,Mario Johnson,lmorton@example.net,26,young_professional,comfortable,2631,2,roomspace_238,Marybury,2021-03-25
user_000716,Tyler Wall,april31@example.net,33,freelancer,moderate,1686,2,roomspace_238,Duranmouth,2022-03-26
user_000717,William Rangel,sedwards@example.org,24,student,moderate,1178,2,roomspace_239,North Samantha,2021-12-10
user_000718,Leslie Reynolds,byrdanita@example.com,25,student,impulsive,1069,2,roomspace_239,Moraleschester,2021-07-01
user_000719,Rachel Hanson,yreyes@example.com,27,young_professional,comfortable,3540,3,roomspace_179,West Debratown,2021-12-19
user_000720,Leah Rodriguez,larsoncarlos@example.org,23,student,impulsive,1354,3,roomspace_180,Lake William,2021-10-04
user_000721,Nathaniel Wallace,devinwilliams@example.org,33,young_professional,lavish,2124,2,roomspace_240,Breannahaven,2022-05-22
user_000722,Emily Mcclure,dylanparker@example.com,33,young_professional,comfortable,3407,2,roomspace_240,Migueltown,2022-02-07
user_000723,Meghan Brown,hendersonjames@example.org,22,student,impulsive,880,3,roomspace_180,Port Casey,2021-05-28
user_000724,Melissa Holden,melissa95@example.net,46,family,moderate,5839,3,roomspace_181,Robertburgh,2021-03-23
user_000725,Richard Williams,samanthafowler@example.net,35,family,comfortable,4184,3,roomspace_181,South Claire,2021-07-05
user_000726,Dr. Robert Aguirre,lharris@example.org,24,student,moderate,880,4,roomspace_145,Alejandrostad,2021-01-24
user_000727,Brenda Alexander,bradley03@example.org,60,budget_conscious,frugal,751,3,roomspace_181,Grantview,2022-07-13
user_000728,Ryan Sanchez,andrewcameron@example.org,27,freelancer,moderate,1678,1,roomspace_364,Port Ericafurt,2022-05-24
user_000729,Ashley Boyle,stephen55@example.net,29,young_professional,lavish,3064,2,roomspace_243,New Tiffany,2022-04-30
user_000730,Sherry Jones,nicoleanderson@example.org,24,student,frugal,915,3,roomspace_182,New Nicholas,2021-10-18
user_000731,Jeffrey Fields,hinesbrenda@example.net,34,young_professional,lavish,3553,1,roomspace_365,Kristinemouth,2021-07-11
user_000732,Robert Salas,fclark@example.com,26,young_professional,lavish,3609,2,roomspace_244,East Williamhaven,2021-10-18
user_000733,Mr. Frank Brooks DDS,lwells@example.com,38,freelancer,moderate,2040,1,roomspace_366,East Jeffreyborough,2021-12-18
user_000734,Jennifer Torres,xduncan@example.com,32,young_professional,moderate,2076,1,roomspace_367,East Karenport,2021-12-12
user_000735,Crystal Williams,ronald76@example.com,24,student,impulsive,839,3,roomspace_183,Lindamouth,2021-08-01
user_000736,Christopher Hall,howardchristopher@example.net,21,student,moderate,850,4,roomspace_147,Port Joshuabury,2021-03-18
user_000737,Isaac Payne,james54@example.com,23,student,impulsive,820,3,roomspace_184,Jamesberg,2022-10-27
user_000738,Nancy Gaines,carrillojuan@example.com,22,student,moderate,1303,4,roomspace_147,Bautistashire,2022-08-12
user_000739,Kaitlyn Hunt,michelleperez@example.net,34,budget_conscious,frugal,737,2,roomspace_246,South Jesus,2022-04-01
user_000740,Nina Sharp,fpeterson@example.com,30,young_professional,comfortable,2551,3,roomspace_185,South Kayla,2022-06-27
user_000741,Jeffrey Farrell,brooksbarbara@example.org,28,young_professional,lavish,2904,1,roomspace_370,Sherrytown,2022-01-24
user_000742,Sandra Morgan,wsimmons@example.com,32,young_professional,lavish,3555,3,roomspace_185,Marktown,2022-03-17
user_000743,Tammy Hernandez,ashley99@example.net,46,family,moderate,4151,2,roomspace_247,Bairdborough,2021-10-31
user_000744,James Wells,ashley74@example.org,27,young_professional,lavish,3598,3,roomspace_186,North Emily,2021-05-18
user_000745,Michael Burns,jamespruitt@example.com,21,student,frugal,1005,2,roomspace_248,Jamieport,2022-05-28
user_000746,Jordan Wood,jacksonmichele@example.com,30,young_professional,moderate,3443,1,roomspace_373,Mooreville,2021-04-11
user_000747,Karen Jones,davidharris@example.com,46,family,comfortable,5125,2,roomspace_249,Mooreshire,2022-12-31
user_000748,Dale Moran,ahill@example.org,25,student,frugal,1408,3,roomspace_187,Brownfurt,2022-04-15
user_000749,Kelly Kent,kstevens@example.org,36,freelancer,impulsive,2205,0,,West Debbiemouth,2021-09-27
user_000750,Michelle Evans,robertwhite@example.net,19,student,frugal,1091,2,roomspace_250,Ellisburgh,2022-06-27
user_000751,Jennifer Bautista,nicolemoore@example.net,21,student,frugal,1026,4,roomspace_150,Elizabethland,2022-06-27
user_000752,Stephanie Kerr,jriddle@example.org,24,student,impulsive,1325,2,roomspace_250,Charlesville,2022-01-27
user_000753,Erika Hayes,jared07@example.org,20,budget_conscious,frugal,1085,1,roomspace_376,Lake Heathermouth,2021-10-24
user_000754,James Lee,smithdanny@example.org,25,young_professional,comfortable,2458,2,roomspace_251,Ellenmouth,2022-01-12
user_000755,Bradley Sandoval,rtaylor@example.org,33,freelancer,impulsive,2367,1,roomspace_377,Port Andrew,2021-03-20
user_000756,Caleb Figueroa,chrisgallagher@example.net,28,young_professional,comfortable,2955,2,roomspace_252,Ericstad,2021-05-19
user_000757,Andrew Leonard,scottwilliams@example.net,42,family,moderate,5894,2,roomspace_252,South Hannahmouth,2021-02-10
user_000758,Amber Bennett,sarahbrooks@example.org,43,budget_conscious,frugal,1174,3,roomspace_189,North Allen,2021-01-22
user_000759,Gabrielle Lee DDS,susandavis@example.net,19,student,frugal,1293,2,roomspace_253,Lake Gary,2021-11-19
user_000760,Robyn Morris,colleenvilla@example.com,23,student,moderate,1083,3,roomspace_190,Martinezborough,2021-03-24
user_000761,Christopher Morales,alexander37@example.org,39,budget_conscious,frugal,792,1,roomspace_380,Lake Lisastad,2021-02-04
user_000762,Daniel Turner,gbird@example.net,18,student,moderate,1414,3,roomspace_190,West Susan,2022-04-11
user_000763,Mark Price,martinreid@example.net,25,young_professional,lavish,3342,2,roomspace_254,Tiffanyfort,2021-02-22
user_000764,Lee Richards,vdixon@example.org,24,student,moderate,1214,3,roomspace_191,East Andrewville,2021-08-28
user_000765,Jeffrey Sanchez,brownnicholas@example.com,34,young_professional,comfortable,3671,1,roomspace_382,East Nicholas,2022-05-14
user_000766,Thomas George,vstevenson@example.org,47,family,moderate,5448,4,roomspace_153,Lonnieton,2022-02-09
user_000767,Jennifer Hess,perezjessica@example.com,47,family,moderate,4241,4,roomspace_153,East Amber,2022-12-06
user_000768,Virginia Solis,cathyjames@example.com,22,student,impulsive,1372,2,roomspace_256,South Crystal,2021-02-20
user_000769,Andrea Lee,shawnamartinez@example.org,27,freelancer,frugal,1955,1,roomspace_384,East William,2021-11-28
user_000770,Emily Griffith,rogerobrien@example.com,38,freelancer,moderate,3114,1,roomspace_385,Barbaraborough,2021-07-31
user_000771,Karen Tapia,raymond27@example.com,32,young_professional,comfortable,3743,1,roomspace_385,Wagnerchester,2022-08-14
user_000772,Troy Olson,fsimmons@example.com,27,freelancer,moderate,2467,0,,New Jessica,2021-07-19
user_000773,Eric Campbell,ijones@example.net,37,freelancer,moderate,2585,1,roomspace_386,Gonzalezborough,2021-01-04
user_000774,Jonathan Swanson,asullivan@example.com,29,freelancer,moderate,1781,0,,Patrickport,2022-05-13
user_000775,Mrs. Stacey Riddle,cruzariel@example.org,49,budget_conscious,frugal,746,2,roomspace_258,Kruegerstad,2022-01-31
user_000776,Madison Richardson,curtissara@example.net,19,student,moderate,1299,3,roomspace_194,East Tim,2022-12-17
user_000777,Lynn Rhodes,josegibson@example.net,18,student,frugal,804,3,roomspace_194,West John,2022-03-26
user_000778,Sarah Smith,newmansabrina@example.com,35,family,moderate,5860,3,roomspace_194,New Reneechester,2021-05-09
user_000779,Dawn Turner,uwillis@example.com,32,family,comfortable,4030,5,roomspace_129,North Daisystad,2022-09-25
user_000780,Paul Conrad,ahale@example.org,32,young_professional,moderate,2785,1,roomspace_390,Smithland,2022-08-24
user_000781,Kelly Pena,xjackson@example.org,23,student,moderate,814,3,roomspace_195,East Tom,2022-01-26
user_000782,Joanne Olsen,jamesbrady@example.org,25,young_professional,comfortable,3385,1,roomspace_391,Tonyachester,2021-12-09
user_000783,Lori Oneill,christophermiller@example.org,23,student,frugal,1119,2,roomspace_261,Calebtown,2022-03-31
user_000784,John Hodges,brownkaren@example.org,29,young_professional,lavish,2342,1,roomspace_392,North Jasontown,2021-10-19
user_000785,Victoria Juarez,vkennedy@example.net,22,student,moderate,1266,4,roomspace_157,Rogersmouth,2021-09-02
user_000786,Teresa Ortega,wbishop@example.com,31,young_professional,lavish,3818,3,roomspace_196,North Stephenfurt,2022-07-18
user_000787,Tammy Johnson,meltonjoshua@example.net,25,student,frugal,1167,2,roomspace_262,West Shannon,2022-06-17
user_000788,Karen Gutierrez,aaronlittle@example.com,37,freelancer,frugal,1539,0,,Lake Michaelton,2022-09-20
user_000789,Megan Hall,nross@example.org,33,budget_conscious,frugal,622,3,roomspace_197,Ronniefort,2022-05-27
user_000790,Susan Navarro,catherine28@example.net,18,student,frugal,1184,4,roomspace_158,East Tylerland,2021-08-23
user_000791,Whitney Archer,cjackson@example.org,25,young_professional,comfortable,3216,1,roomspace_395,Batesbury,2021-07-09
user_000792,Paul Keller,garciavictoria@example.org,25,young_professional,moderate,2098,3,roomspace_198,West Raven,2022-08-19
user_000793,Nathan Wade,wadesandra@example.net,26,young_professional,comfortable,3120,2,roomspace_264,Davismouth,2022-11-09
user_000794,Kenneth Bradshaw,schneidernicholas@example.net,18,student,moderate,1108,3,roomspace_198,Valdezside,2022-10-27
user_000795,David Green,christopher15@example.net,29,young_professional,comfortable,3275,3,roomspace_198,Lake Sheri,2022-03-21
user_000796,Samuel Finley,collinsbrittany@example.org,26,young_professional,comfortable,3047,3,roomspace_199,Whitneymouth,2022-08-23
user_000797,Michael Hogan,danielsmith@example.com,19,student,moderate,1309,2,roomspace_265,Duaneport,2022-10-13
user_000798,Michael Hernandez,dustin09@example.com,46,family,comfortable,4326,4,roomspace_159,Wayneville,2021-08-01
user_000799,Michelle Mendoza DVM,ycarter@example.org,18,student,impulsive,1361,3,roomspace_199,Ericborough,2022-10-21
user_000800,Rita Graves,leblanckimberly@example.com,32,young_professional,moderate,2677,1,roomspace_400,Evansburgh,2021-01-17
user_000801,Gail Gregory,katherine61@example.net,26,young_professional,comfortable,3710,3,roomspace_200,Justinborough,2022-06-29
user_000802,Jennifer Anderson,hornjenna@example.com,19,student,moderate,1323,2,roomspace_267,New Devin,2022-06-25
user_000803,Dr. Daniel Brock,jillsmith@example.net,22,student,moderate,1459,2,roomspace_267,Lake Kristenberg,2021-10-20
user_000804,Jessica Skinner,davisterri@example.org,36,budget_conscious,frugal,1075,1,roomspace_402,North Tinamouth,2022-04-06
user_000805,Charles Sharp,austinallen@example.com,18,student,impulsive,1097,3,roomspace_201,Haileyburgh,2022-05-23
user_000806,Patty Esparza,stricklandmichelle@example.net,19,student,frugal,897,2,roomspace_268,Hillmouth,2021-10-13
user_000807,Bruce Martinez,andrewberry@example.net,20,student,impulsive,1136,3,roomspace_201,Hillville,2022-09-09
user_000808,Janet Cooke,ievans@example.org,37,budget_conscious,frugal,695,2,roomspace_269,Bryanside,2021-05-24
user_000809,Michael Long,lbrown@example.net,24,student,frugal,1209,3,roomspace_202,Port Karenville,2021-05-21
user_000810,Melissa Smith,hmcbride@example.org,25,student,impulsive,1231,4,roomspace_162,New Jamie,2021-05-06
user_000811,David Mullins,whitneywilliam@example.com,20,student,frugal,860,2,roomspace_270,South Tiffany,2022-05-27
user_000812,Eric Shah,donna72@example.net,40,freelancer,moderate,3143,2,roomspace_270,Nealhaven,2022-12-09
user_000813,Mrs. Kimberly Clark,batesbradley@example.org,24,student,frugal,1167,4,roomspace_162,East Kevin,2022-10-09
user_000814,Chad Arnold,joshua96@example.org,27,young_professional,moderate,2989,2,roomspace_271,Jorgeburgh,2021-11-07
user_000815,Tony Rhodes,amandajones@example.net,25,young_professional,comfortable,2129,2,roomspace_271,Wandaborough,2022-07-09
user_000816,Matthew Hoover,roberthernandez@example.com,21,student,moderate,1485,3,roomspace_204,Johnsonbury,2021-03-02
user_000817,Joseph Sutton,ojones@example.org,34,young_professional,comfortable,2195,2,roomspace_272,Reginaview,2021-04-24
user_000818,Courtney Smith,opetty@example.com,23,student,moderate,1479,4,roomspace_163,Port Saraburgh,2022-02-13
user_000819,Elizabeth Nicholson,wdavis@example.net,18,student,impulsive,811,4,roomspace_163,Andreaville,2022-11-28
user_000820,Evan Walton,michaelfigueroa@example.net,32,young_professional,lavish,3744,2,roomspace_273,Woodsberg,2021-07-21
user_000821,Jose Moore,douglasbradley@example.com,25,student,frugal,1128,2,roomspace_273,Lake Daniellestad,2022-07-04
user_000822,Megan Barnes,wwhite@example.com,21,student,frugal,1363,4,roomspace_164,Joshuachester,2022-02-09
user_000823,Sierra Cervantes,cynthia14@example.com,32,family,comfortable,5380,5,roomspace_137,Meganland,2021-03-01
user_000824,Theresa Martin,millerjustin@example.com,32,young_professional,moderate,2915,2,roomspace_274,South Ericaberg,2022-01-08
user_000825,Mr. Michael Patel Jr.,jensenrhonda@example.net,35,young_professional,comfortable,2036,1,roomspace_412,Lake Ronaldside,2022-08-06
user_000826,Zachary Guerrero,lawsontami@example.net,18,student,impulsive,893,4,roomspace_165,East Charles,2022-10-14
user_000827,Harry Williams,xgray@example.org,33,young_professional,comfortable,3151,1,roomspace_413,Robinbury,2022-10-09
user_000828,Pamela Wilson,timothy43@example.org,30,young_professional,lavish,2744,1,roomspace_414,Robinsonport,2022-12-23
user_000829,Maria Petersen,wallspatricia@example.com,40,family,comfortable,5794,5,roomspace_138,West Adammouth,2021-09-13
user_000830,Brian Bailey,richardsmith@example.com,25,student,moderate,916,2,roomspace_276,Gonzalezhaven,2022-02-04
user_000831,Jennifer Gentry,moorediane@example.org,23,student,impulsive,1163,4,roomspace_166,Fosterport,2021-10-11
user_000832,Clarence Cain,mayodiana@example.com,23,student,impulsive,908,2,roomspace_277,East Michael,2021-12-04
user_000833,Stephen Fletcher,lopezbilly@example.com,31,young_professional,comfortable,2219,2,roomspace_277,Mannington,2021-05-05
user_000834,Tiffany Moyer,david78@example.com,24,student,impulsive,1020,3,roomspace_208,West Karen,2022-08-30
user_000835,Kathryn Mclean,ganderson@example.org,23,student,frugal,910,3,roomspace_208,East Maurice,2021-01-11
user_000836,Cynthia Gregory,russell90@example.com,35,young_professional,comfortable,3205,1,roomspace_418,Robertsfort,2021-03-06
user_000837,Danielle Hernandez,johnwang@example.com,35,young_professional,moderate,3206,3,roomspace_209,Lake Lori,2021-06-04
user_000838,Richard Garcia,jacobbond@example.net,33,young_professional,comfortable,3507,1,roomspace_419,East David,2021-11-08
user_000839,William Hickman,msmith@example.org,34,young_professional,comfortable,2989,3,roomspace_209,South Richardport,2022-06-28
user_000840,Crystal Rogers,bbrown@example.net,30,freelancer,frugal,2996,0,,West Danielstad,2021-08-06
user_000841,Michelle Wright,whiteaaron@example.net,34,young_professional,comfortable,3807,2,roomspace_280,Jasonfort,2021-08-06
user_000842,Ashlee Lopez,tcox@example.org,21,student,impulsive,1080,3,roomspace_210,Lake Alexanderside,2022-08-22
user_000843,Erin Figueroa,julia98@example.net,48,budget_conscious,frugal,736,1,roomspace_421,Johnview,2021-06-13
user_000844,Anita Rodriguez,williamstanya@example.net,46,family,comfortable,4724,4,roomspace_168,East Janet,2022-12-20
user_000845,Tom Montgomery,jessica38@example.net,31,freelancer,moderate,1911,0,,North David,2021-11-21
user_000846,Dawn Wiley,patricia71@example.com,23,student,impulsive,1488,2,roomspace_282,South Roberthaven,2022-09-07
user_000847,Kyle Horton,keithsosa@example.org,27,young_professional,comfortable,3031,3,roomspace_211,Lake Lisa,2022-01-20
user_000848,Sheila Mata,samuelhicks@example.net,19,student,moderate,1160,4,roomspace_169,Moralesview,2021-06-10
user_000849,Christopher Robinson,suarezkrystal@example.com,35,young_professional,comfortable,3454,2,roomspace_283,Kevinbury,2021-08-19
user_000850,Kristen Jackson,fergusonkelly@example.net,34,freelancer,impulsive,3297,1,roomspace_425,West Sara,2021-07-30
user_000851,Amber Whitney,amandasmith@example.com,25,young_professional,moderate,2780,1,roomspace_425,Markside,2021-07-25
user_000852,Jennifer Carr,tracie05@example.org,22,student,moderate,964,3,roomspace_213,Gregorytown,2022-02-22
user_000853,Shawna Crosby,sharphailey@example.net,18,student,moderate,1102,2,roomspace_284,Mollyside,2021-06-10
user_000854,Connie Adams,omoore@example.net,25,student,impulsive,904,4,roomspace_170,Richardsonfort,2021-03-14
user_000855,Joe Ochoa Jr.,lharding@example.net,37,family,moderate,5798,5,roomspace_142,Andrewburgh,2022-11-19
user_000856,James Franklin,thomasronald@example.com,39,family,moderate,3692,5,roomspace_142,Garciahaven,2021-04-17
user_000857,Rhonda Morrison,hcruz@example.org,40,budget_conscious,frugal,1165,1,roomspace_428,East Johnland,2021-07-27
user_000858,Mark Smith,rosariodaniel@example.net,25,student,moderate,1030,4,roomspace_171,Melissaland,2021-06-07
user_000859,Peter Stafford,kylemendoza@example.org,34,young_professional,comfortable,3119,3,roomspace_214,New Heatherside,2021-04-06
user_000860,Andrew Stephens,huntmary@example.org,36,family,moderate,4704,5,roomspace_143,East Andrewchester,2021-10-27
user_000861,Matthew Perez,tmcdaniel@example.org,27,young_professional,comfortable,3971,1,roomspace_430,Jacksonville,2021-06-24
user_000862,Tyler Howard,david10@example.net,18,student,moderate,1238,3,roomspace_215,East Roy,2021-09-18
user_000863,Meghan Hernandez,colleen45@example.org,22,student,moderate,805,3,roomspace_215,Sabrinastad,2022-12-26
user_000864,Terry Lindsey,hensleytiffany@example.net,26,freelancer,moderate,1814,1,roomspace_432,West Dylan,2021-12-13
user_000865,Rachel Mendoza,wilsonronald@example.net,50,family,comfortable,4733,5,roomspace_144,Duanemouth,2021-04-10
user_000866,James Flores,aolson@example.net,26,young_professional,comfortable,3605,3,roomspace_216,Devonbury,2021-10-25
user_000867,Jonathan Ferguson,patrickcarpenter@example.com,20,student,moderate,1333,2,roomspace_289,Lake Christopher,2021-10-08
user_000868,Xavier Smith,hrosario@example.org,24,student,frugal,894,3,roomspace_217,Michaelberg,2021-08-17
user_000869,Russell Arnold,osanchez@example.org,23,student,frugal,1139,3,roomspace_217,North Suzanne,2022-07-01
user_000870,Nicholas Horton,swatson@example.org,59,budget_conscious,frugal,1143,2,roomspace_290,South Maryburgh,2021-01-24
user_000871,Charles Sanchez,carrolllisa@example.org,50,family,comfortable,3536,2,roomspace_290,South Julia,2022-08-05
user_000872,Tiffany Harrison,scott04@example.org,35,young_professional,moderate,3256,3,roomspace_218,North Nicole,2021-01-25
user_000873,Carrie Martin,rwall@example.com,23,student,frugal,1190,2,roomspace_291,Samanthahaven,2021-08-26
user_000874,Jessica Moore,boydtiffany@example.org,29,young_professional,lavish,2050,3,roomspace_218,South Christine,2021-06-20
user_000875,Rodney Daugherty,velasqueztaylor@example.com,25,student,frugal,1298,2,roomspace_291,Wilcoxburgh,2021-02-12
user_000876,Maria Lee,garciamichael@example.com,30,young_professional,lavish,3052,1,roomspace_438,East Julianside,2021-03-24
user_000877,Kyle Avila,jacob30@example.org,18,student,frugal,1441,2,roomspace_292,Christophershire,2022-03-15
user_000878,William Webb,edwardssherry@example.org,28,young_professional,comfortable,3771,3,roomspace_219,Karenfurt,2022-01-24
user_000879,Paul Swanson,jacquelinedavis@example.com,24,student,moderate,1462,2,roomspace_293,New Lindseyberg,2021-01-19
user_000880,Janet Willis,robertsedward@example.com,25,student,frugal,1139,2,roomspace_293,Lake Christopherbury,2022-11-18
user_000881,Michael Thomas,victoriamason@example.net,22,student,moderate,1371,2,roomspace_293,Sethberg,2021-09-21
user_000882,Marcus Bentley,macdonaldkim@example.com,22,student,moderate,1217,3,roomspace_220,East Wendy,2022-04-17
user_000883,Christian Burton,adavis@example.org,30,young_professional,comfortable,2034,2,roomspace_294,Amyland,2022-01-23
user_000884,Erik Villa,carlosray@example.com,35,young_professional,moderate,3475,3,roomspace_221,North Haroldmouth,2021-07-20
user_000885,Dr. Pamela Ramos,shelbybonilla@example.com,31,family,comfortable,3797,4,roomspace_177,West Michelefurt,2021-11-14
user_000886,Sylvia Anderson,william95@example.com,22,student,frugal,1421,2,roomspace_295,Lake Robertmouth,2021-07-24
user_000887,Wendy Williams,figueroajohn@example.net,37,freelancer,frugal,2309,2,roomspace_295,East Melissaport,2021-10-19
user_000888,James Jones,qsawyer@example.org,21,student,frugal,939,4,roomspace_177,Stevenside,2022-12-01
user_000889,Ashley White,lowerysandra@example.com,47,family,moderate,4708,3,roomspace_222,South Mark,2021-09-04
user_000890,Larry Lewis,dwilson@example.org,36,freelancer,moderate,3460,0,,South Dustin,2021-06-15
user_000891,Andre Burke,zbrown@example.com,26,young_professional,comfortable,2085,1,roomspace_445,Irwinborough,2021-02-12
user_000892,Alexander Blake,onelson@example.org,19,student,moderate,1112,2,roomspace_297,East Chadfurt,2021-03-05
user_000893,Michael Savage,elizabethgreen@example.org,36,freelancer,impulsive,1933,1,roomspace_446,South Matthewport,2021-05-08
user_000894,Tom Olson,tammykim@example.net,29,freelancer,frugal,1829,0,,Morrowside,2022-09-01
user_000895,Christina Sharp,mariodowns@example.net,36,family,comfortable,3969,3,roomspace_223,Alexismouth,2022-12-27
user_000896,Sean Wilson,ubaker@example.org,25,young_professional,comfortable,3743,3,roomspace_224,Hardingberg,2022-05-08
user_000897,Wayne Davis,julielopez@example.net,29,young_professional,moderate,3375,1,roomspace_448,New Nicholas,2021-09-28
user_000898,Corey Frazier,woodmichael@example.com,25,student,frugal,1138,3,roomspace_224,Wayneville,2022-06-28
user_000899,Dr. Jason Bell PhD,wmills@example.com,26,young_professional,moderate,2583,3,roomspace_224,East Stephenstad,2021-05-18
user_000900,Carla Graham,megan64@example.net,25,student,moderate,1261,3,roomspace_225,North Lindaville,2021-03-11
user_000901,Lisa Jenkins,nbrady@example.net,20,student,frugal,1379,4,roomspace_180,Lake Seanshire,2022-09-18
user_000902,Dylan Fisher,kimberlyarnold@example.org,24,student,frugal,972,2,roomspace_300,Port Terrence,2021-04-07
user_000903,Riley Marshall,xsmith@example.org,50,family,comfortable,5286,4,roomspace_180,Josephview,2021-08-27
user_000904,Rebecca Perry,adamstout@example.org,23,student,moderate,1291,3,roomspace_226,North Ericstad,2022-10-16
user_000905,Sally Greene,george96@example.org,45,family,moderate,5759,2,roomspace_301,Leefurt,2022-10-06
user_000906,Timothy Patterson,lmadden@example.com,29,young_professional,lavish,3758,1,roomspace_453,Zacharychester,2021-06-29
user_000907,Robert Gordon,ocameron@example.com,19,student,impulsive,877,2,roomspace_302,West James,2021-03-14
user_000908,Adam Carrillo,anthonyzimmerman@example.org,34,young_professional,comfortable,3185,2,roomspace_302,Johnsonberg,2021-12-19
user_000909,Paula Lopez,kennethnichols@example.org,18,student,moderate,1364,3,roomspace_227,Townsendton,2021-08-02
user_000910,Charles Johnson,rodriguezsara@example.org,50,budget_conscious,frugal,752,2,roomspace_303,East Justinburgh,2021-03-14
user_000911,Ryan Durham,peterhenry@example.org,34,freelancer,moderate,1774,1,roomspace_455,Jonesland,2021-06-13
user_000912,Jaime Edwards,lstokes@example.com,23,student,moderate,1314,2,roomspace_304,East Donnaton,2021-04-02
user_000913,Wendy Webb,moorejudy@example.org,49,family,moderate,4179,3,roomspace_228,New Anthony,2021-01-18
user_000914,Paige Robinson,danny30@example.com,20,student,frugal,1295,3,roomspace_228,East Christopher,2022-06-22
user_000915,Debra Olson,baileyandrea@example.com,37,family,moderate,3757,4,roomspace_183,Mcgeefort,2021-12-05
user_000916,Jennifer Lee,jamesmathis@example.net,21,student,frugal,1330,3,roomspace_229,Suzanneville,2022-03-30
user_000917,Laurie Martin,stephaniefreeman@example.com,26,freelancer,moderate,1581,2,roomspace_305,Carlsonview,2022-09-26
user_000918,Brian Reyes,ashleybrooks@example.net,46,family,moderate,4620,4,roomspace_183,South Garyton,2022-02-02
user_000919,Jason Munoz,raymond12@example.com,31,young_professional,comfortable,3338,2,roomspace_306,Gibbsstad,2021-07-10
user_000920,Matthew Watson,david50@example.net,26,young_professional,comfortable,3058,2,roomspace_306,Jasonshire,2022-09-10
user_000921,David Jones,carolyn83@example.org,37,freelancer,moderate,2222,1,roomspace_460,Jenniferland,2022-03-22
user_000922,Jennifer Avila,lisa33@example.org,34,young_professional,lavish,2013,3,roomspace_230,Jimenezview,2021-11-24
user_000923,Jesse Guzman,byoung@example.com,28,young_professional,comfortable,2157,3,roomspace_230,Lake Kristashire,2021-01-04
user_000924,Diane Skinner,ijohnson@example.net,20,student,moderate,961,3,roomspace_231,West Deannaland,2021-12-31
user_000925,Robert Cummings,logan56@example.org,37,family,comfortable,5198,4,roomspace_185,Troyton,2021-11-02
user_000926,William Snyder,cameronsharon@example.org,32,young_professional,comfortable,2981,1,roomspace_463,East Brandontown,2021-04-18
user_000927,Frank Watts,fperez@example.org,31,young_professional,moderate,2045,1,roomspace_463,Lisaside,2021-01-04
user_000928,Shawna Green,rodriguezstacey@example.org,27,young_professional,comfortable,2275,3,roomspace_232,Markfurt,2021-07-29
user_000929,Tammy Silva,martinezmichelle@example.net,29,freelancer,frugal,1614,0,,Walshville,2022-02-10
user_000930,Laura Stanley,marc73@example.org,24,student,moderate,1413,4,roomspace_186,Katieland,2021-10-02
user_000931,Shelley Keller,heatherjones@example.com,34,freelancer,frugal,3439,0,,East Alexanderborough,2021-12-30
user_000932,Chelsea Garcia,lisagill@example.net,32,young_professional,moderate,3776,2,roomspace_310,Kathleenport,2022-07-05
user_000933,Christian Wagner,jefferycox@example.com,49,family,comfortable,4084,3,roomspace_233,Port Ricardo,2021-02-23
user_000934,Christopher Parker,thomasnancy@example.net,27,young_professional,comfortable,3483,3,roomspace_233,East Allenmouth,2021-05-26
user_000935,John Schmidt,joseph81@example.com,34,young_professional,comfortable,2140,1,roomspace_467,Lewisfurt,2022-01-26
user_000936,Gene Alexander,corey66@example.org,18,student,impulsive,1007,4,roomspace_187,Jaimeburgh,2022-04-07
user_000937,Lawrence Stone,maldonadodebbie@example.org,31,young_professional,comfortable,3692,1,roomspace_468,North Brian,2021-01-28
user_000938,Cynthia Patel,jeremy96@example.com,18,student,moderate,1344,4,roomspace_187,Garciaview,2022-01-20
user_000939,Richard Bailey,janice40@example.org,20,student,impulsive,1417,4,roomspace_187,New Rebecca,2022-04-29
user_000940,Eric Knox,georgemaldonado@example.org,38,freelancer,moderate,2569,1,roomspace_470,West Rachel,2021-04-21
user_000941,Mary Patterson,thompsonjoseph@example.org,24,student,moderate,1034,3,roomspace_235,Lake Kathleen,2021-01-08
user_000942,Tracy Aguilar,emarks@example.org,19,student,frugal,1235,2,roomspace_314,Port Andreport,2022-10-11
user_000943,Jonathan Fischer,garcialinda@example.com,32,family,moderate,4660,5,roomspace_157,Henrystad,2022-02-28
user_000944,John Diaz,careykevin@example.com,18,student,frugal,1391,4,roomspace_188,Rodriguezhaven,2022-07-20
user_000945,Brittany Jenkins,donnathomas@example.com,21,student,frugal,1123,3,roomspace_236,East Beckychester,2021-10-07
user_000946,Brandon Knapp,rfowler@example.net,22,student,moderate,1067,4,roomspace_189,Archerhaven,2021-05-16
user_000947,Michael Barron,rlawrence@example.com,22,student,moderate,1496,3,roomspace_236,North Bethany,2022-06-30
user_000948,Logan Hamilton,yknight@example.com,33,young_professional,comfortable,2988,1,roomspace_474,Danieltown,2022-01-23
user_000949,Bridget Becker,cindy24@example.com,29,young_professional,comfortable,2628,3,roomspace_237,Calvinport,2021-01-13
user_000950,Daniel Petersen,brownkevin@example.com,34,family,moderate,3987,3,roomspace_237,Donnatown,2021-02-08
user_000951,Gregory Campbell,stephaniereeves@example.org,27,young_professional,comfortable,2205,1,roomspace_475,South Brenda,2021-03-04
user_000952,Andrew Fitzpatrick,lisawalsh@example.com,47,family,moderate,3713,3,roomspace_238,Rasmussenville,2022-11-25
user_000953,Eric Collins,ushelton@example.net,26,young_professional,comfortable,3686,1,roomspace_476,Lake Katrina,2021-07-14
user_000954,Julian Turner,evanssara@example.com,26,young_professional,moderate,2131,2,roomspace_318,South Kimberly,2022-10-10
user_000955,Charles Ramos,william57@example.com,18,student,moderate,1193,3,roomspace_238,Owenschester,2021-12-25
user_000956,Justin Bernard,idavis@example.net,34,young_professional,comfortable,2117,1,roomspace_478,Kristinshire,2022-02-02
user_000957,Marc Yoder,brian62@example.com,28,young_professional,lavish,3741,3,roomspace_239,South Lindseyhaven,2021-12-24
user_000958,Angela Nelson,cookconnor@example.com,28,young_professional,comfortable,2068,3,roomspace_239,Vaughnton,2021-04-05
user_000959,Megan Stevenson,mileszachary@example.net,34,young_professional,moderate,2347,3,roomspace_239,Taylorberg,2021-08-22
user_000960,Michelle Zuniga,mhanson@example.org,18,student,impulsive,961,2,roomspace_320,North Ericville,2022-02-08
user_000961,Dan Wells,hmyers@example.com,41,family,moderate,5118,5,roomspace_160,Webbburgh,2022-09-30
user_000962,Ryan Green,nvillarreal@example.org,26,young_professional,comfortable,3882,1,roomspace_481,Thomastown,2021-05-24
user_000963,Patrick Allen,thomasroberts@example.net,47,family,moderate,5887,4,roomspace_192,New Trevorview,2021-10-31
user_000964,Robert Marshall,shernandez@example.com,37,family,moderate,5983,3,roomspace_241,New Pedroshire,2021-08-24
user_000965,Matthew Sandoval,wwilliams@example.org,25,young_professional,comfortable,2534,1,roomspace_482,Khanmouth,2021-08-04
user_000966,Christopher Mason,michaelmccarthy@example.com,19,student,frugal,1315,3,roomspace_241,East Dianastad,2022-05-25
user_000967,Gina Espinoza,joshuafarmer@example.com,22,student,frugal,1350,4,roomspace_193,Jonesfort,2021-10-20
user_000968,Lisa White,david59@example.net,31,young_professional,comfortable,3153,2,roomspace_322,Breannafurt,2021-02-22
user_000969,Samuel Moore,ortegavictor@example.net,44,family,moderate,5387,2,roomspace_323,Morrisbury,2022-08-23
user_000970,Morgan Young,jessicacruz@example.com,24,student,moderate,1448,2,roomspace_323,North Cherylville,2021-01-30
user_000971,Angel Hines,mcleanmanuel@example.net,23,student,moderate,1222,3,roomspace_242,Grayshire,2022-03-09
user_000972,David Kim,jeremiah26@example.net,22,student,frugal,1054,3,roomspace_243,North Brandi,2022-05-04
user_000973,Anne Johnson,patriciaward@example.com,30,young_professional,lavish,2155,3,roomspace_243,West Jacobhaven,2022-01-21
user_000974,Daniel Carey,michael82@example.org,30,young_professional,moderate,2447,3,roomspace_243,Pattersonfurt,2022-11-10
user_000975,Blake Patton,craig73@example.org,31,freelancer,frugal,2521,2,roomspace_325,Andrewport,2022-12-18
user_000976,Jeanette Howard,tammyjones@example.net,38,family,moderate,4346,3,roomspace_244,Port April,2022-04-20
user_000977,Jennifer Brown,aguilarsharon@example.com,23,student,frugal,959,2,roomspace_325,North Matthewview,2021-06-05
user_000978,Phillip Taylor,sandra03@example.com,25,student,moderate,1428,2,roomspace_326,Port Stacyton,2021-09-26
user_000979,Dr. Linda Salazar,claytimothy@example.org,25,young_professional,comfortable,3736,2,roomspace_326,Jenniferville,2021-01-28
user_000980,Danny Bell MD,andrewbrown@example.org,22,student,impulsive,1302,2,roomspace_326,Flemingtown,2022-03-06
user_000981,Mr. James Martinez,hdunn@example.com,33,freelancer,impulsive,2314,0,,New Tonistad,2021-10-01
user_000982,Jeffrey Brown,christophersmith@example.com,24,student,frugal,1289,4,roomspace_196,Port Alexisbury,2022-09-24
user_000983,Anthony Gonzales,bradley59@example.net,20,student,moderate,1268,2,roomspace_327,West David,2021-11-05
user_000984,Bryan Jones,shawna37@example.net,25,young_professional,moderate,2024,3,roomspace_246,Priscillabury,2021-12-11
user_000985,Teresa Deleon,misty38@example.com,30,young_professional,lavish,2740,3,roomspace_246,Heidihaven,2021-03-23
user_000986,Steven Thornton,nramirez@example.org,22,student,moderate,1042,3,roomspace_246,West Judy,2021-06-13
user_000987,Nathaniel French,spenceholly@example.net,30,young_professional,comfortable,2376,2,roomspace_329,Bentontown,2022-01-23
user_000988,Debra Chapman,margaret10@example.com,30,young_professional,moderate,2747,2,roomspace_329,Simpsonfurt,2021-10-26
user_000989,Danny Gray,qpatel@example.com,20,student,frugal,1389,4,roomspace_197,New Kathryntown,2022-12-08
user_000990,Stephanie Livingston,lisa93@example.org,22,student,moderate,1041,4,roomspace_198,Jessicachester,2022-11-04
user_000991,Nicholas Moss,aguirreangela@example.net,20,student,impulsive,953,3,roomspace_247,Micheleside,2021-12-27
user_000992,Nathan Mack,francisco67@example.net,25,student,moderate,937,4,roomspace_198,East Rebecca,2021-08-07
user_000993,Tiffany Miller,kelseyphillips@example.net,45,family,moderate,4728,4,roomspace_198,Johnsonview,2021-10-08
user_000994,David Delgado,martinezashley@example.com,31,young_professional,moderate,2202,3,roomspace_248,Melaniemouth,2021-12-26
user_000995,Adam Johnson,timothy83@example.com,22,student,frugal,1287,4,roomspace_199,New Sheilaview,2022-11-28
user_000996,Emily Brown,jonathanbuchanan@example.com,38,family,moderate,4978,4,roomspace_199,Martinezburgh,2021-04-25
user_000997,Mary Hall,lopezwilliam@example.com,33,freelancer,moderate,2204,0,,Bobbybury,2021-02-17
user_000998,Wendy Hester,gregorymeredith@example.com,21,student,moderate,1390,4,roomspace_199,New Jimmyville,2021-03-02
user_000999,Ashley Jones,markwatson@example.net,29,young_professional,comfortable,2727,2,roomspace_333,Joneschester,2022-11-12
