membership_id,group_id,user_id,joined_date,left_date,role,share_percentage
MEM_000001,GRP_0001,USR_0543,2018-02-22,,admin,0.1768
MEM_000002,GRP_0001,USR_0260,2018-02-22,,member,0.0563
MEM_000003,GRP_0001,USR_0450,2018-02-24,2022-03-20,member,0.3051
MEM_000004,GRP_0001,USR_0719,2018-02-10,,member,0.0522
MEM_000005,GRP_0001,USR_0491,2018-02-20,,member,0.2341
MEM_000006,GRP_0002,USR_0475,2021-05-18,2021-07-26,admin,0.2853
MEM_000007,GRP_0002,USR_0147,2021-05-13,2021-06-23,member,0.3348
MEM_000008,GRP_0002,USR_0290,2021-06-04,,member,0.3731
MEM_000009,GRP_0002,USR_0543,2021-06-02,2021-09-03,member,0.3001
MEM_000010,GRP_0002,USR_0348,2021-06-05,,member,0.1939
MEM_000011,GRP_0002,USR_0163,2021-06-03,2022-01-07,member,0.2619
MEM_000012,GRP_0002,USR_0993,2021-05-10,,member,0.0601
MEM_000013,GRP_0002,USR_0260,2021-06-06,2021-07-07,member,0.3952
MEM_000014,GRP_0003,USR_0515,2022-01-30,,admin,0.1429
MEM_000015,GRP_0003,USR_0969,2022-01-10,,member,0.1429
MEM_000016,GRP_0003,USR_0779,2022-01-30,,member,0.1429
MEM_000017,GRP_0003,USR_0700,2022-01-16,,member,0.1429
MEM_000018,GRP_0003,USR_0366,2022-01-29,,member,0.1429
MEM_000019,GRP_0003,USR_0446,2022-01-21,,member,0.1429
MEM_000020,GRP_0003,USR_0965,2022-02-04,,member,0.1429
MEM_000021,GRP_0004,USR_0214,2022-07-17,,admin,0.1667
MEM_000022,GRP_0004,USR_0567,2022-08-08,,member,0.1667
MEM_000023,GRP_0004,USR_0887,2022-08-03,,member,0.1667
MEM_000024,GRP_0004,USR_0316,2022-07-23,,member,0.1667
MEM_000025,GRP_0004,USR_0968,2022-07-29,,member,0.1667
MEM_000026,GRP_0004,USR_0554,2022-07-12,,member,0.1667
MEM_000027,GRP_0005,USR_0089,2019-04-18,,admin,0.5
MEM_000028,GRP_0005,USR_0649,2019-04-03,,member,0.5
MEM_000029,GRP_0006,USR_0856,2019-09-30,,admin,0.2726
MEM_000030,GRP_0006,USR_0775,2019-10-07,,member,0.2363
MEM_000031,GRP_0007,USR_0341,2020-02-05,,admin,0.3521
MEM_000032,GRP_0007,USR_0471,2020-01-16,,member,0.1365
MEM_000033,GRP_0007,USR_0745,2020-01-17,,member,0.2193
MEM_000034,GRP_0008,USR_0458,2021-12-26,,admin,0.3429
MEM_000035,GRP_0008,USR_0150,2022-01-19,,member,0.2536
MEM_000036,GRP_0008,USR_0877,2022-01-07,,member,0.3695
MEM_000037,GRP_0008,USR_0630,2022-01-07,,member,0.2584
MEM_000038,GRP_0008,USR_0452,2022-01-10,,member,0.2029
MEM_000039,GRP_0009,USR_0541,2022-02-13,2024-10-04,admin,0.3519
MEM_000040,GRP_0009,USR_0724,2022-02-08,,member,0.1966
MEM_000041,GRP_0009,USR_0649,2022-02-08,,member,0.3644
MEM_000042,GRP_0009,USR_0535,2022-02-26,,member,0.1883
MEM_000043,GRP_0009,USR_0702,2022-03-01,,member,0.1313
MEM_000044,GRP_0009,USR_0653,2022-02-22,2022-11-18,member,0.2154
MEM_000045,GRP_0010,USR_0714,2019-03-04,,admin,0.1429
MEM_000046,GRP_0010,USR_0729,2019-02-14,,member,0.1429
MEM_000047,GRP_0010,USR_0116,2019-02-25,,member,0.1429
MEM_000048,GRP_0010,USR_0971,2019-03-10,2019-07-03,member,0.1429
MEM_000049,GRP_0010,USR_0067,2019-02-23,,member,0.1429
MEM_000050,GRP_0010,USR_0492,2019-02-25,,member,0.1429
MEM_000051,GRP_0010,USR_0125,2019-03-08,,member,0.1429
MEM_000052,GRP_0011,USR_0037,2023-08-02,,admin,0.3333
MEM_000053,GRP_0011,USR_0612,2023-07-14,,member,0.3333
MEM_000054,GRP_0011,USR_0577,2023-07-30,,member,0.3333
MEM_000055,GRP_0012,USR_0353,2020-05-03,2021-05-07,admin,0.2556
MEM_000056,GRP_0012,USR_0577,2020-05-16,,member,0.2828
MEM_000057,GRP_0013,USR_0077,2019-01-19,,admin,0.125
MEM_000058,GRP_0013,USR_0648,2019-01-25,,member,0.125
MEM_000059,GRP_0013,USR_0333,2019-01-08,,member,0.125
MEM_000060,GRP_0013,USR_0234,2019-01-08,,member,0.125
MEM_000061,GRP_0013,USR_0041,2019-01-20,,member,0.125
MEM_000062,GRP_0013,USR_0002,2019-01-07,,member,0.125
MEM_000063,GRP_0013,USR_0095,2019-01-24,,member,0.125
MEM_000064,GRP_0013,USR_0351,2019-01-10,2021-07-24,member,0.125
MEM_000065,GRP_0014,USR_0496,2025-12-28,,admin,0.3333
MEM_000066,GRP_0014,USR_0908,2025-12-21,,member,0.3333
MEM_000067,GRP_0014,USR_0040,2025-12-31,,member,0.3333
MEM_000068,GRP_0015,USR_0836,2016-03-25,,admin,0.2
MEM_000069,GRP_0015,USR_0398,2016-03-18,2017-01-09,member,0.2
MEM_000070,GRP_0015,USR_0582,2016-03-08,2017-09-30,member,0.2
MEM_000071,GRP_0015,USR_0978,2016-03-19,,member,0.2
MEM_000072,GRP_0015,USR_0561,2016-03-13,,member,0.2
MEM_000073,GRP_0016,USR_0717,2022-09-10,,admin,0.3333
MEM_000074,GRP_0016,USR_0726,2022-09-27,,member,0.3333
MEM_000075,GRP_0016,USR_0636,2022-09-06,,member,0.3333
MEM_000076,GRP_0017,USR_0520,2018-06-07,,admin,0.3333
MEM_000077,GRP_0017,USR_0653,2018-06-03,,member,0.3333
MEM_000078,GRP_0017,USR_0568,2018-06-13,,member,0.3333
MEM_000079,GRP_0018,USR_0107,2022-02-16,,admin,0.374
MEM_000080,GRP_0018,USR_0899,2022-03-03,,member,0.2597
MEM_000081,GRP_0018,USR_0905,2022-02-21,,member,0.2355
MEM_000082,GRP_0018,USR_0236,2022-02-13,,member,0.3999
MEM_000083,GRP_0018,USR_0943,2022-02-12,,member,0.1879
MEM_000084,GRP_0018,USR_0553,2022-02-07,2023-04-05,member,0.3785
MEM_000085,GRP_0019,USR_0616,2022-09-29,,admin,0.1289
MEM_000086,GRP_0019,USR_0192,2022-09-21,,member,0.0512
MEM_000087,GRP_0019,USR_0918,2022-10-16,,member,0.3332
MEM_000088,GRP_0020,USR_0687,2020-08-10,,admin,0.1905
MEM_000089,GRP_0020,USR_0942,2020-08-19,,member,0.1669
MEM_000090,GRP_0020,USR_0522,2020-08-09,,member,0.0694
MEM_000091,GRP_0020,USR_0029,2020-08-22,,member,0.305
MEM_000092,GRP_0020,USR_0625,2020-08-03,,member,0.1536
MEM_000093,GRP_0021,USR_0303,2016-02-20,,admin,0.3537
MEM_000094,GRP_0021,USR_0526,2016-02-11,,member,0.1224
MEM_000095,GRP_0021,USR_0324,2016-01-29,,member,0.1893
MEM_000096,GRP_0021,USR_0378,2016-02-10,2018-01-03,member,0.1433
MEM_000097,GRP_0021,USR_0460,2016-02-09,,member,0.3585
MEM_000098,GRP_0021,USR_0106,2016-02-10,2016-12-14,member,0.0816
MEM_000099,GRP_0021,USR_0800,2016-02-15,,member,0.3456
MEM_000100,GRP_0021,USR_0848,2016-02-08,,member,0.2404
MEM_000101,GRP_0021,USR_0770,2016-01-24,2018-02-06,member,0.2015
MEM_000102,GRP_0022,USR_0299,2022-12-26,,admin,0.1667
MEM_000103,GRP_0022,USR_0256,2022-12-13,2023-12-27,member,0.1667
MEM_000104,GRP_0022,USR_0520,2022-12-29,,member,0.1667
MEM_000105,GRP_0022,USR_0355,2022-12-04,2023-04-25,member,0.1667
MEM_000106,GRP_0022,USR_0621,2022-12-10,2023-09-06,member,0.1667
MEM_000107,GRP_0022,USR_0008,2022-12-15,,member,0.1667
MEM_000108,GRP_0023,USR_0262,2020-04-28,2022-03-27,admin,0.2132
MEM_000109,GRP_0023,USR_0944,2020-04-25,,member,0.0589
MEM_000110,GRP_0023,USR_0583,2020-05-08,,member,0.1397
MEM_000111,GRP_0023,USR_0588,2020-04-26,,member,0.2677
MEM_000112,GRP_0023,USR_0608,2020-05-20,2025-02-02,member,0.3454
MEM_000113,GRP_0023,USR_0496,2020-05-16,,member,0.077
MEM_000114,GRP_0024,USR_0112,2020-09-30,,admin,0.1667
MEM_000115,GRP_0024,USR_0442,2020-10-19,2021-03-15,member,0.1667
MEM_000116,GRP_0024,USR_0581,2020-09-30,,member,0.1667
MEM_000117,GRP_0024,USR_0603,2020-10-04,,member,0.1667
MEM_000118,GRP_0024,USR_0496,2020-10-25,2021-06-12,member,0.1667
MEM_000119,GRP_0024,USR_0081,2020-10-24,,member,0.1667
MEM_000120,GRP_0025,USR_0091,2016-06-11,2018-11-11,admin,0.1667
MEM_000121,GRP_0025,USR_0902,2016-06-29,,member,0.1667
MEM_000122,GRP_0025,USR_0406,2016-06-27,2018-06-22,member,0.1667
MEM_000123,GRP_0025,USR_0828,2016-06-12,2016-09-11,member,0.1667
MEM_000124,GRP_0025,USR_0363,2016-06-22,2016-12-17,member,0.1667
MEM_000125,GRP_0025,USR_0338,2016-07-02,2019-07-12,member,0.1667
MEM_000126,GRP_0026,USR_0177,2023-12-16,,admin,0.1429
MEM_000127,GRP_0026,USR_0461,2023-12-29,,member,0.1429
MEM_000128,GRP_0026,USR_0684,2023-12-16,2024-01-07,member,0.1429
MEM_000129,GRP_0026,USR_0724,2023-12-15,2024-02-09,member,0.1429
MEM_000130,GRP_0026,USR_0853,2023-12-07,,member,0.1429
MEM_000131,GRP_0026,USR_0693,2023-12-29,,member,0.1429
MEM_000132,GRP_0026,USR_0465,2023-12-27,2024-05-08,member,0.1429
MEM_000133,GRP_0027,USR_0401,2017-10-24,2018-03-03,admin,0.2
MEM_000134,GRP_0027,USR_0746,2017-10-22,,member,0.2
MEM_000135,GRP_0027,USR_0677,2017-11-05,,member,0.2
MEM_000136,GRP_0027,USR_0618,2017-10-10,2022-05-03,member,0.2
MEM_000137,GRP_0027,USR_0063,2017-10-12,,member,0.2
MEM_000138,GRP_0028,USR_0336,2021-12-13,,admin,0.1111
MEM_000139,GRP_0028,USR_0683,2021-12-02,,member,0.1111
MEM_000140,GRP_0028,USR_0580,2021-12-20,,member,0.1111
MEM_000141,GRP_0028,USR_0609,2021-11-30,,member,0.1111
MEM_000142,GRP_0028,USR_0745,2021-11-30,,member,0.1111
MEM_000143,GRP_0028,USR_0256,2021-12-17,,member,0.1111
MEM_000144,GRP_0028,USR_0092,2021-11-27,,member,0.1111
MEM_000145,GRP_0028,USR_0570,2021-12-20,,member,0.1111
MEM_000146,GRP_0028,USR_0822,2021-11-29,,member,0.1111
MEM_000147,GRP_0029,USR_0912,2019-07-19,2020-12-09,admin,0.1074
MEM_000148,GRP_0029,USR_0325,2019-07-26,,member,0.2108
MEM_000149,GRP_0030,USR_0041,2022-03-29,,admin,0.1
MEM_000150,GRP_0030,USR_0328,2022-03-09,2023-01-17,member,0.1
MEM_000151,GRP_0030,USR_0384,2022-03-09,,member,0.1
MEM_000152,GRP_0030,USR_0926,2022-03-28,2024-03-28,member,0.1
MEM_000153,GRP_0030,USR_0477,2022-03-22,2023-09-16,member,0.1
MEM_000154,GRP_0030,USR_0987,2022-03-12,,member,0.1
MEM_000155,GRP_0030,USR_0689,2022-03-13,,member,0.1
MEM_000156,GRP_0030,USR_0076,2022-03-04,,member,0.1
MEM_000157,GRP_0030,USR_0952,2022-03-13,,member,0.1
MEM_000158,GRP_0030,USR_0810,2022-03-19,,member,0.1
MEM_000159,GRP_0031,USR_0712,2019-01-17,,admin,0.1941
MEM_000160,GRP_0031,USR_0547,2019-01-15,,member,0.1119
MEM_000161,GRP_0031,USR_0749,2019-01-15,,member,0.3125
MEM_000162,GRP_0031,USR_0022,2019-01-02,,member,0.3275
MEM_000163,GRP_0031,USR_0599,2018-12-25,,member,0.2142
MEM_000164,GRP_0031,USR_0591,2019-01-13,,member,0.1876
MEM_000165,GRP_0031,USR_0725,2019-01-08,,member,0.3435
MEM_000166,GRP_0031,USR_0219,2019-01-06,,member,0.2726
MEM_000167,GRP_0031,USR_0506,2019-01-06,,member,0.2063
MEM_000168,GRP_0031,USR_0230,2018-12-28,,member,0.1699
MEM_000169,GRP_0032,USR_0199,2021-08-02,,admin,0.3333
MEM_000170,GRP_0032,USR_0749,2021-08-22,2023-01-30,member,0.3333
MEM_000171,GRP_0032,USR_0828,2021-08-06,,member,0.3333
MEM_000172,GRP_0033,USR_0135,2020-09-16,2020-11-25,admin,0.1667
MEM_000173,GRP_0033,USR_0825,2020-08-31,,member,0.1667
MEM_000174,GRP_0033,USR_0840,2020-09-16,,member,0.1667
MEM_000175,GRP_0033,USR_0020,2020-09-16,,member,0.1667
MEM_000176,GRP_0033,USR_0753,2020-09-02,,member,0.1667
MEM_000177,GRP_0033,USR_0260,2020-09-26,,member,0.1667
MEM_000178,GRP_0034,USR_0034,2023-02-21,,admin,0.1919
MEM_000179,GRP_0034,USR_0827,2023-02-18,,member,0.2158
MEM_000180,GRP_0034,USR_0570,2023-03-01,,member,0.2038
MEM_000181,GRP_0034,USR_0231,2023-02-15,,member,0.3307
MEM_000182,GRP_0034,USR_0858,2023-03-03,,member,0.262
MEM_000183,GRP_0034,USR_0260,2023-02-13,2023-12-06,member,0.1286
MEM_000184,GRP_0034,USR_0058,2023-02-28,,member,0.3802
MEM_000185,GRP_0034,USR_0911,2023-02-22,2023-04-14,member,0.165
MEM_000186,GRP_0035,USR_0767,2024-03-30,,admin,0.1613
MEM_000187,GRP_0035,USR_0563,2024-03-15,,member,0.2852
MEM_000188,GRP_0035,USR_0686,2024-04-02,,member,0.0717
MEM_000189,GRP_0035,USR_0876,2024-03-25,,member,0.1565
MEM_000190,GRP_0035,USR_0759,2024-03-31,,member,0.1053
MEM_000191,GRP_0035,USR_0051,2024-03-21,,member,0.2
MEM_000192,GRP_0035,USR_0453,2024-04-05,,member,0.3707
MEM_000193,GRP_0035,USR_0401,2024-03-09,,member,0.381
MEM_000194,GRP_0035,USR_0462,2024-03-17,,member,0.2013
MEM_000195,GRP_0036,USR_0446,2025-10-18,,admin,0.07
MEM_000196,GRP_0036,USR_0647,2025-10-31,,member,0.3292
MEM_000197,GRP_0036,USR_0312,2025-11-05,,member,0.2946
MEM_000198,GRP_0036,USR_0158,2025-10-10,,member,0.2148
MEM_000199,GRP_0036,USR_0539,2025-10-25,,member,0.2622
MEM_000200,GRP_0036,USR_0638,2025-10-15,,member,0.2715
MEM_000201,GRP_0036,USR_0021,2025-10-18,,member,0.118
MEM_000202,GRP_0036,USR_0412,2025-10-22,,member,0.1092
MEM_000203,GRP_0036,USR_0509,2025-10-29,,member,0.1274
MEM_000204,GRP_0037,USR_0311,2023-02-01,,admin,0.5
MEM_000205,GRP_0037,USR_0606,2023-02-09,,member,0.5
MEM_000206,GRP_0038,USR_0120,2021-06-09,,admin,0.1429
MEM_000207,GRP_0038,USR_0944,2021-06-28,2021-09-25,member,0.1429
MEM_000208,GRP_0038,USR_0662,2021-07-05,,member,0.1429
MEM_000209,GRP_0038,USR_0849,2021-06-27,,member,0.1429
MEM_000210,GRP_0038,USR_0220,2021-06-26,,member,0.1429
MEM_000211,GRP_0038,USR_0089,2021-06-06,,member,0.1429
MEM_000212,GRP_0038,USR_0775,2021-06-25,,member,0.1429
MEM_000213,GRP_0039,USR_0243,2019-12-19,,admin,0.2535
MEM_000214,GRP_0039,USR_0742,2019-12-15,2023-01-17,member,0.3996
MEM_000215,GRP_0039,USR_0473,2019-12-02,,member,0.3489
MEM_000216,GRP_0039,USR_0840,2019-12-20,,member,0.1205
MEM_000217,GRP_0039,USR_0665,2019-12-24,,member,0.1176
MEM_000218,GRP_0040,USR_0848,2021-10-12,,admin,0.1425
MEM_000219,GRP_0040,USR_0340,2021-10-30,,member,0.0945
MEM_000220,GRP_0040,USR_0250,2021-10-16,,member,0.1711
MEM_000221,GRP_0040,USR_0431,2021-10-28,,member,0.2458
MEM_000222,GRP_0040,USR_0435,2021-11-05,,member,0.251
MEM_000223,GRP_0040,USR_0827,2021-11-03,,member,0.0926
MEM_000224,GRP_0040,USR_0269,2021-11-02,,member,0.3134
MEM_000225,GRP_0040,USR_0528,2021-10-25,,member,0.2269
MEM_000226,GRP_0040,USR_0540,2021-10-15,,member,0.3603
MEM_000227,GRP_0040,USR_0975,2021-10-11,,member,0.1627
MEM_000228,GRP_0041,USR_0525,2016-04-09,,admin,0.294
MEM_000229,GRP_0041,USR_0299,2016-04-01,,member,0.1558
MEM_000230,GRP_0041,USR_0731,2016-03-24,,member,0.252
MEM_000231,GRP_0042,USR_0669,2016-12-30,,admin,0.3892
MEM_000232,GRP_0042,USR_0054,2017-01-09,,member,0.2028
MEM_000233,GRP_0042,USR_0263,2016-12-19,,member,0.3206
MEM_000234,GRP_0042,USR_0074,2017-01-14,,member,0.0533
MEM_000235,GRP_0043,USR_0516,2020-12-02,,admin,0.2
MEM_000236,GRP_0043,USR_0856,2020-11-27,,member,0.2
MEM_000237,GRP_0043,USR_0875,2020-12-03,,member,0.2
MEM_000238,GRP_0043,USR_0447,2020-11-12,,member,0.2
MEM_000239,GRP_0043,USR_0827,2020-12-01,,member,0.2
MEM_000240,GRP_0044,USR_0528,2022-10-26,,admin,0.1429
MEM_000241,GRP_0044,USR_0539,2022-11-07,,member,0.1429
MEM_000242,GRP_0044,USR_0426,2022-10-31,,member,0.1429
MEM_000243,GRP_0044,USR_0968,2022-10-28,,member,0.1429
MEM_000244,GRP_0044,USR_0617,2022-11-09,,member,0.1429
MEM_000245,GRP_0044,USR_0980,2022-10-18,,member,0.1429
MEM_000246,GRP_0044,USR_0129,2022-10-24,,member,0.1429
MEM_000247,GRP_0045,USR_0939,2019-06-20,,admin,0.07
MEM_000248,GRP_0045,USR_0430,2019-06-08,2020-06-18,member,0.159
MEM_000249,GRP_0045,USR_0708,2019-06-10,,member,0.0979
MEM_000250,GRP_0046,USR_0264,2025-01-31,,admin,0.2
MEM_000251,GRP_0046,USR_0447,2025-01-22,,member,0.2
MEM_000252,GRP_0046,USR_0396,2025-02-14,,member,0.2
MEM_000253,GRP_0046,USR_0713,2025-01-24,,member,0.2
MEM_000254,GRP_0046,USR_0321,2025-01-31,,member,0.2
MEM_000255,GRP_0047,USR_0978,2017-01-04,2017-12-21,admin,0.2135
MEM_000256,GRP_0047,USR_0612,2016-12-10,,member,0.3356
MEM_000257,GRP_0048,USR_0876,2020-11-04,,admin,0.3353
MEM_000258,GRP_0048,USR_0199,2020-10-26,,member,0.2836
MEM_000259,GRP_0048,USR_0973,2020-10-23,,member,0.3832
MEM_000260,GRP_0049,USR_0063,2018-02-24,,admin,0.2
MEM_000261,GRP_0049,USR_0380,2018-02-10,,member,0.2
MEM_000262,GRP_0049,USR_0010,2018-02-16,,member,0.2
MEM_000263,GRP_0049,USR_0090,2018-02-23,,member,0.2
MEM_000264,GRP_0049,USR_0607,2018-03-01,2020-12-02,member,0.2
MEM_000265,GRP_0050,USR_0583,2020-02-03,,admin,0.2
MEM_000266,GRP_0050,USR_0003,2020-02-05,,member,0.2
MEM_000267,GRP_0050,USR_0874,2020-02-16,,member,0.2
MEM_000268,GRP_0050,USR_0051,2020-01-30,,member,0.2
MEM_000269,GRP_0050,USR_0658,2020-02-10,,member,0.2
MEM_000270,GRP_0051,USR_0522,2019-03-25,,admin,0.3333
MEM_000271,GRP_0051,USR_0858,2019-03-06,2020-12-13,member,0.3333
MEM_000272,GRP_0051,USR_0297,2019-03-06,2025-08-01,member,0.3333
MEM_000273,GRP_0052,USR_0351,2020-08-17,,admin,0.2341
MEM_000274,GRP_0052,USR_0946,2020-08-08,2020-12-26,member,0.2711
MEM_000275,GRP_0052,USR_0886,2020-08-27,,member,0.2576
MEM_000276,GRP_0052,USR_0031,2020-08-07,,member,0.1898
MEM_000277,GRP_0053,USR_0913,2024-12-12,,admin,0.25
MEM_000278,GRP_0053,USR_0346,2024-12-06,,member,0.25
MEM_000279,GRP_0053,USR_0227,2024-11-27,,member,0.25
MEM_000280,GRP_0053,USR_0080,2024-12-08,2025-01-11,member,0.25
MEM_000281,GRP_0054,USR_0838,2020-08-28,,admin,0.366
MEM_000282,GRP_0054,USR_0367,2020-09-03,,member,0.3437
MEM_000283,GRP_0054,USR_0125,2020-09-12,,member,0.1139
MEM_000284,GRP_0055,USR_0624,2022-10-16,,admin,0.1429
MEM_000285,GRP_0055,USR_0117,2022-10-28,,member,0.1429
MEM_000286,GRP_0055,USR_0360,2022-10-08,,member,0.1429
MEM_000287,GRP_0055,USR_0083,2022-10-23,,member,0.1429
MEM_000288,GRP_0055,USR_0418,2022-10-04,,member,0.1429
MEM_000289,GRP_0055,USR_0847,2022-10-14,2023-08-11,member,0.1429
MEM_000290,GRP_0055,USR_0567,2022-10-17,2023-12-04,member,0.1429
MEM_000291,GRP_0056,USR_0825,2019-08-19,,admin,0.125
MEM_000292,GRP_0056,USR_0811,2019-08-19,,member,0.125
MEM_000293,GRP_0056,USR_0237,2019-07-24,,member,0.125
MEM_000294,GRP_0056,USR_0098,2019-08-08,,member,0.125
MEM_000295,GRP_0056,USR_0931,2019-08-07,2020-12-25,member,0.125
MEM_000296,GRP_0056,USR_0162,2019-07-25,,member,0.125
MEM_000297,GRP_0056,USR_0260,2019-07-31,2022-06-30,member,0.125
MEM_000298,GRP_0056,USR_0350,2019-08-17,,member,0.125
MEM_000299,GRP_0057,USR_0487,2019-08-25,,admin,0.1667
MEM_000300,GRP_0057,USR_0898,2019-08-30,,member,0.1667
MEM_000301,GRP_0057,USR_0101,2019-08-23,,member,0.1667
MEM_000302,GRP_0057,USR_0339,2019-08-20,,member,0.1667
MEM_000303,GRP_0057,USR_0491,2019-09-01,2020-03-04,member,0.1667
MEM_000304,GRP_0057,USR_0746,2019-08-22,2020-02-09,member,0.1667
MEM_000305,GRP_0058,USR_0836,2017-01-11,,admin,0.2
MEM_000306,GRP_0058,USR_0491,2017-01-13,,member,0.2
MEM_000307,GRP_0058,USR_0359,2016-12-24,,member,0.2
MEM_000308,GRP_0058,USR_0178,2017-01-14,,member,0.2
MEM_000309,GRP_0058,USR_0768,2016-12-25,,member,0.2
MEM_000310,GRP_0059,USR_0445,2020-12-19,,admin,0.275
MEM_000311,GRP_0059,USR_0369,2020-12-15,2022-02-14,member,0.3815
MEM_000312,GRP_0059,USR_0950,2020-12-03,,member,0.1286
MEM_000313,GRP_0059,USR_0940,2020-12-20,2021-02-05,member,0.2097
MEM_000314,GRP_0059,USR_0073,2020-11-28,,member,0.3166
MEM_000315,GRP_0060,USR_0425,2016-09-08,,admin,0.3936
MEM_000316,GRP_0060,USR_0958,2016-09-09,,member,0.0688
MEM_000317,GRP_0060,USR_0962,2016-08-26,,member,0.2502
MEM_000318,GRP_0060,USR_0398,2016-08-31,,member,0.362
MEM_000319,GRP_0060,USR_0567,2016-09-03,,member,0.1142
MEM_000320,GRP_0060,USR_0466,2016-08-24,,member,0.3546
MEM_000321,GRP_0061,USR_0323,2022-09-03,2023-06-26,admin,0.3333
MEM_000322,GRP_0061,USR_0700,2022-08-26,2023-07-26,member,0.3333
MEM_000323,GRP_0061,USR_0738,2022-08-27,,member,0.3333
MEM_000324,GRP_0062,USR_0719,2022-12-23,2023-09-03,admin,0.3333
MEM_000325,GRP_0062,USR_0818,2022-12-26,,member,0.3333
MEM_000326,GRP_0062,USR_0158,2022-12-17,2024-04-01,member,0.3333
MEM_000327,GRP_0063,USR_0154,2021-03-29,,admin,0.1667
MEM_000328,GRP_0063,USR_0201,2021-03-02,2023-03-17,member,0.1667
MEM_000329,GRP_0063,USR_0903,2021-03-21,,member,0.1667
MEM_000330,GRP_0063,USR_0691,2021-03-27,,member,0.1667
MEM_000331,GRP_0063,USR_0482,2021-03-04,,member,0.1667
MEM_000332,GRP_0063,USR_0886,2021-03-23,,member,0.1667
MEM_000333,GRP_0064,USR_0956,2018-04-11,,admin,0.2598
MEM_000334,GRP_0064,USR_0183,2018-04-12,,member,0.2306
MEM_000335,GRP_0064,USR_0811,2018-03-26,,member,0.1978
MEM_000336,GRP_0064,USR_0576,2018-04-05,,member,0.1051
MEM_000337,GRP_0064,USR_0954,2018-04-07,,member,0.2109
MEM_000338,GRP_0065,USR_0559,2021-02-21,,admin,0.2
MEM_000339,GRP_0065,USR_0881,2021-02-25,,member,0.2
MEM_000340,GRP_0065,USR_0787,2021-02-22,2021-03-13,member,0.2
MEM_000341,GRP_0065,USR_0150,2021-03-02,,member,0.2
MEM_000342,GRP_0065,USR_0560,2021-02-19,2021-05-04,member,0.2
MEM_000343,GRP_0066,USR_0645,2025-03-29,,admin,0.125
MEM_000344,GRP_0066,USR_0396,2025-04-13,,member,0.125
MEM_000345,GRP_0066,USR_0355,2025-04-06,,member,0.125
MEM_000346,GRP_0066,USR_0689,2025-03-22,,member,0.125
MEM_000347,GRP_0066,USR_0072,2025-04-18,,member,0.125
MEM_000348,GRP_0066,USR_0412,2025-04-13,,member,0.125
MEM_000349,GRP_0066,USR_0587,2025-03-25,,member,0.125
MEM_000350,GRP_0066,USR_0368,2025-04-01,,member,0.125
MEM_000351,GRP_0067,USR_0306,2021-12-17,,admin,0.25
MEM_000352,GRP_0067,USR_0956,2021-12-16,,member,0.25
MEM_000353,GRP_0067,USR_0074,2021-12-23,,member,0.25
MEM_000354,GRP_0067,USR_0707,2022-01-02,,member,0.25
MEM_000355,GRP_0068,USR_0976,2017-12-03,,admin,0.2763
MEM_000356,GRP_0068,USR_0017,2017-11-22,,member,0.3375
MEM_000357,GRP_0068,USR_0810,2017-11-11,,member,0.0908
MEM_000358,GRP_0068,USR_0399,2017-11-12,,member,0.0525
MEM_000359,GRP_0068,USR_0768,2017-11-10,2019-12-12,member,0.363
MEM_000360,GRP_0068,USR_0974,2017-11-11,2020-01-17,member,0.2555
MEM_000361,GRP_0068,USR_0304,2017-11-09,,member,0.2522
MEM_000362,GRP_0069,USR_0249,2018-05-23,,admin,0.25
MEM_000363,GRP_0069,USR_0719,2018-06-01,,member,0.25
MEM_000364,GRP_0069,USR_0114,2018-05-04,,member,0.25
MEM_000365,GRP_0069,USR_0956,2018-05-13,2019-07-03,member,0.25
MEM_000366,GRP_0070,USR_0954,2020-01-26,2023-09-16,admin,0.2767
MEM_000367,GRP_0070,USR_0412,2020-02-09,2020-06-11,member,0.1477
MEM_000368,GRP_0070,USR_0182,2020-01-22,,member,0.3639
MEM_000369,GRP_0071,USR_0635,2021-05-29,,admin,0.2581
MEM_000370,GRP_0071,USR_0649,2021-06-01,,member,0.3819
MEM_000371,GRP_0071,USR_0435,2021-06-11,,member,0.2313
MEM_000372,GRP_0071,USR_0818,2021-06-07,,member,0.3449
MEM_000373,GRP_0072,USR_0971,2017-02-14,,admin,0.1429
MEM_000374,GRP_0072,USR_0930,2017-03-09,2021-11-12,member,0.1429
MEM_000375,GRP_0072,USR_0338,2017-02-17,,member,0.1429
MEM_000376,GRP_0072,USR_0454,2017-02-27,,member,0.1429
MEM_000377,GRP_0072,USR_0475,2017-02-16,,member,0.1429
MEM_000378,GRP_0072,USR_0950,2017-02-18,2019-08-23,member,0.1429
MEM_000379,GRP_0072,USR_0973,2017-02-18,,member,0.1429
MEM_000380,GRP_0073,USR_0262,2021-10-16,,admin,0.2874
MEM_000381,GRP_0073,USR_0541,2021-10-17,2023-10-01,member,0.0721
MEM_000382,GRP_0074,USR_0326,2020-11-29,,admin,0.2235
MEM_000383,GRP_0074,USR_0535,2020-11-23,,member,0.1656
MEM_000384,GRP_0074,USR_0815,2020-12-12,,member,0.1039
MEM_000385,GRP_0075,USR_0787,2022-08-10,,admin,0.25
MEM_000386,GRP_0075,USR_0977,2022-07-30,,member,0.25
MEM_000387,GRP_0075,USR_0607,2022-08-12,,member,0.25
MEM_000388,GRP_0075,USR_0750,2022-07-25,,member,0.25
MEM_000389,GRP_0076,USR_0320,2025-04-14,,admin,0.5
MEM_000390,GRP_0076,USR_0739,2025-03-22,,member,0.5
MEM_000391,GRP_0077,USR_0265,2019-09-14,,admin,0.3353
MEM_000392,GRP_0077,USR_0256,2019-09-13,,member,0.174
MEM_000393,GRP_0077,USR_0051,2019-10-04,,member,0.2275
MEM_000394,GRP_0078,USR_0496,2025-08-27,,admin,0.125
MEM_000395,GRP_0078,USR_0414,2025-09-01,,member,0.125
MEM_000396,GRP_0078,USR_0899,2025-08-27,,member,0.125
MEM_000397,GRP_0078,USR_0235,2025-08-13,,member,0.125
MEM_000398,GRP_0078,USR_0169,2025-09-02,,member,0.125
MEM_000399,GRP_0078,USR_0002,2025-08-24,,member,0.125
MEM_000400,GRP_0078,USR_0462,2025-08-26,,member,0.125
MEM_000401,GRP_0078,USR_0738,2025-09-01,,member,0.125
MEM_000402,GRP_0079,USR_0812,2021-12-10,,admin,0.25
MEM_000403,GRP_0079,USR_0703,2021-12-29,,member,0.25
MEM_000404,GRP_0079,USR_0352,2021-12-12,,member,0.25
MEM_000405,GRP_0079,USR_0756,2021-12-13,,member,0.25
MEM_000406,GRP_0080,USR_0259,2017-07-08,,admin,0.25
MEM_000407,GRP_0080,USR_0833,2017-07-01,,member,0.25
MEM_000408,GRP_0080,USR_0056,2017-06-30,2023-07-06,member,0.25
MEM_000409,GRP_0080,USR_0274,2017-06-17,2021-09-03,member,0.25
MEM_000410,GRP_0081,USR_0555,2016-02-17,,admin,0.25
MEM_000411,GRP_0081,USR_0017,2016-01-30,,member,0.25
MEM_000412,GRP_0081,USR_0272,2016-02-12,,member,0.25
MEM_000413,GRP_0081,USR_0256,2016-02-17,,member,0.25
MEM_000414,GRP_0082,USR_0730,2022-04-01,,admin,0.1713
MEM_000415,GRP_0082,USR_0421,2022-04-26,,member,0.3466
MEM_000416,GRP_0082,USR_0959,2022-04-04,2022-09-14,member,0.0798
MEM_000417,GRP_0082,USR_0729,2022-04-03,,member,0.1084
MEM_000418,GRP_0082,USR_0014,2022-04-11,,member,0.2842
MEM_000419,GRP_0082,USR_0354,2022-04-14,,member,0.2917
MEM_000420,GRP_0083,USR_0614,2020-09-06,,admin,0.3333
MEM_000421,GRP_0083,USR_0687,2020-08-31,,member,0.3333
MEM_000422,GRP_0083,USR_0143,2020-09-02,,member,0.3333
MEM_000423,GRP_0084,USR_0644,2021-12-05,,admin,0.3333
MEM_000424,GRP_0084,USR_0120,2021-11-27,,member,0.3333
MEM_000425,GRP_0084,USR_0384,2021-12-17,,member,0.3333
MEM_000426,GRP_0085,USR_0594,2018-07-23,,admin,0.5
MEM_000427,GRP_0085,USR_0739,2018-07-11,2020-11-23,member,0.5
MEM_000428,GRP_0086,USR_0075,2022-08-26,2024-05-14,admin,0.3333
MEM_000429,GRP_0086,USR_0224,2022-09-07,,member,0.3333
MEM_000430,GRP_0086,USR_0146,2022-08-30,,member,0.3333
MEM_000431,GRP_0087,USR_0292,2019-01-14,,admin,0.0662
MEM_000432,GRP_0087,USR_0538,2019-01-25,,member,0.1884
MEM_000433,GRP_0087,USR_0370,2019-01-22,2019-07-12,member,0.1223
MEM_000434,GRP_0087,USR_0196,2019-01-21,,member,0.3058
MEM_000435,GRP_0088,USR_0086,2022-09-19,2022-10-12,admin,0.1442
MEM_000436,GRP_0088,USR_0790,2022-09-24,,member,0.2805
MEM_000437,GRP_0088,USR_0752,2022-09-21,,member,0.3569
MEM_000438,GRP_0089,USR_0934,2020-03-31,,admin,0.0568
MEM_000439,GRP_0089,USR_0734,2020-03-15,,member,0.3413
MEM_000440,GRP_0090,USR_0954,2019-08-26,,admin,0.141
MEM_000441,GRP_0090,USR_0634,2019-08-14,,member,0.1856
MEM_000442,GRP_0090,USR_0066,2019-08-30,,member,0.0683
MEM_000443,GRP_0090,USR_0840,2019-08-11,2019-11-15,member,0.3735
MEM_000444,GRP_0091,USR_0859,2016-07-13,2019-03-21,admin,0.3333
MEM_000445,GRP_0091,USR_0916,2016-07-16,2020-05-22,member,0.3333
MEM_000446,GRP_0091,USR_0662,2016-07-22,,member,0.3333
MEM_000447,GRP_0092,USR_0165,2023-12-29,,admin,0.1429
MEM_000448,GRP_0092,USR_0273,2024-01-17,,member,0.1429
MEM_000449,GRP_0092,USR_0590,2024-01-12,2024-06-30,member,0.1429
MEM_000450,GRP_0092,USR_0793,2024-01-08,,member,0.1429
MEM_000451,GRP_0092,USR_0731,2024-01-12,2024-11-02,member,0.1429
MEM_000452,GRP_0092,USR_0664,2024-01-09,,member,0.1429
MEM_000453,GRP_0092,USR_0877,2024-01-07,,member,0.1429
MEM_000454,GRP_0093,USR_0748,2017-05-30,,admin,0.3333
MEM_000455,GRP_0093,USR_0611,2017-05-27,2017-06-07,member,0.3333
MEM_000456,GRP_0093,USR_0729,2017-05-28,2017-06-07,member,0.3333
MEM_000457,GRP_0094,USR_0235,2021-01-12,,admin,0.3333
MEM_000458,GRP_0094,USR_0982,2021-01-05,,member,0.3333
MEM_000459,GRP_0094,USR_0790,2021-01-19,,member,0.3333
MEM_000460,GRP_0095,USR_0271,2020-10-21,2021-06-14,admin,0.2
MEM_000461,GRP_0095,USR_0886,2020-11-13,,member,0.2
MEM_000462,GRP_0095,USR_0685,2020-10-30,2022-04-26,member,0.2
MEM_000463,GRP_0095,USR_0326,2020-10-16,,member,0.2
MEM_000464,GRP_0095,USR_0885,2020-10-30,,member,0.2
MEM_000465,GRP_0096,USR_0780,2022-05-10,2022-06-18,admin,0.5
MEM_000466,GRP_0096,USR_0953,2022-05-19,,member,0.5
MEM_000467,GRP_0097,USR_0248,2019-10-20,2022-05-27,admin,0.1
MEM_000468,GRP_0097,USR_0722,2019-10-19,2022-04-28,member,0.1
MEM_000469,GRP_0097,USR_0735,2019-11-08,,member,0.1
MEM_000470,GRP_0097,USR_0494,2019-10-20,,member,0.1
MEM_000471,GRP_0097,USR_0566,2019-11-06,2020-05-03,member,0.1
MEM_000472,GRP_0097,USR_0114,2019-11-07,,member,0.1
MEM_000473,GRP_0097,USR_0166,2019-10-10,,member,0.1
MEM_000474,GRP_0097,USR_0384,2019-11-01,2021-08-15,member,0.1
MEM_000475,GRP_0097,USR_0456,2019-11-07,,member,0.1
MEM_000476,GRP_0097,USR_0219,2019-10-20,,member,0.1
MEM_000477,GRP_0098,USR_0626,2017-10-23,,admin,0.25
MEM_000478,GRP_0098,USR_0355,2017-11-04,2019-07-20,member,0.25
MEM_000479,GRP_0098,USR_0512,2017-11-12,,member,0.25
MEM_000480,GRP_0098,USR_0676,2017-10-22,,member,0.25
MEM_000481,GRP_0099,USR_0988,2017-03-23,,admin,0.3785
MEM_000482,GRP_0099,USR_0478,2017-03-16,,member,0.2572
MEM_000483,GRP_0100,USR_0393,2017-11-02,,admin,0.0884
MEM_000484,GRP_0100,USR_0330,2017-10-29,,member,0.2156
MEM_000485,GRP_0100,USR_0230,2017-11-03,,member,0.2216
MEM_000486,GRP_0101,USR_0262,2023-08-05,,admin,0.1667
MEM_000487,GRP_0101,USR_0652,2023-07-25,,member,0.1667
MEM_000488,GRP_0101,USR_0286,2023-07-29,,member,0.1667
MEM_000489,GRP_0101,USR_0324,2023-07-19,,member,0.1667
MEM_000490,GRP_0101,USR_0435,2023-08-03,2023-10-04,member,0.1667
MEM_000491,GRP_0101,USR_0955,2023-07-17,2023-11-11,member,0.1667
MEM_000492,GRP_0102,USR_0804,2017-06-19,,admin,0.1667
MEM_000493,GRP_0102,USR_0677,2017-07-08,,member,0.1667
MEM_000494,GRP_0102,USR_0185,2017-07-03,,member,0.1667
MEM_000495,GRP_0102,USR_0281,2017-07-10,,member,0.1667
MEM_000496,GRP_0102,USR_0880,2017-06-29,2017-08-06,member,0.1667
MEM_000497,GRP_0102,USR_0394,2017-06-26,,member,0.1667
MEM_000498,GRP_0103,USR_0530,2020-08-13,,admin,0.25
MEM_000499,GRP_0103,USR_0689,2020-08-21,,member,0.25
MEM_000500,GRP_0103,USR_0582,2020-08-18,,member,0.25
MEM_000501,GRP_0103,USR_0354,2020-08-01,,member,0.25
MEM_000502,GRP_0104,USR_0244,2017-11-03,,admin,0.3872
MEM_000503,GRP_0104,USR_0003,2017-10-19,2017-12-03,member,0.1964
MEM_000504,GRP_0104,USR_0449,2017-10-17,,member,0.2938
MEM_000505,GRP_0104,USR_0557,2017-11-04,,member,0.1415
MEM_000506,GRP_0104,USR_0587,2017-10-26,,member,0.3298
MEM_000507,GRP_0104,USR_0541,2017-10-24,,member,0.2636
MEM_000508,GRP_0104,USR_0961,2017-10-28,,member,0.1078
MEM_000509,GRP_0104,USR_0243,2017-10-21,,member,0.2148
MEM_000510,GRP_0104,USR_0037,2017-10-24,,member,0.333
MEM_000511,GRP_0105,USR_0484,2022-05-21,,admin,0.1429
MEM_000512,GRP_0105,USR_0677,2022-05-18,,member,0.1429
MEM_000513,GRP_0105,USR_0355,2022-06-08,,member,0.1429
MEM_000514,GRP_0105,USR_0267,2022-05-26,2022-10-20,member,0.1429
MEM_000515,GRP_0105,USR_0154,2022-05-27,,member,0.1429
MEM_000516,GRP_0105,USR_0856,2022-05-22,2022-08-25,member,0.1429
MEM_000517,GRP_0105,USR_0522,2022-05-18,2022-12-24,member,0.1429
MEM_000518,GRP_0106,USR_0243,2024-03-05,,admin,0.3881
MEM_000519,GRP_0106,USR_0878,2024-03-06,,member,0.0679
MEM_000520,GRP_0106,USR_0340,2024-02-29,,member,0.3538
MEM_000521,GRP_0106,USR_0063,2024-03-10,,member,0.3815
MEM_000522,GRP_0106,USR_0914,2024-03-12,,member,0.1468
MEM_000523,GRP_0107,USR_0822,2017-03-27,,admin,0.25
MEM_000524,GRP_0107,USR_0936,2017-03-28,,member,0.25
MEM_000525,GRP_0107,USR_0872,2017-03-29,2017-11-01,member,0.25
MEM_000526,GRP_0107,USR_0617,2017-04-14,2017-04-20,member,0.25
MEM_000527,GRP_0108,USR_0940,2016-10-22,,admin,0.1429
MEM_000528,GRP_0108,USR_0137,2016-10-20,,member,0.1429
MEM_000529,GRP_0108,USR_0134,2016-11-03,,member,0.1429
MEM_000530,GRP_0108,USR_0021,2016-11-07,2019-03-17,member,0.1429
MEM_000531,GRP_0108,USR_0880,2016-10-09,,member,0.1429
MEM_000532,GRP_0108,USR_0168,2016-10-17,2017-06-07,member,0.1429
MEM_000533,GRP_0108,USR_0126,2016-11-07,,member,0.1429
MEM_000534,GRP_0109,USR_0201,2016-01-02,,admin,0.3333
MEM_000535,GRP_0109,USR_0652,2016-01-04,,member,0.3333
MEM_000536,GRP_0109,USR_0865,2016-01-27,2016-06-19,member,0.3333
MEM_000537,GRP_0110,USR_0626,2016-03-26,,admin,0.5
MEM_000538,GRP_0110,USR_0624,2016-03-30,,member,0.5
MEM_000539,GRP_0111,USR_0704,2021-01-25,,admin,0.261
MEM_000540,GRP_0111,USR_0039,2021-01-16,,member,0.3759
MEM_000541,GRP_0111,USR_0470,2021-02-04,,member,0.219
MEM_000542,GRP_0111,USR_0960,2021-01-27,2024-04-27,member,0.1369
MEM_000543,GRP_0111,USR_0116,2021-01-09,,member,0.1766
MEM_000544,GRP_0111,USR_0175,2021-02-04,2021-09-17,member,0.2328
MEM_000545,GRP_0111,USR_0847,2021-01-20,,member,0.32
MEM_000546,GRP_0112,USR_0120,2019-09-21,,admin,0.3294
MEM_000547,GRP_0112,USR_0075,2019-09-03,2023-04-24,member,0.1445
MEM_000548,GRP_0112,USR_0711,2019-09-09,,member,0.2634
MEM_000549,GRP_0112,USR_0990,2019-08-28,,member,0.0533
MEM_000550,GRP_0112,USR_0350,2019-09-17,,member,0.0784
MEM_000551,GRP_0112,USR_0763,2019-09-18,,member,0.1265
MEM_000552,GRP_0112,USR_0322,2019-09-11,,member,0.2448
MEM_000553,GRP_0113,USR_0215,2020-03-17,,admin,0.3333
MEM_000554,GRP_0113,USR_0267,2020-04-04,,member,0.3333
MEM_000555,GRP_0113,USR_0847,2020-03-24,,member,0.3333
MEM_000556,GRP_0114,USR_0412,2023-05-09,,admin,0.1111
MEM_000557,GRP_0114,USR_0048,2023-05-21,,member,0.1111
MEM_000558,GRP_0114,USR_0507,2023-05-13,,member,0.1111
MEM_000559,GRP_0114,USR_0228,2023-05-09,,member,0.1111
MEM_000560,GRP_0114,USR_0093,2023-05-22,,member,0.1111
MEM_000561,GRP_0114,USR_0695,2023-05-15,2024-06-17,member,0.1111
MEM_000562,GRP_0114,USR_0542,2023-06-04,,member,0.1111
MEM_000563,GRP_0114,USR_0095,2023-05-25,,member,0.1111
MEM_000564,GRP_0114,USR_0699,2023-05-10,2024-07-12,member,0.1111
MEM_000565,GRP_0115,USR_0115,2021-09-14,2022-07-24,admin,0.3537
MEM_000566,GRP_0115,USR_0633,2021-09-28,,member,0.1632
MEM_000567,GRP_0115,USR_0041,2021-10-07,,member,0.2095
MEM_000568,GRP_0115,USR_0277,2021-09-17,,member,0.1582
MEM_000569,GRP_0115,USR_0128,2021-09-29,,member,0.2492
MEM_000570,GRP_0115,USR_0539,2021-09-18,,member,0.3919
MEM_000571,GRP_0115,USR_0737,2021-09-22,,member,0.2826
MEM_000572,GRP_0115,USR_0741,2021-09-12,2022-05-10,member,0.1386
MEM_000573,GRP_0116,USR_0411,2023-12-11,,admin,0.1667
MEM_000574,GRP_0116,USR_0311,2023-12-11,,member,0.1667
MEM_000575,GRP_0116,USR_0229,2023-11-19,,member,0.1667
MEM_000576,GRP_0116,USR_0100,2023-11-25,,member,0.1667
MEM_000577,GRP_0116,USR_0553,2023-11-28,,member,0.1667
MEM_000578,GRP_0116,USR_0214,2023-12-18,,member,0.1667
MEM_000579,GRP_0117,USR_0253,2020-10-02,,admin,0.3671
MEM_000580,GRP_0117,USR_0028,2020-10-07,,member,0.1398
MEM_000581,GRP_0117,USR_0475,2020-10-01,,member,0.0597
MEM_000582,GRP_0117,USR_0987,2020-09-27,,member,0.2794
MEM_000583,GRP_0117,USR_0235,2020-10-13,,member,0.2375
MEM_000584,GRP_0117,USR_0898,2020-09-24,,member,0.1267
MEM_000585,GRP_0117,USR_0342,2020-10-08,,member,0.384
MEM_000586,GRP_0117,USR_0926,2020-10-07,,member,0.3094
MEM_000587,GRP_0117,USR_0925,2020-09-24,,member,0.3293
MEM_000588,GRP_0117,USR_0968,2020-09-26,,member,0.1599
MEM_000589,GRP_0118,USR_0994,2024-04-17,,admin,0.3333
MEM_000590,GRP_0118,USR_0204,2024-04-11,,member,0.3333
MEM_000591,GRP_0118,USR_0978,2024-04-16,,member,0.3333
MEM_000592,GRP_0119,USR_0996,2017-11-05,,admin,0.1429
MEM_000593,GRP_0119,USR_0428,2017-11-21,2021-08-06,member,0.1429
MEM_000594,GRP_0119,USR_0513,2017-11-09,,member,0.1429
MEM_000595,GRP_0119,USR_0597,2017-11-07,2022-01-26,member,0.1429
MEM_000596,GRP_0119,USR_0054,2017-11-26,,member,0.1429
MEM_000597,GRP_0119,USR_0343,2017-11-22,,member,0.1429
MEM_000598,GRP_0119,USR_0414,2017-11-04,,member,0.1429
MEM_000599,GRP_0120,USR_0894,2017-07-23,,admin,0.25
MEM_000600,GRP_0120,USR_0308,2017-07-23,,member,0.25
MEM_000601,GRP_0120,USR_0065,2017-07-17,,member,0.25
MEM_000602,GRP_0120,USR_0818,2017-07-12,,member,0.25
MEM_000603,GRP_0121,USR_0167,2018-09-09,2019-05-06,admin,0.3888
MEM_000604,GRP_0121,USR_0040,2018-09-02,2020-07-29,member,0.0518
MEM_000605,GRP_0121,USR_0767,2018-09-14,2020-08-12,member,0.3321
MEM_000606,GRP_0122,USR_0263,2018-06-18,,admin,0.2
MEM_000607,GRP_0122,USR_0630,2018-06-15,,member,0.2
MEM_000608,GRP_0122,USR_0918,2018-06-14,,member,0.2
MEM_000609,GRP_0122,USR_0940,2018-06-09,,member,0.2
MEM_000610,GRP_0122,USR_0513,2018-06-21,2022-08-01,member,0.2
MEM_000611,GRP_0123,USR_0255,2023-10-10,,admin,0.3824
MEM_000612,GRP_0123,USR_0702,2023-10-15,2024-02-18,member,0.1554
MEM_000613,GRP_0123,USR_0870,2023-10-19,,member,0.277
MEM_000614,GRP_0123,USR_0484,2023-10-11,,member,0.2672
MEM_000615,GRP_0124,USR_0541,2024-02-09,,admin,0.0723
MEM_000616,GRP_0124,USR_0563,2024-02-21,,member,0.1182
MEM_000617,GRP_0124,USR_0752,2024-02-15,,member,0.2217
MEM_000618,GRP_0124,USR_0489,2024-02-29,,member,0.1058
MEM_000619,GRP_0124,USR_0949,2024-02-14,,member,0.1835
MEM_000620,GRP_0124,USR_0180,2024-02-09,,member,0.2196
MEM_000621,GRP_0124,USR_0578,2024-02-19,,member,0.2282
MEM_000622,GRP_0124,USR_0783,2024-02-14,,member,0.1022
MEM_000623,GRP_0125,USR_0293,2019-07-04,,admin,0.2
MEM_000624,GRP_0125,USR_0431,2019-06-21,2022-02-27,member,0.2
MEM_000625,GRP_0125,USR_0886,2019-06-27,,member,0.2
MEM_000626,GRP_0125,USR_0164,2019-06-20,,member,0.2
MEM_000627,GRP_0125,USR_0401,2019-07-15,,member,0.2
MEM_000628,GRP_0126,USR_0951,2021-06-05,,admin,0.2667
MEM_000629,GRP_0126,USR_0076,2021-06-06,,member,0.0539
MEM_000630,GRP_0126,USR_0116,2021-06-15,,member,0.3934
MEM_000631,GRP_0127,USR_0050,2020-11-04,,admin,0.3477
MEM_000632,GRP_0127,USR_0808,2020-11-09,,member,0.2463
MEM_000633,GRP_0127,USR_0842,2020-11-09,,member,0.3454
MEM_000634,GRP_0127,USR_0634,2020-11-17,,member,0.2622
MEM_000635,GRP_0128,USR_0092,2019-08-24,2022-02-23,admin,0.125
MEM_000636,GRP_0128,USR_0600,2019-08-28,2024-01-17,member,0.125
MEM_000637,GRP_0128,USR_0524,2019-08-24,2021-12-16,member,0.125
MEM_000638,GRP_0128,USR_0675,2019-08-14,,member,0.125
MEM_000639,GRP_0128,USR_0611,2019-08-16,,member,0.125
MEM_000640,GRP_0128,USR_0103,2019-08-13,,member,0.125
MEM_000641,GRP_0128,USR_0515,2019-08-09,,member,0.125
MEM_000642,GRP_0128,USR_0241,2019-08-15,,member,0.125
MEM_000643,GRP_0129,USR_0289,2016-01-31,,admin,0.3184
MEM_000644,GRP_0129,USR_0744,2016-01-14,,member,0.1275
MEM_000645,GRP_0129,USR_0187,2016-01-18,,member,0.2726
MEM_000646,GRP_0129,USR_0912,2016-01-07,,member,0.2829
MEM_000647,GRP_0129,USR_0618,2016-01-23,2016-10-16,member,0.0792
MEM_000648,GRP_0130,USR_0388,2019-08-10,,admin,0.3333
MEM_000649,GRP_0130,USR_0965,2019-08-07,,member,0.3333
MEM_000650,GRP_0130,USR_0321,2019-08-11,,member,0.3333
MEM_000651,GRP_0131,USR_0412,2020-01-12,,admin,0.3756
MEM_000652,GRP_0131,USR_0648,2020-01-10,,member,0.3833
MEM_000653,GRP_0131,USR_0288,2020-01-19,,member,0.3201
MEM_000654,GRP_0131,USR_0625,2020-01-06,2022-02-12,member,0.1487
MEM_000655,GRP_0131,USR_0835,2020-01-08,,member,0.1869
MEM_000656,GRP_0131,USR_0493,2020-01-02,,member,0.1075
MEM_000657,GRP_0132,USR_0875,2021-01-17,,admin,0.1384
MEM_000658,GRP_0132,USR_0485,2021-01-05,,member,0.1496
MEM_000659,GRP_0132,USR_0296,2021-01-31,,member,0.2393
MEM_000660,GRP_0132,USR_0197,2021-01-06,,member,0.0748
MEM_000661,GRP_0132,USR_0034,2021-01-25,,member,0.2949
MEM_000662,GRP_0132,USR_0897,2021-01-12,,member,0.1241
MEM_000663,GRP_0132,USR_0244,2021-01-22,,member,0.0974
MEM_000664,GRP_0133,USR_0322,2019-11-26,2020-04-03,admin,0.1
MEM_000665,GRP_0133,USR_0424,2019-11-26,2021-09-02,member,0.1
MEM_000666,GRP_0133,USR_0663,2019-11-23,,member,0.1
MEM_000667,GRP_0133,USR_0630,2019-12-06,,member,0.1
MEM_000668,GRP_0133,USR_0276,2019-11-21,,member,0.1
MEM_000669,GRP_0133,USR_0242,2019-11-28,,member,0.1
MEM_000670,GRP_0133,USR_0982,2019-11-20,2020-01-26,member,0.1
MEM_000671,GRP_0133,USR_0103,2019-12-03,2020-10-27,member,0.1
MEM_000672,GRP_0133,USR_0605,2019-11-12,,member,0.1
MEM_000673,GRP_0133,USR_0801,2019-11-14,,member,0.1
MEM_000674,GRP_0134,USR_0387,2018-10-28,,admin,0.2
MEM_000675,GRP_0134,USR_0450,2018-10-29,,member,0.2
MEM_000676,GRP_0134,USR_0795,2018-11-04,2019-03-31,member,0.2
MEM_000677,GRP_0134,USR_0026,2018-10-15,,member,0.2
MEM_000678,GRP_0134,USR_0090,2018-10-25,2020-07-10,member,0.2
MEM_000679,GRP_0135,USR_0307,2018-08-10,,admin,0.1029
MEM_000680,GRP_0135,USR_0969,2018-08-08,2018-11-28,member,0.2776
MEM_000681,GRP_0135,USR_0654,2018-08-08,,member,0.1317
MEM_000682,GRP_0135,USR_0639,2018-07-18,,member,0.1094
MEM_000683,GRP_0135,USR_0084,2018-07-12,2018-11-10,member,0.2628
MEM_000684,GRP_0135,USR_0235,2018-08-04,,member,0.0812
MEM_000685,GRP_0135,USR_0556,2018-07-31,,member,0.3543
MEM_000686,GRP_0136,USR_0014,2022-02-12,,admin,0.189
MEM_000687,GRP_0136,USR_0385,2022-02-18,,member,0.2105
MEM_000688,GRP_0136,USR_0692,2022-02-13,,member,0.1303
MEM_000689,GRP_0137,USR_0281,2025-01-31,,admin,0.3399
MEM_000690,GRP_0137,USR_0051,2025-01-27,,member,0.3263
MEM_000691,GRP_0137,USR_0747,2025-01-26,,member,0.3662
MEM_000692,GRP_0137,USR_0170,2025-02-09,,member,0.264
MEM_000693,GRP_0138,USR_0828,2017-06-11,,admin,0.125
MEM_000694,GRP_0138,USR_0141,2017-06-04,,member,0.125
MEM_000695,GRP_0138,USR_0628,2017-06-10,,member,0.125
MEM_000696,GRP_0138,USR_0366,2017-06-16,,member,0.125
MEM_000697,GRP_0138,USR_0430,2017-06-23,,member,0.125
MEM_000698,GRP_0138,USR_0260,2017-06-23,,member,0.125
MEM_000699,GRP_0138,USR_0350,2017-06-18,2022-02-26,member,0.125
MEM_000700,GRP_0138,USR_0309,2017-06-07,,member,0.125
MEM_000701,GRP_0139,USR_0545,2020-11-16,2023-08-02,admin,0.3549
MEM_000702,GRP_0139,USR_0705,2020-11-14,,member,0.09
MEM_000703,GRP_0140,USR_0754,2024-04-19,,admin,0.1679
MEM_000704,GRP_0140,USR_0913,2024-04-12,,member,0.1408
MEM_000705,GRP_0140,USR_0981,2024-04-22,,member,0.3405
MEM_000706,GRP_0140,USR_0688,2024-03-29,,member,0.1355
MEM_000707,GRP_0140,USR_0261,2024-04-18,,member,0.1768
MEM_000708,GRP_0140,USR_0898,2024-04-24,,member,0.2362
MEM_000709,GRP_0140,USR_0645,2024-04-13,,member,0.3328
MEM_000710,GRP_0141,USR_0812,2025-04-04,,admin,0.25
MEM_000711,GRP_0141,USR_0372,2025-04-11,,member,0.25
MEM_000712,GRP_0141,USR_0532,2025-03-31,,member,0.25
MEM_000713,GRP_0141,USR_0279,2025-03-31,,member,0.25
MEM_000714,GRP_0142,USR_0759,2020-09-08,,admin,0.2
MEM_000715,GRP_0142,USR_0368,2020-08-18,,member,0.2
MEM_000716,GRP_0142,USR_0761,2020-08-26,,member,0.2
MEM_000717,GRP_0142,USR_0860,2020-09-08,,member,0.2
MEM_000718,GRP_0142,USR_0081,2020-09-03,,member,0.2
MEM_000719,GRP_0143,USR_0068,2020-09-07,,admin,0.125
MEM_000720,GRP_0143,USR_0847,2020-09-09,,member,0.125
MEM_000721,GRP_0143,USR_0971,2020-09-10,,member,0.125
MEM_000722,GRP_0143,USR_0224,2020-09-22,,member,0.125
MEM_000723,GRP_0143,USR_0481,2020-09-13,2021-06-13,member,0.125
MEM_000724,GRP_0143,USR_0192,2020-09-17,,member,0.125
MEM_000725,GRP_0143,USR_0986,2020-09-24,,member,0.125
MEM_000726,GRP_0143,USR_0315,2020-09-19,2021-01-14,member,0.125
MEM_000727,GRP_0144,USR_0019,2019-05-18,2019-08-13,admin,0.25
MEM_000728,GRP_0144,USR_0873,2019-05-25,,member,0.25
MEM_000729,GRP_0144,USR_0632,2019-05-13,,member,0.25
MEM_000730,GRP_0144,USR_0407,2019-05-21,2020-06-04,member,0.25
MEM_000731,GRP_0145,USR_0410,2025-01-09,,admin,0.5
MEM_000732,GRP_0145,USR_0632,2025-01-11,,member,0.5
MEM_000733,GRP_0146,USR_0699,2019-06-28,,admin,0.3333
MEM_000734,GRP_0146,USR_0172,2019-06-04,,member,0.3333
MEM_000735,GRP_0146,USR_0473,2019-06-27,,member,0.3333
MEM_000736,GRP_0147,USR_0210,2023-04-29,,admin,0.077
MEM_000737,GRP_0147,USR_0180,2023-05-20,,member,0.2585
MEM_000738,GRP_0147,USR_0202,2023-05-06,,member,0.331
MEM_000739,GRP_0147,USR_0596,2023-05-16,,member,0.2837
MEM_000740,GRP_0147,USR_0282,2023-05-18,,member,0.2004
MEM_000741,GRP_0147,USR_0731,2023-05-15,,member,0.224
MEM_000742,GRP_0147,USR_0098,2023-05-18,,member,0.1975
MEM_000743,GRP_0148,USR_0777,2017-01-27,2022-08-10,admin,0.1667
MEM_000744,GRP_0148,USR_0669,2017-01-24,,member,0.1667
MEM_000745,GRP_0148,USR_0261,2017-01-20,2019-01-12,member,0.1667
MEM_000746,GRP_0148,USR_0623,2017-01-13,,member,0.1667
MEM_000747,GRP_0148,USR_0650,2017-01-11,,member,0.1667
MEM_000748,GRP_0148,USR_0404,2017-01-24,,member,0.1667
MEM_000749,GRP_0149,USR_0392,2021-05-10,,admin,0.2602
MEM_000750,GRP_0149,USR_0823,2021-05-10,,member,0.1945
MEM_000751,GRP_0149,USR_0171,2021-04-15,,member,0.3493
MEM_000752,GRP_0150,USR_0360,2017-02-07,2017-07-10,admin,0.25
MEM_000753,GRP_0150,USR_0062,2017-02-14,,member,0.25
MEM_000754,GRP_0150,USR_0598,2017-02-23,,member,0.25
MEM_000755,GRP_0150,USR_0416,2017-02-19,2017-03-15,member,0.25
MEM_000756,GRP_0151,USR_0311,2017-10-29,,admin,0.25
MEM_000757,GRP_0151,USR_0754,2017-10-28,,member,0.25
MEM_000758,GRP_0151,USR_0696,2017-10-30,,member,0.25
MEM_000759,GRP_0151,USR_0723,2017-10-25,,member,0.25
MEM_000760,GRP_0152,USR_0939,2019-04-18,,admin,0.2268
MEM_000761,GRP_0152,USR_0796,2019-04-10,,member,0.0785
MEM_000762,GRP_0152,USR_0497,2019-04-21,2019-05-15,member,0.2138
MEM_000763,GRP_0152,USR_0135,2019-04-04,,member,0.3687
MEM_000764,GRP_0152,USR_0029,2019-04-21,,member,0.2888
MEM_000765,GRP_0153,USR_0273,2019-05-07,,admin,0.2
MEM_000766,GRP_0153,USR_0276,2019-05-12,,member,0.2
MEM_000767,GRP_0153,USR_0537,2019-05-10,,member,0.2
MEM_000768,GRP_0153,USR_0662,2019-05-07,2020-03-08,member,0.2
MEM_000769,GRP_0153,USR_0674,2019-04-29,2022-06-25,member,0.2
MEM_000770,GRP_0154,USR_0763,2017-05-08,2017-05-26,admin,0.3051
MEM_000771,GRP_0154,USR_0176,2017-05-05,,member,0.1324
MEM_000772,GRP_0154,USR_0603,2017-04-30,,member,0.0719
MEM_000773,GRP_0154,USR_0721,2017-05-17,,member,0.0609
MEM_000774,GRP_0155,USR_0027,2023-05-29,,admin,0.1667
MEM_000775,GRP_0155,USR_0860,2023-06-16,,member,0.1667
MEM_000776,GRP_0155,USR_0926,2023-06-18,,member,0.1667
MEM_000777,GRP_0155,USR_0371,2023-06-10,,member,0.1667
MEM_000778,GRP_0155,USR_0867,2023-05-29,,member,0.1667
MEM_000779,GRP_0155,USR_0383,2023-06-01,,member,0.1667
MEM_000780,GRP_0156,USR_0750,2018-03-24,,admin,0.3011
MEM_000781,GRP_0156,USR_0089,2018-03-28,,member,0.1044
MEM_000782,GRP_0156,USR_0269,2018-03-25,,member,0.0758
MEM_000783,GRP_0156,USR_0265,2018-04-01,2019-01-13,member,0.2772
MEM_000784,GRP_0157,USR_0634,2019-03-09,,admin,0.25
MEM_000785,GRP_0157,USR_0870,2019-03-06,,member,0.25
MEM_000786,GRP_0157,USR_0177,2019-03-08,,member,0.25
MEM_000787,GRP_0157,USR_0721,2019-03-22,,member,0.25
MEM_000788,GRP_0158,USR_0821,2019-03-07,,admin,0.25
MEM_000789,GRP_0158,USR_0417,2019-03-12,2019-07-05,member,0.25
MEM_000790,GRP_0158,USR_0195,2019-03-23,,member,0.25
MEM_000791,GRP_0158,USR_0806,2019-03-05,,member,0.25
MEM_000792,GRP_0159,USR_0169,2025-06-25,,admin,0.1667
MEM_000793,GRP_0159,USR_0636,2025-07-09,,member,0.1667
MEM_000794,GRP_0159,USR_0512,2025-06-21,,member,0.1667
MEM_000795,GRP_0159,USR_0158,2025-06-22,,member,0.1667
MEM_000796,GRP_0159,USR_0717,2025-07-10,,member,0.1667
MEM_000797,GRP_0159,USR_0308,2025-07-07,,member,0.1667
MEM_000798,GRP_0160,USR_0547,2020-04-19,,admin,0.1667
MEM_000799,GRP_0160,USR_0519,2020-05-10,,member,0.1667
MEM_000800,GRP_0160,USR_0488,2020-05-03,,member,0.1667
MEM_000801,GRP_0160,USR_0112,2020-05-03,,member,0.1667
MEM_000802,GRP_0160,USR_0246,2020-05-18,,member,0.1667
MEM_000803,GRP_0160,USR_0607,2020-05-08,,member,0.1667
MEM_000804,GRP_0161,USR_0946,2023-03-05,,admin,0.1159
MEM_000805,GRP_0161,USR_0418,2023-02-20,,member,0.1711
MEM_000806,GRP_0161,USR_0801,2023-03-01,,member,0.1484
MEM_000807,GRP_0161,USR_0140,2023-02-06,,member,0.0524
MEM_000808,GRP_0161,USR_0310,2023-02-26,,member,0.1023
MEM_000809,GRP_0161,USR_0461,2023-02-11,,member,0.1667
MEM_000810,GRP_0161,USR_0714,2023-02-26,,member,0.2978
MEM_000811,GRP_0162,USR_0974,2022-07-27,,admin,0.2
MEM_000812,GRP_0162,USR_0691,2022-07-31,,member,0.2
MEM_000813,GRP_0162,USR_0408,2022-07-25,,member,0.2
MEM_000814,GRP_0162,USR_0358,2022-07-16,,member,0.2
MEM_000815,GRP_0162,USR_0171,2022-07-13,,member,0.2
MEM_000816,GRP_0163,USR_0477,2019-01-08,2020-01-10,admin,0.25
MEM_000817,GRP_0163,USR_0552,2019-01-11,,member,0.25
MEM_000818,GRP_0163,USR_0790,2019-01-12,2019-11-27,member,0.25
MEM_000819,GRP_0163,USR_0563,2019-01-17,,member,0.25
MEM_000820,GRP_0164,USR_0249,2021-09-06,,admin,0.2
MEM_000821,GRP_0164,USR_0832,2021-09-08,2022-09-22,member,0.2
MEM_000822,GRP_0164,USR_0817,2021-09-05,2022-08-08,member,0.2
MEM_000823,GRP_0164,USR_0831,2021-09-19,2023-05-25,member,0.2
MEM_000824,GRP_0164,USR_0431,2021-09-02,,member,0.2
MEM_000825,GRP_0165,USR_0141,2020-06-13,,admin,0.0566
MEM_000826,GRP_0165,USR_0669,2020-06-15,,member,0.33
MEM_000827,GRP_0165,USR_0532,2020-06-12,,member,0.0556
MEM_000828,GRP_0165,USR_0208,2020-06-25,,member,0.3863
MEM_000829,GRP_0165,USR_0922,2020-06-23,,member,0.3818
MEM_000830,GRP_0166,USR_0925,2016-04-28,,admin,0.3013
MEM_000831,GRP_0166,USR_0872,2016-05-15,2019-08-27,member,0.3429
MEM_000832,GRP_0166,USR_0298,2016-05-05,2021-12-31,member,0.3785
MEM_000833,GRP_0166,USR_0786,2016-04-21,,member,0.1349
MEM_000834,GRP_0166,USR_0402,2016-05-07,,member,0.1796
MEM_000835,GRP_0166,USR_0982,2016-04-18,,member,0.3102
MEM_000836,GRP_0167,USR_0296,2020-08-17,2020-11-29,admin,0.1667
MEM_000837,GRP_0167,USR_0717,2020-08-28,,member,0.1667
MEM_000838,GRP_0167,USR_0241,2020-09-02,,member,0.1667
MEM_000839,GRP_0167,USR_0298,2020-08-27,2021-04-08,member,0.1667
MEM_000840,GRP_0167,USR_0154,2020-09-09,2021-02-28,member,0.1667
MEM_000841,GRP_0167,USR_0227,2020-08-29,2021-09-20,member,0.1667
MEM_000842,GRP_0168,USR_0302,2020-05-09,,admin,0.0738
MEM_000843,GRP_0168,USR_0263,2020-05-21,,member,0.2788
MEM_000844,GRP_0168,USR_0431,2020-05-23,,member,0.0533
MEM_000845,GRP_0168,USR_0741,2020-04-29,,member,0.3489
MEM_000846,GRP_0168,USR_0918,2020-04-29,2020-09-23,member,0.1089
MEM_000847,GRP_0169,USR_0025,2017-07-09,,admin,0.3333
MEM_000848,GRP_0169,USR_0779,2017-06-14,2020-04-01,member,0.3333
MEM_000849,GRP_0169,USR_0600,2017-06-26,2020-11-06,member,0.3333
MEM_000850,GRP_0170,USR_0385,2016-10-10,2017-02-16,admin,0.2
MEM_000851,GRP_0170,USR_0270,2016-10-07,,member,0.2
MEM_000852,GRP_0170,USR_0357,2016-10-15,2020-05-04,member,0.2
MEM_000853,GRP_0170,USR_0460,2016-09-24,2018-11-16,member,0.2
MEM_000854,GRP_0170,USR_0529,2016-10-03,2019-01-25,member,0.2
MEM_000855,GRP_0171,USR_0998,2016-04-02,,admin,0.3333
MEM_000856,GRP_0171,USR_0909,2016-04-04,,member,0.3333
MEM_000857,GRP_0171,USR_0942,2016-04-01,2019-01-07,member,0.3333
MEM_000858,GRP_0172,USR_0048,2017-06-02,,admin,0.5
MEM_000859,GRP_0172,USR_0502,2017-05-13,,member,0.5
MEM_000860,GRP_0173,USR_0508,2022-01-20,,admin,0.3333
MEM_000861,GRP_0173,USR_0870,2022-01-20,,member,0.3333
MEM_000862,GRP_0173,USR_0058,2022-01-10,,member,0.3333
MEM_000863,GRP_0174,USR_0545,2016-05-26,,admin,0.2
MEM_000864,GRP_0174,USR_0490,2016-05-17,,member,0.2
MEM_000865,GRP_0174,USR_0057,2016-05-06,,member,0.2
MEM_000866,GRP_0174,USR_0224,2016-05-13,,member,0.2
MEM_000867,GRP_0174,USR_0222,2016-05-13,,member,0.2
MEM_000868,GRP_0175,USR_0380,2016-03-07,,admin,0.3333
MEM_000869,GRP_0175,USR_0148,2016-03-02,,member,0.3333
MEM_000870,GRP_0175,USR_0995,2016-03-05,,member,0.3333
MEM_000871,GRP_0176,USR_0924,2021-08-07,,admin,0.2598
MEM_000872,GRP_0176,USR_0259,2021-08-14,,member,0.2458
MEM_000873,GRP_0176,USR_0764,2021-08-09,,member,0.0995
MEM_000874,GRP_0176,USR_0837,2021-07-29,,member,0.2711
MEM_000875,GRP_0176,USR_0972,2021-08-01,,member,0.3599
MEM_000876,GRP_0176,USR_0533,2021-08-01,,member,0.0871
MEM_000877,GRP_0176,USR_0172,2021-08-15,,member,0.0705
MEM_000878,GRP_0176,USR_0802,2021-08-01,,member,0.1324
MEM_000879,GRP_0176,USR_0163,2021-08-06,,member,0.182
MEM_000880,GRP_0176,USR_0995,2021-08-09,,member,0.1229
MEM_000881,GRP_0177,USR_0512,2019-06-27,2021-01-18,admin,0.3019
MEM_000882,GRP_0177,USR_0870,2019-06-20,2021-09-05,member,0.1401
MEM_000883,GRP_0177,USR_0968,2019-06-24,2020-12-06,member,0.0591
MEM_000884,GRP_0177,USR_0157,2019-07-03,,member,0.2822
MEM_000885,GRP_0177,USR_0269,2019-06-09,,member,0.2537
MEM_000886,GRP_0177,USR_0358,2019-06-21,,member,0.2884
MEM_000887,GRP_0177,USR_0204,2019-07-06,,member,0.1643
MEM_000888,GRP_0178,USR_0500,2021-01-25,,admin,0.25
MEM_000889,GRP_0178,USR_0281,2021-02-05,,member,0.25
MEM_000890,GRP_0178,USR_0633,2021-01-26,2021-03-19,member,0.25
MEM_000891,GRP_0178,USR_0399,2021-02-14,,member,0.25
MEM_000892,GRP_0179,USR_0612,2020-04-15,,admin,0.1429
MEM_000893,GRP_0179,USR_0900,2020-04-25,,member,0.1429
MEM_000894,GRP_0179,USR_0489,2020-04-14,,member,0.1429
MEM_000895,GRP_0179,USR_0175,2020-04-12,,member,0.1429
MEM_000896,GRP_0179,USR_0855,2020-04-20,2021-07-30,member,0.1429
MEM_000897,GRP_0179,USR_0841,2020-04-25,,member,0.1429
MEM_000898,GRP_0179,USR_0095,2020-04-16,2021-04-12,member,0.1429
MEM_000899,GRP_0180,USR_0268,2019-04-09,,admin,0.2802
MEM_000900,GRP_0180,USR_0500,2019-03-30,,member,0.1939
MEM_000901,GRP_0181,USR_0072,2019-01-25,,admin,0.0813
MEM_000902,GRP_0181,USR_0165,2019-01-24,2019-08-16,member,0.3037
MEM_000903,GRP_0181,USR_0067,2019-01-23,,member,0.111
MEM_000904,GRP_0181,USR_0451,2019-01-19,,member,0.3642
MEM_000905,GRP_0181,USR_0163,2019-01-30,,member,0.3725
MEM_000906,GRP_0181,USR_0003,2019-01-25,,member,0.2399
MEM_000907,GRP_0181,USR_0389,2019-02-10,,member,0.0535
MEM_000908,GRP_0181,USR_0023,2019-01-30,2020-02-01,member,0.0502
MEM_000909,GRP_0182,USR_0120,2021-02-16,,admin,0.3397
MEM_000910,GRP_0182,USR_0840,2021-02-26,,member,0.3419
MEM_000911,GRP_0182,USR_0259,2021-02-28,,member,0.1913
MEM_000912,GRP_0182,USR_0891,2021-02-23,2022-08-23,member,0.3854
MEM_000913,GRP_0182,USR_0430,2021-03-10,,member,0.098
MEM_000914,GRP_0183,USR_0394,2019-01-13,2020-12-16,admin,0.25
MEM_000915,GRP_0183,USR_0421,2019-01-14,2022-08-05,member,0.25
MEM_000916,GRP_0183,USR_0441,2018-12-26,,member,0.25
MEM_000917,GRP_0183,USR_0342,2019-01-06,,member,0.25
MEM_000918,GRP_0184,USR_0200,2023-08-10,,admin,0.3832
MEM_000919,GRP_0184,USR_0961,2023-08-15,,member,0.1625
MEM_000920,GRP_0184,USR_0375,2023-09-08,,member,0.1249
MEM_000921,GRP_0184,USR_0810,2023-08-30,,member,0.325
MEM_000922,GRP_0184,USR_0327,2023-09-03,,member,0.1682
MEM_000923,GRP_0184,USR_0066,2023-08-30,,member,0.2043
MEM_000924,GRP_0184,USR_0803,2023-08-26,,member,0.2422
MEM_000925,GRP_0184,USR_0351,2023-08-30,,member,0.1818
MEM_000926,GRP_0185,USR_0228,2023-01-29,,admin,0.1429
MEM_000927,GRP_0185,USR_0854,2023-01-06,,member,0.1429
MEM_000928,GRP_0185,USR_0419,2023-01-21,,member,0.1429
MEM_000929,GRP_0185,USR_0458,2023-01-28,,member,0.1429
MEM_000930,GRP_0185,USR_0238,2023-01-23,,member,0.1429
MEM_000931,GRP_0185,USR_0648,2023-01-19,,member,0.1429
MEM_000932,GRP_0185,USR_0881,2023-01-03,,member,0.1429
MEM_000933,GRP_0186,USR_0145,2020-06-07,,admin,0.1667
MEM_000934,GRP_0186,USR_0292,2020-05-13,,member,0.1667
MEM_000935,GRP_0186,USR_0197,2020-05-23,,member,0.1667
MEM_000936,GRP_0186,USR_0452,2020-06-01,,member,0.1667
MEM_000937,GRP_0186,USR_0240,2020-06-06,,member,0.1667
MEM_000938,GRP_0186,USR_0464,2020-06-10,,member,0.1667
MEM_000939,GRP_0187,USR_0346,2019-08-09,,admin,0.1186
MEM_000940,GRP_0187,USR_0901,2019-08-11,2024-02-14,member,0.3789
MEM_000941,GRP_0187,USR_0685,2019-08-04,,member,0.2257
MEM_000942,GRP_0187,USR_0573,2019-08-12,2025-05-10,member,0.266
MEM_000943,GRP_0187,USR_0072,2019-07-27,,member,0.1634
MEM_000944,GRP_0187,USR_0586,2019-07-28,,member,0.367
MEM_000945,GRP_0187,USR_0994,2019-08-02,,member,0.3377
MEM_000946,GRP_0187,USR_0492,2019-08-03,,member,0.3349
MEM_000947,GRP_0187,USR_0349,2019-08-18,,member,0.3327
MEM_000948,GRP_0188,USR_0067,2021-10-06,2022-07-06,admin,0.125
MEM_000949,GRP_0188,USR_0392,2021-10-03,2022-04-23,member,0.125
MEM_000950,GRP_0188,USR_0876,2021-10-05,,member,0.125
MEM_000951,GRP_0188,USR_0093,2021-10-10,,member,0.125
MEM_000952,GRP_0188,USR_0833,2021-10-01,2023-03-09,member,0.125
MEM_000953,GRP_0188,USR_0475,2021-09-21,,member,0.125
MEM_000954,GRP_0188,USR_0818,2021-10-12,,member,0.125
MEM_000955,GRP_0188,USR_0552,2021-10-06,,member,0.125
MEM_000956,GRP_0189,USR_0540,2018-01-05,,admin,0.1667
MEM_000957,GRP_0189,USR_0953,2017-12-23,,member,0.1667
MEM_000958,GRP_0189,USR_0955,2018-01-02,,member,0.1667
MEM_000959,GRP_0189,USR_0248,2017-12-19,,member,0.1667
MEM_000960,GRP_0189,USR_0272,2018-01-13,2018-01-27,member,0.1667
MEM_000961,GRP_0189,USR_0414,2017-12-23,,member,0.1667
MEM_000962,GRP_0190,USR_0825,2018-08-21,,admin,0.1429
MEM_000963,GRP_0190,USR_0398,2018-08-24,,member,0.1429
MEM_000964,GRP_0190,USR_0934,2018-08-28,,member,0.1429
MEM_000965,GRP_0190,USR_0860,2018-08-30,2019-08-29,member,0.1429
MEM_000966,GRP_0190,USR_0138,2018-09-06,,member,0.1429
MEM_000967,GRP_0190,USR_0648,2018-08-25,,member,0.1429
MEM_000968,GRP_0190,USR_0811,2018-08-18,2018-11-10,member,0.1429
MEM_000969,GRP_0191,USR_0137,2016-11-20,2020-01-08,admin,0.2
MEM_000970,GRP_0191,USR_0781,2016-11-05,,member,0.2
MEM_000971,GRP_0191,USR_0798,2016-11-20,2021-02-13,member,0.2
MEM_000972,GRP_0191,USR_0619,2016-11-14,,member,0.2
MEM_000973,GRP_0191,USR_0153,2016-11-17,,member,0.2
MEM_000974,GRP_0192,USR_0717,2021-08-07,,admin,0.3333
MEM_000975,GRP_0192,USR_0055,2021-08-14,,member,0.3333
MEM_000976,GRP_0192,USR_0258,2021-08-28,,member,0.3333
MEM_000977,GRP_0193,USR_0446,2017-12-21,,admin,0.3333
MEM_000978,GRP_0193,USR_0288,2018-01-02,,member,0.3333
MEM_000979,GRP_0193,USR_0688,2017-12-18,2022-06-06,member,0.3333
MEM_000980,GRP_0194,USR_0926,2016-08-28,2018-08-21,admin,0.3333
MEM_000981,GRP_0194,USR_0509,2016-09-11,,member,0.3333
MEM_000982,GRP_0194,USR_0731,2016-09-25,,member,0.3333
MEM_000983,GRP_0195,USR_0351,2016-06-24,2017-09-28,admin,0.3333
MEM_000984,GRP_0195,USR_0991,2016-07-01,,member,0.3333
MEM_000985,GRP_0195,USR_0203,2016-06-14,,member,0.3333
MEM_000986,GRP_0196,USR_0901,2017-07-21,,admin,0.3896
MEM_000987,GRP_0196,USR_0980,2017-07-17,,member,0.1012
MEM_000988,GRP_0196,USR_0336,2017-06-24,,member,0.1699
MEM_000989,GRP_0196,USR_0233,2017-06-24,,member,0.2116
MEM_000990,GRP_0197,USR_0603,2025-10-27,,admin,0.2472
MEM_000991,GRP_0197,USR_0468,2025-11-08,,member,0.294
MEM_000992,GRP_0197,USR_0206,2025-10-20,,member,0.1412
MEM_000993,GRP_0197,USR_0954,2025-11-02,,member,0.2238
MEM_000994,GRP_0197,USR_0532,2025-11-01,,member,0.1351
MEM_000995,GRP_0198,USR_0527,2018-09-30,2021-10-05,admin,0.1154
MEM_000996,GRP_0198,USR_0866,2018-10-15,,member,0.2434
MEM_000997,GRP_0198,USR_0995,2018-10-09,2021-06-20,member,0.0659
MEM_000998,GRP_0198,USR_0280,2018-10-07,,member,0.1075
MEM_000999,GRP_0198,USR_0581,2018-10-14,,member,0.2809
MEM_001000,GRP_0198,USR_0024,2018-09-28,2021-04-29,member,0.3406
MEM_001001,GRP_0198,USR_0124,2018-10-23,,member,0.112
MEM_001002,GRP_0198,USR_0513,2018-10-05,,member,0.2617
MEM_001003,GRP_0199,USR_0378,2021-05-08,2021-06-06,admin,0.1429
MEM_001004,GRP_0199,USR_0353,2021-05-17,,member,0.1429
MEM_001005,GRP_0199,USR_0468,2021-05-13,,member,0.1429
MEM_001006,GRP_0199,USR_0852,2021-05-05,,member,0.1429
MEM_001007,GRP_0199,USR_0381,2021-05-09,,member,0.1429
MEM_001008,GRP_0199,USR_0373,2021-05-23,,member,0.1429
MEM_001009,GRP_0199,USR_0347,2021-05-16,2021-08-02,member,0.1429
MEM_001010,GRP_0200,USR_0434,2017-05-19,,admin,0.2
MEM_001011,GRP_0200,USR_0189,2017-05-03,,member,0.2
MEM_001012,GRP_0200,USR_0829,2017-05-24,,member,0.2
MEM_001013,GRP_0200,USR_0563,2017-04-29,2020-10-08,member,0.2
MEM_001014,GRP_0200,USR_0529,2017-05-18,2021-09-15,member,0.2
MEM_001015,GRP_0201,USR_0365,2021-02-06,,admin,0.2706
MEM_001016,GRP_0201,USR_0389,2021-01-29,2021-09-24,member,0.2933
MEM_001017,GRP_0201,USR_0207,2021-01-21,,member,0.1233
MEM_001018,GRP_0202,USR_0403,2021-08-26,,admin,0.1
MEM_001019,GRP_0202,USR_0193,2021-08-25,,member,0.1
MEM_001020,GRP_0202,USR_0325,2021-08-15,,member,0.1
MEM_001021,GRP_0202,USR_0093,2021-08-19,,member,0.1
MEM_001022,GRP_0202,USR_0037,2021-08-07,,member,0.1
MEM_001023,GRP_0202,USR_0161,2021-08-09,,member,0.1
MEM_001024,GRP_0202,USR_0287,2021-08-13,2021-10-19,member,0.1
MEM_001025,GRP_0202,USR_0230,2021-08-10,2022-09-03,member,0.1
MEM_001026,GRP_0202,USR_0330,2021-08-26,,member,0.1
MEM_001027,GRP_0202,USR_0315,2021-08-18,,member,0.1
MEM_001028,GRP_0203,USR_0742,2016-10-15,,admin,0.1429
MEM_001029,GRP_0203,USR_0003,2016-11-08,,member,0.1429
MEM_001030,GRP_0203,USR_0159,2016-10-26,2017-06-24,member,0.1429
MEM_001031,GRP_0203,USR_0765,2016-11-12,,member,0.1429
MEM_001032,GRP_0203,USR_0488,2016-10-22,,member,0.1429
MEM_001033,GRP_0203,USR_0382,2016-11-04,,member,0.1429
MEM_001034,GRP_0203,USR_0305,2016-11-13,2018-01-30,member,0.1429
MEM_001035,GRP_0204,USR_0006,2019-04-09,,admin,0.25
MEM_001036,GRP_0204,USR_0318,2019-04-09,2019-05-20,member,0.25
MEM_001037,GRP_0204,USR_0581,2019-04-10,,member,0.25
MEM_001038,GRP_0204,USR_0352,2019-04-15,,member,0.25
MEM_001039,GRP_0205,USR_0229,2024-09-02,,admin,0.2309
MEM_001040,GRP_0205,USR_0058,2024-09-07,2025-02-16,member,0.3265
MEM_001041,GRP_0205,USR_0407,2024-08-13,,member,0.2498
MEM_001042,GRP_0205,USR_0210,2024-09-07,,member,0.2418
MEM_001043,GRP_0205,USR_0608,2024-08-13,,member,0.1452
MEM_001044,GRP_0205,USR_0129,2024-08-20,,member,0.3457
MEM_001045,GRP_0206,USR_0661,2018-02-25,,admin,0.25
MEM_001046,GRP_0206,USR_0775,2018-02-14,,member,0.25
MEM_001047,GRP_0206,USR_0205,2018-03-04,2021-10-28,member,0.25
MEM_001048,GRP_0206,USR_0740,2018-03-08,,member,0.25
MEM_001049,GRP_0207,USR_0383,2018-03-16,,admin,0.1667
MEM_001050,GRP_0207,USR_0900,2018-03-08,,member,0.1667
MEM_001051,GRP_0207,USR_0798,2018-03-28,,member,0.1667
MEM_001052,GRP_0207,USR_0155,2018-03-31,,member,0.1667
MEM_001053,GRP_0207,USR_0865,2018-03-19,,member,0.1667
MEM_001054,GRP_0207,USR_0369,2018-03-07,,member,0.1667
MEM_001055,GRP_0208,USR_0514,2017-05-23,,admin,0.3535
MEM_001056,GRP_0208,USR_0323,2017-05-13,,member,0.1821
MEM_001057,GRP_0208,USR_0506,2017-05-23,,member,0.0956
MEM_001058,GRP_0208,USR_0499,2017-04-26,,member,0.2484
MEM_001059,GRP_0208,USR_0694,2017-05-21,,member,0.112
MEM_001060,GRP_0209,USR_0508,2019-08-09,2020-01-01,admin,0.1529
MEM_001061,GRP_0209,USR_0199,2019-08-01,,member,0.329
MEM_001062,GRP_0209,USR_0291,2019-08-13,,member,0.2031
MEM_001063,GRP_0209,USR_0497,2019-08-21,,member,0.3059
MEM_001064,GRP_0209,USR_0923,2019-08-16,2020-07-09,member,0.1431
MEM_001065,GRP_0210,USR_0053,2016-05-01,,admin,0.125
MEM_001066,GRP_0210,USR_0071,2016-05-14,,member,0.125
MEM_001067,GRP_0210,USR_0858,2016-05-04,2017-03-19,member,0.125
MEM_001068,GRP_0210,USR_0340,2016-04-27,2016-08-17,member,0.125
MEM_001069,GRP_0210,USR_0804,2016-05-19,,member,0.125
MEM_001070,GRP_0210,USR_0039,2016-05-19,,member,0.125
MEM_001071,GRP_0210,USR_0308,2016-04-24,2017-01-05,member,0.125
MEM_001072,GRP_0210,USR_0772,2016-05-07,,member,0.125
MEM_001073,GRP_0211,USR_0261,2023-04-12,,admin,0.2
MEM_001074,GRP_0211,USR_0219,2023-04-19,,member,0.2
MEM_001075,GRP_0211,USR_0716,2023-04-22,,member,0.2
MEM_001076,GRP_0211,USR_0924,2023-04-30,,member,0.2
MEM_001077,GRP_0211,USR_0617,2023-05-01,,member,0.2
MEM_001078,GRP_0212,USR_0255,2021-01-20,,admin,0.125
MEM_001079,GRP_0212,USR_0880,2021-01-08,,member,0.125
MEM_001080,GRP_0212,USR_0947,2021-01-15,2022-10-12,member,0.125
MEM_001081,GRP_0212,USR_0868,2021-01-26,,member,0.125
MEM_001082,GRP_0212,USR_0823,2021-01-25,,member,0.125
MEM_001083,GRP_0212,USR_0037,2021-01-10,2024-05-29,member,0.125
MEM_001084,GRP_0212,USR_0788,2021-01-25,2024-08-08,member,0.125
MEM_001085,GRP_0212,USR_0447,2021-01-19,,member,0.125
MEM_001086,GRP_0213,USR_0037,2024-07-18,,admin,0.1418
MEM_001087,GRP_0213,USR_0636,2024-07-29,,member,0.0972
MEM_001088,GRP_0213,USR_0338,2024-07-16,,member,0.2974
MEM_001089,GRP_0213,USR_0479,2024-07-13,,member,0.0913
MEM_001090,GRP_0213,USR_0384,2024-07-24,,member,0.2834
MEM_001091,GRP_0213,USR_0200,2024-07-20,,member,0.2586
MEM_001092,GRP_0213,USR_0424,2024-07-21,,member,0.252
MEM_001093,GRP_0213,USR_0809,2024-07-07,,member,0.1987
MEM_001094,GRP_0214,USR_0967,2018-03-22,,admin,0.25
MEM_001095,GRP_0214,USR_0167,2018-03-27,2021-07-25,member,0.25
MEM_001096,GRP_0214,USR_0105,2018-04-05,,member,0.25
MEM_001097,GRP_0214,USR_0520,2018-04-05,,member,0.25
MEM_001098,GRP_0215,USR_0515,2022-05-08,,admin,0.1429
MEM_001099,GRP_0215,USR_0302,2022-05-12,,member,0.1429
MEM_001100,GRP_0215,USR_0682,2022-04-26,,member,0.1429
MEM_001101,GRP_0215,USR_0563,2022-05-17,,member,0.1429
MEM_001102,GRP_0215,USR_0195,2022-05-06,,member,0.1429
MEM_001103,GRP_0215,USR_0391,2022-04-22,,member,0.1429
MEM_001104,GRP_0215,USR_0488,2022-04-27,,member,0.1429
MEM_001105,GRP_0216,USR_0261,2021-12-24,2023-11-11,admin,0.0877
MEM_001106,GRP_0216,USR_0873,2022-01-05,,member,0.181
MEM_001107,GRP_0216,USR_0636,2022-01-11,2022-11-02,member,0.1737
MEM_001108,GRP_0216,USR_0076,2022-01-07,,member,0.1491
MEM_001109,GRP_0216,USR_0747,2021-12-22,,member,0.0688
MEM_001110,GRP_0216,USR_0980,2022-01-08,,member,0.2663
MEM_001111,GRP_0217,USR_0226,2018-11-24,,admin,0.3333
MEM_001112,GRP_0217,USR_0298,2018-12-02,,member,0.3333
MEM_001113,GRP_0217,USR_0674,2018-11-11,2018-12-13,member,0.3333
MEM_001114,GRP_0218,USR_0087,2024-02-29,,admin,0.3215
MEM_001115,GRP_0218,USR_0772,2024-03-10,,member,0.2063
MEM_001116,GRP_0218,USR_0336,2024-02-24,,member,0.3023
MEM_001117,GRP_0218,USR_0318,2024-03-13,,member,0.2264
MEM_001118,GRP_0218,USR_0275,2024-02-28,,member,0.185
MEM_001119,GRP_0219,USR_0610,2022-10-29,,admin,0.1667
MEM_001120,GRP_0219,USR_0756,2022-10-30,,member,0.1667
MEM_001121,GRP_0219,USR_0646,2022-11-04,2023-06-26,member,0.1667
MEM_001122,GRP_0219,USR_0354,2022-10-12,,member,0.1667
MEM_001123,GRP_0219,USR_0697,2022-10-31,,member,0.1667
MEM_001124,GRP_0219,USR_0785,2022-10-31,,member,0.1667
MEM_001125,GRP_0220,USR_0390,2020-04-02,2021-08-03,admin,0.3333
MEM_001126,GRP_0220,USR_0702,2020-04-10,,member,0.3333
MEM_001127,GRP_0220,USR_0727,2020-04-12,,member,0.3333
MEM_001128,GRP_0221,USR_0183,2025-04-19,,admin,0.0896
MEM_001129,GRP_0221,USR_0614,2025-04-02,,member,0.3651
MEM_001130,GRP_0221,USR_0295,2025-04-15,,member,0.1736
MEM_001131,GRP_0221,USR_0662,2025-04-08,,member,0.3592
MEM_001132,GRP_0221,USR_0022,2025-03-29,,member,0.2171
MEM_001133,GRP_0221,USR_0728,2025-03-29,,member,0.3754
MEM_001134,GRP_0221,USR_0341,2025-03-27,,member,0.2132
MEM_001135,GRP_0221,USR_0046,2025-04-05,,member,0.0715
MEM_001136,GRP_0222,USR_0260,2022-07-03,,admin,0.268
MEM_001137,GRP_0222,USR_0583,2022-07-14,,member,0.2391
MEM_001138,GRP_0223,USR_0195,2020-06-02,,admin,0.2126
MEM_001139,GRP_0223,USR_0765,2020-05-18,,member,0.073
MEM_001140,GRP_0223,USR_0811,2020-05-27,,member,0.3251
MEM_001141,GRP_0223,USR_0815,2020-06-07,,member,0.1859
MEM_001142,GRP_0223,USR_0712,2020-05-27,,member,0.0863
MEM_001143,GRP_0224,USR_0946,2022-10-26,,admin,0.1594
MEM_001144,GRP_0224,USR_0456,2022-11-14,2024-05-15,member,0.2883
MEM_001145,GRP_0224,USR_0534,2022-10-29,2023-05-21,member,0.2386
MEM_001146,GRP_0224,USR_0619,2022-11-08,,member,0.1513
MEM_001147,GRP_0225,USR_0207,2019-05-01,,admin,0.2
MEM_001148,GRP_0225,USR_0169,2019-05-08,,member,0.2
MEM_001149,GRP_0225,USR_0676,2019-05-27,,member,0.2
MEM_001150,GRP_0225,USR_0840,2019-05-02,,member,0.2
MEM_001151,GRP_0225,USR_0538,2019-05-01,,member,0.2
MEM_001152,GRP_0226,USR_0108,2017-06-10,,admin,0.3333
MEM_001153,GRP_0226,USR_0571,2017-06-17,2017-08-27,member,0.3333
MEM_001154,GRP_0226,USR_0754,2017-06-25,,member,0.3333
MEM_001155,GRP_0227,USR_0271,2021-06-20,2022-02-02,admin,0.3333
MEM_001156,GRP_0227,USR_0538,2021-07-13,,member,0.3333
MEM_001157,GRP_0227,USR_0051,2021-07-02,,member,0.3333
MEM_001158,GRP_0228,USR_0900,2018-06-29,,admin,0.5
MEM_001159,GRP_0228,USR_0557,2018-07-10,,member,0.5
MEM_001160,GRP_0229,USR_0400,2017-01-18,,admin,0.2
MEM_001161,GRP_0229,USR_0920,2017-01-06,2018-11-03,member,0.2
MEM_001162,GRP_0229,USR_0569,2017-01-22,,member,0.2
MEM_001163,GRP_0229,USR_0499,2017-01-02,,member,0.2
MEM_001164,GRP_0229,USR_0168,2017-01-04,,member,0.2
MEM_001165,GRP_0230,USR_0225,2022-09-13,,admin,0.3333
MEM_001166,GRP_0230,USR_0444,2022-08-21,,member,0.3333
MEM_001167,GRP_0230,USR_0835,2022-08-31,2023-02-08,member,0.3333
MEM_001168,GRP_0231,USR_0215,2016-06-07,,admin,0.1429
MEM_001169,GRP_0231,USR_0268,2016-06-18,,member,0.1429
MEM_001170,GRP_0231,USR_0589,2016-06-16,2016-07-12,member,0.1429
MEM_001171,GRP_0231,USR_0908,2016-06-10,,member,0.1429
MEM_001172,GRP_0231,USR_0387,2016-07-01,2017-04-28,member,0.1429
MEM_001173,GRP_0231,USR_0783,2016-06-07,,member,0.1429
MEM_001174,GRP_0231,USR_0907,2016-06-25,2016-11-22,member,0.1429
MEM_001175,GRP_0232,USR_0854,2017-08-07,2021-12-17,admin,0.1493
MEM_001176,GRP_0232,USR_0117,2017-07-26,,member,0.1438
MEM_001177,GRP_0232,USR_0822,2017-07-26,,member,0.3363
MEM_001178,GRP_0232,USR_0387,2017-08-01,,member,0.1979
MEM_001179,GRP_0232,USR_0066,2017-07-20,,member,0.2325
MEM_001180,GRP_0233,USR_0432,2021-08-25,2023-03-23,admin,0.1667
MEM_001181,GRP_0233,USR_0084,2021-09-02,,member,0.1667
MEM_001182,GRP_0233,USR_0567,2021-08-13,,member,0.1667
MEM_001183,GRP_0233,USR_0364,2021-09-03,2023-12-14,member,0.1667
MEM_001184,GRP_0233,USR_0719,2021-08-14,,member,0.1667
MEM_001185,GRP_0233,USR_0867,2021-08-28,,member,0.1667
MEM_001186,GRP_0234,USR_0399,2020-03-30,,admin,0.2
MEM_001187,GRP_0234,USR_0845,2020-04-11,,member,0.2
MEM_001188,GRP_0234,USR_0226,2020-04-10,,member,0.2
MEM_001189,GRP_0234,USR_0362,2020-04-09,,member,0.2
MEM_001190,GRP_0234,USR_0498,2020-04-11,,member,0.2
MEM_001191,GRP_0235,USR_0818,2018-02-22,,admin,0.3856
MEM_001192,GRP_0235,USR_0914,2018-02-06,2019-02-28,member,0.1676
MEM_001193,GRP_0235,USR_0719,2018-02-26,,member,0.3031
MEM_001194,GRP_0235,USR_0653,2018-02-04,,member,0.1572
MEM_001195,GRP_0235,USR_0059,2018-03-02,,member,0.3956
MEM_001196,GRP_0235,USR_0318,2018-02-12,2018-07-17,member,0.3887
MEM_001197,GRP_0236,USR_0991,2019-02-16,,admin,0.3846
MEM_001198,GRP_0236,USR_0220,2019-02-18,,member,0.1769
MEM_001199,GRP_0236,USR_0389,2019-02-14,,member,0.3132
MEM_001200,GRP_0236,USR_0285,2019-01-28,,member,0.3346
MEM_001201,GRP_0237,USR_0684,2016-08-24,,admin,0.1667
MEM_001202,GRP_0237,USR_0832,2016-08-28,,member,0.1667
MEM_001203,GRP_0237,USR_0542,2016-08-21,2016-09-02,member,0.1667
MEM_001204,GRP_0237,USR_0543,2016-08-20,,member,0.1667
MEM_001205,GRP_0237,USR_0910,2016-08-11,,member,0.1667
MEM_001206,GRP_0237,USR_0520,2016-08-08,,member,0.1667
MEM_001207,GRP_0238,USR_0066,2025-03-21,,admin,0.25
MEM_001208,GRP_0238,USR_0294,2025-03-23,,member,0.25
MEM_001209,GRP_0238,USR_0197,2025-03-03,,member,0.25
MEM_001210,GRP_0238,USR_0088,2025-03-05,,member,0.25
MEM_001211,GRP_0239,USR_0863,2021-10-19,,admin,0.1089
MEM_001212,GRP_0239,USR_0398,2021-10-18,,member,0.1763
MEM_001213,GRP_0239,USR_0871,2021-10-16,,member,0.3417
MEM_001214,GRP_0239,USR_0620,2021-10-30,,member,0.2559
MEM_001215,GRP_0239,USR_0501,2021-11-08,,member,0.1507
MEM_001216,GRP_0239,USR_0935,2021-10-25,,member,0.0869
MEM_001217,GRP_0240,USR_0111,2022-05-18,2023-01-13,admin,0.1667
MEM_001218,GRP_0240,USR_0181,2022-05-09,2022-06-05,member,0.1667
MEM_001219,GRP_0240,USR_0956,2022-05-18,,member,0.1667
MEM_001220,GRP_0240,USR_0958,2022-05-20,2023-03-30,member,0.1667
MEM_001221,GRP_0240,USR_0520,2022-05-17,,member,0.1667
MEM_001222,GRP_0240,USR_0130,2022-05-10,,member,0.1667
MEM_001223,GRP_0241,USR_0619,2019-09-13,,admin,0.3107
MEM_001224,GRP_0241,USR_0871,2019-09-03,,member,0.3272
MEM_001225,GRP_0241,USR_0621,2019-09-25,,member,0.394
MEM_001226,GRP_0241,USR_0172,2019-09-01,,member,0.0977
MEM_001227,GRP_0241,USR_0734,2019-09-18,,member,0.082
MEM_001228,GRP_0241,USR_0350,2019-09-01,,member,0.1017
MEM_001229,GRP_0242,USR_0261,2021-08-10,2022-06-06,admin,0.1667
MEM_001230,GRP_0242,USR_0110,2021-08-12,2022-04-05,member,0.1667
MEM_001231,GRP_0242,USR_0252,2021-09-06,,member,0.1667
MEM_001232,GRP_0242,USR_0079,2021-09-01,,member,0.1667
MEM_001233,GRP_0242,USR_0768,2021-09-08,,member,0.1667
MEM_001234,GRP_0242,USR_0678,2021-08-30,,member,0.1667
MEM_001235,GRP_0243,USR_0227,2023-01-24,,admin,0.1221
MEM_001236,GRP_0243,USR_0689,2023-01-16,,member,0.133
MEM_001237,GRP_0243,USR_0090,2023-01-18,,member,0.3349
MEM_001238,GRP_0243,USR_0680,2023-01-17,,member,0.0863
MEM_001239,GRP_0244,USR_0073,2022-01-20,,admin,0.1667
MEM_001240,GRP_0244,USR_0404,2022-01-13,,member,0.1667
MEM_001241,GRP_0244,USR_0352,2022-01-22,,member,0.1667
MEM_001242,GRP_0244,USR_0671,2022-01-29,,member,0.1667
MEM_001243,GRP_0244,USR_0363,2022-01-20,,member,0.1667
MEM_001244,GRP_0244,USR_0866,2022-01-15,,member,0.1667
MEM_001245,GRP_0245,USR_0924,2025-12-23,,member,0.1177
MEM_001246,GRP_0246,USR_0824,2021-06-21,,admin,0.2861
MEM_001247,GRP_0246,USR_0610,2021-06-14,,member,0.1537
MEM_001248,GRP_0246,USR_0440,2021-06-12,,member,0.2882
MEM_001249,GRP_0246,USR_0219,2021-06-16,,member,0.3505
MEM_001250,GRP_0247,USR_0332,2016-01-11,,admin,0.1181
MEM_001251,GRP_0247,USR_0337,2016-02-02,,member,0.3176
MEM_001252,GRP_0247,USR_0298,2016-01-13,,member,0.0659
MEM_001253,GRP_0247,USR_0568,2016-01-10,,member,0.3113
MEM_001254,GRP_0247,USR_0799,2016-01-17,2016-07-18,member,0.2134
MEM_001255,GRP_0247,USR_0354,2016-01-07,,member,0.2039
MEM_001256,GRP_0247,USR_0898,2016-01-20,,member,0.1259
MEM_001257,GRP_0247,USR_0601,2016-02-01,,member,0.1641
MEM_001258,GRP_0248,USR_0859,2018-03-21,,admin,0.2131
MEM_001259,GRP_0248,USR_0800,2018-03-19,,member,0.2717
MEM_001260,GRP_0248,USR_0656,2018-03-25,,member,0.3744
MEM_001261,GRP_0248,USR_0384,2018-03-14,,member,0.2622
MEM_001262,GRP_0248,USR_0310,2018-03-23,,member,0.2869
MEM_001263,GRP_0248,USR_0856,2018-03-22,,member,0.2115
MEM_001264,GRP_0248,USR_0607,2018-03-21,,member,0.0518
MEM_001265,GRP_0248,USR_0254,2018-03-19,,member,0.3515
MEM_001266,GRP_0248,USR_0112,2018-03-14,,member,0.304
MEM_001267,GRP_0248,USR_0075,2018-04-10,,member,0.2943
MEM_001268,GRP_0249,USR_0422,2020-05-11,,admin,0.125
MEM_001269,GRP_0249,USR_0642,2020-05-13,2020-10-29,member,0.125
MEM_001270,GRP_0249,USR_0826,2020-05-23,,member,0.125
MEM_001271,GRP_0249,USR_0486,2020-05-24,,member,0.125
MEM_001272,GRP_0249,USR_0382,2020-05-22,2020-06-21,member,0.125
MEM_001273,GRP_0249,USR_0069,2020-05-08,2021-08-27,member,0.125
MEM_001274,GRP_0249,USR_0038,2020-05-13,2020-09-20,member,0.125
MEM_001275,GRP_0249,USR_0103,2020-05-20,,member,0.125
MEM_001276,GRP_0250,USR_0339,2019-11-04,2022-03-04,admin,0.1206
MEM_001277,GRP_0250,USR_0330,2019-10-27,,member,0.2349
MEM_001278,GRP_0250,USR_0202,2019-10-24,,member,0.283
MEM_001279,GRP_0251,USR_0616,2024-09-13,,admin,0.1073
MEM_001280,GRP_0251,USR_0260,2024-08-30,,member,0.2202
MEM_001281,GRP_0251,USR_0988,2024-08-30,,member,0.1441
MEM_001282,GRP_0251,USR_0259,2024-09-05,,member,0.0724
MEM_001283,GRP_0251,USR_0488,2024-08-31,,member,0.312
MEM_001284,GRP_0252,USR_0402,2020-11-16,,admin,0.0563
MEM_001285,GRP_0252,USR_0075,2020-11-21,,member,0.21
MEM_001286,GRP_0252,USR_0535,2020-11-03,,member,0.3187
MEM_001287,GRP_0252,USR_0340,2020-10-29,,member,0.1931
MEM_001288,GRP_0252,USR_0088,2020-10-31,,member,0.1962
MEM_001289,GRP_0253,USR_0844,2024-08-21,,admin,0.2013
MEM_001290,GRP_0253,USR_0369,2024-09-02,,member,0.2942
MEM_001291,GRP_0254,USR_0772,2020-09-04,,admin,0.125
MEM_001292,GRP_0254,USR_0997,2020-08-11,,member,0.125
MEM_001293,GRP_0254,USR_0745,2020-08-21,2022-02-01,member,0.125
MEM_001294,GRP_0254,USR_0878,2020-08-19,,member,0.125
MEM_001295,GRP_0254,USR_0187,2020-09-07,,member,0.125
MEM_001296,GRP_0254,USR_0644,2020-08-30,2020-11-14,member,0.125
MEM_001297,GRP_0254,USR_0422,2020-09-02,,member,0.125
MEM_001298,GRP_0254,USR_0785,2020-08-23,2020-10-14,member,0.125
MEM_001299,GRP_0255,USR_0711,2020-10-20,,admin,0.25
MEM_001300,GRP_0255,USR_0970,2020-10-19,2020-11-21,member,0.25
MEM_001301,GRP_0255,USR_0738,2020-10-06,,member,0.25
MEM_001302,GRP_0255,USR_0427,2020-10-11,,member,0.25
MEM_001303,GRP_0256,USR_0724,2021-02-19,,admin,0.1334
MEM_001304,GRP_0256,USR_0638,2021-02-05,,member,0.0799
MEM_001305,GRP_0256,USR_0301,2021-02-06,2021-03-27,member,0.3254
MEM_001306,GRP_0256,USR_0287,2021-02-25,2021-05-17,member,0.1499
MEM_001307,GRP_0257,USR_0230,2019-07-03,,admin,0.25
MEM_001308,GRP_0257,USR_0370,2019-06-24,2019-12-14,member,0.25
MEM_001309,GRP_0257,USR_0069,2019-06-25,,member,0.25
MEM_001310,GRP_0257,USR_0128,2019-07-11,,member,0.25
MEM_001311,GRP_0258,USR_0533,2018-02-03,2019-07-16,admin,0.25
MEM_001312,GRP_0258,USR_0289,2018-01-26,,member,0.25
MEM_001313,GRP_0258,USR_0373,2018-01-28,2018-10-04,member,0.25
MEM_001314,GRP_0258,USR_0081,2018-02-07,,member,0.25
MEM_001315,GRP_0259,USR_0766,2016-10-07,,admin,0.2
MEM_001316,GRP_0259,USR_0934,2016-10-08,,member,0.2
MEM_001317,GRP_0259,USR_0176,2016-10-04,,member,0.2
MEM_001318,GRP_0259,USR_0419,2016-09-24,,member,0.2
MEM_001319,GRP_0259,USR_0158,2016-10-19,2019-05-12,member,0.2
MEM_001320,GRP_0260,USR_0197,2021-04-15,,admin,0.3827
MEM_001321,GRP_0260,USR_0860,2021-03-31,,member,0.1321
MEM_001322,GRP_0260,USR_0971,2021-04-10,,member,0.2891
MEM_001323,GRP_0260,USR_0121,2021-04-02,,member,0.3836
MEM_001324,GRP_0260,USR_0293,2021-04-16,,member,0.1911
MEM_001325,GRP_0260,USR_0942,2021-03-26,,member,0.323
MEM_001326,GRP_0260,USR_0759,2021-04-05,2023-05-06,member,0.2898
MEM_001327,GRP_0260,USR_0655,2021-04-02,,member,0.1228
MEM_001328,GRP_0260,USR_0194,2021-04-09,,member,0.0903
MEM_001329,GRP_0260,USR_0241,2021-04-08,,member,0.3554
MEM_001330,GRP_0261,USR_0888,2018-06-24,,admin,0.1552
MEM_001331,GRP_0261,USR_0166,2018-06-25,,member,0.2103
MEM_001332,GRP_0262,USR_0253,2018-06-07,,admin,0.2691
MEM_001333,GRP_0262,USR_0313,2018-06-13,,member,0.332
MEM_001334,GRP_0262,USR_0010,2018-07-04,2022-06-19,member,0.3587
MEM_001335,GRP_0262,USR_0070,2018-06-07,,member,0.1203
MEM_001336,GRP_0262,USR_0354,2018-07-05,,member,0.2723
MEM_001337,GRP_0262,USR_0077,2018-07-01,,member,0.3076
MEM_001338,GRP_0262,USR_0290,2018-06-13,2021-11-22,member,0.2168
MEM_001339,GRP_0262,USR_0323,2018-06-15,,member,0.2164
MEM_001340,GRP_0263,USR_0153,2021-01-05,,admin,0.3333
MEM_001341,GRP_0263,USR_0820,2020-12-16,,member,0.3333
MEM_001342,GRP_0263,USR_0881,2021-01-05,,member,0.3333
MEM_001343,GRP_0264,USR_0432,2016-07-10,,admin,0.078
MEM_001344,GRP_0264,USR_0397,2016-07-11,,member,0.2378
MEM_001345,GRP_0264,USR_0417,2016-07-18,,member,0.1354
MEM_001346,GRP_0264,USR_0945,2016-07-10,,member,0.145
MEM_001347,GRP_0264,USR_0110,2016-07-28,2021-01-14,member,0.1703
MEM_001348,GRP_0264,USR_0179,2016-07-26,,member,0.0873
MEM_001349,GRP_0264,USR_0061,2016-07-27,,member,0.2634
MEM_001350,GRP_0264,USR_0693,2016-07-29,,member,0.0755
MEM_001351,GRP_0265,USR_0101,2016-08-10,,admin,0.1896
MEM_001352,GRP_0265,USR_0998,2016-07-27,,member,0.2731
MEM_001353,GRP_0265,USR_0961,2016-08-12,,member,0.0557
MEM_001354,GRP_0265,USR_0467,2016-08-07,,member,0.1682
MEM_001355,GRP_0266,USR_0435,2017-08-25,2020-08-27,admin,0.1667
MEM_001356,GRP_0266,USR_0385,2017-09-07,,member,0.1667
MEM_001357,GRP_0266,USR_0963,2017-09-15,,member,0.1667
MEM_001358,GRP_0266,USR_0360,2017-09-14,,member,0.1667
MEM_001359,GRP_0266,USR_0594,2017-09-03,,member,0.1667
MEM_001360,GRP_0266,USR_0971,2017-09-10,,member,0.1667
MEM_001361,GRP_0267,USR_0458,2016-02-21,,admin,0.2953
MEM_001362,GRP_0267,USR_0910,2016-02-09,2017-08-15,member,0.3298
MEM_001363,GRP_0267,USR_0269,2016-02-04,,member,0.3071
MEM_001364,GRP_0267,USR_0171,2016-02-07,2020-06-21,member,0.3929
MEM_001365,GRP_0267,USR_0256,2016-02-06,,member,0.1936
MEM_001366,GRP_0267,USR_0874,2016-02-06,,member,0.2847
MEM_001367,GRP_0267,USR_0331,2016-02-28,,member,0.3047
MEM_001368,GRP_0268,USR_0920,2022-10-14,,admin,0.3432
MEM_001369,GRP_0268,USR_0422,2022-11-02,2024-11-28,member,0.2714
MEM_001370,GRP_0268,USR_0686,2022-10-27,,member,0.3209
MEM_001371,GRP_0268,USR_0138,2022-10-22,,member,0.256
MEM_001372,GRP_0268,USR_0976,2022-10-28,2025-07-29,member,0.3871
MEM_001373,GRP_0269,USR_0295,2025-09-12,,admin,0.3631
MEM_001374,GRP_0269,USR_0895,2025-09-13,,member,0.2733
MEM_001375,GRP_0269,USR_0499,2025-09-17,,member,0.3817
MEM_001376,GRP_0270,USR_0949,2019-07-27,,admin,0.25
MEM_001377,GRP_0270,USR_0327,2019-07-24,,member,0.25
MEM_001378,GRP_0270,USR_0882,2019-07-17,,member,0.25
MEM_001379,GRP_0270,USR_0252,2019-07-27,,member,0.25
MEM_001380,GRP_0271,USR_0081,2018-06-04,,admin,0.1429
MEM_001381,GRP_0271,USR_0815,2018-06-04,2019-09-07,member,0.1429
MEM_001382,GRP_0271,USR_0964,2018-05-30,,member,0.1429
MEM_001383,GRP_0271,USR_0739,2018-06-06,,member,0.1429
MEM_001384,GRP_0271,USR_0492,2018-06-09,,member,0.1429
MEM_001385,GRP_0271,USR_0287,2018-05-22,,member,0.1429
MEM_001386,GRP_0271,USR_0945,2018-06-10,,member,0.1429
MEM_001387,GRP_0272,USR_0652,2017-01-17,2019-02-02,admin,0.3333
MEM_001388,GRP_0272,USR_0387,2017-01-08,,member,0.3333
MEM_001389,GRP_0272,USR_0590,2017-01-02,2018-04-10,member,0.3333
MEM_001390,GRP_0273,USR_0010,2017-10-05,,admin,0.1667
MEM_001391,GRP_0273,USR_0011,2017-09-29,,member,0.1667
MEM_001392,GRP_0273,USR_0870,2017-10-10,,member,0.1667
MEM_001393,GRP_0273,USR_0610,2017-10-12,2018-08-13,member,0.1667
MEM_001394,GRP_0273,USR_0074,2017-09-27,,member,0.1667
MEM_001395,GRP_0273,USR_0045,2017-10-14,2017-11-02,member,0.1667
MEM_001396,GRP_0274,USR_0041,2016-02-12,2018-03-01,admin,0.2385
MEM_001397,GRP_0274,USR_0845,2016-02-21,,member,0.3119
MEM_001398,GRP_0274,USR_0956,2016-02-18,,member,0.1523
MEM_001399,GRP_0274,USR_0940,2016-02-13,,member,0.3713
MEM_001400,GRP_0274,USR_0434,2016-02-14,,member,0.3604
MEM_001401,GRP_0275,USR_0581,2017-09-02,,admin,0.25
MEM_001402,GRP_0275,USR_0790,2017-09-25,2017-09-27,member,0.25
MEM_001403,GRP_0275,USR_0343,2017-09-09,2017-09-27,member,0.25
MEM_001404,GRP_0275,USR_0623,2017-09-07,,member,0.25
MEM_001405,GRP_0276,USR_0721,2017-09-02,,admin,0.152
MEM_001406,GRP_0276,USR_0660,2017-09-19,,member,0.2791
MEM_001407,GRP_0276,USR_0020,2017-09-10,,member,0.0643
MEM_001408,GRP_0277,USR_0395,2025-02-12,,admin,0.082
MEM_001409,GRP_0277,USR_0951,2025-02-10,,member,0.1576
MEM_001410,GRP_0277,USR_0413,2025-01-27,,member,0.3334
MEM_001411,GRP_0278,USR_0622,2021-12-30,,admin,0.1429
MEM_001412,GRP_0278,USR_0035,2022-01-05,2023-08-02,member,0.1429
MEM_001413,GRP_0278,USR_0681,2022-01-08,2022-11-25,member,0.1429
MEM_001414,GRP_0278,USR_0325,2021-12-28,,member,0.1429
MEM_001415,GRP_0278,USR_0623,2022-01-07,,member,0.1429
MEM_001416,GRP_0278,USR_0488,2022-01-06,,member,0.1429
MEM_001417,GRP_0278,USR_0273,2022-01-09,,member,0.1429
MEM_001418,GRP_0279,USR_0918,2018-11-04,,admin,0.3333
MEM_001419,GRP_0279,USR_0112,2018-12-01,,member,0.3333
MEM_001420,GRP_0279,USR_0737,2018-11-03,,member,0.3333
MEM_001421,GRP_0280,USR_0244,2016-04-22,,admin,0.1
MEM_001422,GRP_0280,USR_0551,2016-05-11,,member,0.1
MEM_001423,GRP_0280,USR_0942,2016-05-09,,member,0.1
MEM_001424,GRP_0280,USR_0609,2016-05-10,,member,0.1
MEM_001425,GRP_0280,USR_0757,2016-04-20,2017-11-27,member,0.1
MEM_001426,GRP_0280,USR_0523,2016-05-02,2017-07-06,member,0.1
MEM_001427,GRP_0280,USR_0789,2016-05-07,2017-10-22,member,0.1
MEM_001428,GRP_0280,USR_0683,2016-04-28,,member,0.1
MEM_001429,GRP_0280,USR_0058,2016-05-09,,member,0.1
MEM_001430,GRP_0280,USR_0998,2016-04-29,,member,0.1
MEM_001431,GRP_0281,USR_0393,2025-11-22,,admin,0.186
MEM_001432,GRP_0281,USR_0047,2025-11-22,,member,0.3066
MEM_001433,GRP_0281,USR_0672,2025-11-30,,member,0.3922
MEM_001434,GRP_0281,USR_0724,2025-12-01,,member,0.1881
MEM_001435,GRP_0281,USR_0288,2025-11-05,,member,0.1666
MEM_001436,GRP_0282,USR_0565,2024-03-01,,admin,0.125
MEM_001437,GRP_0282,USR_0973,2024-02-25,,member,0.125
MEM_001438,GRP_0282,USR_0116,2024-03-12,,member,0.125
MEM_001439,GRP_0282,USR_0893,2024-03-16,,member,0.125
MEM_001440,GRP_0282,USR_0890,2024-03-06,,member,0.125
MEM_001441,GRP_0282,USR_0659,2024-02-22,,member,0.125
MEM_001442,GRP_0282,USR_0741,2024-02-28,,member,0.125
MEM_001443,GRP_0282,USR_0321,2024-03-14,,member,0.125
MEM_001444,GRP_0283,USR_0821,2021-03-27,2023-11-05,admin,0.0625
MEM_001445,GRP_0283,USR_0298,2021-03-20,,member,0.1859
MEM_001446,GRP_0283,USR_0895,2021-04-03,,member,0.1891
MEM_001447,GRP_0284,USR_0691,2019-01-08,,admin,0.1733
MEM_001448,GRP_0284,USR_0553,2019-01-01,,member,0.1615
MEM_001449,GRP_0284,USR_0328,2018-12-29,,member,0.3839
MEM_001450,GRP_0285,USR_0011,2020-07-10,,admin,0.2888
MEM_001451,GRP_0285,USR_0050,2020-06-19,,member,0.2637
MEM_001452,GRP_0285,USR_0689,2020-07-10,,member,0.226
MEM_001453,GRP_0285,USR_0966,2020-06-30,,member,0.3559
MEM_001454,GRP_0285,USR_0470,2020-06-15,,member,0.0789
MEM_001455,GRP_0286,USR_0614,2019-02-20,2019-03-24,admin,0.1658
MEM_001456,GRP_0286,USR_0777,2019-02-20,2019-04-06,member,0.3555
MEM_001457,GRP_0287,USR_0203,2018-10-16,,admin,0.2112
MEM_001458,GRP_0287,USR_0546,2018-10-10,,member,0.3956
MEM_001459,GRP_0287,USR_0361,2018-09-24,2020-08-19,member,0.2812
MEM_001460,GRP_0288,USR_0997,2020-12-08,,admin,0.2019
MEM_001461,GRP_0288,USR_0115,2020-11-24,,member,0.2252
MEM_001462,GRP_0288,USR_0382,2020-12-10,,member,0.3525
MEM_001463,GRP_0288,USR_0985,2020-11-30,2021-09-28,member,0.2943
MEM_001464,GRP_0288,USR_0310,2020-11-16,,member,0.0992
MEM_001465,GRP_0289,USR_0381,2017-03-08,,admin,0.5
MEM_001466,GRP_0289,USR_0983,2017-03-23,,member,0.5
MEM_001467,GRP_0290,USR_0931,2024-09-14,2025-02-20,admin,0.0878
MEM_001468,GRP_0290,USR_0118,2024-08-24,,member,0.1739
MEM_001469,GRP_0290,USR_0493,2024-09-03,2024-12-04,member,0.1121
MEM_001470,GRP_0290,USR_0891,2024-09-17,,member,0.1448
MEM_001471,GRP_0290,USR_0904,2024-08-23,,member,0.3379
MEM_001472,GRP_0291,USR_0969,2020-10-19,,admin,0.3333
MEM_001473,GRP_0291,USR_0347,2020-11-03,,member,0.3333
MEM_001474,GRP_0291,USR_0798,2020-11-01,,member,0.3333
MEM_001475,GRP_0292,USR_0738,2016-02-05,2019-04-25,admin,0.5
MEM_001476,GRP_0292,USR_0946,2016-02-24,2016-04-21,member,0.5
MEM_001477,GRP_0293,USR_0896,2022-04-06,,admin,0.5
MEM_001478,GRP_0293,USR_0897,2022-03-24,2022-08-21,member,0.5
MEM_001479,GRP_0294,USR_0958,2019-06-13,2019-07-24,admin,0.2454
MEM_001480,GRP_0294,USR_0829,2019-06-10,,member,0.061
MEM_001481,GRP_0295,USR_0921,2016-06-10,,admin,0.1429
MEM_001482,GRP_0295,USR_0862,2016-05-23,2018-11-11,member,0.1429
MEM_001483,GRP_0295,USR_0410,2016-05-30,,member,0.1429
MEM_001484,GRP_0295,USR_0837,2016-05-27,,member,0.1429
MEM_001485,GRP_0295,USR_0962,2016-06-02,2017-06-22,member,0.1429
MEM_001486,GRP_0295,USR_0621,2016-05-29,,member,0.1429
MEM_001487,GRP_0295,USR_0417,2016-05-23,,member,0.1429
MEM_001488,GRP_0296,USR_0276,2020-07-05,,admin,0.1285
MEM_001489,GRP_0296,USR_0220,2020-07-17,,member,0.1926
MEM_001490,GRP_0296,USR_0750,2020-07-06,2023-09-27,member,0.2405
MEM_001491,GRP_0296,USR_0571,2020-07-18,2021-01-16,member,0.2694
MEM_001492,GRP_0296,USR_0518,2020-07-10,,member,0.2307
MEM_001493,GRP_0297,USR_0528,2021-08-03,,admin,0.5
MEM_001494,GRP_0297,USR_0873,2021-07-29,,member,0.5
MEM_001495,GRP_0298,USR_0049,2024-01-17,,admin,0.3221
MEM_001496,GRP_0298,USR_0644,2024-01-28,,member,0.1066
MEM_001497,GRP_0298,USR_0568,2024-01-25,,member,0.0999
MEM_001498,GRP_0298,USR_0585,2024-01-25,,member,0.3858
MEM_001499,GRP_0299,USR_0012,2018-05-18,,admin,0.2
MEM_001500,GRP_0299,USR_0600,2018-05-19,,member,0.2
MEM_001501,GRP_0299,USR_0316,2018-05-17,,member,0.2
MEM_001502,GRP_0299,USR_0508,2018-05-04,,member,0.2
MEM_001503,GRP_0299,USR_0577,2018-05-25,2020-02-20,member,0.2
MEM_001504,GRP_0300,USR_0018,2020-01-11,,admin,0.25
MEM_001505,GRP_0300,USR_0708,2020-01-26,,member,0.25
MEM_001506,GRP_0300,USR_0132,2020-01-04,,member,0.25
MEM_001507,GRP_0300,USR_0794,2019-12-31,2020-03-15,member,0.25
MEM_001508,GRP_0301,USR_0572,2017-07-29,,admin,0.2551
MEM_001509,GRP_0301,USR_0764,2017-08-09,,member,0.2353
MEM_001510,GRP_0302,USR_0605,2017-05-05,,admin,0.0958
MEM_001511,GRP_0302,USR_0355,2017-05-14,,member,0.116
MEM_001512,GRP_0302,USR_0227,2017-05-18,2018-09-16,member,0.1513
MEM_001513,GRP_0302,USR_0316,2017-05-07,2020-05-09,member,0.2576
MEM_001514,GRP_0302,USR_0762,2017-05-15,,member,0.2908
MEM_001515,GRP_0303,USR_0555,2020-05-07,,admin,0.3026
MEM_001516,GRP_0303,USR_0584,2020-05-23,2024-04-14,member,0.2523
MEM_001517,GRP_0303,USR_0563,2020-05-15,,member,0.1168
MEM_001518,GRP_0304,USR_0199,2024-12-08,,admin,0.1
MEM_001519,GRP_0304,USR_0678,2024-12-23,,member,0.1
MEM_001520,GRP_0304,USR_0219,2024-12-21,,member,0.1
MEM_001521,GRP_0304,USR_0208,2024-12-19,,member,0.1
MEM_001522,GRP_0304,USR_0069,2024-11-29,,member,0.1
MEM_001523,GRP_0304,USR_0894,2024-12-10,,member,0.1
MEM_001524,GRP_0304,USR_0140,2024-12-09,,member,0.1
MEM_001525,GRP_0304,USR_0844,2024-12-24,,member,0.1
MEM_001526,GRP_0304,USR_0038,2024-12-10,,member,0.1
MEM_001527,GRP_0304,USR_0500,2024-12-12,,member,0.1
MEM_001528,GRP_0305,USR_0855,2023-01-10,,admin,0.2
MEM_001529,GRP_0305,USR_0545,2023-01-20,,member,0.2
MEM_001530,GRP_0305,USR_0998,2023-01-04,,member,0.2
MEM_001531,GRP_0305,USR_0503,2023-01-14,,member,0.2
MEM_001532,GRP_0305,USR_0882,2023-01-18,,member,0.2
MEM_001533,GRP_0306,USR_0030,2023-07-27,,admin,0.25
MEM_001534,GRP_0306,USR_0628,2023-07-19,,member,0.25
MEM_001535,GRP_0306,USR_0957,2023-07-16,,member,0.25
MEM_001536,GRP_0306,USR_0308,2023-08-13,,member,0.25
MEM_001537,GRP_0307,USR_0239,2018-09-15,,admin,0.2136
MEM_001538,GRP_0307,USR_0043,2018-09-23,,member,0.2105
MEM_001539,GRP_0307,USR_0286,2018-09-04,,member,0.1962
MEM_001540,GRP_0307,USR_0754,2018-09-10,,member,0.1652
MEM_001541,GRP_0307,USR_0360,2018-09-12,,member,0.0581
MEM_001542,GRP_0307,USR_0201,2018-09-19,,member,0.1078
MEM_001543,GRP_0308,USR_0558,2019-07-01,,admin,0.2171
MEM_001544,GRP_0308,USR_0725,2019-07-15,,member,0.1032
MEM_001545,GRP_0308,USR_0704,2019-07-09,,member,0.3438
MEM_001546,GRP_0308,USR_0346,2019-06-20,,member,0.2296
MEM_001547,GRP_0308,USR_0629,2019-06-26,,member,0.1331
MEM_001548,GRP_0308,USR_0875,2019-06-19,,member,0.1993
MEM_001549,GRP_0308,USR_0454,2019-06-22,,member,0.1604
MEM_001550,GRP_0308,USR_0901,2019-06-25,,member,0.1704
MEM_001551,GRP_0308,USR_0609,2019-06-22,,member,0.1192
MEM_001552,GRP_0309,USR_0927,2018-06-29,,admin,0.2
MEM_001553,GRP_0309,USR_0137,2018-07-08,2018-11-26,member,0.2
MEM_001554,GRP_0309,USR_0841,2018-07-03,,member,0.2
MEM_001555,GRP_0309,USR_0469,2018-06-24,,member,0.2
MEM_001556,GRP_0309,USR_0945,2018-07-03,2019-01-10,member,0.2
MEM_001557,GRP_0310,USR_0291,2024-10-10,,admin,0.1667
MEM_001558,GRP_0310,USR_0625,2024-10-13,,member,0.1667
MEM_001559,GRP_0310,USR_0228,2024-10-24,,member,0.1667
MEM_001560,GRP_0310,USR_0615,2024-09-26,,member,0.1667
MEM_001561,GRP_0310,USR_0448,2024-10-21,,member,0.1667
MEM_001562,GRP_0310,USR_0242,2024-10-06,,member,0.1667
MEM_001563,GRP_0311,USR_0102,2019-01-12,,admin,0.1667
MEM_001564,GRP_0311,USR_0587,2019-01-01,,member,0.1667
MEM_001565,GRP_0311,USR_0363,2019-01-21,,member,0.1667
MEM_001566,GRP_0311,USR_0135,2019-01-01,2020-01-07,member,0.1667
MEM_001567,GRP_0311,USR_0694,2019-01-15,,member,0.1667
MEM_001568,GRP_0311,USR_0405,2019-01-04,,member,0.1667
MEM_001569,GRP_0312,USR_0859,2020-01-22,,admin,0.3286
MEM_001570,GRP_0312,USR_0010,2020-01-12,,member,0.1946
MEM_001571,GRP_0312,USR_0108,2020-02-09,2021-04-09,member,0.1801
MEM_001572,GRP_0312,USR_0253,2020-01-18,,member,0.2581
MEM_001573,GRP_0313,USR_0925,2017-04-23,,admin,0.5
MEM_001574,GRP_0313,USR_0388,2017-04-23,,member,0.5
MEM_001575,GRP_0314,USR_0724,2018-11-13,,admin,0.1406
MEM_001576,GRP_0314,USR_0708,2018-11-12,,member,0.1343
MEM_001577,GRP_0314,USR_0454,2018-11-17,,member,0.0923
MEM_001578,GRP_0314,USR_0363,2018-11-21,2024-01-12,member,0.2538
MEM_001579,GRP_0315,USR_0055,2021-03-02,,admin,0.2
MEM_001580,GRP_0315,USR_0996,2021-03-22,,member,0.2
MEM_001581,GRP_0315,USR_0018,2021-02-25,,member,0.2
MEM_001582,GRP_0315,USR_0250,2021-03-24,,member,0.2
MEM_001583,GRP_0315,USR_0548,2021-03-09,,member,0.2
MEM_001584,GRP_0316,USR_0892,2022-03-24,,admin,0.5
MEM_001585,GRP_0316,USR_0817,2022-03-29,,member,0.5
MEM_001586,GRP_0317,USR_0715,2018-12-14,2022-07-27,admin,0.23
MEM_001587,GRP_0317,USR_0490,2018-11-15,,member,0.2916
MEM_001588,GRP_0318,USR_0838,2024-08-15,,admin,0.2127
MEM_001589,GRP_0318,USR_0264,2024-08-15,,member,0.1243
MEM_001590,GRP_0318,USR_0337,2024-08-10,,member,0.3205
MEM_001591,GRP_0318,USR_0684,2024-08-26,,member,0.3104
MEM_001592,GRP_0318,USR_0783,2024-08-13,,member,0.3808
MEM_001593,GRP_0319,USR_0398,2018-06-10,,admin,0.1083
MEM_001594,GRP_0319,USR_0100,2018-06-07,,member,0.2391
MEM_001595,GRP_0319,USR_0896,2018-06-06,,member,0.1662
MEM_001596,GRP_0319,USR_0229,2018-06-09,,member,0.1515
MEM_001597,GRP_0319,USR_0559,2018-06-10,,member,0.3991
MEM_001598,GRP_0319,USR_0738,2018-05-19,,member,0.3251
MEM_001599,GRP_0319,USR_0245,2018-06-12,2021-05-20,member,0.2755
MEM_001600,GRP_0319,USR_0779,2018-05-18,,member,0.3924
MEM_001601,GRP_0320,USR_0631,2018-10-22,,admin,0.0728
MEM_001602,GRP_0320,USR_0510,2018-10-01,,member,0.1948
MEM_001603,GRP_0320,USR_0479,2018-10-18,,member,0.2781
MEM_001604,GRP_0320,USR_0854,2018-10-17,,member,0.1145
MEM_001605,GRP_0320,USR_0343,2018-10-23,,member,0.1706
MEM_001606,GRP_0320,USR_0184,2018-10-25,2019-08-17,member,0.2675
MEM_001607,GRP_0320,USR_0353,2018-10-09,,member,0.3369
MEM_001608,GRP_0320,USR_0978,2018-10-04,2021-07-05,member,0.2848
MEM_001609,GRP_0320,USR_0681,2018-10-16,2020-01-04,member,0.1382
MEM_001610,GRP_0321,USR_0844,2016-04-07,2022-08-20,admin,0.3224
MEM_001611,GRP_0321,USR_0970,2016-04-01,2016-05-13,member,0.1743
MEM_001612,GRP_0321,USR_0060,2016-04-13,,member,0.3868
MEM_001613,GRP_0322,USR_0274,2017-01-09,,admin,0.3868
MEM_001614,GRP_0322,USR_0547,2017-01-27,,member,0.0904
MEM_001615,GRP_0322,USR_0418,2017-01-21,,member,0.0652
MEM_001616,GRP_0322,USR_0685,2017-01-12,,member,0.3246
MEM_001617,GRP_0322,USR_0097,2017-01-11,,member,0.0512
MEM_001618,GRP_0322,USR_0949,2017-02-03,,member,0.0637
MEM_001619,GRP_0322,USR_0618,2017-01-14,,member,0.0598
MEM_001620,GRP_0322,USR_0042,2017-02-01,,member,0.3583
MEM_001621,GRP_0323,USR_0553,2023-02-07,,admin,0.2
MEM_001622,GRP_0323,USR_0670,2023-02-20,,member,0.2
MEM_001623,GRP_0323,USR_0258,2023-03-02,,member,0.2
MEM_001624,GRP_0323,USR_0493,2023-02-17,,member,0.2
MEM_001625,GRP_0323,USR_0700,2023-02-05,,member,0.2
MEM_001626,GRP_0324,USR_0566,2019-04-10,,admin,0.2249
MEM_001627,GRP_0324,USR_0356,2019-05-01,,member,0.201
MEM_001628,GRP_0324,USR_0974,2019-04-10,,member,0.08
MEM_001629,GRP_0324,USR_0690,2019-05-01,,member,0.3168
MEM_001630,GRP_0324,USR_0940,2019-04-27,,member,0.3969
MEM_001631,GRP_0324,USR_0522,2019-04-15,,member,0.203
MEM_001632,GRP_0324,USR_0432,2019-04-06,,member,0.1774
MEM_001633,GRP_0324,USR_0389,2019-04-15,,member,0.266
MEM_001634,GRP_0324,USR_0471,2019-04-15,,member,0.2053
MEM_001635,GRP_0324,USR_0975,2019-04-26,,member,0.2444
MEM_001636,GRP_0325,USR_0372,2020-03-07,,admin,0.3297
MEM_001637,GRP_0325,USR_0057,2020-03-06,2023-02-14,member,0.3894
MEM_001638,GRP_0325,USR_0607,2020-02-26,,member,0.3195
MEM_001639,GRP_0325,USR_0850,2020-02-22,,member,0.2509
MEM_001640,GRP_0325,USR_0452,2020-03-03,,member,0.1074
MEM_001641,GRP_0325,USR_0874,2020-02-10,,member,0.1047
MEM_001642,GRP_0325,USR_0334,2020-02-17,,member,0.1164
MEM_001643,GRP_0326,USR_0258,2022-02-17,,admin,0.2
MEM_001644,GRP_0326,USR_0666,2022-02-09,,member,0.2
MEM_001645,GRP_0326,USR_0300,2022-02-15,,member,0.2
MEM_001646,GRP_0326,USR_0055,2022-01-26,2022-09-11,member,0.2
MEM_001647,GRP_0326,USR_0147,2022-02-07,2023-09-09,member,0.2
MEM_001648,GRP_0327,USR_0771,2020-04-19,,admin,0.25
MEM_001649,GRP_0327,USR_0003,2020-05-02,,member,0.25
MEM_001650,GRP_0327,USR_0205,2020-04-18,,member,0.25
MEM_001651,GRP_0327,USR_0025,2020-04-18,2020-06-17,member,0.25
MEM_001652,GRP_0328,USR_0479,2020-04-14,,admin,0.2
MEM_001653,GRP_0328,USR_0394,2020-04-04,,member,0.2
MEM_001654,GRP_0328,USR_0448,2020-04-08,,member,0.2
MEM_001655,GRP_0328,USR_0249,2020-04-10,2021-10-30,member,0.2
MEM_001656,GRP_0328,USR_0316,2020-04-04,2021-10-31,member,0.2
MEM_001657,GRP_0329,USR_0692,2020-05-07,,admin,0.2
MEM_001658,GRP_0329,USR_0769,2020-04-22,,member,0.2
MEM_001659,GRP_0329,USR_0901,2020-04-21,2020-06-16,member,0.2
MEM_001660,GRP_0329,USR_0731,2020-05-08,,member,0.2
MEM_001661,GRP_0329,USR_0711,2020-04-30,,member,0.2
MEM_001662,GRP_0330,USR_0650,2020-05-24,,admin,0.2273
MEM_001663,GRP_0330,USR_0120,2020-05-26,,member,0.2703
MEM_001664,GRP_0330,USR_0101,2020-05-21,,member,0.2814
MEM_001665,GRP_0330,USR_0059,2020-05-28,,member,0.1288
MEM_001666,GRP_0330,USR_0038,2020-05-31,,member,0.3559
MEM_001667,GRP_0330,USR_0980,2020-06-02,,member,0.2649
MEM_001668,GRP_0330,USR_0673,2020-06-11,,member,0.3498
MEM_001669,GRP_0330,USR_0322,2020-06-07,,member,0.3982
MEM_001670,GRP_0330,USR_0452,2020-05-18,,member,0.2545
MEM_001671,GRP_0330,USR_0894,2020-05-26,,member,0.3744
MEM_001672,GRP_0331,USR_0235,2019-04-30,,admin,0.5
MEM_001673,GRP_0331,USR_0652,2019-05-20,,member,0.5
MEM_001674,GRP_0332,USR_0318,2025-09-21,,admin,0.2175
MEM_001675,GRP_0332,USR_0009,2025-09-08,,member,0.3813
MEM_001676,GRP_0332,USR_0922,2025-09-19,,member,0.388
MEM_001677,GRP_0332,USR_0406,2025-09-29,,member,0.2784
MEM_001678,GRP_0332,USR_0870,2025-09-13,,member,0.3789
MEM_001679,GRP_0332,USR_0979,2025-09-06,,member,0.1747
MEM_001680,GRP_0332,USR_0834,2025-09-04,,member,0.3262
MEM_001681,GRP_0333,USR_0427,2022-03-15,2023-01-09,admin,0.2
MEM_001682,GRP_0333,USR_0994,2022-03-15,,member,0.2
MEM_001683,GRP_0333,USR_0484,2022-03-14,,member,0.2
MEM_001684,GRP_0333,USR_0298,2022-03-02,,member,0.2
MEM_001685,GRP_0333,USR_0617,2022-03-18,,member,0.2
MEM_001686,GRP_0334,USR_0084,2016-07-29,2017-11-09,admin,0.139
MEM_001687,GRP_0334,USR_0909,2016-07-30,,member,0.3468
MEM_001688,GRP_0334,USR_0573,2016-07-27,,member,0.094
MEM_001689,GRP_0334,USR_0420,2016-07-08,,member,0.1661
MEM_001690,GRP_0335,USR_0175,2022-07-30,,admin,0.3409
MEM_001691,GRP_0335,USR_0274,2022-07-27,,member,0.0668
MEM_001692,GRP_0335,USR_0648,2022-08-21,,member,0.3235
MEM_001693,GRP_0335,USR_0137,2022-08-11,,member,0.2588
MEM_001694,GRP_0335,USR_0037,2022-08-24,,member,0.2354
MEM_001695,GRP_0336,USR_0227,2018-03-25,,admin,0.2
MEM_001696,GRP_0336,USR_0323,2018-04-05,,member,0.2
MEM_001697,GRP_0336,USR_0836,2018-03-24,,member,0.2
MEM_001698,GRP_0336,USR_0504,2018-04-08,2019-03-18,member,0.2
MEM_001699,GRP_0336,USR_0288,2018-04-09,2019-11-22,member,0.2
MEM_001700,GRP_0337,USR_0283,2025-01-31,,admin,0.25
MEM_001701,GRP_0337,USR_0434,2025-01-21,,member,0.25
MEM_001702,GRP_0337,USR_0366,2025-01-23,,member,0.25
MEM_001703,GRP_0337,USR_0789,2025-01-15,,member,0.25
MEM_001704,GRP_0338,USR_0870,2016-02-16,,admin,0.25
MEM_001705,GRP_0338,USR_0498,2016-02-08,,member,0.25
MEM_001706,GRP_0338,USR_0145,2016-01-28,,member,0.25
MEM_001707,GRP_0338,USR_0864,2016-01-25,,member,0.25
MEM_001708,GRP_0339,USR_0732,2017-08-02,,admin,0.25
MEM_001709,GRP_0339,USR_0439,2017-07-28,,member,0.25
MEM_001710,GRP_0339,USR_0180,2017-08-04,,member,0.25
MEM_001711,GRP_0339,USR_0127,2017-07-24,,member,0.25
MEM_001712,GRP_0340,USR_0232,2021-03-06,,admin,0.125
MEM_001713,GRP_0340,USR_0860,2021-02-15,,member,0.125
MEM_001714,GRP_0340,USR_0079,2021-03-08,,member,0.125
MEM_001715,GRP_0340,USR_0264,2021-02-21,,member,0.125
MEM_001716,GRP_0340,USR_0763,2021-02-08,,member,0.125
MEM_001717,GRP_0340,USR_0635,2021-03-08,,member,0.125
MEM_001718,GRP_0340,USR_0398,2021-03-06,,member,0.125
MEM_001719,GRP_0340,USR_0404,2021-02-26,,member,0.125
MEM_001720,GRP_0341,USR_0052,2021-04-10,,admin,0.125
MEM_001721,GRP_0341,USR_0681,2021-03-28,,member,0.125
MEM_001722,GRP_0341,USR_0371,2021-03-27,,member,0.125
MEM_001723,GRP_0341,USR_0109,2021-04-16,,member,0.125
MEM_001724,GRP_0341,USR_0715,2021-03-31,2022-12-08,member,0.125
MEM_001725,GRP_0341,USR_0714,2021-03-28,,member,0.125
MEM_001726,GRP_0341,USR_0610,2021-04-17,,member,0.125
MEM_001727,GRP_0341,USR_0990,2021-03-31,,member,0.125
MEM_001728,GRP_0342,USR_0804,2019-04-11,,admin,0.2626
MEM_001729,GRP_0342,USR_0018,2019-03-28,,member,0.2305
MEM_001730,GRP_0342,USR_0347,2019-04-01,,member,0.0741
MEM_001731,GRP_0342,USR_0441,2019-04-02,,member,0.1352
MEM_001732,GRP_0342,USR_0660,2019-04-13,,member,0.3638
MEM_001733,GRP_0343,USR_0885,2022-02-14,,admin,0.1111
MEM_001734,GRP_0343,USR_0652,2022-01-28,,member,0.1111
MEM_001735,GRP_0343,USR_0965,2022-01-27,,member,0.1111
MEM_001736,GRP_0343,USR_0438,2022-02-20,,member,0.1111
MEM_001737,GRP_0343,USR_0869,2022-01-30,,member,0.1111
MEM_001738,GRP_0343,USR_0881,2022-02-07,,member,0.1111
MEM_001739,GRP_0343,USR_0345,2022-02-02,,member,0.1111
MEM_001740,GRP_0343,USR_0462,2022-02-12,,member,0.1111
MEM_001741,GRP_0343,USR_0625,2022-02-13,,member,0.1111
MEM_001742,GRP_0344,USR_0285,2023-04-09,,admin,0.3333
MEM_001743,GRP_0344,USR_0056,2023-04-01,,member,0.3333
MEM_001744,GRP_0344,USR_0431,2023-04-27,,member,0.3333
MEM_001745,GRP_0345,USR_0725,2018-03-06,,admin,0.3878
MEM_001746,GRP_0345,USR_0821,2018-03-09,,member,0.3412
MEM_001747,GRP_0345,USR_0792,2018-02-27,,member,0.379
MEM_001748,GRP_0345,USR_0185,2018-03-26,,member,0.3968
MEM_001749,GRP_0346,USR_0801,2016-04-29,,admin,0.1667
MEM_001750,GRP_0346,USR_0445,2016-04-27,2019-06-22,member,0.1667
MEM_001751,GRP_0346,USR_0187,2016-04-12,,member,0.1667
MEM_001752,GRP_0346,USR_0606,2016-04-23,,member,0.1667
MEM_001753,GRP_0346,USR_0939,2016-04-17,,member,0.1667
MEM_001754,GRP_0346,USR_0372,2016-04-07,2017-08-29,member,0.1667
MEM_001755,GRP_0347,USR_0193,2017-08-19,,admin,0.2
MEM_001756,GRP_0347,USR_0371,2017-08-26,2021-04-25,member,0.2
MEM_001757,GRP_0347,USR_0356,2017-08-20,,member,0.2
MEM_001758,GRP_0347,USR_0647,2017-08-27,2020-10-24,member,0.2
MEM_001759,GRP_0347,USR_0170,2017-08-17,,member,0.2
MEM_001760,GRP_0348,USR_0990,2019-10-31,,admin,0.1111
MEM_001761,GRP_0348,USR_0983,2019-11-28,,member,0.1111
MEM_001762,GRP_0348,USR_0369,2019-11-21,2020-02-02,member,0.1111
MEM_001763,GRP_0348,USR_0138,2019-10-31,,member,0.1111
MEM_001764,GRP_0348,USR_0479,2019-11-03,,member,0.1111
MEM_001765,GRP_0348,USR_0134,2019-11-17,2019-12-03,member,0.1111
MEM_001766,GRP_0348,USR_0725,2019-11-01,,member,0.1111
MEM_001767,GRP_0348,USR_0110,2019-11-26,2020-08-29,member,0.1111
MEM_001768,GRP_0348,USR_0760,2019-11-13,,member,0.1111
MEM_001769,GRP_0349,USR_0237,2018-03-16,,admin,0.25
MEM_001770,GRP_0349,USR_0892,2018-03-16,2020-12-18,member,0.25
MEM_001771,GRP_0349,USR_0013,2018-03-22,,member,0.25
MEM_001772,GRP_0349,USR_0307,2018-03-26,2020-05-06,member,0.25
MEM_001773,GRP_0350,USR_0397,2018-03-17,,admin,0.0755
MEM_001774,GRP_0350,USR_0811,2018-03-11,,member,0.3389
MEM_001775,GRP_0350,USR_0801,2018-03-02,,member,0.0747
MEM_001776,GRP_0350,USR_0228,2018-02-25,,member,0.2386
MEM_001777,GRP_0350,USR_0599,2018-03-01,2022-10-09,member,0.2379
MEM_001778,GRP_0350,USR_0373,2018-02-21,,member,0.0736
