user_id,name,email,age,income,persona,location_tier,join_date,spending_multiplier,activity_rate,social_tendency,consistency,splurge_probability,daily_lambda,churn_periods
USR_0001,Reese Verma,reese.verma94@outlook.com,38,102000.0,lifestyle,metro,2021-01-21,1.9497,0.7,0.7,0.55,0.08,2.0,[]
USR_0002,Michael Johnson,michael.johnson183@hotmail.com,63,50000.0,lifestyle,metro,2019-10-12,1.9108,0.7,0.7,0.55,0.08,2.0,"[(2023, 2, 4), (2024, 9, 11)]"
USR_0003,Dev Thompson,dev.thompson64@hotmail.com,39,75000.0,spender,metro,2019-08-31,2.4273,0.75,0.8,0.4,0.12,2.3,[]
USR_0004,Manish Thompson,manish.thompson677@hotmail.com,56,114000.0,lifestyle,metro,2016-10-30,1.865,0.7,0.7,0.55,0.08,2.0,[]
USR_0005,Riya Garcia,riya.garcia744@yahoo.com,43,65000.0,moderate,metro,2017-07-02,1.0296,0.65,0.5,0.7,0.06,1.8,"[(2018, 7, 9), (2017, 9, 11)]"
USR_0006,Sneha Singh,sneha.singh686@yahoo.com,63,86000.0,moderate,tier2,2016-12-26,1.1871,0.65,0.5,0.7,0.06,1.8,[]
USR_0007,Blake Kumar,blake.kumar312@hotmail.com,25,44000.0,lifestyle,metro,2021-08-24,1.5862,0.7,0.7,0.55,0.08,2.0,[]
USR_0008,Chris Gupta,chris.gupta832@gmail.com,57,78000.0,moderate,metro,2016-01-11,1.2119,0.65,0.5,0.7,0.06,1.8,[]
USR_0009,Sam Miller,sam.miller458@outlook.com,40,62000.0,lifestyle,tier2,2016-07-30,1.3195,0.7,0.7,0.55,0.08,2.0,[]
USR_0010,Reese Miller,reese.miller80@hotmail.com,44,44000.0,frugal,tier2,2019-09-11,0.3523,0.45,0.2,0.85,0.02,1.2,"[(2022, 1, 2), (2022, 4, 7), (2024, 9, 11)]"
USR_0011,Pooja Smith,pooja.smith436@hotmail.com,55,48000.0,moderate,tier2,2017-12-26,0.9133,0.65,0.5,0.7,0.06,1.8,[]
USR_0012,Reese Joshi,reese.joshi916@yahoo.com,28,45000.0,spender,metro,2019-12-14,2.6086,0.75,0.8,0.4,0.12,2.3,[]
USR_0013,Daniel Williams,daniel.williams813@yahoo.com,64,49000.0,moderate,tier2,2016-02-02,0.86,0.65,0.5,0.7,0.06,1.8,[]
USR_0014,Sam Gupta,sam.gupta899@outlook.com,25,36000.0,frugal,tier2,2016-08-20,0.3108,0.45,0.2,0.85,0.02,1.2,[]
USR_0015,Raj Anderson,raj.anderson630@outlook.com,25,59000.0,lifestyle,metro,2016-05-09,1.5207,0.7,0.7,0.55,0.08,2.0,[]
USR_0016,Sarah Anderson,sarah.anderson457@yahoo.com,35,35000.0,frugal,tier3,2024-12-28,0.274,0.45,0.2,0.85,0.02,1.2,[]
USR_0017,Manish Kumar,manish.kumar97@yahoo.com,55,64000.0,lifestyle,tier2,2018-04-16,1.3856,0.7,0.7,0.55,0.08,2.0,[]
USR_0018,Jessica Agarwal,jessica.agarwal463@hotmail.com,60,49000.0,conservative,metro,2021-01-09,0.9054,0.55,0.35,0.8,0.04,1.5,[]
USR_0019,Chris Kumar,chris.kumar649@outlook.com,32,133000.0,lifestyle,metro,2018-01-12,1.8126,0.7,0.7,0.55,0.08,2.0,[]
USR_0020,Daniel Gupta,daniel.gupta677@gmail.com,21,42000.0,frugal,tier2,2019-04-12,0.3922,0.45,0.2,0.85,0.02,1.2,[]
USR_0021,Ashley Moore,ashley.moore590@yahoo.com,64,26000.0,conservative,tier3,2024-09-08,0.5733,0.55,0.35,0.8,0.04,1.5,[]
USR_0022,Anita Jones,anita.jones670@yahoo.com,19,77000.0,moderate,tier2,2024-02-22,1.0623,0.65,0.5,0.7,0.06,1.8,[]
USR_0023,Anita Miller,anita.miller520@hotmail.com,55,40000.0,moderate,tier2,2016-01-31,0.967,0.65,0.5,0.7,0.06,1.8,[]
USR_0024,Pooja Miller,pooja.miller316@gmail.com,38,61000.0,spender,tier3,2020-01-21,1.6912,0.75,0.8,0.4,0.12,2.3,"[(2024, 10, 12)]"
USR_0025,Taylor Mehta,taylor.mehta108@outlook.com,52,47000.0,conservative,tier2,2017-01-01,0.6298,0.55,0.35,0.8,0.04,1.5,[]
USR_0026,Pooja Harris,pooja.harris460@hotmail.com,61,70000.0,frugal,tier2,2017-06-15,0.3621,0.45,0.2,0.85,0.02,1.2,[]
USR_0027,Michael Robinson,michael.robinson935@gmail.com,47,49000.0,occasional_splurger,metro,2016-03-05,1.1145,0.6,0.45,0.45,0.15,1.6,[]
USR_0028,Neha Jackson,neha.jackson844@hotmail.com,25,59000.0,moderate,tier3,2023-02-25,0.7784,0.65,0.5,0.7,0.06,1.8,[]
USR_0029,Casey Williams,casey.williams373@hotmail.com,19,47000.0,moderate,metro,2020-11-17,1.2727,0.65,0.5,0.7,0.06,1.8,[]
USR_0030,Rahul Singh,rahul.singh68@hotmail.com,22,26000.0,conservative,tier3,2016-08-21,0.4884,0.55,0.35,0.8,0.04,1.5,[]
USR_0031,Dakota Joshi,dakota.joshi310@hotmail.com,51,79000.0,conservative,tier2,2025-01-26,0.6905,0.55,0.35,0.8,0.04,1.5,[]
USR_0032,Simran Verma,simran.verma279@gmail.com,54,63000.0,moderate,metro,2020-02-10,1.2373,0.65,0.5,0.7,0.06,1.8,[]
USR_0033,Alex Williams,alex.williams200@hotmail.com,61,18000.0,frugal,tier2,2020-07-06,0.3792,0.45,0.2,0.85,0.02,1.2,[]
USR_0034,Jamie Mehta,jamie.mehta132@yahoo.com,55,58000.0,lifestyle,metro,2019-12-18,1.6446,0.7,0.7,0.55,0.08,2.0,"[(2024, 4, 5), (2022, 11, 12), (2019, 10, 12)]"
USR_0035,Finley Wilson,finley.wilson555@gmail.com,63,46000.0,occasional_splurger,metro,2016-06-06,0.8233,0.6,0.45,0.45,0.15,1.6,[]
USR_0036,Aditya Wilson,aditya.wilson182@hotmail.com,47,82000.0,frugal,metro,2021-08-22,0.4616,0.45,0.2,0.85,0.02,1.2,[]
USR_0037,Priya Joshi,priya.joshi828@yahoo.com,57,89000.0,moderate,tier2,2017-01-05,1.0614,0.65,0.5,0.7,0.06,1.8,[]
USR_0038,Meera Johnson,meera.johnson925@yahoo.com,55,45000.0,moderate,tier2,2019-11-09,0.7871,0.65,0.5,0.7,0.06,1.8,[]
USR_0039,Isha Robinson,isha.robinson745@hotmail.com,42,39000.0,spender,tier2,2016-06-05,1.9772,0.75,0.8,0.4,0.12,2.3,[]
USR_0040,Rohan Harris,rohan.harris319@yahoo.com,56,34000.0,frugal,tier2,2016-08-06,0.3549,0.45,0.2,0.85,0.02,1.2,"[(2020, 11, 12), (2017, 1, 2)]"
USR_0041,Nikhil Brown,nikhil.brown116@outlook.com,25,47000.0,occasional_splurger,metro,2016-03-21,0.9838,0.6,0.45,0.45,0.15,1.6,[]
USR_0042,Emily Anderson,emily.anderson802@yahoo.com,18,54000.0,conservative,metro,2017-06-16,0.8893,0.55,0.35,0.8,0.04,1.5,[]
USR_0043,Reese Jones,reese.jones182@hotmail.com,55,62000.0,moderate,tier3,2017-02-05,0.6637,0.65,0.5,0.7,0.06,1.8,[]
USR_0044,Aarav Johnson,aarav.johnson924@outlook.com,29,41000.0,moderate,metro,2016-05-31,1.0996,0.65,0.5,0.7,0.06,1.8,[]
USR_0045,Finley Martin,finley.martin842@hotmail.com,36,32000.0,spender,metro,2025-04-23,2.5683,0.75,0.8,0.4,0.12,2.3,[]
USR_0046,Amanda White,amanda.white738@gmail.com,60,66000.0,spender,tier2,2018-11-12,1.9875,0.75,0.8,0.4,0.12,2.3,[]
USR_0047,Sneha Anderson,sneha.anderson639@gmail.com,57,50000.0,moderate,tier3,2016-07-30,0.7307,0.65,0.5,0.7,0.06,1.8,"[(2016, 8, 9)]"
USR_0048,Divya Johnson,divya.johnson505@yahoo.com,30,110000.0,moderate,metro,2017-07-05,1.5592,0.65,0.5,0.7,0.06,1.8,[]
USR_0049,Pooja Anderson,pooja.anderson915@hotmail.com,29,93000.0,moderate,tier2,2017-07-07,0.9388,0.65,0.5,0.7,0.06,1.8,[]
USR_0050,Rohan Harris,rohan.harris552@outlook.com,40,66000.0,moderate,tier3,2019-09-05,0.8627,0.65,0.5,0.7,0.06,1.8,[]
USR_0051,Rohan Davis,rohan.davis859@hotmail.com,19,62000.0,conservative,tier2,2019-07-05,0.6925,0.55,0.35,0.8,0.04,1.5,[]
USR_0052,Emily Martinez,emily.martinez722@gmail.com,24,40000.0,frugal,tier2,2024-09-11,0.296,0.45,0.2,0.85,0.02,1.2,[]
USR_0053,Riley Garcia,riley.garcia945@gmail.com,38,49000.0,spender,tier2,2019-04-19,2.0791,0.75,0.8,0.4,0.12,2.3,[]
USR_0054,Karan Miller,karan.miller8@outlook.com,29,23000.0,frugal,tier2,2018-05-12,0.374,0.45,0.2,0.85,0.02,1.2,[]
USR_0055,Quinn Reddy,quinn.reddy599@gmail.com,61,105000.0,moderate,tier2,2016-06-28,0.9048,0.65,0.5,0.7,0.06,1.8,[]
USR_0056,Taylor Williams,taylor.williams920@hotmail.com,61,35000.0,frugal,metro,2020-01-17,0.4626,0.45,0.2,0.85,0.02,1.2,[]
USR_0057,Morgan White,morgan.white364@outlook.com,56,50000.0,conservative,tier3,2016-08-28,0.4451,0.55,0.35,0.8,0.04,1.5,[]
USR_0058,Jordan Johnson,jordan.johnson128@outlook.com,32,20000.0,frugal,tier3,2018-12-30,0.2666,0.45,0.2,0.85,0.02,1.2,[]
USR_0059,James Taylor,james.taylor985@gmail.com,46,50000.0,occasional_splurger,tier2,2024-06-26,0.7693,0.6,0.45,0.45,0.15,1.6,[]
USR_0060,Meera Singh,meera.singh478@outlook.com,51,28000.0,frugal,tier3,2020-03-13,0.3123,0.45,0.2,0.85,0.02,1.2,[]
USR_0061,Avery Robinson,avery.robinson458@yahoo.com,51,18000.0,frugal,tier2,2017-05-15,0.3165,0.45,0.2,0.85,0.02,1.2,[]
USR_0062,Nisha Robinson,nisha.robinson45@hotmail.com,38,28000.0,occasional_splurger,tier2,2017-04-10,0.6396,0.6,0.45,0.45,0.15,1.6,[]
USR_0063,Kai Gupta,kai.gupta649@outlook.com,49,50000.0,spender,metro,2023-03-24,2.6378,0.75,0.8,0.4,0.12,2.3,"[(2024, 1, 3), (2024, 8, 9), (2023, 2, 4)]"
USR_0064,Reese White,reese.white807@gmail.com,22,28000.0,frugal,metro,2023-07-06,0.4224,0.45,0.2,0.85,0.02,1.2,[]
USR_0065,Aarav Harris,aarav.harris605@hotmail.com,18,98000.0,lifestyle,metro,2017-01-16,1.7164,0.7,0.7,0.55,0.08,2.0,[]
USR_0066,Hayden Garcia,hayden.garcia120@hotmail.com,55,88000.0,spender,metro,2020-04-28,2.2056,0.75,0.8,0.4,0.12,2.3,[]
USR_0067,Rohan Miller,rohan.miller629@gmail.com,39,112000.0,spender,metro,2016-08-24,2.4331,0.75,0.8,0.4,0.12,2.3,[]
USR_0068,Arjun Thomas,arjun.thomas522@hotmail.com,58,61000.0,lifestyle,metro,2019-06-26,1.6443,0.7,0.7,0.55,0.08,2.0,[]
USR_0069,Rahul Brown,rahul.brown709@yahoo.com,18,28000.0,frugal,tier2,2016-05-15,0.3037,0.45,0.2,0.85,0.02,1.2,[]
USR_0070,David White,david.white254@outlook.com,26,35000.0,conservative,tier3,2019-02-25,0.4771,0.55,0.35,0.8,0.04,1.5,[]
USR_0071,Pooja Miller,pooja.miller699@yahoo.com,43,17000.0,frugal,tier3,2024-03-18,0.2856,0.45,0.2,0.85,0.02,1.2,[]
USR_0072,Emerson Jones,emerson.jones130@gmail.com,48,34000.0,frugal,tier2,2016-07-21,0.3673,0.45,0.2,0.85,0.02,1.2,[]
USR_0073,Ritu Williams,ritu.williams634@hotmail.com,46,51000.0,conservative,metro,2017-12-27,0.8932,0.55,0.35,0.8,0.04,1.5,[]
USR_0074,Emerson Patel,emerson.patel299@yahoo.com,37,29000.0,conservative,tier2,2018-06-01,0.6443,0.55,0.35,0.8,0.04,1.5,[]
USR_0075,Robert Miller,robert.miller647@outlook.com,34,38000.0,conservative,tier2,2017-06-13,0.6286,0.55,0.35,0.8,0.04,1.5,[]
USR_0076,Emily Moore,emily.moore526@yahoo.com,48,44000.0,lifestyle,tier2,2018-09-09,1.3547,0.7,0.7,0.55,0.08,2.0,[]
USR_0077,Emerson Jackson,emerson.jackson520@yahoo.com,24,68000.0,lifestyle,tier3,2017-06-09,1.0048,0.7,0.7,0.55,0.08,2.0,[]
USR_0078,Ananya Kumar,ananya.kumar867@hotmail.com,55,83000.0,spender,tier2,2016-03-21,1.8157,0.75,0.8,0.4,0.12,2.3,"[(2022, 8, 11)]"
USR_0079,Simran Patel,simran.patel742@hotmail.com,40,65000.0,conservative,metro,2021-12-25,0.8445,0.55,0.35,0.8,0.04,1.5,[]
USR_0080,Isha Moore,isha.moore668@gmail.com,18,93000.0,spender,metro,2017-09-21,2.5639,0.75,0.8,0.4,0.12,2.3,[]
USR_0081,Casey White,casey.white687@gmail.com,39,40000.0,occasional_splurger,tier3,2017-11-10,0.5743,0.6,0.45,0.45,0.15,1.6,[]
USR_0082,Morgan Davis,morgan.davis466@gmail.com,51,96000.0,lifestyle,metro,2016-09-11,1.7865,0.7,0.7,0.55,0.08,2.0,[]
USR_0083,Jessica Harris,jessica.harris989@outlook.com,63,46000.0,spender,tier3,2018-03-29,1.3463,0.75,0.8,0.4,0.12,2.3,[]
USR_0084,Rahul Brown,rahul.brown479@yahoo.com,24,58000.0,moderate,metro,2016-08-17,1.3832,0.65,0.5,0.7,0.06,1.8,"[(2019, 3, 6), (2018, 1, 4)]"
USR_0085,Rahul Agarwal,rahul.agarwal292@gmail.com,62,24000.0,conservative,tier3,2019-04-08,0.4847,0.55,0.35,0.8,0.04,1.5,[]
USR_0086,Blake Martin,blake.martin853@outlook.com,41,28000.0,moderate,metro,2019-10-30,0.9438,0.65,0.5,0.7,0.06,1.8,[]
USR_0087,Ananya Jackson,ananya.jackson539@hotmail.com,46,47000.0,lifestyle,tier2,2022-04-05,1.1945,0.7,0.7,0.55,0.08,2.0,[]
USR_0088,Swati Davis,swati.davis431@hotmail.com,33,124000.0,moderate,tier2,2019-04-10,1.1055,0.65,0.5,0.7,0.06,1.8,[]
USR_0089,Sarah Davis,sarah.davis105@gmail.com,45,53000.0,spender,metro,2023-08-29,2.1212,0.75,0.8,0.4,0.12,2.3,[]
USR_0090,Suresh Agarwal,suresh.agarwal259@gmail.com,36,100000.0,lifestyle,metro,2023-11-22,1.6573,0.7,0.7,0.55,0.08,2.0,[]
USR_0091,William Williams,william.williams278@gmail.com,24,54000.0,moderate,metro,2019-09-07,1.1715,0.65,0.5,0.7,0.06,1.8,"[(2024, 9, 10)]"
USR_0092,Kai Jackson,kai.jackson650@hotmail.com,51,82000.0,occasional_splurger,tier2,2020-07-28,0.943,0.6,0.45,0.45,0.15,1.6,[]
USR_0093,Dakota Davis,dakota.davis731@hotmail.com,39,67000.0,occasional_splurger,tier2,2018-12-30,0.768,0.6,0.45,0.45,0.15,1.6,[]
USR_0094,Riya Joshi,riya.joshi820@outlook.com,38,43000.0,lifestyle,tier3,2020-12-01,1.0769,0.7,0.7,0.55,0.08,2.0,[]
USR_0095,Rahul Martinez,rahul.martinez489@hotmail.com,31,38000.0,conservative,metro,2018-05-09,0.7097,0.55,0.35,0.8,0.04,1.5,"[(2020, 8, 10)]"
USR_0096,Megan Kumar,megan.kumar222@outlook.com,64,40000.0,occasional_splurger,metro,2021-08-10,0.8972,0.6,0.45,0.45,0.15,1.6,[]
USR_0097,Rahul Martinez,rahul.martinez49@yahoo.com,29,25000.0,occasional_splurger,tier3,2020-02-01,0.5743,0.6,0.45,0.45,0.15,1.6,[]
USR_0098,Jordan Jackson,jordan.jackson393@hotmail.com,23,51000.0,lifestyle,tier2,2016-03-11,1.4924,0.7,0.7,0.55,0.08,2.0,[]
USR_0099,Reese Martinez,reese.martinez514@yahoo.com,28,46000.0,conservative,tier2,2016-02-12,0.7328,0.55,0.35,0.8,0.04,1.5,[]
USR_0100,Varun Reddy,varun.reddy415@hotmail.com,49,95000.0,moderate,tier3,2017-08-17,0.8773,0.65,0.5,0.7,0.06,1.8,[]
USR_0101,Ashley Singh,ashley.singh275@outlook.com,51,57000.0,spender,metro,2016-10-18,2.3099,0.75,0.8,0.4,0.12,2.3,"[(2024, 11, 12), (2021, 7, 8)]"
USR_0102,Ritu Harris,ritu.harris533@hotmail.com,59,17000.0,frugal,metro,2017-05-04,0.4354,0.45,0.2,0.85,0.02,1.2,[]
USR_0103,Robert Patel,robert.patel392@yahoo.com,23,28000.0,moderate,metro,2018-07-29,1.093,0.65,0.5,0.7,0.06,1.8,[]
USR_0104,Amit Verma,amit.verma554@gmail.com,61,19000.0,frugal,metro,2018-04-10,0.4662,0.45,0.2,0.85,0.02,1.2,[]
USR_0105,Sanjay Martinez,sanjay.martinez751@outlook.com,39,36000.0,lifestyle,metro,2017-04-12,1.6073,0.7,0.7,0.55,0.08,2.0,[]
USR_0106,Rowan Garcia,rowan.garcia306@outlook.com,43,34000.0,spender,metro,2020-10-28,1.9631,0.75,0.8,0.4,0.12,2.3,[]
USR_0107,Pooja Joshi,pooja.joshi322@gmail.com,19,32000.0,moderate,tier2,2022-10-13,0.8826,0.65,0.5,0.7,0.06,1.8,[]
USR_0108,Ashley White,ashley.white634@yahoo.com,25,53000.0,conservative,tier2,2018-06-06,0.6483,0.55,0.35,0.8,0.04,1.5,"[(2022, 2, 4)]"
USR_0109,Avery Joshi,avery.joshi787@yahoo.com,30,41000.0,occasional_splurger,tier2,2019-01-25,0.8015,0.6,0.45,0.45,0.15,1.6,[]
USR_0110,Casey Davis,casey.davis933@yahoo.com,26,25000.0,frugal,tier2,2016-02-21,0.3725,0.45,0.2,0.85,0.02,1.2,[]
USR_0111,Rahul Wilson,rahul.wilson66@hotmail.com,31,20000.0,occasional_splurger,metro,2018-09-18,0.9837,0.6,0.45,0.45,0.15,1.6,[]
USR_0112,Chris Johnson,chris.johnson776@gmail.com,39,30000.0,conservative,metro,2020-04-28,0.8615,0.55,0.35,0.8,0.04,1.5,[]
USR_0113,Nisha Gupta,nisha.gupta2@yahoo.com,41,58000.0,conservative,metro,2022-07-29,0.9159,0.55,0.35,0.8,0.04,1.5,[]
USR_0114,Priya Mehta,priya.mehta410@yahoo.com,23,18000.0,frugal,tier2,2021-04-23,0.3446,0.45,0.2,0.85,0.02,1.2,[]
USR_0115,Suresh Garcia,suresh.garcia479@hotmail.com,28,26000.0,spender,metro,2016-12-28,2.254,0.75,0.8,0.4,0.12,2.3,[]
USR_0116,Sarah Brown,sarah.brown863@outlook.com,50,29000.0,conservative,tier3,2016-08-17,0.4693,0.55,0.35,0.8,0.04,1.5,[]
USR_0117,Emerson Garcia,emerson.garcia188@hotmail.com,18,32000.0,frugal,metro,2016-06-14,0.5382,0.45,0.2,0.85,0.02,1.2,[]
USR_0118,Dev Wilson,dev.wilson687@hotmail.com,19,113000.0,lifestyle,metro,2016-01-07,1.7478,0.7,0.7,0.55,0.08,2.0,[]
USR_0119,Aditya Robinson,aditya.robinson854@yahoo.com,39,56000.0,spender,tier2,2023-09-10,1.7095,0.75,0.8,0.4,0.12,2.3,"[(2024, 1, 2), (2023, 4, 5)]"
USR_0120,Neha Smith,neha.smith733@hotmail.com,29,112000.0,moderate,tier2,2017-06-17,1.1256,0.65,0.5,0.7,0.06,1.8,"[(2024, 11, 12)]"
USR_0121,Kavya Taylor,kavya.taylor318@hotmail.com,31,90000.0,lifestyle,tier2,2016-02-12,1.2619,0.7,0.7,0.55,0.08,2.0,[]
USR_0122,Daniel Thomas,daniel.thomas844@outlook.com,21,36000.0,conservative,metro,2020-10-12,0.6937,0.55,0.35,0.8,0.04,1.5,[]
USR_0123,William White,william.white144@outlook.com,24,45000.0,conservative,tier3,2016-09-23,0.5303,0.55,0.35,0.8,0.04,1.5,[]
USR_0124,Finley Sharma,finley.sharma553@hotmail.com,50,54000.0,moderate,tier3,2019-04-03,0.7754,0.65,0.5,0.7,0.06,1.8,[]
USR_0125,Sage Gupta,sage.gupta621@gmail.com,22,28000.0,frugal,tier3,2016-03-14,0.293,0.45,0.2,0.85,0.02,1.2,"[(2016, 10, 12), (2020, 11, 12)]"
USR_0126,Jamie Martin,jamie.martin190@gmail.com,30,64000.0,moderate,metro,2019-05-07,1.2409,0.65,0.5,0.7,0.06,1.8,[]
USR_0127,Varun Agarwal,varun.agarwal553@outlook.com,57,32000.0,conservative,tier3,2020-02-10,0.5206,0.55,0.35,0.8,0.04,1.5,[]
USR_0128,Sam Robinson,sam.robinson150@yahoo.com,36,66000.0,lifestyle,tier2,2018-09-14,1.5069,0.7,0.7,0.55,0.08,2.0,[]
USR_0129,Emily Martinez,emily.martinez94@hotmail.com,34,25000.0,frugal,tier2,2017-11-26,0.3563,0.45,0.2,0.85,0.02,1.2,[]
USR_0130,Varun Agarwal,varun.agarwal681@gmail.com,59,44000.0,lifestyle,metro,2022-07-04,1.284,0.7,0.7,0.55,0.08,2.0,[]
USR_0131,James Taylor,james.taylor877@outlook.com,34,24000.0,occasional_splurger,metro,2018-09-21,0.9626,0.6,0.45,0.45,0.15,1.6,[]
USR_0132,Drew Wilson,drew.wilson444@gmail.com,35,82000.0,lifestyle,tier2,2023-05-15,1.316,0.7,0.7,0.55,0.08,2.0,[]
USR_0133,Arjun Williams,arjun.williams743@yahoo.com,41,115000.0,spender,tier2,2025-04-19,2.3799,0.75,0.8,0.4,0.12,2.3,[]
USR_0134,Chris Johnson,chris.johnson626@yahoo.com,19,53000.0,moderate,tier2,2019-06-17,1.0503,0.65,0.5,0.7,0.06,1.8,"[(2019, 3, 5)]"
USR_0135,William Davis,william.davis467@gmail.com,18,48000.0,moderate,metro,2017-10-18,1.2049,0.65,0.5,0.7,0.06,1.8,[]
USR_0136,Pooja Anderson,pooja.anderson47@yahoo.com,27,63000.0,moderate,metro,2024-08-02,1.1341,0.65,0.5,0.7,0.06,1.8,[]
USR_0137,Morgan Smith,morgan.smith278@yahoo.com,40,47000.0,conservative,metro,2016-10-15,0.9383,0.55,0.35,0.8,0.04,1.5,[]
USR_0138,Karan Patel,karan.patel9@yahoo.com,27,54000.0,moderate,tier2,2024-09-15,0.9347,0.65,0.5,0.7,0.06,1.8,[]
USR_0139,Meera Gupta,meera.gupta295@yahoo.com,59,70000.0,lifestyle,tier2,2022-10-30,1.4334,0.7,0.7,0.55,0.08,2.0,[]
USR_0140,Amit Martinez,amit.martinez588@gmail.com,53,32000.0,occasional_splurger,tier3,2016-07-27,0.5812,0.6,0.45,0.45,0.15,1.6,[]
USR_0141,Arjun Jackson,arjun.jackson616@yahoo.com,37,23000.0,conservative,tier2,2016-09-10,0.6091,0.55,0.35,0.8,0.04,1.5,[]
USR_0142,Swati Wilson,swati.wilson523@outlook.com,43,68000.0,conservative,metro,2017-05-04,0.9238,0.55,0.35,0.8,0.04,1.5,[]
USR_0143,Morgan Patel,morgan.patel207@outlook.com,23,52000.0,moderate,metro,2016-06-29,1.4694,0.65,0.5,0.7,0.06,1.8,"[(2018, 1, 3)]"
USR_0144,Simran Martin,simran.martin617@gmail.com,62,67000.0,spender,metro,2018-01-07,2.4665,0.75,0.8,0.4,0.12,2.3,[]
USR_0145,Sam Wilson,sam.wilson873@outlook.com,59,87000.0,moderate,metro,2018-10-28,1.2775,0.65,0.5,0.7,0.06,1.8,[]
USR_0146,Rahul Martinez,rahul.martinez75@hotmail.com,33,40000.0,conservative,metro,2021-04-08,0.841,0.55,0.35,0.8,0.04,1.5,[]
USR_0147,Emily Harris,emily.harris434@yahoo.com,39,65000.0,moderate,tier2,2016-07-07,1.0544,0.65,0.5,0.7,0.06,1.8,[]
USR_0148,Riya Gupta,riya.gupta372@outlook.com,24,97000.0,occasional_splurger,tier2,2016-11-22,0.8211,0.6,0.45,0.45,0.15,1.6,[]
USR_0149,Meera Sharma,meera.sharma321@hotmail.com,35,49000.0,conservative,metro,2018-05-09,0.8824,0.55,0.35,0.8,0.04,1.5,[]
USR_0150,Blake Robinson,blake.robinson143@hotmail.com,46,63000.0,moderate,tier2,2020-10-25,0.7557,0.65,0.5,0.7,0.06,1.8,[]
USR_0151,Emerson Miller,emerson.miller51@hotmail.com,56,35000.0,moderate,metro,2021-07-02,1.3338,0.65,0.5,0.7,0.06,1.8,[]
USR_0152,Avery Verma,avery.verma211@hotmail.com,34,82000.0,lifestyle,tier2,2018-03-05,1.5035,0.7,0.7,0.55,0.08,2.0,[]
USR_0153,Kai Thompson,kai.thompson62@yahoo.com,43,63000.0,lifestyle,metro,2016-07-13,1.624,0.7,0.7,0.55,0.08,2.0,[]
USR_0154,Riya Garcia,riya.garcia647@yahoo.com,39,49000.0,conservative,tier2,2020-08-20,0.6501,0.55,0.35,0.8,0.04,1.5,"[(2020, 11, 12)]"
USR_0155,William Moore,william.moore949@outlook.com,48,66000.0,moderate,tier2,2016-09-30,0.7634,0.65,0.5,0.7,0.06,1.8,[]
USR_0156,Kai Brown,kai.brown290@hotmail.com,34,90000.0,lifestyle,tier3,2020-11-29,0.9655,0.7,0.7,0.55,0.08,2.0,[]
USR_0157,Daniel Smith,daniel.smith946@outlook.com,53,71000.0,occasional_splurger,tier2,2020-10-12,0.573,0.6,0.45,0.45,0.15,1.6,[]
USR_0158,Ashley Davis,ashley.davis724@hotmail.com,35,75000.0,moderate,tier2,2018-01-20,1.0776,0.65,0.5,0.7,0.06,1.8,[]
USR_0159,Sanjay Reddy,sanjay.reddy126@hotmail.com,50,90000.0,lifestyle,metro,2020-01-04,1.7749,0.7,0.7,0.55,0.08,2.0,[]
USR_0160,Sage Mehta,sage.mehta804@gmail.com,22,81000.0,lifestyle,tier2,2021-04-11,1.4091,0.7,0.7,0.55,0.08,2.0,[]
USR_0161,Daniel Thompson,daniel.thompson275@hotmail.com,60,66000.0,spender,metro,2017-04-10,2.1332,0.75,0.8,0.4,0.12,2.3,"[(2023, 5, 8), (2024, 2, 3), (2022, 7, 9)]"
USR_0162,Hayden Miller,hayden.miller545@outlook.com,24,82000.0,lifestyle,tier3,2024-07-13,1.19,0.7,0.7,0.55,0.08,2.0,[]
USR_0163,Chris Thomas,chris.thomas975@outlook.com,32,106000.0,lifestyle,metro,2020-03-10,2.0165,0.7,0.7,0.55,0.08,2.0,[]
USR_0164,Hayden Moore,hayden.moore362@yahoo.com,36,30000.0,frugal,metro,2024-02-05,0.4701,0.45,0.2,0.85,0.02,1.2,[]
USR_0165,David Brown,david.brown631@hotmail.com,58,86000.0,spender,metro,2017-01-26,2.3288,0.75,0.8,0.4,0.12,2.3,[]
USR_0166,Finley Robinson,finley.robinson21@outlook.com,33,34000.0,occasional_splurger,tier3,2021-02-06,0.5103,0.6,0.45,0.45,0.15,1.6,[]
USR_0167,Sneha Moore,sneha.moore644@outlook.com,47,126000.0,lifestyle,tier2,2017-02-20,1.5279,0.7,0.7,0.55,0.08,2.0,"[(2021, 9, 11)]"
USR_0168,Daniel Harris,daniel.harris291@hotmail.com,31,98000.0,moderate,metro,2016-09-14,1.2254,0.65,0.5,0.7,0.06,1.8,[]
USR_0169,Quinn Reddy,quinn.reddy139@outlook.com,39,53000.0,frugal,metro,2016-06-22,0.5896,0.45,0.2,0.85,0.02,1.2,[]
USR_0170,Drew Gupta,drew.gupta27@yahoo.com,54,38000.0,moderate,tier3,2019-07-22,0.7178,0.65,0.5,0.7,0.06,1.8,[]
USR_0171,Vikram Wilson,vikram.wilson790@gmail.com,47,47000.0,occasional_splurger,tier3,2022-12-25,0.5942,0.6,0.45,0.45,0.15,1.6,"[(2022, 2, 5), (2024, 4, 7), (2023, 9, 12)]"
USR_0172,Robert Agarwal,robert.agarwal156@yahoo.com,30,38000.0,lifestyle,metro,2018-12-27,1.7131,0.7,0.7,0.55,0.08,2.0,"[(2020, 6, 9), (2020, 9, 10)]"
USR_0173,Megan Sharma,megan.sharma998@gmail.com,55,42000.0,moderate,tier2,2016-05-20,0.7679,0.65,0.5,0.7,0.06,1.8,[]
USR_0174,Pooja Brown,pooja.brown178@yahoo.com,42,115000.0,lifestyle,tier3,2016-03-15,1.3041,0.7,0.7,0.55,0.08,2.0,[]
USR_0175,Riley Garcia,riley.garcia820@hotmail.com,33,41000.0,lifestyle,metro,2017-06-23,1.6352,0.7,0.7,0.55,0.08,2.0,[]
USR_0176,Dev Thompson,dev.thompson267@gmail.com,37,44000.0,lifestyle,tier3,2022-11-15,0.959,0.7,0.7,0.55,0.08,2.0,[]
USR_0177,David Davis,david.davis53@gmail.com,32,20000.0,frugal,metro,2018-03-01,0.5069,0.45,0.2,0.85,0.02,1.2,[]
USR_0178,Jordan Harris,jordan.harris342@gmail.com,18,63000.0,lifestyle,metro,2016-08-11,1.6886,0.7,0.7,0.55,0.08,2.0,[]
USR_0179,David Patel,david.patel93@yahoo.com,43,49000.0,spender,tier3,2020-10-08,1.5496,0.75,0.8,0.4,0.12,2.3,[]
USR_0180,David Jackson,david.jackson713@yahoo.com,36,43000.0,conservative,tier2,2017-09-28,0.6683,0.55,0.35,0.8,0.04,1.5,"[(2017, 11, 12), (2018, 6, 9)]"
USR_0181,Morgan Jackson,morgan.jackson86@yahoo.com,48,59000.0,conservative,metro,2016-09-27,0.8338,0.55,0.35,0.8,0.04,1.5,[]
USR_0182,Reese Gupta,reese.gupta986@outlook.com,26,96000.0,spender,metro,2018-03-30,2.625,0.75,0.8,0.4,0.12,2.3,[]
USR_0183,Jamie Brown,jamie.brown192@outlook.com,62,21000.0,moderate,tier3,2019-11-24,0.7044,0.65,0.5,0.7,0.06,1.8,[]
USR_0184,Jordan Miller,jordan.miller384@hotmail.com,28,30000.0,conservative,tier2,2020-06-16,0.6498,0.55,0.35,0.8,0.04,1.5,[]
USR_0185,William Moore,william.moore260@yahoo.com,61,14000.0,frugal,metro,2021-01-06,0.3856,0.45,0.2,0.85,0.02,1.2,[]
USR_0186,Morgan Joshi,morgan.joshi133@outlook.com,37,69000.0,spender,tier2,2017-06-10,1.8336,0.75,0.8,0.4,0.12,2.3,[]
USR_0187,Vikram Sharma,vikram.sharma212@outlook.com,57,55000.0,moderate,tier2,2019-10-20,0.9429,0.65,0.5,0.7,0.06,1.8,[]
USR_0188,Blake Jones,blake.jones839@hotmail.com,60,83000.0,conservative,tier3,2016-03-27,0.5456,0.55,0.35,0.8,0.04,1.5,"[(2019, 9, 10), (2024, 1, 2)]"
USR_0189,Rohan Sharma,rohan.sharma214@hotmail.com,39,31000.0,conservative,tier2,2016-11-21,0.5258,0.55,0.35,0.8,0.04,1.5,[]
USR_0190,Megan Martin,megan.martin180@yahoo.com,22,53000.0,moderate,metro,2017-09-12,1.4014,0.65,0.5,0.7,0.06,1.8,[]
USR_0191,Varun Williams,varun.williams205@hotmail.com,34,43000.0,frugal,metro,2023-12-11,0.5025,0.45,0.2,0.85,0.02,1.2,"[(2024, 7, 8), (2024, 6, 9), (2023, 1, 3)]"
USR_0192,Sneha Moore,sneha.moore407@gmail.com,59,15000.0,frugal,metro,2022-05-24,0.493,0.45,0.2,0.85,0.02,1.2,"[(2023, 6, 7), (2024, 3, 4)]"
USR_0193,Emily Brown,emily.brown45@gmail.com,50,96000.0,lifestyle,tier3,2017-06-28,0.9118,0.7,0.7,0.55,0.08,2.0,[]
USR_0194,Finley Agarwal,finley.agarwal800@hotmail.com,36,63000.0,occasional_splurger,tier2,2018-08-03,0.9123,0.6,0.45,0.45,0.15,1.6,[]
USR_0195,Raj White,raj.white584@yahoo.com,62,63000.0,moderate,tier3,2017-06-22,0.8366,0.65,0.5,0.7,0.06,1.8,[]
USR_0196,Priya Wilson,priya.wilson577@yahoo.com,24,75000.0,conservative,metro,2017-12-27,1.035,0.55,0.35,0.8,0.04,1.5,[]
USR_0197,Finley Thomas,finley.thomas391@hotmail.com,35,27000.0,moderate,tier2,2018-04-05,0.9235,0.65,0.5,0.7,0.06,1.8,[]
USR_0198,Amit Miller,amit.miller370@yahoo.com,33,62000.0,moderate,tier2,2017-08-12,0.9834,0.65,0.5,0.7,0.06,1.8,[]
USR_0199,Aditya Robinson,aditya.robinson389@hotmail.com,32,82000.0,moderate,metro,2019-01-27,1.3749,0.65,0.5,0.7,0.06,1.8,[]
USR_0200,Jamie Garcia,jamie.garcia182@outlook.com,28,50000.0,lifestyle,metro,2020-01-09,2.1037,0.7,0.7,0.55,0.08,2.0,[]
USR_0201,Nisha Garcia,nisha.garcia578@hotmail.com,57,35000.0,frugal,tier3,2016-02-25,0.3176,0.45,0.2,0.85,0.02,1.2,[]
USR_0202,Divya Jackson,divya.jackson151@hotmail.com,18,64000.0,lifestyle,tier2,2018-07-28,1.3268,0.7,0.7,0.55,0.08,2.0,"[(2019, 8, 11), (2019, 7, 8)]"
USR_0203,Riley Thompson,riley.thompson878@hotmail.com,44,32000.0,moderate,metro,2019-02-03,1.2056,0.65,0.5,0.7,0.06,1.8,[]
USR_0204,Riya Jones,riya.jones215@outlook.com,35,38000.0,conservative,metro,2024-11-18,0.7126,0.55,0.35,0.8,0.04,1.5,[]
USR_0205,Rohan Martinez,rohan.martinez877@outlook.com,58,34000.0,occasional_splurger,tier3,2016-05-30,0.5834,0.6,0.45,0.45,0.15,1.6,[]
USR_0206,Chris Robinson,chris.robinson728@outlook.com,35,59000.0,spender,tier2,2018-02-02,1.9305,0.75,0.8,0.4,0.12,2.3,[]
USR_0207,Meera Verma,meera.verma837@gmail.com,24,76000.0,moderate,metro,2017-05-19,1.2776,0.65,0.5,0.7,0.06,1.8,[]
USR_0208,Michael Brown,michael.brown433@outlook.com,31,76000.0,spender,metro,2016-09-07,2.6238,0.75,0.8,0.4,0.12,2.3,"[(2022, 1, 2)]"
USR_0209,Amanda Wilson,amanda.wilson461@hotmail.com,55,77000.0,lifestyle,metro,2016-12-03,1.5167,0.7,0.7,0.55,0.08,2.0,[]
USR_0210,Simran Kumar,simran.kumar512@hotmail.com,42,14000.0,frugal,metro,2017-12-18,0.3599,0.45,0.2,0.85,0.02,1.2,"[(2017, 11, 12), (2018, 4, 7), (2023, 6, 9)]"
USR_0211,Neha Robinson,neha.robinson870@hotmail.com,29,85000.0,spender,tier3,2018-02-11,1.7439,0.75,0.8,0.4,0.12,2.3,"[(2018, 6, 9), (2022, 8, 10)]"
USR_0212,Swati Robinson,swati.robinson478@hotmail.com,47,45000.0,moderate,metro,2016-02-28,1.1652,0.65,0.5,0.7,0.06,1.8,[]
USR_0213,Rowan Mehta,rowan.mehta935@hotmail.com,42,63000.0,lifestyle,metro,2016-06-24,1.9049,0.7,0.7,0.55,0.08,2.0,[]
USR_0214,Taylor Miller,taylor.miller70@hotmail.com,57,36000.0,frugal,tier3,2019-02-10,0.2371,0.45,0.2,0.85,0.02,1.2,[]
USR_0215,Vikram Joshi,vikram.joshi311@hotmail.com,64,27000.0,moderate,metro,2017-04-15,1.1208,0.65,0.5,0.7,0.06,1.8,[]
USR_0216,Karan Thomas,karan.thomas540@hotmail.com,26,82000.0,occasional_splurger,metro,2025-03-12,1.0118,0.6,0.45,0.45,0.15,1.6,[]
USR_0217,Karan Mehta,karan.mehta545@yahoo.com,47,75000.0,spender,tier3,2023-04-07,1.7338,0.75,0.8,0.4,0.12,2.3,[]
USR_0218,Sneha Brown,sneha.brown861@yahoo.com,43,16000.0,occasional_splurger,tier2,2017-09-14,0.7669,0.6,0.45,0.45,0.15,1.6,[]
USR_0219,Vikram Thomas,vikram.thomas446@gmail.com,52,63000.0,moderate,metro,2019-06-28,1.499,0.65,0.5,0.7,0.06,1.8,[]
USR_0220,Nikhil Robinson,nikhil.robinson817@gmail.com,61,14000.0,frugal,metro,2018-09-17,0.3469,0.45,0.2,0.85,0.02,1.2,"[(2021, 10, 11), (2020, 2, 4), (2023, 1, 4)]"
USR_0221,Isha Smith,isha.smith154@hotmail.com,19,44000.0,occasional_splurger,tier3,2016-10-31,0.6794,0.6,0.45,0.45,0.15,1.6,[]
USR_0222,Daniel Moore,daniel.moore795@gmail.com,20,71000.0,moderate,tier3,2021-08-02,0.8594,0.65,0.5,0.7,0.06,1.8,[]
USR_0223,Drew Singh,drew.singh91@yahoo.com,47,121000.0,lifestyle,tier3,2018-03-04,1.0794,0.7,0.7,0.55,0.08,2.0,[]
USR_0224,Meera Miller,meera.miller423@gmail.com,28,46000.0,occasional_splurger,metro,2017-06-22,0.8451,0.6,0.45,0.45,0.15,1.6,"[(2024, 6, 9)]"
USR_0225,Ritu White,ritu.white721@hotmail.com,25,101000.0,lifestyle,tier2,2024-02-11,1.4824,0.7,0.7,0.55,0.08,2.0,[]
USR_0226,Emily Davis,emily.davis32@outlook.com,25,23000.0,conservative,metro,2018-03-01,0.8472,0.55,0.35,0.8,0.04,1.5,[]
USR_0227,James Robinson,james.robinson67@outlook.com,42,38000.0,occasional_splurger,tier2,2016-12-28,0.6425,0.6,0.45,0.45,0.15,1.6,[]
USR_0228,Priya Jones,priya.jones494@hotmail.com,45,177000.0,lifestyle,metro,2018-06-04,2.1135,0.7,0.7,0.55,0.08,2.0,[]
USR_0229,Megan Garcia,megan.garcia428@yahoo.com,51,26000.0,frugal,tier3,2022-06-17,0.3034,0.45,0.2,0.85,0.02,1.2,"[(2022, 11, 12)]"
USR_0230,Casey Anderson,casey.anderson929@hotmail.com,47,81000.0,lifestyle,metro,2017-10-04,1.5624,0.7,0.7,0.55,0.08,2.0,"[(2018, 10, 12)]"
USR_0231,Michael Jones,michael.jones459@outlook.com,35,33000.0,moderate,tier3,2020-11-10,0.7558,0.65,0.5,0.7,0.06,1.8,[]
USR_0232,Meera Jackson,meera.jackson225@hotmail.com,28,30000.0,frugal,metro,2017-03-20,0.4971,0.45,0.2,0.85,0.02,1.2,[]
USR_0233,Riya Johnson,riya.johnson291@yahoo.com,55,59000.0,frugal,tier3,2022-12-11,0.3443,0.45,0.2,0.85,0.02,1.2,[]
USR_0234,Morgan Smith,morgan.smith787@yahoo.com,42,51000.0,lifestyle,tier2,2016-08-12,1.2586,0.7,0.7,0.55,0.08,2.0,"[(2020, 10, 11), (2023, 2, 3)]"
USR_0235,Karan Harris,karan.harris704@gmail.com,35,35000.0,conservative,metro,2018-06-19,0.8595,0.55,0.35,0.8,0.04,1.5,"[(2024, 8, 11), (2019, 4, 6)]"
USR_0236,Kavya Brown,kavya.brown439@hotmail.com,21,93000.0,lifestyle,tier2,2017-01-20,1.6062,0.7,0.7,0.55,0.08,2.0,[]
USR_0237,Sneha Thomas,sneha.thomas241@hotmail.com,28,67000.0,moderate,metro,2017-06-08,1.159,0.65,0.5,0.7,0.06,1.8,[]
USR_0238,Alex Mehta,alex.mehta859@yahoo.com,53,56000.0,conservative,metro,2017-01-11,0.8309,0.55,0.35,0.8,0.04,1.5,[]
USR_0239,Sarah Sharma,sarah.sharma866@outlook.com,35,62000.0,lifestyle,tier3,2019-07-02,1.0812,0.7,0.7,0.55,0.08,2.0,[]
USR_0240,Amit Brown,amit.brown759@gmail.com,64,55000.0,spender,tier3,2016-01-23,1.3737,0.75,0.8,0.4,0.12,2.3,[]
USR_0241,Sanjay Jackson,sanjay.jackson552@outlook.com,41,62000.0,moderate,tier2,2016-06-10,0.9962,0.65,0.5,0.7,0.06,1.8,[]
USR_0242,Casey Robinson,casey.robinson667@hotmail.com,57,23000.0,conservative,tier2,2023-01-30,0.6425,0.55,0.35,0.8,0.04,1.5,[]
USR_0243,Anita Moore,anita.moore937@yahoo.com,53,78000.0,conservative,metro,2019-01-10,0.827,0.55,0.35,0.8,0.04,1.5,"[(2024, 1, 2), (2020, 1, 4)]"
USR_0244,Jordan Patel,jordan.patel629@hotmail.com,34,24000.0,conservative,metro,2017-12-13,0.7463,0.55,0.35,0.8,0.04,1.5,[]
USR_0245,Rohan Verma,rohan.verma811@hotmail.com,49,88000.0,spender,tier2,2023-07-28,1.9663,0.75,0.8,0.4,0.12,2.3,[]
USR_0246,Sanjay Reddy,sanjay.reddy959@yahoo.com,30,19000.0,frugal,tier2,2024-11-08,0.3197,0.45,0.2,0.85,0.02,1.2,[]
USR_0247,Ritu White,ritu.white775@outlook.com,64,45000.0,conservative,metro,2017-10-20,0.8659,0.55,0.35,0.8,0.04,1.5,[]
USR_0248,Robert Wilson,robert.wilson363@hotmail.com,54,66000.0,spender,metro,2016-02-25,2.5388,0.75,0.8,0.4,0.12,2.3,[]
USR_0249,Quinn Gupta,quinn.gupta395@yahoo.com,52,34000.0,conservative,tier2,2017-10-05,0.6217,0.55,0.35,0.8,0.04,1.5,"[(2017, 10, 11), (2017, 4, 7)]"
USR_0250,Ritu Jones,ritu.jones740@hotmail.com,53,38000.0,conservative,metro,2019-10-06,0.8652,0.55,0.35,0.8,0.04,1.5,[]
USR_0251,Sanjay Reddy,sanjay.reddy922@gmail.com,25,80000.0,lifestyle,tier3,2020-09-04,1.2526,0.7,0.7,0.55,0.08,2.0,[]
USR_0252,Karan Verma,karan.verma174@gmail.com,29,116000.0,lifestyle,metro,2018-05-06,1.4392,0.7,0.7,0.55,0.08,2.0,[]
USR_0253,Emerson Taylor,emerson.taylor266@outlook.com,27,39000.0,conservative,tier2,2017-02-14,0.5753,0.55,0.35,0.8,0.04,1.5,[]
USR_0254,Finley Verma,finley.verma403@hotmail.com,30,37000.0,frugal,tier3,2017-12-05,0.2955,0.45,0.2,0.85,0.02,1.2,[]
USR_0255,Chris Gupta,chris.gupta211@yahoo.com,54,41000.0,frugal,metro,2022-05-15,0.4222,0.45,0.2,0.85,0.02,1.2,[]
USR_0256,Reese Thompson,reese.thompson541@yahoo.com,61,76000.0,spender,metro,2019-07-20,2.1087,0.75,0.8,0.4,0.12,2.3,[]
USR_0257,Casey Singh,casey.singh727@hotmail.com,23,108000.0,lifestyle,metro,2022-10-29,1.7183,0.7,0.7,0.55,0.08,2.0,[]
USR_0258,Aditya Jackson,aditya.jackson620@yahoo.com,38,67000.0,moderate,tier2,2016-06-25,1.0003,0.65,0.5,0.7,0.06,1.8,[]
USR_0259,Michael Martin,michael.martin395@hotmail.com,49,72000.0,conservative,tier2,2023-07-27,0.7103,0.55,0.35,0.8,0.04,1.5,[]
USR_0260,Varun Davis,varun.davis796@gmail.com,54,39000.0,conservative,tier2,2021-07-06,0.669,0.55,0.35,0.8,0.04,1.5,[]
USR_0261,Emerson Johnson,emerson.johnson352@yahoo.com,56,130000.0,occasional_splurger,tier2,2018-05-31,0.8482,0.6,0.45,0.45,0.15,1.6,[]
USR_0262,Amanda Thompson,amanda.thompson98@yahoo.com,47,55000.0,occasional_splurger,metro,2021-05-29,0.9283,0.6,0.45,0.45,0.15,1.6,[]
USR_0263,Sage Reddy,sage.reddy769@gmail.com,40,66000.0,moderate,tier3,2019-06-09,0.8116,0.65,0.5,0.7,0.06,1.8,[]
USR_0264,Sneha Verma,sneha.verma917@outlook.com,33,63000.0,lifestyle,tier3,2019-01-29,1.0762,0.7,0.7,0.55,0.08,2.0,[]
USR_0265,Amit Jackson,amit.jackson31@hotmail.com,39,44000.0,moderate,metro,2024-04-30,1.1688,0.65,0.5,0.7,0.06,1.8,[]
USR_0266,Emily Martin,emily.martin223@outlook.com,36,28000.0,frugal,tier2,2022-12-31,0.3066,0.45,0.2,0.85,0.02,1.2,[]
USR_0267,Casey White,casey.white231@yahoo.com,37,116000.0,conservative,tier2,2024-09-07,0.6744,0.55,0.35,0.8,0.04,1.5,[]
USR_0268,Finley Davis,finley.davis103@yahoo.com,19,28000.0,lifestyle,tier2,2018-04-01,1.3399,0.7,0.7,0.55,0.08,2.0,[]
USR_0269,Sage Patel,sage.patel349@hotmail.com,18,55000.0,lifestyle,metro,2016-08-01,1.7691,0.7,0.7,0.55,0.08,2.0,[]
USR_0270,Avery Mehta,avery.mehta827@gmail.com,45,40000.0,occasional_splurger,tier3,2016-11-29,0.6586,0.6,0.45,0.45,0.15,1.6,"[(2023, 1, 3), (2017, 4, 5), (2017, 10, 12)]"
USR_0271,Vikram Kumar,vikram.kumar74@gmail.com,35,65000.0,frugal,metro,2021-12-25,0.475,0.45,0.2,0.85,0.02,1.2,[]
USR_0272,Sanjay Thompson,sanjay.thompson307@outlook.com,24,56000.0,moderate,tier2,2018-10-04,0.8596,0.65,0.5,0.7,0.06,1.8,[]
USR_0273,Amit Kumar,amit.kumar170@yahoo.com,51,40000.0,lifestyle,metro,2017-02-26,1.5849,0.7,0.7,0.55,0.08,2.0,[]
USR_0274,Alex Mehta,alex.mehta952@outlook.com,55,55000.0,conservative,metro,2022-06-18,0.8677,0.55,0.35,0.8,0.04,1.5,"[(2024, 8, 9), (2023, 7, 9)]"
USR_0275,Pooja Brown,pooja.brown688@outlook.com,27,43000.0,frugal,tier2,2017-05-02,0.4185,0.45,0.2,0.85,0.02,1.2,[]
USR_0276,Nikhil Moore,nikhil.moore445@outlook.com,60,71000.0,moderate,metro,2019-08-04,1.1317,0.65,0.5,0.7,0.06,1.8,[]
USR_0277,Lauren Moore,lauren.moore74@hotmail.com,47,23000.0,frugal,tier2,2017-12-27,0.3837,0.45,0.2,0.85,0.02,1.2,[]
USR_0278,Blake Jackson,blake.jackson770@gmail.com,39,21000.0,frugal,metro,2022-01-09,0.4388,0.45,0.2,0.85,0.02,1.2,[]
USR_0279,James Kumar,james.kumar619@outlook.com,63,109000.0,moderate,tier2,2018-07-16,1.134,0.65,0.5,0.7,0.06,1.8,[]
USR_0280,Meera Kumar,meera.kumar410@outlook.com,61,99000.0,moderate,tier2,2018-06-20,0.9674,0.65,0.5,0.7,0.06,1.8,[]
USR_0281,Sneha Davis,sneha.davis450@outlook.com,44,78000.0,occasional_splurger,tier2,2016-12-08,0.8423,0.6,0.45,0.45,0.15,1.6,[]
USR_0282,Swati White,swati.white538@outlook.com,26,33000.0,frugal,metro,2016-02-16,0.4829,0.45,0.2,0.85,0.02,1.2,"[(2017, 11, 12)]"
USR_0283,Drew Williams,drew.williams626@gmail.com,22,46000.0,moderate,metro,2019-10-04,1.3343,0.65,0.5,0.7,0.06,1.8,[]
USR_0284,Isha Garcia,isha.garcia943@outlook.com,33,26000.0,moderate,tier2,2020-12-29,1.0365,0.65,0.5,0.7,0.06,1.8,"[(2020, 6, 9)]"
USR_0285,Dev Smith,dev.smith250@outlook.com,55,73000.0,spender,tier3,2019-03-27,1.3134,0.75,0.8,0.4,0.12,2.3,[]
USR_0286,Divya Taylor,divya.taylor721@hotmail.com,30,61000.0,occasional_splurger,tier3,2024-01-09,0.5376,0.6,0.45,0.45,0.15,1.6,[]
USR_0287,Blake Martinez,blake.martinez439@gmail.com,49,59000.0,conservative,tier2,2025-06-26,0.5889,0.55,0.35,0.8,0.04,1.5,[]
USR_0288,Rahul Mehta,rahul.mehta636@outlook.com,64,51000.0,occasional_splurger,tier2,2019-01-21,0.709,0.6,0.45,0.45,0.15,1.6,"[(2020, 3, 4), (2020, 1, 4)]"
USR_0289,Sanjay Harris,sanjay.harris333@yahoo.com,37,99000.0,moderate,tier2,2016-07-10,1.0749,0.65,0.5,0.7,0.06,1.8,"[(2016, 2, 4)]"
USR_0290,Ananya Verma,ananya.verma105@hotmail.com,33,27000.0,conservative,tier3,2019-01-02,0.5373,0.55,0.35,0.8,0.04,1.5,[]
USR_0291,Simran Thompson,simran.thompson275@outlook.com,23,33000.0,frugal,metro,2016-03-20,0.45,0.45,0.2,0.85,0.02,1.2,[]
USR_0292,Arjun Gupta,arjun.gupta518@outlook.com,21,83000.0,moderate,metro,2018-03-21,0.9667,0.65,0.5,0.7,0.06,1.8,"[(2020, 2, 4), (2018, 5, 6)]"
USR_0293,Quinn Singh,quinn.singh11@outlook.com,39,62000.0,moderate,metro,2023-05-15,1.1436,0.65,0.5,0.7,0.06,1.8,[]
USR_0294,Quinn Taylor,quinn.taylor141@outlook.com,26,78000.0,moderate,metro,2019-05-18,1.3726,0.65,0.5,0.7,0.06,1.8,[]
USR_0295,Pooja White,pooja.white359@outlook.com,44,103000.0,occasional_splurger,tier2,2016-03-07,0.8323,0.6,0.45,0.45,0.15,1.6,[]
USR_0296,Suresh Brown,suresh.brown543@outlook.com,28,57000.0,moderate,tier2,2019-06-22,1.0763,0.65,0.5,0.7,0.06,1.8,[]
USR_0297,Sam Martin,sam.martin475@outlook.com,28,105000.0,lifestyle,tier3,2017-01-29,1.1046,0.7,0.7,0.55,0.08,2.0,[]
USR_0298,Aditya Williams,aditya.williams84@gmail.com,46,16000.0,frugal,metro,2021-12-09,0.4294,0.45,0.2,0.85,0.02,1.2,[]
USR_0299,Finley Mehta,finley.mehta924@outlook.com,46,47000.0,occasional_splurger,metro,2016-01-18,0.7326,0.6,0.45,0.45,0.15,1.6,[]
USR_0300,Dev Robinson,dev.robinson192@outlook.com,62,83000.0,lifestyle,tier3,2016-04-24,1.0903,0.7,0.7,0.55,0.08,2.0,[]
USR_0301,Amanda Taylor,amanda.taylor571@outlook.com,62,51000.0,spender,tier2,2020-10-17,1.9153,0.75,0.8,0.4,0.12,2.3,[]
USR_0302,Emily Jones,emily.jones722@outlook.com,25,14000.0,frugal,tier2,2017-06-05,0.4044,0.45,0.2,0.85,0.02,1.2,[]
USR_0303,Swati Johnson,swati.johnson220@outlook.com,19,67000.0,occasional_splurger,tier2,2024-04-05,0.5975,0.6,0.45,0.45,0.15,1.6,[]
USR_0304,Daniel Johnson,daniel.johnson200@hotmail.com,39,133000.0,lifestyle,metro,2017-01-21,1.522,0.7,0.7,0.55,0.08,2.0,[]
USR_0305,Varun Taylor,varun.taylor986@outlook.com,23,43000.0,lifestyle,tier3,2016-05-10,1.2332,0.7,0.7,0.55,0.08,2.0,[]
USR_0306,Sanjay Jones,sanjay.jones753@hotmail.com,25,49000.0,lifestyle,metro,2017-04-13,1.8391,0.7,0.7,0.55,0.08,2.0,[]
USR_0307,Emily Patel,emily.patel446@hotmail.com,52,30000.0,conservative,tier3,2019-11-05,0.4923,0.55,0.35,0.8,0.04,1.5,[]
USR_0308,Nikhil Gupta,nikhil.gupta271@gmail.com,62,23000.0,frugal,tier3,2020-03-18,0.3079,0.45,0.2,0.85,0.02,1.2,[]
USR_0309,Karan Anderson,karan.anderson414@outlook.com,39,25000.0,frugal,metro,2017-04-02,0.4582,0.45,0.2,0.85,0.02,1.2,[]
USR_0310,Divya Taylor,divya.taylor759@gmail.com,42,18000.0,frugal,tier2,2016-01-20,0.3825,0.45,0.2,0.85,0.02,1.2,"[(2020, 11, 12), (2022, 9, 10)]"
USR_0311,Nisha Sharma,nisha.sharma378@hotmail.com,33,36000.0,conservative,tier2,2019-04-30,0.5667,0.55,0.35,0.8,0.04,1.5,"[(2023, 3, 5), (2024, 7, 9)]"
USR_0312,Reese Williams,reese.williams737@gmail.com,42,22000.0,frugal,tier2,2021-05-04,0.3876,0.45,0.2,0.85,0.02,1.2,"[(2023, 5, 8)]"
USR_0313,William Garcia,william.garcia285@hotmail.com,64,52000.0,occasional_splurger,metro,2019-09-03,0.9165,0.6,0.45,0.45,0.15,1.6,[]
USR_0314,Swati Brown,swati.brown958@outlook.com,55,42000.0,occasional_splurger,tier3,2016-08-11,0.6222,0.6,0.45,0.45,0.15,1.6,[]
USR_0315,Priya Singh,priya.singh841@outlook.com,26,29000.0,conservative,tier3,2018-06-15,0.486,0.55,0.35,0.8,0.04,1.5,[]
USR_0316,Taylor Martinez,taylor.martinez984@yahoo.com,33,50000.0,occasional_splurger,tier2,2018-08-17,0.6241,0.6,0.45,0.45,0.15,1.6,[]
USR_0317,Finley Robinson,finley.robinson970@hotmail.com,18,30000.0,frugal,metro,2018-08-18,0.3988,0.45,0.2,0.85,0.02,1.2,[]
USR_0318,Sanjay Martin,sanjay.martin861@yahoo.com,30,81000.0,spender,metro,2018-10-28,2.606,0.75,0.8,0.4,0.12,2.3,[]
USR_0319,Pooja Williams,pooja.williams392@outlook.com,51,43000.0,occasional_splurger,metro,2020-02-19,0.9319,0.6,0.45,0.45,0.15,1.6,[]
USR_0320,Michael Smith,michael.smith400@yahoo.com,27,51000.0,conservative,tier2,2020-07-12,0.7526,0.55,0.35,0.8,0.04,1.5,[]
USR_0321,Reese Reddy,reese.reddy214@gmail.com,22,72000.0,moderate,metro,2017-08-05,1.2905,0.65,0.5,0.7,0.06,1.8,[]
USR_0322,Drew Reddy,drew.reddy678@outlook.com,60,48000.0,frugal,tier2,2016-07-16,0.4442,0.45,0.2,0.85,0.02,1.2,[]
USR_0323,William Williams,william.williams713@outlook.com,28,51000.0,spender,tier3,2017-08-03,1.5057,0.75,0.8,0.4,0.12,2.3,[]
USR_0324,Riley Agarwal,riley.agarwal449@outlook.com,64,40000.0,conservative,tier2,2016-01-21,0.6769,0.55,0.35,0.8,0.04,1.5,[]
USR_0325,Rahul Jackson,rahul.jackson240@yahoo.com,30,28000.0,occasional_splurger,metro,2016-02-17,0.9639,0.6,0.45,0.45,0.15,1.6,[]
USR_0326,Sanjay Johnson,sanjay.johnson979@yahoo.com,30,44000.0,conservative,metro,2017-07-06,0.7695,0.55,0.35,0.8,0.04,1.5,[]
USR_0327,Rohan Wilson,rohan.wilson989@yahoo.com,28,32000.0,frugal,metro,2018-08-17,0.5247,0.45,0.2,0.85,0.02,1.2,[]
USR_0328,Vikram Jackson,vikram.jackson732@hotmail.com,61,66000.0,moderate,metro,2023-03-12,1.2963,0.65,0.5,0.7,0.06,1.8,[]
USR_0329,Quinn Kumar,quinn.kumar928@yahoo.com,51,78000.0,moderate,tier2,2025-10-17,0.8355,0.65,0.5,0.7,0.06,1.8,[]
USR_0330,Karan Patel,karan.patel668@hotmail.com,22,53000.0,lifestyle,metro,2021-07-26,1.7266,0.7,0.7,0.55,0.08,2.0,[]
USR_0331,Arjun Robinson,arjun.robinson414@hotmail.com,34,76000.0,lifestyle,tier3,2018-03-29,1.2084,0.7,0.7,0.55,0.08,2.0,[]
USR_0332,Ananya Thompson,ananya.thompson185@yahoo.com,19,41000.0,conservative,metro,2023-02-27,0.9668,0.55,0.35,0.8,0.04,1.5,[]
USR_0333,Michael Jones,michael.jones257@yahoo.com,52,40000.0,moderate,metro,2016-08-19,1.211,0.65,0.5,0.7,0.06,1.8,[]
USR_0334,James Harris,james.harris964@yahoo.com,41,65000.0,moderate,tier2,2025-01-03,1.0145,0.65,0.5,0.7,0.06,1.8,[]
USR_0335,Blake Garcia,blake.garcia526@outlook.com,45,61000.0,lifestyle,tier3,2021-11-05,0.9397,0.7,0.7,0.55,0.08,2.0,[]
USR_0336,Drew Singh,drew.singh353@outlook.com,25,48000.0,moderate,metro,2020-07-29,0.9615,0.65,0.5,0.7,0.06,1.8,[]
USR_0337,Avery Davis,avery.davis512@yahoo.com,26,26000.0,frugal,tier2,2019-12-18,0.3303,0.45,0.2,0.85,0.02,1.2,[]
USR_0338,Varun Agarwal,varun.agarwal261@yahoo.com,30,33000.0,frugal,tier3,2019-04-12,0.2685,0.45,0.2,0.85,0.02,1.2,[]
USR_0339,Aditya Thomas,aditya.thomas998@hotmail.com,40,48000.0,lifestyle,metro,2022-10-01,1.6233,0.7,0.7,0.55,0.08,2.0,[]
USR_0340,Rowan Singh,rowan.singh584@hotmail.com,39,91000.0,moderate,tier3,2024-05-22,0.7489,0.65,0.5,0.7,0.06,1.8,[]
USR_0341,Manish Mehta,manish.mehta190@outlook.com,50,40000.0,conservative,metro,2017-02-12,0.8361,0.55,0.35,0.8,0.04,1.5,[]
USR_0342,Meera Taylor,meera.taylor103@yahoo.com,60,89000.0,lifestyle,metro,2019-11-21,1.7984,0.7,0.7,0.55,0.08,2.0,[]
USR_0343,Jordan Jones,jordan.jones137@hotmail.com,59,30000.0,frugal,tier3,2017-09-29,0.2979,0.45,0.2,0.85,0.02,1.2,[]
USR_0344,James Johnson,james.johnson543@yahoo.com,33,38000.0,moderate,metro,2017-11-06,1.2899,0.65,0.5,0.7,0.06,1.8,[]
USR_0345,Chris Reddy,chris.reddy345@outlook.com,32,41000.0,conservative,metro,2021-03-12,0.6538,0.55,0.35,0.8,0.04,1.5,[]
USR_0346,Pooja Davis,pooja.davis123@hotmail.com,43,85000.0,moderate,tier2,2021-06-28,0.8993,0.65,0.5,0.7,0.06,1.8,"[(2022, 9, 10), (2024, 10, 12)]"
USR_0347,Alex Harris,alex.harris458@gmail.com,64,44000.0,frugal,metro,2019-01-25,0.4846,0.45,0.2,0.85,0.02,1.2,[]
USR_0348,Neha Thomas,neha.thomas833@hotmail.com,22,29000.0,frugal,tier2,2019-08-22,0.3693,0.45,0.2,0.85,0.02,1.2,[]
USR_0349,Blake Patel,blake.patel37@gmail.com,45,45000.0,lifestyle,tier2,2016-12-07,1.1391,0.7,0.7,0.55,0.08,2.0,[]
USR_0350,Priya Agarwal,priya.agarwal896@yahoo.com,44,79000.0,spender,tier2,2020-05-20,1.9813,0.75,0.8,0.4,0.12,2.3,[]
USR_0351,Sage Kumar,sage.kumar200@yahoo.com,41,43000.0,conservative,metro,2025-01-28,0.7847,0.55,0.35,0.8,0.04,1.5,[]
USR_0352,William Joshi,william.joshi693@gmail.com,31,102000.0,lifestyle,tier2,2020-08-30,1.3532,0.7,0.7,0.55,0.08,2.0,[]
USR_0353,Taylor Mehta,taylor.mehta755@gmail.com,62,20000.0,frugal,metro,2018-07-01,0.4123,0.45,0.2,0.85,0.02,1.2,[]
USR_0354,Jessica Williams,jessica.williams293@outlook.com,40,63000.0,moderate,metro,2023-04-01,1.1092,0.65,0.5,0.7,0.06,1.8,[]
USR_0355,Raj Jackson,raj.jackson352@gmail.com,36,46000.0,occasional_splurger,metro,2016-09-26,1.0663,0.6,0.45,0.45,0.15,1.6,[]
USR_0356,Blake Sharma,blake.sharma952@gmail.com,31,58000.0,lifestyle,tier2,2017-12-14,1.323,0.7,0.7,0.55,0.08,2.0,[]
USR_0357,Kai Singh,kai.singh198@gmail.com,36,18000.0,frugal,metro,2018-08-01,0.4177,0.45,0.2,0.85,0.02,1.2,[]
USR_0358,Pooja Gupta,pooja.gupta735@yahoo.com,44,86000.0,moderate,metro,2020-03-27,1.1474,0.65,0.5,0.7,0.06,1.8,"[(2022, 5, 8), (2024, 2, 5), (2021, 3, 6)]"
USR_0359,Robert Mehta,robert.mehta170@outlook.com,44,35000.0,spender,metro,2020-08-27,1.7353,0.75,0.8,0.4,0.12,2.3,[]
USR_0360,Kai Martin,kai.martin707@hotmail.com,21,65000.0,conservative,tier2,2016-05-11,0.6822,0.55,0.35,0.8,0.04,1.5,[]
USR_0361,Reese Jones,reese.jones548@hotmail.com,43,10000.0,frugal,metro,2021-07-07,0.4259,0.45,0.2,0.85,0.02,1.2,[]
USR_0362,Nisha Gupta,nisha.gupta572@hotmail.com,38,92000.0,moderate,tier2,2016-03-15,1.0247,0.65,0.5,0.7,0.06,1.8,[]
USR_0363,Daniel Jackson,daniel.jackson263@hotmail.com,23,64000.0,moderate,tier3,2017-09-25,0.7829,0.65,0.5,0.7,0.06,1.8,[]
USR_0364,Alex Mehta,alex.mehta765@yahoo.com,37,91000.0,moderate,tier2,2017-09-22,0.7677,0.65,0.5,0.7,0.06,1.8,[]
USR_0365,William Brown,william.brown693@hotmail.com,27,32000.0,frugal,tier3,2017-01-14,0.2717,0.45,0.2,0.85,0.02,1.2,[]
USR_0366,Nikhil Jackson,nikhil.jackson177@hotmail.com,57,37000.0,conservative,metro,2016-03-05,0.8519,0.55,0.35,0.8,0.04,1.5,[]
USR_0367,Ashley Martin,ashley.martin359@outlook.com,57,65000.0,lifestyle,metro,2019-05-05,1.9958,0.7,0.7,0.55,0.08,2.0,[]
USR_0368,Michael Singh,michael.singh391@outlook.com,18,38000.0,occasional_splurger,metro,2019-05-09,0.8589,0.6,0.45,0.45,0.15,1.6,[]
USR_0369,Rowan Verma,rowan.verma247@outlook.com,39,44000.0,lifestyle,tier2,2017-05-07,1.0254,0.7,0.7,0.55,0.08,2.0,[]
USR_0370,Emerson Robinson,emerson.robinson499@yahoo.com,44,84000.0,conservative,tier3,2018-11-16,0.5927,0.55,0.35,0.8,0.04,1.5,[]
USR_0371,Isha Gupta,isha.gupta68@hotmail.com,36,47000.0,moderate,metro,2016-07-05,1.1587,0.65,0.5,0.7,0.06,1.8,[]
USR_0372,Riya Garcia,riya.garcia927@outlook.com,61,85000.0,conservative,tier2,2016-04-10,0.7042,0.55,0.35,0.8,0.04,1.5,[]
USR_0373,Morgan Thompson,morgan.thompson717@hotmail.com,30,63000.0,lifestyle,tier2,2017-06-25,1.4027,0.7,0.7,0.55,0.08,2.0,[]
USR_0374,Rohan Taylor,rohan.taylor412@yahoo.com,45,37000.0,lifestyle,tier3,2020-12-29,0.7906,0.7,0.7,0.55,0.08,2.0,[]
USR_0375,Rohan Smith,rohan.smith481@hotmail.com,18,57000.0,occasional_splurger,metro,2016-03-12,1.1513,0.6,0.45,0.45,0.15,1.6,[]
USR_0376,Amit Taylor,amit.taylor621@outlook.com,44,70000.0,moderate,tier2,2019-10-04,0.8724,0.65,0.5,0.7,0.06,1.8,[]
USR_0377,David White,david.white101@gmail.com,62,50000.0,lifestyle,tier2,2018-10-19,1.4746,0.7,0.7,0.55,0.08,2.0,[]
USR_0378,Nisha Wilson,nisha.wilson182@gmail.com,30,45000.0,spender,tier2,2020-09-22,1.8707,0.75,0.8,0.4,0.12,2.3,[]
USR_0379,Ashley Thomas,ashley.thomas446@hotmail.com,63,50000.0,spender,tier2,2020-08-08,1.9408,0.75,0.8,0.4,0.12,2.3,"[(2022, 1, 2), (2024, 5, 8), (2020, 2, 3)]"
USR_0380,Riley Gupta,riley.gupta376@gmail.com,58,46000.0,moderate,metro,2017-10-09,1.4528,0.65,0.5,0.7,0.06,1.8,[]
USR_0381,Isha Verma,isha.verma338@gmail.com,64,27000.0,occasional_splurger,tier2,2017-10-31,0.7915,0.6,0.45,0.45,0.15,1.6,[]
USR_0382,Simran Williams,simran.williams193@gmail.com,56,47000.0,lifestyle,tier3,2023-10-18,0.9345,0.7,0.7,0.55,0.08,2.0,"[(2023, 8, 11), (2024, 3, 4)]"
USR_0383,Jessica Jackson,jessica.jackson818@outlook.com,64,87000.0,spender,tier2,2016-02-18,2.173,0.75,0.8,0.4,0.12,2.3,"[(2021, 11, 12), (2020, 5, 8)]"
USR_0384,Sam Joshi,sam.joshi844@gmail.com,41,97000.0,lifestyle,tier3,2024-03-16,1.0899,0.7,0.7,0.55,0.08,2.0,[]
USR_0385,Megan Anderson,megan.anderson419@hotmail.com,54,74000.0,occasional_splurger,tier2,2016-05-23,0.7268,0.6,0.45,0.45,0.15,1.6,"[(2020, 4, 6), (2020, 1, 2)]"
USR_0386,Priya Verma,priya.verma913@outlook.com,23,42000.0,conservative,tier3,2016-12-05,0.6045,0.55,0.35,0.8,0.04,1.5,[]
USR_0387,Swati Joshi,swati.joshi911@yahoo.com,55,45000.0,conservative,tier2,2023-07-29,0.6704,0.55,0.35,0.8,0.04,1.5,[]
USR_0388,David Moore,david.moore616@outlook.com,25,51000.0,occasional_splurger,tier3,2020-03-30,0.5523,0.6,0.45,0.45,0.15,1.6,[]
USR_0389,Ashley Gupta,ashley.gupta377@yahoo.com,60,33000.0,frugal,tier3,2018-09-01,0.3333,0.45,0.2,0.85,0.02,1.2,[]
USR_0390,Blake Reddy,blake.reddy138@outlook.com,18,95000.0,moderate,metro,2017-10-14,1.3775,0.65,0.5,0.7,0.06,1.8,[]
USR_0391,Suresh Miller,suresh.miller543@gmail.com,46,37000.0,occasional_splurger,metro,2019-10-11,0.9553,0.6,0.45,0.45,0.15,1.6,"[(2022, 5, 7), (2021, 6, 8)]"
USR_0392,Kai Sharma,kai.sharma238@yahoo.com,41,82000.0,occasional_splurger,metro,2018-05-06,0.8931,0.6,0.45,0.45,0.15,1.6,[]
USR_0393,Lauren Reddy,lauren.reddy516@outlook.com,46,55000.0,frugal,tier2,2017-11-28,0.4054,0.45,0.2,0.85,0.02,1.2,[]
USR_0394,Neha Robinson,neha.robinson377@gmail.com,46,33000.0,frugal,metro,2019-01-12,0.511,0.45,0.2,0.85,0.02,1.2,[]
USR_0395,David Reddy,david.reddy696@hotmail.com,35,35000.0,lifestyle,tier3,2016-07-02,0.8653,0.7,0.7,0.55,0.08,2.0,[]
USR_0396,Amit Kumar,amit.kumar721@gmail.com,58,24000.0,occasional_splurger,metro,2016-01-06,1.015,0.6,0.45,0.45,0.15,1.6,[]
USR_0397,Aditya Kumar,aditya.kumar402@hotmail.com,27,87000.0,moderate,metro,2023-02-23,1.4042,0.65,0.5,0.7,0.06,1.8,[]
USR_0398,Taylor Garcia,taylor.garcia496@gmail.com,54,49000.0,lifestyle,metro,2017-12-22,1.6391,0.7,0.7,0.55,0.08,2.0,[]
USR_0399,Sanjay Davis,sanjay.davis456@outlook.com,38,44000.0,occasional_splurger,tier3,2016-02-15,0.6251,0.6,0.45,0.45,0.15,1.6,[]
USR_0400,Riley Taylor,riley.taylor52@yahoo.com,53,15000.0,frugal,tier2,2023-01-07,0.3198,0.45,0.2,0.85,0.02,1.2,"[(2023, 4, 5), (2024, 4, 7)]"
USR_0401,Casey Gupta,casey.gupta494@yahoo.com,32,56000.0,spender,tier2,2022-07-17,1.7226,0.75,0.8,0.4,0.12,2.3,[]
USR_0402,Emerson Martinez,emerson.martinez351@gmail.com,27,66000.0,spender,tier3,2023-12-30,1.5619,0.75,0.8,0.4,0.12,2.3,[]
USR_0403,Jessica Patel,jessica.patel288@outlook.com,51,27000.0,moderate,metro,2016-05-01,1.2543,0.65,0.5,0.7,0.06,1.8,[]
USR_0404,Alex Davis,alex.davis185@yahoo.com,29,53000.0,moderate,tier3,2018-05-08,0.7183,0.65,0.5,0.7,0.06,1.8,"[(2024, 7, 10)]"
USR_0405,Rohan Harris,rohan.harris759@hotmail.com,35,66000.0,conservative,tier3,2022-07-30,0.5607,0.55,0.35,0.8,0.04,1.5,[]
USR_0406,Finley White,finley.white5@outlook.com,45,79000.0,conservative,tier3,2022-04-17,0.5573,0.55,0.35,0.8,0.04,1.5,[]
USR_0407,Avery Kumar,avery.kumar452@hotmail.com,29,26000.0,occasional_splurger,metro,2017-11-25,0.8741,0.6,0.45,0.45,0.15,1.6,[]
USR_0408,Suresh Martin,suresh.martin689@yahoo.com,61,44000.0,moderate,metro,2017-11-24,1.3241,0.65,0.5,0.7,0.06,1.8,"[(2019, 2, 4)]"
USR_0409,Quinn Moore,quinn.moore70@outlook.com,44,42000.0,conservative,tier2,2018-05-15,0.6318,0.55,0.35,0.8,0.04,1.5,[]
USR_0410,Sarah Jones,sarah.jones309@outlook.com,45,60000.0,lifestyle,metro,2018-08-09,1.9027,0.7,0.7,0.55,0.08,2.0,[]
USR_0411,Jordan Taylor,jordan.taylor799@outlook.com,50,42000.0,moderate,tier3,2016-08-22,0.6307,0.65,0.5,0.7,0.06,1.8,"[(2020, 3, 4), (2021, 5, 6), (2021, 9, 10)]"
USR_0412,Swati Reddy,swati.reddy741@outlook.com,58,94000.0,moderate,metro,2017-02-15,1.2372,0.65,0.5,0.7,0.06,1.8,[]
USR_0413,Raj Reddy,raj.reddy985@yahoo.com,36,55000.0,moderate,tier3,2016-09-11,0.8104,0.65,0.5,0.7,0.06,1.8,[]
USR_0414,Finley Thompson,finley.thompson850@outlook.com,59,60000.0,spender,metro,2018-11-03,2.6067,0.75,0.8,0.4,0.12,2.3,[]
USR_0415,Sam Davis,sam.davis891@yahoo.com,44,98000.0,moderate,tier3,2016-09-19,0.7171,0.65,0.5,0.7,0.06,1.8,[]
USR_0416,Pooja Reddy,pooja.reddy826@gmail.com,28,46000.0,lifestyle,tier3,2022-07-15,0.915,0.7,0.7,0.55,0.08,2.0,"[(2023, 11, 12), (2024, 8, 9), (2022, 9, 10)]"
USR_0417,Kai Williams,kai.williams556@outlook.com,42,50000.0,conservative,tier2,2021-09-07,0.6802,0.55,0.35,0.8,0.04,1.5,[]
USR_0418,Varun Jackson,varun.jackson842@hotmail.com,42,48000.0,moderate,metro,2016-07-25,1.1621,0.65,0.5,0.7,0.06,1.8,[]
USR_0419,Aarav Agarwal,aarav.agarwal554@gmail.com,60,42000.0,moderate,tier3,2017-03-19,0.7141,0.65,0.5,0.7,0.06,1.8,[]
USR_0420,Varun Thomas,varun.thomas94@outlook.com,33,64000.0,moderate,metro,2016-05-17,1.3556,0.65,0.5,0.7,0.06,1.8,[]
USR_0421,Morgan Jones,morgan.jones782@gmail.com,28,97000.0,spender,metro,2016-10-16,2.4949,0.75,0.8,0.4,0.12,2.3,[]
USR_0422,Rahul Thomas,rahul.thomas532@hotmail.com,27,92000.0,moderate,metro,2016-04-28,1.4497,0.65,0.5,0.7,0.06,1.8,[]
USR_0423,Dakota Davis,dakota.davis673@outlook.com,60,95000.0,spender,tier2,2019-11-12,2.0662,0.75,0.8,0.4,0.12,2.3,[]
USR_0424,Priya Kumar,priya.kumar591@hotmail.com,42,32000.0,occasional_splurger,metro,2018-03-22,0.8878,0.6,0.45,0.45,0.15,1.6,[]
USR_0425,Kai Joshi,kai.joshi798@gmail.com,56,79000.0,lifestyle,tier3,2016-03-11,1.1033,0.7,0.7,0.55,0.08,2.0,[]
USR_0426,Jessica Davis,jessica.davis102@yahoo.com,59,66000.0,lifestyle,metro,2016-07-23,2.0485,0.7,0.7,0.55,0.08,2.0,[]
USR_0427,Chris Mehta,chris.mehta217@hotmail.com,22,50000.0,frugal,metro,2020-03-16,0.4693,0.45,0.2,0.85,0.02,1.2,"[(2024, 8, 11), (2024, 8, 10), (2023, 4, 7)]"
USR_0428,David Martin,david.martin709@gmail.com,50,51000.0,moderate,tier3,2020-10-17,0.5194,0.65,0.5,0.7,0.06,1.8,"[(2020, 6, 8), (2024, 6, 8)]"
USR_0429,Ashley Martin,ashley.martin353@outlook.com,21,49000.0,occasional_splurger,tier3,2021-03-05,0.5029,0.6,0.45,0.45,0.15,1.6,[]
USR_0430,Manish Wilson,manish.wilson607@gmail.com,49,36000.0,occasional_splurger,tier2,2017-01-27,0.8461,0.6,0.45,0.45,0.15,1.6,[]
USR_0431,Simran Sharma,simran.sharma45@gmail.com,55,37000.0,conservative,tier2,2020-04-10,0.7115,0.55,0.35,0.8,0.04,1.5,[]
USR_0432,Emily Joshi,emily.joshi766@outlook.com,59,16000.0,frugal,metro,2018-02-25,0.4635,0.45,0.2,0.85,0.02,1.2,[]
USR_0433,Lauren Thompson,lauren.thompson954@hotmail.com,49,71000.0,occasional_splurger,metro,2020-10-14,0.9212,0.6,0.45,0.45,0.15,1.6,[]
USR_0434,Emily Jackson,emily.jackson130@gmail.com,64,42000.0,moderate,metro,2018-04-05,1.1603,0.65,0.5,0.7,0.06,1.8,[]
USR_0435,Lauren Martinez,lauren.martinez649@yahoo.com,53,50000.0,moderate,tier3,2017-10-06,0.8201,0.65,0.5,0.7,0.06,1.8,[]
USR_0436,David Brown,david.brown758@gmail.com,30,36000.0,frugal,tier2,2016-11-25,0.3181,0.45,0.2,0.85,0.02,1.2,[]
USR_0437,Vikram Thomas,vikram.thomas376@outlook.com,45,57000.0,moderate,metro,2018-02-17,1.2451,0.65,0.5,0.7,0.06,1.8,[]
USR_0438,Anita Martinez,anita.martinez463@outlook.com,35,62000.0,spender,metro,2018-02-18,2.4156,0.75,0.8,0.4,0.12,2.3,[]
USR_0439,Sanjay Verma,sanjay.verma318@outlook.com,64,63000.0,lifestyle,tier2,2018-01-10,1.2012,0.7,0.7,0.55,0.08,2.0,[]
USR_0440,Pooja Garcia,pooja.garcia225@gmail.com,22,20000.0,frugal,metro,2019-07-28,0.5125,0.45,0.2,0.85,0.02,1.2,[]
USR_0441,Isha Thompson,isha.thompson217@gmail.com,38,44000.0,moderate,metro,2017-12-10,1.3023,0.65,0.5,0.7,0.06,1.8,[]
USR_0442,Rohan Kumar,rohan.kumar315@outlook.com,30,44000.0,moderate,metro,2017-07-09,1.1664,0.65,0.5,0.7,0.06,1.8,[]
USR_0443,Priya Johnson,priya.johnson109@outlook.com,37,72000.0,moderate,metro,2016-08-10,1.0655,0.65,0.5,0.7,0.06,1.8,[]
USR_0444,David Robinson,david.robinson732@gmail.com,23,26000.0,occasional_splurger,tier2,2025-02-24,0.7824,0.6,0.45,0.45,0.15,1.6,[]
USR_0445,Sanjay Brown,sanjay.brown930@yahoo.com,44,43000.0,conservative,tier2,2025-11-22,0.6217,0.55,0.35,0.8,0.04,1.5,[]
USR_0446,Ashley Patel,ashley.patel407@hotmail.com,25,85000.0,moderate,tier2,2019-02-11,1.1202,0.65,0.5,0.7,0.06,1.8,[]
USR_0447,David Singh,david.singh456@yahoo.com,42,96000.0,lifestyle,metro,2017-01-26,2.1913,0.7,0.7,0.55,0.08,2.0,[]
USR_0448,Casey Robinson,casey.robinson554@gmail.com,25,47000.0,spender,metro,2016-09-03,2.1043,0.75,0.8,0.4,0.12,2.3,"[(2024, 2, 5), (2023, 6, 8)]"
USR_0449,Ashley Williams,ashley.williams587@yahoo.com,25,90000.0,lifestyle,metro,2020-04-25,2.2587,0.7,0.7,0.55,0.08,2.0,[]
USR_0450,Sam Thompson,sam.thompson923@outlook.com,35,101000.0,moderate,metro,2018-05-26,1.2936,0.65,0.5,0.7,0.06,1.8,[]
USR_0451,Isha Gupta,isha.gupta985@hotmail.com,60,47000.0,conservative,metro,2021-10-17,0.7466,0.55,0.35,0.8,0.04,1.5,[]
USR_0452,Karan Mehta,karan.mehta538@hotmail.com,28,51000.0,conservative,metro,2024-08-30,0.9185,0.55,0.35,0.8,0.04,1.5,[]
USR_0453,Casey Jones,casey.jones912@hotmail.com,22,69000.0,spender,metro,2017-07-24,2.6941,0.75,0.8,0.4,0.12,2.3,[]
USR_0454,Megan Robinson,megan.robinson910@gmail.com,42,35000.0,conservative,metro,2019-04-26,0.739,0.55,0.35,0.8,0.04,1.5,[]
USR_0455,Suresh Gupta,suresh.gupta573@hotmail.com,33,36000.0,conservative,tier2,2018-05-19,0.6168,0.55,0.35,0.8,0.04,1.5,[]
USR_0456,Finley Davis,finley.davis400@hotmail.com,26,111000.0,lifestyle,metro,2019-11-16,1.8375,0.7,0.7,0.55,0.08,2.0,[]
USR_0457,Sage Harris,sage.harris278@outlook.com,46,29000.0,lifestyle,tier2,2019-06-09,1.2068,0.7,0.7,0.55,0.08,2.0,"[(2024, 9, 12), (2020, 8, 9)]"
USR_0458,Hayden Miller,hayden.miller930@gmail.com,22,43000.0,frugal,metro,2019-06-22,0.4224,0.45,0.2,0.85,0.02,1.2,[]
USR_0459,Pooja Thompson,pooja.thompson562@gmail.com,24,96000.0,lifestyle,tier3,2019-11-20,1.2028,0.7,0.7,0.55,0.08,2.0,[]
USR_0460,Amanda Harris,amanda.harris639@outlook.com,40,72000.0,conservative,tier3,2017-01-27,0.5697,0.55,0.35,0.8,0.04,1.5,[]
USR_0461,Casey Miller,casey.miller111@yahoo.com,36,52000.0,lifestyle,metro,2020-12-05,1.5697,0.7,0.7,0.55,0.08,2.0,[]
USR_0462,Manish Anderson,manish.anderson528@yahoo.com,21,49000.0,conservative,tier3,2020-06-10,0.4878,0.55,0.35,0.8,0.04,1.5,"[(2022, 8, 10), (2023, 4, 6)]"
USR_0463,Suresh Smith,suresh.smith741@outlook.com,45,44000.0,occasional_splurger,metro,2019-02-20,0.8763,0.6,0.45,0.45,0.15,1.6,"[(2020, 2, 5), (2024, 8, 10), (2023, 8, 10)]"
USR_0464,Reese Martin,reese.martin5@outlook.com,40,48000.0,conservative,metro,2017-10-19,0.9284,0.55,0.35,0.8,0.04,1.5,"[(2017, 8, 11), (2019, 7, 9)]"
USR_0465,Varun Gupta,varun.gupta984@gmail.com,35,37000.0,lifestyle,metro,2019-07-16,1.2675,0.7,0.7,0.55,0.08,2.0,[]
USR_0466,Rowan Johnson,rowan.johnson236@hotmail.com,51,29000.0,frugal,metro,2021-02-07,0.4548,0.45,0.2,0.85,0.02,1.2,[]
USR_0467,Jamie Mehta,jamie.mehta642@outlook.com,27,40000.0,moderate,tier2,2017-02-03,1.1557,0.65,0.5,0.7,0.06,1.8,[]
USR_0468,Priya White,priya.white607@outlook.com,61,60000.0,spender,metro,2018-07-26,2.5711,0.75,0.8,0.4,0.12,2.3,[]
USR_0469,Kavya Verma,kavya.verma597@hotmail.com,57,76000.0,lifestyle,metro,2017-01-27,1.7966,0.7,0.7,0.55,0.08,2.0,[]
USR_0470,Emerson Williams,emerson.williams650@gmail.com,38,54000.0,spender,metro,2020-09-12,2.1404,0.75,0.8,0.4,0.12,2.3,[]
USR_0471,Hayden Miller,hayden.miller723@gmail.com,42,72000.0,moderate,metro,2023-06-06,1.3175,0.65,0.5,0.7,0.06,1.8,[]
USR_0472,Casey Joshi,casey.joshi239@gmail.com,58,69000.0,conservative,tier2,2016-06-19,0.789,0.55,0.35,0.8,0.04,1.5,[]
USR_0473,Morgan Garcia,morgan.garcia205@yahoo.com,56,104000.0,lifestyle,tier2,2018-12-12,1.312,0.7,0.7,0.55,0.08,2.0,[]
USR_0474,Simran Martin,simran.martin390@hotmail.com,39,40000.0,occasional_splurger,tier3,2018-05-10,0.5972,0.6,0.45,0.45,0.15,1.6,[]
USR_0475,Raj Martinez,raj.martinez952@gmail.com,33,30000.0,frugal,metro,2024-09-16,0.5193,0.45,0.2,0.85,0.02,1.2,[]
USR_0476,Ashley Mehta,ashley.mehta710@outlook.com,27,88000.0,lifestyle,tier2,2016-10-16,1.5433,0.7,0.7,0.55,0.08,2.0,[]
USR_0477,Varun Wilson,varun.wilson656@gmail.com,50,36000.0,occasional_splurger,metro,2019-09-03,1.0227,0.6,0.45,0.45,0.15,1.6,[]
USR_0478,Kai Joshi,kai.joshi650@gmail.com,39,49000.0,conservative,tier2,2017-07-15,0.5383,0.55,0.35,0.8,0.04,1.5,[]
USR_0479,Rohan Joshi,rohan.joshi541@yahoo.com,20,31000.0,conservative,tier2,2020-03-23,0.628,0.55,0.35,0.8,0.04,1.5,"[(2024, 4, 7)]"
USR_0480,David Kumar,david.kumar691@gmail.com,24,41000.0,occasional_splurger,metro,2020-07-31,0.9945,0.6,0.45,0.45,0.15,1.6,"[(2024, 1, 4), (2021, 8, 11)]"
USR_0481,Ananya Patel,ananya.patel376@gmail.com,44,62000.0,lifestyle,tier3,2016-09-23,0.906,0.7,0.7,0.55,0.08,2.0,[]
USR_0482,Nisha Taylor,nisha.taylor34@outlook.com,32,71000.0,occasional_splurger,metro,2020-06-21,1.0885,0.6,0.45,0.45,0.15,1.6,[]
USR_0483,Aarav Mehta,aarav.mehta354@hotmail.com,33,33000.0,spender,metro,2016-10-15,2.3508,0.75,0.8,0.4,0.12,2.3,[]
USR_0484,Riley Garcia,riley.garcia465@yahoo.com,23,37000.0,conservative,metro,2025-05-24,0.8446,0.55,0.35,0.8,0.04,1.5,[]
USR_0485,Sam Patel,sam.patel690@gmail.com,20,82000.0,occasional_splurger,metro,2016-10-20,0.942,0.6,0.45,0.45,0.15,1.6,"[(2018, 1, 3), (2021, 1, 2), (2023, 11, 12)]"
USR_0486,Daniel Anderson,daniel.anderson174@outlook.com,22,51000.0,frugal,tier2,2025-06-20,0.3534,0.45,0.2,0.85,0.02,1.2,[]
USR_0487,Dakota Anderson,dakota.anderson5@gmail.com,24,107000.0,lifestyle,metro,2024-02-15,1.8715,0.7,0.7,0.55,0.08,2.0,[]
USR_0488,Priya Patel,priya.patel989@gmail.com,41,33000.0,conservative,tier2,2020-08-23,0.5127,0.55,0.35,0.8,0.04,1.5,[]
USR_0489,Nikhil Moore,nikhil.moore27@gmail.com,45,50000.0,spender,metro,2020-05-05,2.8816,0.75,0.8,0.4,0.12,2.3,[]
USR_0490,Ashley Kumar,ashley.kumar564@gmail.com,44,92000.0,lifestyle,metro,2023-12-30,1.6645,0.7,0.7,0.55,0.08,2.0,[]
USR_0491,Emerson Davis,emerson.davis927@hotmail.com,56,81000.0,lifestyle,tier3,2016-01-06,0.9883,0.7,0.7,0.55,0.08,2.0,"[(2018, 1, 2), (2018, 7, 9)]"
USR_0492,Chris Smith,chris.smith174@outlook.com,37,19000.0,frugal,metro,2021-06-12,0.3354,0.45,0.2,0.85,0.02,1.2,[]
USR_0493,Jordan Moore,jordan.moore13@hotmail.com,58,40000.0,moderate,metro,2017-07-12,1.1948,0.65,0.5,0.7,0.06,1.8,[]
USR_0494,Nikhil Anderson,nikhil.anderson188@gmail.com,31,43000.0,conservative,tier3,2021-09-09,0.5042,0.55,0.35,0.8,0.04,1.5,[]
USR_0495,Megan Agarwal,megan.agarwal439@gmail.com,31,55000.0,lifestyle,metro,2018-09-24,1.9272,0.7,0.7,0.55,0.08,2.0,[]
USR_0496,Manish Martinez,manish.martinez242@yahoo.com,23,29000.0,frugal,metro,2017-09-01,0.4366,0.45,0.2,0.85,0.02,1.2,[]
USR_0497,Robert White,robert.white300@gmail.com,62,35000.0,conservative,tier3,2019-01-08,0.4318,0.55,0.35,0.8,0.04,1.5,"[(2024, 5, 6)]"
USR_0498,Pooja Jones,pooja.jones122@hotmail.com,23,46000.0,conservative,tier3,2018-12-30,0.5401,0.55,0.35,0.8,0.04,1.5,[]
USR_0499,Rahul Kumar,rahul.kumar102@hotmail.com,49,30000.0,conservative,tier2,2019-02-04,0.7536,0.55,0.35,0.8,0.04,1.5,[]
USR_0500,Pooja Kumar,pooja.kumar15@yahoo.com,32,20000.0,frugal,metro,2017-07-28,0.4397,0.45,0.2,0.85,0.02,1.2,[]
USR_0501,Morgan Mehta,morgan.mehta140@hotmail.com,63,28000.0,conservative,metro,2019-05-04,0.7388,0.55,0.35,0.8,0.04,1.5,[]
USR_0502,Jessica Harris,jessica.harris180@yahoo.com,63,59000.0,lifestyle,tier2,2018-11-04,1.3714,0.7,0.7,0.55,0.08,2.0,[]
USR_0503,Daniel Patel,daniel.patel276@gmail.com,47,55000.0,conservative,metro,2016-10-23,0.9197,0.55,0.35,0.8,0.04,1.5,[]
USR_0504,Rahul Kumar,rahul.kumar133@yahoo.com,22,93000.0,lifestyle,tier2,2017-08-26,1.3031,0.7,0.7,0.55,0.08,2.0,[]
USR_0505,Sarah Sharma,sarah.sharma965@yahoo.com,43,105000.0,lifestyle,tier2,2018-07-29,1.332,0.7,0.7,0.55,0.08,2.0,[]
USR_0506,James Mehta,james.mehta446@yahoo.com,53,43000.0,moderate,metro,2025-12-23,1.0449,0.65,0.5,0.7,0.06,1.8,[]
USR_0507,Ananya Jones,ananya.jones599@yahoo.com,61,58000.0,lifestyle,metro,2024-01-13,1.7179,0.7,0.7,0.55,0.08,2.0,[]
USR_0508,Ritu Joshi,ritu.joshi485@gmail.com,21,78000.0,occasional_splurger,tier2,2020-10-07,0.7845,0.6,0.45,0.45,0.15,1.6,"[(2023, 10, 12)]"
USR_0509,Pooja Robinson,pooja.robinson434@hotmail.com,55,33000.0,frugal,metro,2021-08-06,0.4515,0.45,0.2,0.85,0.02,1.2,[]
USR_0510,Neha Martin,neha.martin886@outlook.com,51,75000.0,lifestyle,tier3,2016-12-19,0.9052,0.7,0.7,0.55,0.08,2.0,"[(2019, 3, 4)]"
USR_0511,Priya Brown,priya.brown366@gmail.com,50,39000.0,occasional_splurger,metro,2018-10-11,1.0917,0.6,0.45,0.45,0.15,1.6,"[(2022, 11, 12), (2021, 2, 5), (2019, 1, 2)]"
USR_0512,Rohan Smith,rohan.smith741@hotmail.com,34,74000.0,spender,metro,2016-08-28,2.5394,0.75,0.8,0.4,0.12,2.3,[]
USR_0513,Lauren Gupta,lauren.gupta589@hotmail.com,39,22000.0,frugal,tier2,2017-11-21,0.3881,0.45,0.2,0.85,0.02,1.2,[]
USR_0514,Priya Mehta,priya.mehta200@yahoo.com,54,19000.0,frugal,metro,2017-09-03,0.5025,0.45,0.2,0.85,0.02,1.2,[]
USR_0515,Lauren Martin,lauren.martin318@gmail.com,44,44000.0,moderate,tier2,2019-04-04,0.6781,0.65,0.5,0.7,0.06,1.8,[]
USR_0516,Ashley Anderson,ashley.anderson329@outlook.com,34,47000.0,moderate,metro,2016-07-23,1.251,0.65,0.5,0.7,0.06,1.8,[]
USR_0517,Rahul Sharma,rahul.sharma163@yahoo.com,42,70000.0,moderate,tier3,2018-02-01,0.8655,0.65,0.5,0.7,0.06,1.8,[]
USR_0518,Pooja Martinez,pooja.martinez34@yahoo.com,41,68000.0,frugal,tier3,2022-08-21,0.3075,0.45,0.2,0.85,0.02,1.2,[]
USR_0519,Rohan Martinez,rohan.martinez548@hotmail.com,42,33000.0,occasional_splurger,tier2,2018-03-08,0.7435,0.6,0.45,0.45,0.15,1.6,[]
USR_0520,Isha Robinson,isha.robinson649@gmail.com,62,70000.0,conservative,metro,2020-10-20,0.8234,0.55,0.35,0.8,0.04,1.5,[]
USR_0521,Meera Jones,meera.jones647@hotmail.com,52,44000.0,occasional_splurger,metro,2022-02-05,0.8835,0.6,0.45,0.45,0.15,1.6,"[(2024, 9, 10), (2022, 2, 4)]"
USR_0522,Avery Harris,avery.harris412@outlook.com,21,56000.0,moderate,tier3,2017-02-09,0.6801,0.65,0.5,0.7,0.06,1.8,[]
USR_0523,Daniel Miller,daniel.miller511@outlook.com,55,56000.0,moderate,metro,2017-05-11,1.3892,0.65,0.5,0.7,0.06,1.8,[]
USR_0524,Sam Patel,sam.patel65@hotmail.com,20,39000.0,conservative,tier2,2022-07-16,0.7503,0.55,0.35,0.8,0.04,1.5,"[(2023, 10, 12), (2024, 7, 9)]"
USR_0525,Nisha Smith,nisha.smith528@outlook.com,23,48000.0,conservative,tier2,2022-11-11,0.6096,0.55,0.35,0.8,0.04,1.5,[]
USR_0526,Simran Miller,simran.miller900@hotmail.com,22,36000.0,occasional_splurger,tier3,2017-02-02,0.562,0.6,0.45,0.45,0.15,1.6,[]
USR_0527,Divya Brown,divya.brown8@outlook.com,64,32000.0,frugal,tier2,2017-03-04,0.445,0.45,0.2,0.85,0.02,1.2,[]
USR_0528,Arjun Thompson,arjun.thompson149@yahoo.com,46,27000.0,conservative,metro,2020-02-15,0.7269,0.55,0.35,0.8,0.04,1.5,[]
USR_0529,Avery Harris,avery.harris559@outlook.com,62,39000.0,lifestyle,metro,2016-02-20,1.5312,0.7,0.7,0.55,0.08,2.0,[]
USR_0530,Rohan Garcia,rohan.garcia31@gmail.com,18,34000.0,occasional_splurger,tier2,2021-06-18,0.703,0.6,0.45,0.45,0.15,1.6,[]
USR_0531,Aarav Thomas,aarav.thomas750@gmail.com,34,65000.0,moderate,tier2,2019-07-23,0.8817,0.65,0.5,0.7,0.06,1.8,[]
USR_0532,Avery Brown,avery.brown503@yahoo.com,55,23000.0,conservative,metro,2018-12-28,0.7966,0.55,0.35,0.8,0.04,1.5,"[(2020, 1, 2), (2023, 10, 12)]"
USR_0533,Ritu Williams,ritu.williams908@gmail.com,50,26000.0,moderate,tier2,2019-02-01,0.862,0.65,0.5,0.7,0.06,1.8,[]
USR_0534,Rowan Miller,rowan.miller547@outlook.com,61,30000.0,moderate,tier2,2020-11-30,0.7497,0.65,0.5,0.7,0.06,1.8,[]
USR_0535,Kavya Martinez,kavya.martinez855@outlook.com,55,69000.0,lifestyle,tier2,2016-07-13,1.2045,0.7,0.7,0.55,0.08,2.0,[]
USR_0536,Divya Johnson,divya.johnson416@hotmail.com,46,67000.0,spender,tier2,2018-01-08,1.9677,0.75,0.8,0.4,0.12,2.3,[]
USR_0537,Megan Sharma,megan.sharma566@outlook.com,46,84000.0,moderate,metro,2021-09-21,1.3148,0.65,0.5,0.7,0.06,1.8,[]
USR_0538,William Thomas,william.thomas124@hotmail.com,41,148000.0,lifestyle,metro,2025-01-19,1.4881,0.7,0.7,0.55,0.08,2.0,[]
USR_0539,Amanda Kumar,amanda.kumar543@hotmail.com,61,62000.0,occasional_splurger,tier2,2018-10-01,0.7303,0.6,0.45,0.45,0.15,1.6,[]
USR_0540,Quinn Davis,quinn.davis990@yahoo.com,53,66000.0,spender,metro,2016-06-10,2.6781,0.75,0.8,0.4,0.12,2.3,[]
USR_0541,Sarah Robinson,sarah.robinson17@gmail.com,63,36000.0,conservative,tier3,2016-09-09,0.4837,0.55,0.35,0.8,0.04,1.5,"[(2016, 3, 5), (2018, 10, 11), (2024, 9, 12)]"
USR_0542,Sam Wilson,sam.wilson811@gmail.com,40,126000.0,lifestyle,tier2,2017-05-19,1.348,0.7,0.7,0.55,0.08,2.0,[]
USR_0543,Sage Gupta,sage.gupta330@outlook.com,43,37000.0,spender,tier2,2018-06-16,1.8081,0.75,0.8,0.4,0.12,2.3,[]
USR_0544,Sneha Martin,sneha.martin646@outlook.com,40,23000.0,occasional_splurger,metro,2017-08-08,0.8364,0.6,0.45,0.45,0.15,1.6,[]
USR_0545,Quinn Miller,quinn.miller924@outlook.com,19,33000.0,moderate,metro,2018-09-13,1.2363,0.65,0.5,0.7,0.06,1.8,[]
USR_0546,Sage Agarwal,sage.agarwal293@hotmail.com,47,57000.0,lifestyle,tier2,2021-10-03,1.1175,0.7,0.7,0.55,0.08,2.0,[]
USR_0547,Blake Agarwal,blake.agarwal761@hotmail.com,44,72000.0,spender,tier2,2017-05-25,1.8933,0.75,0.8,0.4,0.12,2.3,[]
USR_0548,Karan Harris,karan.harris422@yahoo.com,24,61000.0,moderate,metro,2020-11-10,1.1933,0.65,0.5,0.7,0.06,1.8,[]
USR_0549,Riley Wilson,riley.wilson722@yahoo.com,47,27000.0,frugal,tier2,2021-08-03,0.3255,0.45,0.2,0.85,0.02,1.2,[]
USR_0550,Raj Joshi,raj.joshi445@hotmail.com,61,51000.0,moderate,tier2,2017-07-07,1.0491,0.65,0.5,0.7,0.06,1.8,[]
USR_0551,Rahul Wilson,rahul.wilson868@outlook.com,30,100000.0,spender,metro,2024-06-27,2.6806,0.75,0.8,0.4,0.12,2.3,[]
USR_0552,Aarav Davis,aarav.davis985@gmail.com,59,54000.0,moderate,metro,2024-02-01,1.1592,0.65,0.5,0.7,0.06,1.8,[]
USR_0553,Isha Reddy,isha.reddy226@yahoo.com,29,21000.0,frugal,metro,2017-07-05,0.407,0.45,0.2,0.85,0.02,1.2,[]
USR_0554,Robert Anderson,robert.anderson440@yahoo.com,48,131000.0,lifestyle,tier3,2016-09-01,1.0613,0.7,0.7,0.55,0.08,2.0,[]
USR_0555,Amanda Thomas,amanda.thomas451@gmail.com,41,39000.0,conservative,tier3,2020-01-07,0.4604,0.55,0.35,0.8,0.04,1.5,[]
USR_0556,Emerson Taylor,emerson.taylor143@gmail.com,57,65000.0,moderate,tier3,2016-06-07,0.6837,0.65,0.5,0.7,0.06,1.8,[]
USR_0557,Sanjay Mehta,sanjay.mehta62@outlook.com,54,37000.0,occasional_splurger,tier2,2016-12-08,0.627,0.6,0.45,0.45,0.15,1.6,[]
USR_0558,Sam Sharma,sam.sharma114@hotmail.com,56,60000.0,spender,tier2,2016-09-29,2.2538,0.75,0.8,0.4,0.12,2.3,[]
USR_0559,Amit Joshi,amit.joshi247@yahoo.com,31,28000.0,frugal,tier2,2017-05-06,0.3682,0.45,0.2,0.85,0.02,1.2,[]
USR_0560,Morgan Mehta,morgan.mehta871@gmail.com,58,63000.0,conservative,metro,2016-08-30,0.8401,0.55,0.35,0.8,0.04,1.5,[]
USR_0561,Ananya Garcia,ananya.garcia907@yahoo.com,43,26000.0,moderate,tier3,2020-02-17,0.7053,0.65,0.5,0.7,0.06,1.8,[]
USR_0562,Divya Singh,divya.singh968@yahoo.com,59,102000.0,conservative,metro,2019-03-07,0.997,0.55,0.35,0.8,0.04,1.5,[]
USR_0563,Nikhil Garcia,nikhil.garcia790@hotmail.com,52,40000.0,moderate,tier2,2017-06-24,0.883,0.65,0.5,0.7,0.06,1.8,[]
USR_0564,Ananya Jackson,ananya.jackson2@gmail.com,59,47000.0,moderate,metro,2018-02-04,0.9103,0.65,0.5,0.7,0.06,1.8,[]
USR_0565,Arjun Johnson,arjun.johnson951@outlook.com,53,145000.0,moderate,metro,2017-10-27,1.3984,0.65,0.5,0.7,0.06,1.8,[]
USR_0566,Riley Miller,riley.miller238@hotmail.com,46,54000.0,frugal,tier2,2018-01-30,0.3406,0.45,0.2,0.85,0.02,1.2,[]
USR_0567,Priya Williams,priya.williams573@hotmail.com,40,21000.0,conservative,metro,2016-03-29,0.821,0.55,0.35,0.8,0.04,1.5,[]
USR_0568,Avery Brown,avery.brown881@outlook.com,50,51000.0,conservative,metro,2022-08-29,0.9594,0.55,0.35,0.8,0.04,1.5,"[(2023, 7, 9)]"
USR_0569,Morgan Thompson,morgan.thompson831@yahoo.com,45,48000.0,lifestyle,tier3,2021-08-09,1.0784,0.7,0.7,0.55,0.08,2.0,[]
USR_0570,Robert Davis,robert.davis675@hotmail.com,52,48000.0,occasional_splurger,tier2,2018-02-17,0.7809,0.6,0.45,0.45,0.15,1.6,[]
USR_0571,Hayden Miller,hayden.miller709@gmail.com,58,35000.0,spender,tier2,2024-02-08,1.9151,0.75,0.8,0.4,0.12,2.3,[]
USR_0572,Rowan Agarwal,rowan.agarwal729@hotmail.com,53,88000.0,occasional_splurger,tier2,2017-02-15,0.7801,0.6,0.45,0.45,0.15,1.6,[]
USR_0573,Manish Brown,manish.brown189@gmail.com,55,93000.0,lifestyle,tier2,2018-09-04,1.5295,0.7,0.7,0.55,0.08,2.0,[]
USR_0574,Dakota Thompson,dakota.thompson762@yahoo.com,58,30000.0,frugal,tier2,2016-11-09,0.3522,0.45,0.2,0.85,0.02,1.2,[]
USR_0575,Manish Moore,manish.moore464@yahoo.com,53,30000.0,frugal,tier2,2017-02-27,0.4141,0.45,0.2,0.85,0.02,1.2,"[(2018, 10, 12), (2021, 9, 10)]"
USR_0576,Riya Robinson,riya.robinson476@yahoo.com,34,56000.0,conservative,tier3,2016-05-10,0.5476,0.55,0.35,0.8,0.04,1.5,[]
USR_0577,Riley Verma,riley.verma337@gmail.com,37,46000.0,conservative,metro,2019-08-28,0.8884,0.55,0.35,0.8,0.04,1.5,"[(2023, 5, 8)]"
USR_0578,Daniel Harris,daniel.harris469@hotmail.com,49,56000.0,occasional_splurger,tier3,2018-07-15,0.4842,0.6,0.45,0.45,0.15,1.6,"[(2018, 8, 9), (2022, 4, 5)]"
USR_0579,Morgan Taylor,morgan.taylor85@yahoo.com,56,32000.0,lifestyle,metro,2024-01-10,1.5311,0.7,0.7,0.55,0.08,2.0,"[(2024, 3, 6)]"
USR_0580,Rohan Martinez,rohan.martinez527@gmail.com,57,29000.0,conservative,tier2,2017-08-19,0.6207,0.55,0.35,0.8,0.04,1.5,[]
USR_0581,Suresh Harris,suresh.harris154@gmail.com,50,64000.0,lifestyle,metro,2019-11-13,2.0642,0.7,0.7,0.55,0.08,2.0,[]
USR_0582,Aarav Joshi,aarav.joshi132@gmail.com,44,91000.0,lifestyle,tier2,2016-11-20,1.31,0.7,0.7,0.55,0.08,2.0,[]
USR_0583,Priya Brown,priya.brown665@hotmail.com,30,54000.0,conservative,metro,2024-02-03,0.9446,0.55,0.35,0.8,0.04,1.5,"[(2024, 11, 12), (2024, 10, 11)]"
USR_0584,Sage Miller,sage.miller222@gmail.com,47,67000.0,lifestyle,tier2,2018-02-16,1.4917,0.7,0.7,0.55,0.08,2.0,[]
USR_0585,Anita Harris,anita.harris840@outlook.com,21,73000.0,moderate,metro,2019-08-18,1.1538,0.65,0.5,0.7,0.06,1.8,[]
USR_0586,Swati Miller,swati.miller286@yahoo.com,54,102000.0,moderate,metro,2017-07-06,1.3273,0.65,0.5,0.7,0.06,1.8,[]
USR_0587,James White,james.white413@outlook.com,46,153000.0,occasional_splurger,tier2,2017-04-23,0.7843,0.6,0.45,0.45,0.15,1.6,[]
USR_0588,Morgan White,morgan.white436@yahoo.com,40,49000.0,moderate,tier2,2020-02-28,0.8467,0.65,0.5,0.7,0.06,1.8,[]
USR_0589,William Johnson,william.johnson731@outlook.com,21,66000.0,lifestyle,tier2,2017-01-12,1.6085,0.7,0.7,0.55,0.08,2.0,[]
USR_0590,Drew Johnson,drew.johnson845@yahoo.com,51,51000.0,conservative,metro,2019-06-01,0.7159,0.55,0.35,0.8,0.04,1.5,[]
USR_0591,Manish Brown,manish.brown82@gmail.com,24,61000.0,conservative,tier3,2016-02-10,0.5339,0.55,0.35,0.8,0.04,1.5,[]
USR_0592,Jessica Mehta,jessica.mehta278@outlook.com,40,48000.0,lifestyle,metro,2017-02-19,1.6202,0.7,0.7,0.55,0.08,2.0,[]
USR_0593,Swati Gupta,swati.gupta112@hotmail.com,24,48000.0,lifestyle,tier2,2025-12-18,0.9873,0.7,0.7,0.55,0.08,2.0,[]
USR_0594,Riya Sharma,riya.sharma815@yahoo.com,23,112000.0,moderate,metro,2020-07-15,1.3286,0.65,0.5,0.7,0.06,1.8,[]
USR_0595,Sneha Wilson,sneha.wilson985@gmail.com,59,47000.0,occasional_splurger,tier2,2023-12-05,0.7047,0.6,0.45,0.45,0.15,1.6,[]
USR_0596,James Davis,james.davis711@outlook.com,57,33000.0,conservative,metro,2023-10-29,0.8191,0.55,0.35,0.8,0.04,1.5,[]
USR_0597,Nisha Miller,nisha.miller192@yahoo.com,19,67000.0,lifestyle,metro,2021-09-23,1.8522,0.7,0.7,0.55,0.08,2.0,[]
USR_0598,Arjun Harris,arjun.harris458@hotmail.com,24,111000.0,lifestyle,tier2,2018-12-13,1.5161,0.7,0.7,0.55,0.08,2.0,[]
USR_0599,James Joshi,james.joshi386@outlook.com,19,106000.0,spender,tier2,2017-05-21,2.1178,0.75,0.8,0.4,0.12,2.3,[]
USR_0600,Casey Williams,casey.williams489@gmail.com,36,60000.0,moderate,tier2,2022-08-24,1.0731,0.65,0.5,0.7,0.06,1.8,[]
USR_0601,Kavya Reddy,kavya.reddy536@outlook.com,21,80000.0,conservative,tier3,2016-07-29,0.5369,0.55,0.35,0.8,0.04,1.5,[]
USR_0602,Isha Davis,isha.davis702@gmail.com,56,29000.0,occasional_splurger,tier2,2018-07-30,0.7828,0.6,0.45,0.45,0.15,1.6,"[(2023, 11, 12), (2021, 3, 6)]"
USR_0603,Megan White,megan.white94@yahoo.com,31,135000.0,conservative,metro,2016-10-15,0.803,0.55,0.35,0.8,0.04,1.5,[]
USR_0604,Kavya Thompson,kavya.thompson322@gmail.com,21,39000.0,conservative,tier2,2016-05-14,0.6165,0.55,0.35,0.8,0.04,1.5,[]
USR_0605,Ritu Moore,ritu.moore943@hotmail.com,23,40000.0,spender,metro,2016-04-10,1.9441,0.75,0.8,0.4,0.12,2.3,[]
USR_0606,Daniel Singh,daniel.singh59@yahoo.com,51,65000.0,moderate,tier3,2017-06-11,0.864,0.65,0.5,0.7,0.06,1.8,[]
USR_0607,Anita Smith,anita.smith91@yahoo.com,64,18000.0,frugal,tier2,2016-08-29,0.3497,0.45,0.2,0.85,0.02,1.2,[]
USR_0608,Robert Gupta,robert.gupta990@outlook.com,41,33000.0,moderate,metro,2016-11-03,1.3928,0.65,0.5,0.7,0.06,1.8,[]
USR_0609,Ananya Anderson,ananya.anderson493@hotmail.com,60,31000.0,frugal,metro,2016-05-08,0.4922,0.45,0.2,0.85,0.02,1.2,"[(2021, 7, 9), (2024, 6, 9), (2019, 11, 12)]"
USR_0610,Aarav Johnson,aarav.johnson218@gmail.com,48,31000.0,moderate,tier2,2016-12-14,0.8507,0.65,0.5,0.7,0.06,1.8,[]
USR_0611,Kai Miller,kai.miller423@outlook.com,40,43000.0,moderate,tier3,2017-06-27,0.7219,0.65,0.5,0.7,0.06,1.8,[]
USR_0612,Reese Brown,reese.brown717@yahoo.com,21,24000.0,conservative,metro,2016-10-06,0.6987,0.55,0.35,0.8,0.04,1.5,[]
USR_0613,Reese Mehta,reese.mehta538@outlook.com,62,184000.0,lifestyle,metro,2018-07-25,2.0671,0.7,0.7,0.55,0.08,2.0,"[(2021, 3, 5), (2022, 3, 6)]"
USR_0614,Nikhil Reddy,nikhil.reddy994@gmail.com,26,35000.0,conservative,metro,2023-12-12,0.7868,0.55,0.35,0.8,0.04,1.5,[]
USR_0615,Jessica Harris,jessica.harris452@hotmail.com,29,30000.0,frugal,tier2,2020-07-30,0.3214,0.45,0.2,0.85,0.02,1.2,[]
USR_0616,Ritu Garcia,ritu.garcia732@hotmail.com,22,29000.0,conservative,metro,2024-05-16,0.8912,0.55,0.35,0.8,0.04,1.5,"[(2024, 5, 6)]"
USR_0617,James Johnson,james.johnson510@gmail.com,46,84000.0,lifestyle,tier2,2019-09-30,1.5755,0.7,0.7,0.55,0.08,2.0,[]
USR_0618,Daniel Mehta,daniel.mehta820@hotmail.com,34,60000.0,moderate,metro,2017-10-21,1.0572,0.65,0.5,0.7,0.06,1.8,"[(2019, 9, 10), (2019, 8, 9), (2020, 4, 7)]"
USR_0619,Morgan Anderson,morgan.anderson923@hotmail.com,42,64000.0,spender,metro,2017-02-24,2.0443,0.75,0.8,0.4,0.12,2.3,[]
USR_0620,Neha Thomas,neha.thomas441@hotmail.com,40,67000.0,conservative,metro,2020-01-09,0.8946,0.55,0.35,0.8,0.04,1.5,[]
USR_0621,Blake Agarwal,blake.agarwal293@yahoo.com,48,94000.0,moderate,metro,2017-11-26,0.9448,0.65,0.5,0.7,0.06,1.8,[]
USR_0622,Morgan Gupta,morgan.gupta449@outlook.com,62,43000.0,spender,tier3,2016-06-26,1.3159,0.75,0.8,0.4,0.12,2.3,[]
USR_0623,Alex Thompson,alex.thompson181@hotmail.com,52,54000.0,lifestyle,metro,2019-10-23,1.4938,0.7,0.7,0.55,0.08,2.0,[]
USR_0624,Avery Williams,avery.williams437@outlook.com,36,63000.0,moderate,metro,2019-03-01,1.2311,0.65,0.5,0.7,0.06,1.8,[]
USR_0625,Swati Joshi,swati.joshi728@gmail.com,25,54000.0,conservative,tier2,2018-11-23,0.6767,0.55,0.35,0.8,0.04,1.5,[]
USR_0626,Riya Kumar,riya.kumar671@gmail.com,32,38000.0,occasional_splurger,tier2,2016-05-29,0.5298,0.6,0.45,0.45,0.15,1.6,[]
USR_0627,Simran Verma,simran.verma323@gmail.com,38,77000.0,lifestyle,tier3,2019-07-29,1.0247,0.7,0.7,0.55,0.08,2.0,[]
USR_0628,Ashley Taylor,ashley.taylor439@outlook.com,45,62000.0,lifestyle,tier3,2017-05-23,1.1126,0.7,0.7,0.55,0.08,2.0,[]
USR_0629,Sam Wilson,sam.wilson914@yahoo.com,63,100000.0,occasional_splurger,metro,2017-06-24,0.9988,0.6,0.45,0.45,0.15,1.6,[]
USR_0630,Divya White,divya.white318@yahoo.com,42,65000.0,spender,tier2,2019-04-18,1.9657,0.75,0.8,0.4,0.12,2.3,[]
USR_0631,James Miller,james.miller797@outlook.com,42,50000.0,spender,metro,2017-11-04,2.1295,0.75,0.8,0.4,0.12,2.3,[]
USR_0632,Quinn Jones,quinn.jones560@hotmail.com,59,63000.0,occasional_splurger,metro,2023-06-21,0.8498,0.6,0.45,0.45,0.15,1.6,[]
USR_0633,Ritu Gupta,ritu.gupta509@yahoo.com,20,65000.0,lifestyle,tier2,2018-08-14,1.2896,0.7,0.7,0.55,0.08,2.0,[]
USR_0634,Chris Johnson,chris.johnson1@outlook.com,18,61000.0,spender,tier2,2016-02-18,1.7463,0.75,0.8,0.4,0.12,2.3,[]
USR_0635,Varun Kumar,varun.kumar690@hotmail.com,38,65000.0,moderate,tier2,2018-01-12,0.732,0.65,0.5,0.7,0.06,1.8,[]
USR_0636,James Jones,james.jones717@outlook.com,38,64000.0,conservative,tier2,2016-01-09,0.8089,0.55,0.35,0.8,0.04,1.5,[]
USR_0637,Manish Taylor,manish.taylor523@outlook.com,49,39000.0,occasional_splurger,metro,2022-07-11,1.0173,0.6,0.45,0.45,0.15,1.6,[]
USR_0638,Sam Sharma,sam.sharma988@yahoo.com,31,23000.0,moderate,tier2,2018-11-13,0.7938,0.65,0.5,0.7,0.06,1.8,"[(2023, 10, 12), (2024, 4, 6)]"
USR_0639,Sam Reddy,sam.reddy295@outlook.com,27,19000.0,moderate,tier3,2019-01-06,0.7526,0.65,0.5,0.7,0.06,1.8,"[(2020, 6, 9), (2023, 5, 6), (2023, 8, 11)]"
USR_0640,Lauren Thompson,lauren.thompson184@outlook.com,55,72000.0,lifestyle,tier3,2016-07-10,1.0524,0.7,0.7,0.55,0.08,2.0,[]
USR_0641,Emerson Taylor,emerson.taylor104@hotmail.com,41,95000.0,lifestyle,tier2,2016-04-11,1.1264,0.7,0.7,0.55,0.08,2.0,[]
USR_0642,Kai Miller,kai.miller606@hotmail.com,24,27000.0,moderate,metro,2017-04-03,1.0551,0.65,0.5,0.7,0.06,1.8,[]
USR_0643,Sage Thompson,sage.thompson103@outlook.com,22,40000.0,moderate,metro,2021-09-01,1.1782,0.65,0.5,0.7,0.06,1.8,[]
USR_0644,Emerson Jackson,emerson.jackson231@gmail.com,27,54000.0,frugal,tier2,2016-03-30,0.3836,0.45,0.2,0.85,0.02,1.2,[]
USR_0645,Alex Patel,alex.patel449@yahoo.com,53,43000.0,moderate,metro,2019-02-10,1.1092,0.65,0.5,0.7,0.06,1.8,[]
USR_0646,Rohan Robinson,rohan.robinson256@outlook.com,23,60000.0,conservative,tier2,2016-10-08,0.6634,0.55,0.35,0.8,0.04,1.5,[]
USR_0647,Riya Miller,riya.miller872@outlook.com,41,28000.0,frugal,metro,2016-09-29,0.4392,0.45,0.2,0.85,0.02,1.2,[]
USR_0648,Alex Sharma,alex.sharma469@outlook.com,46,36000.0,moderate,metro,2021-03-18,0.9396,0.65,0.5,0.7,0.06,1.8,[]
USR_0649,Raj Moore,raj.moore654@outlook.com,40,119000.0,frugal,metro,2021-12-30,0.5831,0.45,0.2,0.85,0.02,1.2,[]
USR_0650,Sanjay Reddy,sanjay.reddy457@hotmail.com,54,122000.0,moderate,tier2,2016-01-30,0.9424,0.65,0.5,0.7,0.06,1.8,[]
USR_0651,Divya Gupta,divya.gupta187@yahoo.com,30,34000.0,conservative,tier3,2022-04-16,0.4809,0.55,0.35,0.8,0.04,1.5,[]
USR_0652,Michael Martinez,michael.martinez926@yahoo.com,42,18000.0,frugal,metro,2024-09-14,0.4083,0.45,0.2,0.85,0.02,1.2,[]
USR_0653,Avery Thomas,avery.thomas511@yahoo.com,42,43000.0,spender,metro,2021-10-21,2.1317,0.75,0.8,0.4,0.12,2.3,[]
USR_0654,Alex Martin,alex.martin93@gmail.com,37,52000.0,lifestyle,tier2,2016-03-01,1.3234,0.7,0.7,0.55,0.08,2.0,[]
USR_0655,Nikhil Robinson,nikhil.robinson8@hotmail.com,60,89000.0,moderate,tier3,2019-07-09,0.8616,0.65,0.5,0.7,0.06,1.8,[]
USR_0656,Rowan Garcia,rowan.garcia996@gmail.com,34,35000.0,frugal,tier3,2025-10-17,0.2117,0.45,0.2,0.85,0.02,1.2,[]
USR_0657,Vikram Jackson,vikram.jackson589@outlook.com,30,47000.0,lifestyle,metro,2017-12-14,1.7543,0.7,0.7,0.55,0.08,2.0,[]
USR_0658,Pooja Anderson,pooja.anderson819@yahoo.com,56,62000.0,moderate,tier2,2020-06-30,1.0628,0.65,0.5,0.7,0.06,1.8,[]
USR_0659,Aarav Johnson,aarav.johnson553@gmail.com,52,50000.0,occasional_splurger,metro,2024-03-13,1.0233,0.6,0.45,0.45,0.15,1.6,[]
USR_0660,Dev Reddy,dev.reddy782@hotmail.com,34,87000.0,lifestyle,tier2,2016-01-05,1.307,0.7,0.7,0.55,0.08,2.0,[]
USR_0661,Riley Jackson,riley.jackson397@outlook.com,56,139000.0,lifestyle,tier3,2018-12-24,0.9833,0.7,0.7,0.55,0.08,2.0,[]
USR_0662,Sage Miller,sage.miller322@gmail.com,56,53000.0,lifestyle,metro,2020-10-24,1.7161,0.7,0.7,0.55,0.08,2.0,[]
USR_0663,Arjun Mehta,arjun.mehta68@hotmail.com,62,86000.0,spender,tier3,2022-03-11,1.6676,0.75,0.8,0.4,0.12,2.3,[]
USR_0664,Riley Davis,riley.davis582@hotmail.com,40,33000.0,frugal,metro,2016-07-10,0.5102,0.45,0.2,0.85,0.02,1.2,"[(2018, 5, 7), (2020, 11, 12), (2016, 7, 9)]"
USR_0665,Dev Smith,dev.smith948@hotmail.com,21,20000.0,frugal,tier2,2022-11-02,0.3827,0.45,0.2,0.85,0.02,1.2,[]
USR_0666,Kai Kumar,kai.kumar694@outlook.com,54,43000.0,moderate,tier3,2016-03-16,0.7624,0.65,0.5,0.7,0.06,1.8,[]
USR_0667,Drew Anderson,drew.anderson486@outlook.com,58,96000.0,spender,tier2,2017-01-23,1.925,0.75,0.8,0.4,0.12,2.3,[]
USR_0668,Kai Jackson,kai.jackson597@gmail.com,52,86000.0,moderate,tier2,2018-06-04,1.0748,0.65,0.5,0.7,0.06,1.8,"[(2020, 11, 12), (2020, 5, 7)]"
USR_0669,Ritu Thompson,ritu.thompson119@yahoo.com,51,63000.0,moderate,metro,2016-09-11,1.2905,0.65,0.5,0.7,0.06,1.8,"[(2019, 2, 3), (2019, 3, 4)]"
USR_0670,Taylor Agarwal,taylor.agarwal725@hotmail.com,42,115000.0,moderate,metro,2016-02-07,1.2011,0.65,0.5,0.7,0.06,1.8,"[(2019, 1, 3)]"
USR_0671,Dev Singh,dev.singh841@outlook.com,32,97000.0,moderate,metro,2017-05-18,1.0679,0.65,0.5,0.7,0.06,1.8,"[(2021, 3, 6), (2021, 4, 5)]"
USR_0672,David Verma,david.verma122@hotmail.com,61,34000.0,conservative,tier2,2018-09-26,0.661,0.55,0.35,0.8,0.04,1.5,[]
USR_0673,Manish Brown,manish.brown756@yahoo.com,43,117000.0,lifestyle,metro,2021-04-12,1.7178,0.7,0.7,0.55,0.08,2.0,[]
USR_0674,William Joshi,william.joshi772@yahoo.com,25,65000.0,lifestyle,tier2,2019-05-06,1.4056,0.7,0.7,0.55,0.08,2.0,[]
USR_0675,Sage Jones,sage.jones371@outlook.com,35,55000.0,occasional_splurger,metro,2020-10-29,1.0354,0.6,0.45,0.45,0.15,1.6,[]
USR_0676,Drew Sharma,drew.sharma290@gmail.com,20,46000.0,conservative,metro,2018-09-03,0.8308,0.55,0.35,0.8,0.04,1.5,[]
USR_0677,Amanda Smith,amanda.smith592@yahoo.com,42,151000.0,conservative,metro,2016-10-16,0.9072,0.55,0.35,0.8,0.04,1.5,[]
USR_0678,Hayden Mehta,hayden.mehta804@hotmail.com,35,25000.0,frugal,metro,2022-01-18,0.4604,0.45,0.2,0.85,0.02,1.2,[]
USR_0679,Robert Johnson,robert.johnson236@yahoo.com,18,101000.0,moderate,tier2,2017-05-15,1.0131,0.65,0.5,0.7,0.06,1.8,[]
USR_0680,Lauren Garcia,lauren.garcia561@gmail.com,31,30000.0,frugal,metro,2018-04-22,0.4477,0.45,0.2,0.85,0.02,1.2,[]
USR_0681,Jessica Singh,jessica.singh841@outlook.com,31,63000.0,moderate,tier2,2019-11-14,1.1065,0.65,0.5,0.7,0.06,1.8,[]
USR_0682,Lauren Gupta,lauren.gupta671@outlook.com,63,44000.0,lifestyle,tier2,2016-03-05,1.5218,0.7,0.7,0.55,0.08,2.0,[]
USR_0683,Sanjay Verma,sanjay.verma968@outlook.com,48,54000.0,spender,metro,2016-08-18,2.169,0.75,0.8,0.4,0.12,2.3,[]
USR_0684,Rowan Reddy,rowan.reddy94@hotmail.com,26,19000.0,conservative,tier2,2017-03-31,0.5258,0.55,0.35,0.8,0.04,1.5,[]
USR_0685,Sarah Johnson,sarah.johnson536@hotmail.com,62,55000.0,lifestyle,metro,2022-01-01,1.5832,0.7,0.7,0.55,0.08,2.0,[]
USR_0686,Dakota White,dakota.white711@gmail.com,29,47000.0,occasional_splurger,tier2,2022-08-09,0.7897,0.6,0.45,0.45,0.15,1.6,[]
USR_0687,Meera Jackson,meera.jackson533@hotmail.com,26,60000.0,conservative,tier2,2022-05-12,0.7702,0.55,0.35,0.8,0.04,1.5,"[(2022, 8, 9)]"
USR_0688,Priya Smith,priya.smith995@yahoo.com,42,54000.0,occasional_splurger,metro,2018-07-21,1.0176,0.6,0.45,0.45,0.15,1.6,[]
USR_0689,Priya White,priya.white617@hotmail.com,38,54000.0,spender,tier2,2016-07-15,2.0094,0.75,0.8,0.4,0.12,2.3,[]
USR_0690,Raj Jackson,raj.jackson124@yahoo.com,39,102000.0,moderate,metro,2019-04-16,1.3408,0.65,0.5,0.7,0.06,1.8,[]
USR_0691,Meera Verma,meera.verma300@outlook.com,63,97000.0,moderate,tier3,2017-05-09,0.7831,0.65,0.5,0.7,0.06,1.8,[]
USR_0692,David Williams,david.williams957@hotmail.com,38,115000.0,lifestyle,metro,2022-05-13,1.9889,0.7,0.7,0.55,0.08,2.0,[]
USR_0693,Taylor Martin,taylor.martin234@hotmail.com,20,53000.0,lifestyle,tier2,2021-03-06,1.4422,0.7,0.7,0.55,0.08,2.0,[]
USR_0694,Michael Davis,michael.davis115@gmail.com,43,25000.0,conservative,tier2,2019-12-30,0.5702,0.55,0.35,0.8,0.04,1.5,[]
USR_0695,Swati Agarwal,swati.agarwal30@yahoo.com,22,91000.0,spender,metro,2018-07-20,2.3042,0.75,0.8,0.4,0.12,2.3,[]
USR_0696,Kavya Reddy,kavya.reddy126@outlook.com,64,23000.0,moderate,metro,2017-04-10,1.1192,0.65,0.5,0.7,0.06,1.8,[]
USR_0697,Aarav Smith,aarav.smith250@gmail.com,29,53000.0,frugal,tier2,2021-03-02,0.3398,0.45,0.2,0.85,0.02,1.2,[]
USR_0698,Megan Robinson,megan.robinson996@gmail.com,53,89000.0,lifestyle,metro,2017-03-23,1.454,0.7,0.7,0.55,0.08,2.0,[]
USR_0699,Daniel Verma,daniel.verma38@outlook.com,44,64000.0,spender,metro,2019-03-07,2.5998,0.75,0.8,0.4,0.12,2.3,[]
USR_0700,Sam Smith,sam.smith437@hotmail.com,44,40000.0,conservative,tier3,2016-10-23,0.5482,0.55,0.35,0.8,0.04,1.5,[]
USR_0701,Sarah Anderson,sarah.anderson677@outlook.com,57,50000.0,spender,metro,2022-05-08,2.3183,0.75,0.8,0.4,0.12,2.3,[]
USR_0702,Vikram Davis,vikram.davis425@hotmail.com,55,55000.0,occasional_splurger,tier2,2019-10-11,0.813,0.6,0.45,0.45,0.15,1.6,"[(2020, 4, 5), (2023, 7, 9), (2019, 8, 9)]"
USR_0703,Sarah Patel,sarah.patel203@yahoo.com,58,43000.0,spender,metro,2025-04-05,2.4473,0.75,0.8,0.4,0.12,2.3,[]
USR_0704,Aarav Johnson,aarav.johnson454@outlook.com,27,37000.0,moderate,metro,2023-10-16,1.2749,0.65,0.5,0.7,0.06,1.8,"[(2023, 7, 8), (2024, 6, 7)]"
USR_0705,Alex Martinez,alex.martinez856@hotmail.com,35,28000.0,occasional_splurger,tier2,2016-06-07,0.7892,0.6,0.45,0.45,0.15,1.6,[]
USR_0706,Vikram Anderson,vikram.anderson720@yahoo.com,28,67000.0,occasional_splurger,tier3,2017-06-27,0.6463,0.6,0.45,0.45,0.15,1.6,[]
USR_0707,Jessica Taylor,jessica.taylor512@yahoo.com,40,33000.0,conservative,metro,2024-02-29,0.7852,0.55,0.35,0.8,0.04,1.5,[]
USR_0708,Chris Moore,chris.moore277@hotmail.com,28,35000.0,lifestyle,tier3,2017-07-12,1.0637,0.7,0.7,0.55,0.08,2.0,[]
USR_0709,Anita Moore,anita.moore326@outlook.com,35,68000.0,conservative,metro,2019-10-28,0.8327,0.55,0.35,0.8,0.04,1.5,"[(2020, 9, 10), (2020, 11, 12), (2023, 10, 12)]"
USR_0710,Aditya Agarwal,aditya.agarwal978@gmail.com,30,43000.0,frugal,metro,2016-11-09,0.4579,0.45,0.2,0.85,0.02,1.2,[]
USR_0711,Rahul Wilson,rahul.wilson993@outlook.com,38,34000.0,frugal,tier2,2016-12-05,0.3403,0.45,0.2,0.85,0.02,1.2,"[(2016, 9, 12), (2021, 1, 3), (2018, 9, 11)]"
USR_0712,Jessica Harris,jessica.harris452@gmail.com,61,31000.0,conservative,tier2,2016-07-05,0.674,0.55,0.35,0.8,0.04,1.5,[]
USR_0713,Sage Robinson,sage.robinson574@yahoo.com,37,40000.0,moderate,tier3,2020-03-13,0.7993,0.65,0.5,0.7,0.06,1.8,"[(2023, 11, 12)]"
USR_0714,Manish Wilson,manish.wilson105@yahoo.com,25,96000.0,occasional_splurger,tier2,2021-09-26,0.959,0.6,0.45,0.45,0.15,1.6,[]
USR_0715,Anita Brown,anita.brown306@hotmail.com,50,58000.0,conservative,tier3,2017-04-05,0.5954,0.55,0.35,0.8,0.04,1.5,[]
USR_0716,Sanjay Singh,sanjay.singh702@gmail.com,19,20000.0,lifestyle,metro,2022-10-16,1.4526,0.7,0.7,0.55,0.08,2.0,"[(2023, 7, 10), (2023, 10, 12), (2024, 10, 11)]"
USR_0717,Morgan White,morgan.white995@yahoo.com,34,96000.0,occasional_splurger,metro,2017-04-13,1.0306,0.6,0.45,0.45,0.15,1.6,[]
USR_0718,Aarav Jones,aarav.jones729@gmail.com,34,64000.0,moderate,tier3,2020-08-23,0.8296,0.65,0.5,0.7,0.06,1.8,[]
USR_0719,Daniel Agarwal,daniel.agarwal478@gmail.com,35,69000.0,spender,metro,2021-03-31,2.6023,0.75,0.8,0.4,0.12,2.3,[]
USR_0720,Sage Johnson,sage.johnson258@gmail.com,42,25000.0,occasional_splurger,metro,2017-05-06,0.9139,0.6,0.45,0.45,0.15,1.6,[]
USR_0721,Aditya Reddy,aditya.reddy611@yahoo.com,38,41000.0,frugal,metro,2019-02-08,0.4603,0.45,0.2,0.85,0.02,1.2,[]
USR_0722,Ananya Davis,ananya.davis346@gmail.com,60,61000.0,conservative,metro,2018-03-26,0.8421,0.55,0.35,0.8,0.04,1.5,[]
USR_0723,Amanda White,amanda.white336@outlook.com,63,92000.0,moderate,metro,2017-02-23,1.3908,0.65,0.5,0.7,0.06,1.8,[]
USR_0724,Nisha Garcia,nisha.garcia124@yahoo.com,55,54000.0,lifestyle,metro,2017-01-12,1.4095,0.7,0.7,0.55,0.08,2.0,[]
USR_0725,Lauren Smith,lauren.smith131@yahoo.com,53,32000.0,occasional_splurger,tier2,2016-11-25,0.6459,0.6,0.45,0.45,0.15,1.6,[]
USR_0726,Jessica Kumar,jessica.kumar225@gmail.com,48,36000.0,conservative,tier2,2018-03-17,0.5609,0.55,0.35,0.8,0.04,1.5,[]
USR_0727,Meera Reddy,meera.reddy529@gmail.com,61,44000.0,lifestyle,tier3,2018-06-22,0.9696,0.7,0.7,0.55,0.08,2.0,[]
USR_0728,Chris Robinson,chris.robinson405@gmail.com,35,39000.0,occasional_splurger,tier2,2024-01-02,0.7999,0.6,0.45,0.45,0.15,1.6,"[(2024, 10, 12), (2024, 6, 9)]"
USR_0729,Finley Gupta,finley.gupta438@outlook.com,40,54000.0,moderate,tier2,2019-12-03,1.0368,0.65,0.5,0.7,0.06,1.8,[]
USR_0730,Rahul Taylor,rahul.taylor260@yahoo.com,30,65000.0,moderate,metro,2016-01-07,1.135,0.65,0.5,0.7,0.06,1.8,"[(2023, 1, 3), (2018, 7, 8)]"
USR_0731,Vikram Jones,vikram.jones82@hotmail.com,55,38000.0,moderate,metro,2019-11-22,1.2507,0.65,0.5,0.7,0.06,1.8,[]
USR_0732,Dev Wilson,dev.wilson398@hotmail.com,30,64000.0,conservative,tier3,2022-09-01,0.5827,0.55,0.35,0.8,0.04,1.5,[]
USR_0733,Karan Brown,karan.brown491@hotmail.com,34,38000.0,conservative,tier2,2017-03-23,0.5675,0.55,0.35,0.8,0.04,1.5,[]
USR_0734,Kai Agarwal,kai.agarwal446@yahoo.com,18,69000.0,occasional_splurger,metro,2022-03-25,0.9516,0.6,0.45,0.45,0.15,1.6,[]
USR_0735,Kavya Mehta,kavya.mehta462@yahoo.com,25,54000.0,lifestyle,metro,2020-09-04,1.4182,0.7,0.7,0.55,0.08,2.0,"[(2023, 2, 5)]"
USR_0736,Nisha Wilson,nisha.wilson179@outlook.com,56,86000.0,moderate,tier2,2020-02-22,1.0101,0.65,0.5,0.7,0.06,1.8,[]
USR_0737,Ritu Verma,ritu.verma236@outlook.com,49,53000.0,moderate,tier3,2018-11-24,0.7197,0.65,0.5,0.7,0.06,1.8,[]
USR_0738,James Taylor,james.taylor375@outlook.com,41,61000.0,moderate,tier2,2018-01-01,0.9754,0.65,0.5,0.7,0.06,1.8,[]
USR_0739,Sanjay White,sanjay.white908@gmail.com,63,65000.0,moderate,metro,2017-05-10,1.1494,0.65,0.5,0.7,0.06,1.8,[]
USR_0740,Lauren Harris,lauren.harris884@gmail.com,45,99000.0,lifestyle,tier2,2016-01-16,1.4754,0.7,0.7,0.55,0.08,2.0,[]
USR_0741,Sage Taylor,sage.taylor275@outlook.com,18,26000.0,frugal,metro,2017-11-25,0.4397,0.45,0.2,0.85,0.02,1.2,"[(2024, 5, 8)]"
USR_0742,Ritu Gupta,ritu.gupta747@hotmail.com,38,39000.0,conservative,metro,2016-11-11,0.7094,0.55,0.35,0.8,0.04,1.5,"[(2018, 11, 12), (2024, 1, 3), (2021, 10, 11)]"
USR_0743,Karan Singh,karan.singh948@outlook.com,33,51000.0,lifestyle,tier3,2019-08-26,1.045,0.7,0.7,0.55,0.08,2.0,"[(2024, 6, 7), (2022, 4, 7), (2020, 11, 12)]"
USR_0744,Meera Thompson,meera.thompson284@yahoo.com,39,29000.0,frugal,metro,2021-03-28,0.476,0.45,0.2,0.85,0.02,1.2,[]
USR_0745,Nikhil Verma,nikhil.verma442@hotmail.com,46,35000.0,lifestyle,metro,2018-02-22,1.6302,0.7,0.7,0.55,0.08,2.0,[]
USR_0746,Sam Davis,sam.davis292@outlook.com,47,35000.0,conservative,tier2,2016-12-17,0.7575,0.55,0.35,0.8,0.04,1.5,[]
USR_0747,Swati Garcia,swati.garcia596@hotmail.com,59,79000.0,lifestyle,metro,2017-08-01,1.9539,0.7,0.7,0.55,0.08,2.0,[]
USR_0748,Arjun Anderson,arjun.anderson842@yahoo.com,46,36000.0,spender,tier3,2025-12-27,1.3565,0.75,0.8,0.4,0.12,2.3,[]
USR_0749,Manish Anderson,manish.anderson691@gmail.com,40,41000.0,conservative,metro,2016-12-15,0.7295,0.55,0.35,0.8,0.04,1.5,[]
USR_0750,Sam Jones,sam.jones632@yahoo.com,40,48000.0,moderate,tier3,2016-10-05,0.7178,0.65,0.5,0.7,0.06,1.8,[]
USR_0751,Robert Davis,robert.davis122@gmail.com,64,65000.0,spender,tier2,2016-12-08,1.788,0.75,0.8,0.4,0.12,2.3,[]
USR_0752,Emerson Martinez,emerson.martinez871@yahoo.com,50,29000.0,frugal,tier2,2021-10-18,0.37,0.45,0.2,0.85,0.02,1.2,[]
USR_0753,Emerson Robinson,emerson.robinson389@outlook.com,45,59000.0,lifestyle,tier2,2017-03-26,1.2554,0.7,0.7,0.55,0.08,2.0,"[(2023, 9, 11), (2017, 4, 6), (2020, 4, 7)]"
USR_0754,Reese Verma,reese.verma655@yahoo.com,25,54000.0,spender,tier2,2020-07-11,1.9787,0.75,0.8,0.4,0.12,2.3,[]
USR_0755,Chris Joshi,chris.joshi251@yahoo.com,58,39000.0,conservative,tier2,2016-08-22,0.6207,0.55,0.35,0.8,0.04,1.5,[]
USR_0756,Emily Agarwal,emily.agarwal398@hotmail.com,47,52000.0,moderate,tier2,2016-03-18,1.0189,0.65,0.5,0.7,0.06,1.8,"[(2020, 8, 11), (2018, 5, 7)]"
USR_0757,David Patel,david.patel594@yahoo.com,61,74000.0,moderate,tier3,2019-11-22,0.6593,0.65,0.5,0.7,0.06,1.8,[]
USR_0758,Amanda Reddy,amanda.reddy877@hotmail.com,54,41000.0,lifestyle,metro,2016-12-27,1.5849,0.7,0.7,0.55,0.08,2.0,[]
USR_0759,Isha Anderson,isha.anderson714@gmail.com,42,30000.0,conservative,tier3,2016-08-31,0.4083,0.55,0.35,0.8,0.04,1.5,[]
USR_0760,Divya Sharma,divya.sharma12@yahoo.com,25,35000.0,moderate,metro,2017-06-17,1.1191,0.65,0.5,0.7,0.06,1.8,"[(2017, 3, 5), (2019, 1, 2)]"
USR_0761,Chris Agarwal,chris.agarwal317@outlook.com,44,26000.0,frugal,tier2,2019-03-26,0.3058,0.45,0.2,0.85,0.02,1.2,[]
USR_0762,Casey Harris,casey.harris302@hotmail.com,59,31000.0,moderate,tier2,2023-07-07,0.9205,0.65,0.5,0.7,0.06,1.8,[]
USR_0763,Aditya Agarwal,aditya.agarwal333@outlook.com,55,55000.0,conservative,metro,2016-10-21,0.7905,0.55,0.35,0.8,0.04,1.5,"[(2018, 2, 3)]"
USR_0764,Divya Martin,divya.martin267@outlook.com,47,52000.0,occasional_splurger,metro,2017-09-01,1.0174,0.6,0.45,0.45,0.15,1.6,[]
USR_0765,Aditya Robinson,aditya.robinson353@outlook.com,61,80000.0,moderate,metro,2016-12-10,1.4578,0.65,0.5,0.7,0.06,1.8,[]
USR_0766,Drew Patel,drew.patel653@yahoo.com,46,54000.0,lifestyle,tier2,2021-03-23,1.4669,0.7,0.7,0.55,0.08,2.0,[]
USR_0767,Nisha Moore,nisha.moore531@gmail.com,56,112000.0,lifestyle,tier2,2020-08-20,1.2988,0.7,0.7,0.55,0.08,2.0,"[(2024, 2, 4), (2020, 2, 4)]"
USR_0768,Riley Jones,riley.jones490@outlook.com,27,43000.0,conservative,metro,2018-03-03,0.8187,0.55,0.35,0.8,0.04,1.5,[]
USR_0769,Sage Mehta,sage.mehta634@yahoo.com,43,51000.0,occasional_splurger,tier3,2018-02-25,0.6436,0.6,0.45,0.45,0.15,1.6,[]
USR_0770,Meera Sharma,meera.sharma849@hotmail.com,46,37000.0,conservative,tier2,2016-03-08,0.5982,0.55,0.35,0.8,0.04,1.5,[]
USR_0771,Rohan White,rohan.white190@outlook.com,29,57000.0,moderate,tier2,2021-01-29,1.1781,0.65,0.5,0.7,0.06,1.8,[]
USR_0772,Jessica Johnson,jessica.johnson420@gmail.com,59,63000.0,conservative,metro,2025-12-16,0.9134,0.55,0.35,0.8,0.04,1.5,[]
USR_0773,Aditya Harris,aditya.harris226@hotmail.com,63,82000.0,conservative,tier3,2019-01-15,0.6256,0.55,0.35,0.8,0.04,1.5,[]
USR_0774,Ananya Miller,ananya.miller702@outlook.com,37,26000.0,frugal,tier3,2019-05-29,0.3016,0.45,0.2,0.85,0.02,1.2,[]
USR_0775,Aditya Brown,aditya.brown145@gmail.com,52,24000.0,frugal,metro,2018-09-10,0.462,0.45,0.2,0.85,0.02,1.2,[]
USR_0776,Isha Davis,isha.davis377@yahoo.com,61,81000.0,lifestyle,metro,2017-08-08,1.4344,0.7,0.7,0.55,0.08,2.0,[]
USR_0777,Jamie Johnson,jamie.johnson488@yahoo.com,46,86000.0,moderate,tier2,2017-08-21,1.161,0.65,0.5,0.7,0.06,1.8,"[(2021, 11, 12), (2021, 1, 3), (2020, 3, 6)]"
USR_0778,Ritu Williams,ritu.williams360@gmail.com,25,54000.0,lifestyle,metro,2024-01-10,1.7795,0.7,0.7,0.55,0.08,2.0,[]
USR_0779,Sanjay Harris,sanjay.harris290@hotmail.com,64,35000.0,moderate,tier2,2021-01-10,0.9811,0.65,0.5,0.7,0.06,1.8,[]
USR_0780,Priya Miller,priya.miller15@outlook.com,37,15000.0,conservative,metro,2019-10-10,0.6966,0.55,0.35,0.8,0.04,1.5,[]
USR_0781,Robert Anderson,robert.anderson23@hotmail.com,28,82000.0,spender,tier3,2021-12-15,1.5933,0.75,0.8,0.4,0.12,2.3,[]
USR_0782,Robert Davis,robert.davis686@hotmail.com,46,64000.0,moderate,metro,2016-09-21,1.2713,0.65,0.5,0.7,0.06,1.8,[]
USR_0783,Finley Sharma,finley.sharma925@gmail.com,33,53000.0,lifestyle,tier2,2021-02-16,1.1973,0.7,0.7,0.55,0.08,2.0,[]
USR_0784,Jessica Mehta,jessica.mehta107@yahoo.com,46,21000.0,frugal,tier2,2019-01-03,0.3972,0.45,0.2,0.85,0.02,1.2,[]
USR_0785,Manish White,manish.white915@outlook.com,48,28000.0,moderate,metro,2017-05-11,1.2065,0.65,0.5,0.7,0.06,1.8,[]
USR_0786,Swati Thompson,swati.thompson971@outlook.com,63,26000.0,conservative,metro,2016-03-21,0.6462,0.55,0.35,0.8,0.04,1.5,[]
USR_0787,Blake Patel,blake.patel562@outlook.com,34,19000.0,frugal,metro,2023-12-09,0.4669,0.45,0.2,0.85,0.02,1.2,"[(2024, 11, 12), (2024, 5, 7), (2023, 7, 8)]"
USR_0788,Casey Jones,casey.jones583@hotmail.com,32,38000.0,conservative,tier3,2017-03-28,0.5232,0.55,0.35,0.8,0.04,1.5,[]
USR_0789,James Singh,james.singh63@yahoo.com,64,97000.0,lifestyle,metro,2017-06-30,1.7658,0.7,0.7,0.55,0.08,2.0,"[(2024, 2, 4), (2023, 11, 12), (2023, 11, 12)]"
USR_0790,Jamie Robinson,jamie.robinson485@hotmail.com,18,40000.0,moderate,tier2,2016-07-07,0.9377,0.65,0.5,0.7,0.06,1.8,[]
USR_0791,Taylor Joshi,taylor.joshi745@gmail.com,32,23000.0,moderate,tier2,2017-07-14,0.9916,0.65,0.5,0.7,0.06,1.8,[]
USR_0792,Drew Patel,drew.patel742@gmail.com,23,105000.0,lifestyle,tier2,2016-03-11,1.5498,0.7,0.7,0.55,0.08,2.0,[]
USR_0793,Michael Brown,michael.brown657@outlook.com,18,40000.0,conservative,metro,2016-01-05,0.9614,0.55,0.35,0.8,0.04,1.5,"[(2021, 5, 8), (2020, 9, 11), (2016, 11, 12)]"
USR_0794,Divya Sharma,divya.sharma728@outlook.com,36,47000.0,lifestyle,metro,2023-03-08,1.453,0.7,0.7,0.55,0.08,2.0,"[(2024, 3, 5), (2023, 7, 9), (2023, 2, 4)]"
USR_0795,Lauren Gupta,lauren.gupta674@gmail.com,27,90000.0,moderate,tier2,2025-02-21,1.0723,0.65,0.5,0.7,0.06,1.8,[]
USR_0796,Kavya Miller,kavya.miller991@yahoo.com,59,56000.0,moderate,metro,2016-09-22,1.4321,0.65,0.5,0.7,0.06,1.8,[]
USR_0797,Aditya Robinson,aditya.robinson52@yahoo.com,35,47000.0,conservative,tier2,2016-04-16,0.7015,0.55,0.35,0.8,0.04,1.5,[]
USR_0798,Riya Martinez,riya.martinez761@hotmail.com,61,17000.0,frugal,tier2,2017-12-18,0.3424,0.45,0.2,0.85,0.02,1.2,[]
USR_0799,Rahul Kumar,rahul.kumar123@yahoo.com,46,50000.0,moderate,metro,2019-01-22,1.1981,0.65,0.5,0.7,0.06,1.8,[]
USR_0800,Quinn Brown,quinn.brown934@gmail.com,22,57000.0,frugal,metro,2016-01-07,0.5203,0.45,0.2,0.85,0.02,1.2,[]
USR_0801,Quinn Verma,quinn.verma406@yahoo.com,63,41000.0,conservative,metro,2020-06-24,0.8948,0.55,0.35,0.8,0.04,1.5,[]
USR_0802,Sam Brown,sam.brown637@outlook.com,37,135000.0,lifestyle,metro,2016-07-28,1.8551,0.7,0.7,0.55,0.08,2.0,[]
USR_0803,Varun Martin,varun.martin652@gmail.com,60,25000.0,conservative,metro,2016-11-11,0.8082,0.55,0.35,0.8,0.04,1.5,[]
USR_0804,Megan Patel,megan.patel389@yahoo.com,41,52000.0,frugal,tier3,2021-08-20,0.3147,0.45,0.2,0.85,0.02,1.2,[]
USR_0805,William Harris,william.harris426@outlook.com,64,56000.0,lifestyle,tier3,2019-11-05,0.9684,0.7,0.7,0.55,0.08,2.0,[]
USR_0806,Blake Johnson,blake.johnson256@gmail.com,27,51000.0,moderate,metro,2017-07-06,1.1978,0.65,0.5,0.7,0.06,1.8,[]
USR_0807,Sarah Taylor,sarah.taylor874@outlook.com,24,48000.0,spender,tier3,2022-07-09,1.3012,0.75,0.8,0.4,0.12,2.3,[]
USR_0808,Finley Thomas,finley.thomas742@gmail.com,56,95000.0,moderate,tier2,2020-09-11,1.1189,0.65,0.5,0.7,0.06,1.8,[]
USR_0809,Kai Martinez,kai.martinez200@hotmail.com,63,49000.0,occasional_splurger,metro,2021-05-15,0.8356,0.6,0.45,0.45,0.15,1.6,"[(2023, 4, 6)]"
USR_0810,Jordan Mehta,jordan.mehta633@yahoo.com,23,26000.0,moderate,metro,2022-07-28,1.1197,0.65,0.5,0.7,0.06,1.8,[]
USR_0811,Ashley Taylor,ashley.taylor241@yahoo.com,64,48000.0,lifestyle,tier2,2016-05-16,1.2925,0.7,0.7,0.55,0.08,2.0,[]
USR_0812,Emily Smith,emily.smith164@gmail.com,30,42000.0,moderate,tier2,2019-09-02,0.9874,0.65,0.5,0.7,0.06,1.8,[]
USR_0813,Simran Johnson,simran.johnson425@hotmail.com,63,55000.0,occasional_splurger,metro,2017-08-14,0.9979,0.6,0.45,0.45,0.15,1.6,[]
USR_0814,David Patel,david.patel79@hotmail.com,29,73000.0,lifestyle,metro,2017-12-23,1.9815,0.7,0.7,0.55,0.08,2.0,[]
USR_0815,Chris Smith,chris.smith42@yahoo.com,55,28000.0,conservative,metro,2016-08-10,0.8403,0.55,0.35,0.8,0.04,1.5,[]
USR_0816,Riya Smith,riya.smith583@hotmail.com,24,44000.0,lifestyle,tier3,2020-10-29,1.1362,0.7,0.7,0.55,0.08,2.0,[]
USR_0817,Amit Mehta,amit.mehta694@outlook.com,37,52000.0,conservative,metro,2022-01-07,0.8776,0.55,0.35,0.8,0.04,1.5,[]
USR_0818,Amanda Thompson,amanda.thompson708@outlook.com,49,33000.0,conservative,metro,2017-05-08,0.6953,0.55,0.35,0.8,0.04,1.5,[]
USR_0819,Jordan Jackson,jordan.jackson204@yahoo.com,53,35000.0,frugal,tier2,2020-12-15,0.4225,0.45,0.2,0.85,0.02,1.2,"[(2023, 5, 8)]"
USR_0820,Nikhil Garcia,nikhil.garcia627@outlook.com,60,62000.0,lifestyle,tier2,2018-01-14,1.4443,0.7,0.7,0.55,0.08,2.0,[]
USR_0821,Megan Martin,megan.martin142@hotmail.com,37,39000.0,moderate,tier3,2022-12-23,0.721,0.65,0.5,0.7,0.06,1.8,[]
USR_0822,Rahul Harris,rahul.harris24@yahoo.com,60,69000.0,occasional_splurger,metro,2016-08-08,0.9075,0.6,0.45,0.45,0.15,1.6,[]
USR_0823,William Davis,william.davis681@yahoo.com,45,57000.0,occasional_splurger,metro,2020-08-01,0.9848,0.6,0.45,0.45,0.15,1.6,[]
USR_0824,Quinn Anderson,quinn.anderson901@hotmail.com,30,62000.0,conservative,tier3,2016-10-20,0.5011,0.55,0.35,0.8,0.04,1.5,[]
USR_0825,Neha Williams,neha.williams455@yahoo.com,49,65000.0,conservative,tier2,2019-01-25,0.7303,0.55,0.35,0.8,0.04,1.5,[]
USR_0826,Meera Brown,meera.brown616@yahoo.com,61,25000.0,moderate,tier3,2017-06-05,0.7442,0.65,0.5,0.7,0.06,1.8,[]
USR_0827,Rahul Reddy,rahul.reddy201@outlook.com,22,35000.0,conservative,tier2,2016-08-10,0.632,0.55,0.35,0.8,0.04,1.5,[]
USR_0828,Aditya Gupta,aditya.gupta755@gmail.com,36,30000.0,moderate,tier2,2021-11-04,0.9319,0.65,0.5,0.7,0.06,1.8,[]
USR_0829,Divya Thomas,divya.thomas726@yahoo.com,50,33000.0,conservative,tier2,2016-02-14,0.5883,0.55,0.35,0.8,0.04,1.5,[]
USR_0830,Jamie Johnson,jamie.johnson998@yahoo.com,40,132000.0,occasional_splurger,metro,2021-05-17,1.0812,0.6,0.45,0.45,0.15,1.6,[]
USR_0831,Megan Joshi,megan.joshi816@outlook.com,24,22000.0,frugal,tier3,2019-05-23,0.2622,0.45,0.2,0.85,0.02,1.2,[]
USR_0832,Suresh Williams,suresh.williams367@outlook.com,61,58000.0,moderate,metro,2016-05-15,1.1447,0.65,0.5,0.7,0.06,1.8,[]
USR_0833,Drew Kumar,drew.kumar129@yahoo.com,20,61000.0,spender,metro,2021-11-07,2.181,0.75,0.8,0.4,0.12,2.3,[]
USR_0834,Isha Harris,isha.harris403@yahoo.com,56,77000.0,lifestyle,tier3,2018-11-16,0.9141,0.7,0.7,0.55,0.08,2.0,"[(2019, 9, 12), (2023, 7, 9), (2020, 4, 6)]"
USR_0835,Robert Thompson,robert.thompson175@hotmail.com,19,124000.0,moderate,metro,2018-10-27,1.2457,0.65,0.5,0.7,0.06,1.8,[]
USR_0836,Karan Patel,karan.patel640@outlook.com,61,51000.0,conservative,tier2,2016-06-14,0.6292,0.55,0.35,0.8,0.04,1.5,[]
USR_0837,Ananya Gupta,ananya.gupta795@yahoo.com,31,47000.0,frugal,tier2,2018-09-24,0.3332,0.45,0.2,0.85,0.02,1.2,[]
USR_0838,William Martinez,william.martinez785@gmail.com,24,23000.0,frugal,tier2,2020-03-01,0.3408,0.45,0.2,0.85,0.02,1.2,[]
USR_0839,Manish Taylor,manish.taylor997@hotmail.com,22,45000.0,frugal,metro,2016-01-01,0.4199,0.45,0.2,0.85,0.02,1.2,[]
USR_0840,Varun Garcia,varun.garcia773@hotmail.com,19,54000.0,moderate,metro,2016-08-05,1.2,0.65,0.5,0.7,0.06,1.8,"[(2020, 5, 7), (2023, 1, 3)]"
USR_0841,Suresh Thompson,suresh.thompson237@hotmail.com,41,62000.0,moderate,tier2,2022-07-14,1.0932,0.65,0.5,0.7,0.06,1.8,"[(2024, 8, 11), (2024, 3, 4), (2024, 7, 9)]"
USR_0842,Dev Sharma,dev.sharma552@yahoo.com,33,61000.0,conservative,tier3,2016-09-20,0.5982,0.55,0.35,0.8,0.04,1.5,[]
USR_0843,Chris Jones,chris.jones400@hotmail.com,39,48000.0,moderate,metro,2019-04-24,1.3376,0.65,0.5,0.7,0.06,1.8,[]
USR_0844,Taylor Mehta,taylor.mehta357@gmail.com,54,35000.0,frugal,tier2,2025-05-11,0.3747,0.45,0.2,0.85,0.02,1.2,[]
USR_0845,Riya Taylor,riya.taylor443@yahoo.com,38,85000.0,conservative,metro,2018-02-12,0.8047,0.55,0.35,0.8,0.04,1.5,[]
USR_0846,Finley Mehta,finley.mehta137@gmail.com,29,90000.0,lifestyle,metro,2024-07-30,1.5296,0.7,0.7,0.55,0.08,2.0,[]
USR_0847,Blake Martin,blake.martin347@yahoo.com,40,57000.0,spender,metro,2020-12-11,2.657,0.75,0.8,0.4,0.12,2.3,[]
USR_0848,Jordan Sharma,jordan.sharma93@hotmail.com,57,24000.0,conservative,tier2,2018-12-20,0.6163,0.55,0.35,0.8,0.04,1.5,"[(2020, 10, 11), (2022, 3, 5), (2022, 6, 7)]"
USR_0849,Jessica Patel,jessica.patel970@outlook.com,19,80000.0,moderate,tier2,2020-01-16,0.9955,0.65,0.5,0.7,0.06,1.8,[]
USR_0850,Divya Smith,divya.smith617@gmail.com,47,34000.0,moderate,metro,2019-12-15,1.2161,0.65,0.5,0.7,0.06,1.8,[]
USR_0851,Divya Joshi,divya.joshi149@yahoo.com,44,49000.0,spender,metro,2017-09-19,2.4781,0.75,0.8,0.4,0.12,2.3,[]
USR_0852,Morgan Reddy,morgan.reddy616@outlook.com,61,19000.0,frugal,metro,2016-08-26,0.4271,0.45,0.2,0.85,0.02,1.2,[]
USR_0853,Riya Anderson,riya.anderson501@yahoo.com,20,55000.0,conservative,tier3,2017-07-02,0.5589,0.55,0.35,0.8,0.04,1.5,[]
USR_0854,Dev Martin,dev.martin722@hotmail.com,58,23000.0,frugal,tier3,2020-04-29,0.218,0.45,0.2,0.85,0.02,1.2,[]
USR_0855,Sam Brown,sam.brown949@gmail.com,62,111000.0,moderate,metro,2017-05-01,1.1677,0.65,0.5,0.7,0.06,1.8,[]
USR_0856,Amanda White,amanda.white276@outlook.com,44,71000.0,moderate,tier2,2016-01-14,1.06,0.65,0.5,0.7,0.06,1.8,[]
USR_0857,Emerson Agarwal,emerson.agarwal574@outlook.com,49,67000.0,moderate,tier2,2018-10-31,1.0705,0.65,0.5,0.7,0.06,1.8,"[(2018, 3, 6), (2019, 2, 4)]"
USR_0858,David Miller,david.miller430@outlook.com,40,25000.0,frugal,tier3,2016-03-24,0.2781,0.45,0.2,0.85,0.02,1.2,[]
USR_0859,Sam Brown,sam.brown710@hotmail.com,31,78000.0,moderate,metro,2019-11-08,1.2822,0.65,0.5,0.7,0.06,1.8,"[(2021, 3, 5), (2022, 1, 3)]"
USR_0860,Neha Martin,neha.martin969@outlook.com,31,97000.0,lifestyle,metro,2016-04-10,2.0479,0.7,0.7,0.55,0.08,2.0,[]
USR_0861,Megan Garcia,megan.garcia11@hotmail.com,43,21000.0,moderate,metro,2020-09-26,1.2486,0.65,0.5,0.7,0.06,1.8,[]
USR_0862,Isha Williams,isha.williams724@gmail.com,46,89000.0,lifestyle,metro,2018-01-23,1.6115,0.7,0.7,0.55,0.08,2.0,[]
USR_0863,Daniel Singh,daniel.singh710@yahoo.com,37,31000.0,frugal,metro,2019-01-27,0.4261,0.45,0.2,0.85,0.02,1.2,"[(2021, 6, 8)]"
USR_0864,Ananya Johnson,ananya.johnson268@outlook.com,20,65000.0,moderate,tier2,2016-12-27,1.0386,0.65,0.5,0.7,0.06,1.8,[]
USR_0865,Ritu Robinson,ritu.robinson882@gmail.com,64,47000.0,moderate,metro,2019-04-21,1.1319,0.65,0.5,0.7,0.06,1.8,"[(2020, 6, 8), (2020, 9, 10)]"
USR_0866,Sam Garcia,sam.garcia794@hotmail.com,38,71000.0,moderate,metro,2016-07-20,1.0664,0.65,0.5,0.7,0.06,1.8,[]
USR_0867,Aarav Singh,aarav.singh130@gmail.com,42,64000.0,lifestyle,metro,2020-04-20,1.8938,0.7,0.7,0.55,0.08,2.0,[]
USR_0868,Alex Harris,alex.harris968@outlook.com,27,52000.0,conservative,tier3,2022-09-07,0.5897,0.55,0.35,0.8,0.04,1.5,[]
USR_0869,Emily Wilson,emily.wilson165@hotmail.com,28,64000.0,moderate,tier2,2020-12-21,0.8856,0.65,0.5,0.7,0.06,1.8,[]
USR_0870,Dakota Agarwal,dakota.agarwal746@outlook.com,45,82000.0,moderate,tier3,2018-01-23,0.7447,0.65,0.5,0.7,0.06,1.8,[]
USR_0871,Rohan Singh,rohan.singh891@yahoo.com,48,28000.0,frugal,metro,2016-06-06,0.4736,0.45,0.2,0.85,0.02,1.2,[]
USR_0872,Simran Singh,simran.singh584@hotmail.com,43,105000.0,moderate,tier3,2022-06-04,0.9164,0.65,0.5,0.7,0.06,1.8,[]
USR_0873,Arjun Martinez,arjun.martinez758@outlook.com,20,18000.0,frugal,tier3,2018-01-09,0.2201,0.45,0.2,0.85,0.02,1.2,[]
USR_0874,Amanda Moore,amanda.moore542@hotmail.com,43,64000.0,occasional_splurger,tier3,2018-12-23,0.5809,0.6,0.45,0.45,0.15,1.6,[]
USR_0875,Arjun Davis,arjun.davis825@gmail.com,48,58000.0,occasional_splurger,tier2,2016-05-25,0.7452,0.6,0.45,0.45,0.15,1.6,[]
USR_0876,Pooja Kumar,pooja.kumar671@hotmail.com,64,24000.0,frugal,tier2,2021-08-02,0.2731,0.45,0.2,0.85,0.02,1.2,"[(2022, 8, 9), (2022, 4, 7), (2021, 8, 11)]"
USR_0877,Suresh Mehta,suresh.mehta299@gmail.com,64,76000.0,spender,tier2,2023-01-05,1.6521,0.75,0.8,0.4,0.12,2.3,[]
USR_0878,Sarah Martinez,sarah.martinez907@outlook.com,30,61000.0,lifestyle,tier3,2020-01-06,1.1765,0.7,0.7,0.55,0.08,2.0,[]
USR_0879,Taylor Martin,taylor.martin787@yahoo.com,29,46000.0,occasional_splurger,metro,2020-02-19,0.7827,0.6,0.45,0.45,0.15,1.6,[]
USR_0880,Sanjay Robinson,sanjay.robinson50@hotmail.com,60,23000.0,frugal,metro,2016-02-22,0.4963,0.45,0.2,0.85,0.02,1.2,"[(2017, 6, 9), (2020, 4, 6), (2020, 8, 9)]"
USR_0881,Morgan Mehta,morgan.mehta609@gmail.com,33,66000.0,moderate,tier2,2018-07-20,1.0455,0.65,0.5,0.7,0.06,1.8,[]
USR_0882,Isha Garcia,isha.garcia344@outlook.com,24,74000.0,conservative,metro,2023-12-30,1.0073,0.55,0.35,0.8,0.04,1.5,[]
USR_0883,Amit Taylor,amit.taylor351@hotmail.com,62,25000.0,moderate,metro,2021-08-06,0.9262,0.65,0.5,0.7,0.06,1.8,[]
USR_0884,Suresh Verma,suresh.verma364@gmail.com,53,78000.0,spender,metro,2020-06-06,2.2367,0.75,0.8,0.4,0.12,2.3,"[(2024, 9, 10)]"
USR_0885,Neha Martin,neha.martin993@gmail.com,58,111000.0,moderate,tier2,2022-08-19,1.0827,0.65,0.5,0.7,0.06,1.8,[]
USR_0886,Jamie Harris,jamie.harris785@hotmail.com,39,46000.0,conservative,tier2,2018-05-04,0.6903,0.55,0.35,0.8,0.04,1.5,[]
USR_0887,Karan Thompson,karan.thompson771@gmail.com,33,30000.0,spender,tier2,2018-09-27,1.7686,0.75,0.8,0.4,0.12,2.3,[]
USR_0888,Rowan Williams,rowan.williams799@outlook.com,47,45000.0,occasional_splurger,tier2,2021-01-17,0.6455,0.6,0.45,0.45,0.15,1.6,[]
USR_0889,Taylor White,taylor.white829@yahoo.com,33,68000.0,moderate,tier2,2020-12-24,1.0219,0.65,0.5,0.7,0.06,1.8,[]
USR_0890,Michael Thomas,michael.thomas491@outlook.com,20,45000.0,moderate,metro,2021-06-28,1.0657,0.65,0.5,0.7,0.06,1.8,[]
USR_0891,Amit Davis,amit.davis695@yahoo.com,33,39000.0,conservative,metro,2020-07-29,0.7322,0.55,0.35,0.8,0.04,1.5,[]
USR_0892,James Anderson,james.anderson727@gmail.com,57,57000.0,conservative,metro,2018-10-13,0.858,0.55,0.35,0.8,0.04,1.5,[]
USR_0893,Pooja Smith,pooja.smith653@outlook.com,59,169000.0,lifestyle,tier2,2016-05-22,1.1636,0.7,0.7,0.55,0.08,2.0,"[(2018, 5, 7), (2018, 9, 10)]"
USR_0894,Vikram Agarwal,vikram.agarwal273@yahoo.com,43,103000.0,spender,tier2,2017-07-16,2.3088,0.75,0.8,0.4,0.12,2.3,[]
USR_0895,Sneha Thomas,sneha.thomas940@hotmail.com,25,48000.0,conservative,tier2,2016-05-28,0.7095,0.55,0.35,0.8,0.04,1.5,[]
USR_0896,Arjun Sharma,arjun.sharma960@yahoo.com,28,38000.0,lifestyle,tier3,2016-03-03,1.022,0.7,0.7,0.55,0.08,2.0,[]
USR_0897,Michael Martinez,michael.martinez252@yahoo.com,49,89000.0,spender,tier2,2016-02-13,2.0435,0.75,0.8,0.4,0.12,2.3,[]
USR_0898,Ashley Mehta,ashley.mehta370@hotmail.com,46,56000.0,lifestyle,tier2,2020-07-07,1.3191,0.7,0.7,0.55,0.08,2.0,[]
USR_0899,Chris Wilson,chris.wilson120@yahoo.com,46,26000.0,frugal,metro,2016-09-11,0.4799,0.45,0.2,0.85,0.02,1.2,[]
USR_0900,Priya Thomas,priya.thomas981@yahoo.com,25,75000.0,moderate,tier2,2017-06-03,0.7921,0.65,0.5,0.7,0.06,1.8,"[(2024, 8, 9)]"
USR_0901,Hayden Johnson,hayden.johnson42@yahoo.com,51,25000.0,conservative,tier2,2016-08-29,0.6986,0.55,0.35,0.8,0.04,1.5,[]
USR_0902,Reese Wilson,reese.wilson321@outlook.com,30,103000.0,spender,metro,2022-04-23,2.7076,0.75,0.8,0.4,0.12,2.3,[]
USR_0903,Meera Brown,meera.brown529@hotmail.com,32,79000.0,frugal,tier2,2022-01-29,0.3073,0.45,0.2,0.85,0.02,1.2,"[(2022, 6, 7)]"
USR_0904,Avery Brown,avery.brown268@hotmail.com,20,25000.0,frugal,metro,2019-09-13,0.5199,0.45,0.2,0.85,0.02,1.2,[]
USR_0905,Karan Wilson,karan.wilson105@outlook.com,54,109000.0,lifestyle,metro,2017-03-20,1.9609,0.7,0.7,0.55,0.08,2.0,[]
USR_0906,Sage White,sage.white795@hotmail.com,42,35000.0,conservative,tier2,2017-04-28,0.7136,0.55,0.35,0.8,0.04,1.5,"[(2017, 6, 8)]"
USR_0907,Jordan Mehta,jordan.mehta561@yahoo.com,24,68000.0,moderate,metro,2021-11-11,1.1622,0.65,0.5,0.7,0.06,1.8,"[(2021, 1, 3), (2023, 2, 5), (2024, 4, 7)]"
USR_0908,Meera Robinson,meera.robinson640@gmail.com,25,54000.0,spender,tier3,2017-05-30,1.5378,0.75,0.8,0.4,0.12,2.3,[]
USR_0909,Jessica Wilson,jessica.wilson393@outlook.com,28,33000.0,conservative,metro,2022-02-14,0.9433,0.55,0.35,0.8,0.04,1.5,[]
USR_0910,Raj Harris,raj.harris891@gmail.com,48,62000.0,lifestyle,tier2,2017-03-04,1.551,0.7,0.7,0.55,0.08,2.0,"[(2023, 2, 5)]"
USR_0911,Swati Garcia,swati.garcia347@gmail.com,42,36000.0,frugal,tier2,2018-04-22,0.381,0.45,0.2,0.85,0.02,1.2,[]
USR_0912,Quinn Miller,quinn.miller85@gmail.com,39,27000.0,frugal,metro,2020-01-06,0.4363,0.45,0.2,0.85,0.02,1.2,"[(2022, 5, 6), (2024, 4, 7)]"
USR_0913,Riya Gupta,riya.gupta310@hotmail.com,21,21000.0,conservative,metro,2017-01-20,0.7743,0.55,0.35,0.8,0.04,1.5,[]
USR_0914,William White,william.white297@yahoo.com,50,45000.0,lifestyle,metro,2016-03-08,1.5556,0.7,0.7,0.55,0.08,2.0,[]
USR_0915,Jamie Anderson,jamie.anderson755@yahoo.com,26,40000.0,moderate,tier3,2016-09-02,0.6819,0.65,0.5,0.7,0.06,1.8,[]
USR_0916,Varun Harris,varun.harris611@yahoo.com,34,85000.0,lifestyle,tier2,2020-01-02,1.2294,0.7,0.7,0.55,0.08,2.0,[]
USR_0917,Raj Martinez,raj.martinez483@outlook.com,36,82000.0,moderate,metro,2020-03-19,1.0792,0.65,0.5,0.7,0.06,1.8,"[(2020, 1, 4), (2020, 11, 12)]"
USR_0918,Neha Johnson,neha.johnson764@outlook.com,23,68000.0,occasional_splurger,tier3,2021-10-23,0.6308,0.6,0.45,0.45,0.15,1.6,[]
USR_0919,Sneha Davis,sneha.davis61@gmail.com,41,79000.0,spender,tier3,2019-11-21,1.7761,0.75,0.8,0.4,0.12,2.3,[]
USR_0920,Raj Jackson,raj.jackson969@outlook.com,41,146000.0,spender,tier2,2016-01-15,2.1728,0.75,0.8,0.4,0.12,2.3,[]
USR_0921,Ananya Brown,ananya.brown822@outlook.com,51,57000.0,lifestyle,metro,2024-06-03,1.4134,0.7,0.7,0.55,0.08,2.0,[]
USR_0922,Megan Thompson,megan.thompson129@hotmail.com,52,49000.0,occasional_splurger,tier3,2022-09-22,0.5589,0.6,0.45,0.45,0.15,1.6,"[(2024, 9, 11)]"
USR_0923,Finley Williams,finley.williams368@gmail.com,44,41000.0,conservative,metro,2016-07-05,0.8482,0.55,0.35,0.8,0.04,1.5,"[(2018, 5, 8), (2020, 11, 12)]"
USR_0924,Sneha Garcia,sneha.garcia173@yahoo.com,39,30000.0,frugal,tier3,2016-12-14,0.3177,0.45,0.2,0.85,0.02,1.2,[]
USR_0925,Aarav Harris,aarav.harris995@hotmail.com,55,48000.0,moderate,tier2,2017-11-11,0.9385,0.65,0.5,0.7,0.06,1.8,[]
USR_0926,Ritu Davis,ritu.davis716@yahoo.com,42,50000.0,moderate,metro,2018-12-07,1.4066,0.65,0.5,0.7,0.06,1.8,[]
USR_0927,Priya Martinez,priya.martinez134@outlook.com,30,82000.0,spender,metro,2021-09-11,2.2372,0.75,0.8,0.4,0.12,2.3,[]
USR_0928,Nikhil Gupta,nikhil.gupta923@yahoo.com,44,78000.0,spender,tier2,2017-07-15,1.8504,0.75,0.8,0.4,0.12,2.3,[]
USR_0929,Dev Wilson,dev.wilson137@yahoo.com,55,44000.0,spender,tier2,2016-03-13,2.1472,0.75,0.8,0.4,0.12,2.3,[]
USR_0930,Meera Davis,meera.davis704@outlook.com,61,23000.0,frugal,metro,2017-09-06,0.3901,0.45,0.2,0.85,0.02,1.2,[]
USR_0931,Rohan Singh,rohan.singh572@outlook.com,21,33000.0,frugal,tier3,2016-05-21,0.2759,0.45,0.2,0.85,0.02,1.2,[]
USR_0932,Reese Smith,reese.smith35@outlook.com,21,106000.0,spender,tier2,2016-04-06,2.0283,0.75,0.8,0.4,0.12,2.3,[]
USR_0933,William Thomas,william.thomas374@yahoo.com,24,40000.0,frugal,tier2,2018-11-16,0.4224,0.45,0.2,0.85,0.02,1.2,"[(2021, 10, 12)]"
USR_0934,Jordan Agarwal,jordan.agarwal547@hotmail.com,21,49000.0,lifestyle,metro,2022-02-09,1.8636,0.7,0.7,0.55,0.08,2.0,[]
USR_0935,Jamie Patel,jamie.patel367@hotmail.com,29,54000.0,moderate,tier3,2016-05-04,0.796,0.65,0.5,0.7,0.06,1.8,[]
USR_0936,Jessica Williams,jessica.williams74@hotmail.com,46,101000.0,moderate,metro,2017-11-07,1.454,0.65,0.5,0.7,0.06,1.8,[]
USR_0937,Aarav Davis,aarav.davis364@gmail.com,39,26000.0,frugal,tier3,2017-08-03,0.3047,0.45,0.2,0.85,0.02,1.2,[]
USR_0938,Drew Miller,drew.miller39@gmail.com,50,28000.0,frugal,metro,2017-04-17,0.4536,0.45,0.2,0.85,0.02,1.2,[]
USR_0939,Varun Martin,varun.martin247@yahoo.com,31,57000.0,lifestyle,tier2,2016-10-23,1.2089,0.7,0.7,0.55,0.08,2.0,[]
USR_0940,Morgan Gupta,morgan.gupta781@gmail.com,62,25000.0,conservative,metro,2019-09-29,0.6669,0.55,0.35,0.8,0.04,1.5,[]
USR_0941,Casey Jackson,casey.jackson917@hotmail.com,36,99000.0,lifestyle,tier2,2021-08-24,1.5186,0.7,0.7,0.55,0.08,2.0,[]
USR_0942,Blake Williams,blake.williams210@gmail.com,52,65000.0,lifestyle,metro,2018-04-05,1.6697,0.7,0.7,0.55,0.08,2.0,[]
USR_0943,Finley Sharma,finley.sharma561@hotmail.com,32,20000.0,frugal,metro,2019-02-19,0.3512,0.45,0.2,0.85,0.02,1.2,[]
USR_0944,Jordan Brown,jordan.brown968@yahoo.com,34,33000.0,spender,tier2,2020-04-30,1.7355,0.75,0.8,0.4,0.12,2.3,"[(2022, 10, 12), (2022, 1, 3), (2020, 10, 12)]"
USR_0945,Nisha White,nisha.white425@gmail.com,44,39000.0,occasional_splurger,metro,2020-06-01,0.9227,0.6,0.45,0.45,0.15,1.6,[]
USR_0946,Priya Patel,priya.patel972@outlook.com,64,64000.0,moderate,metro,2021-09-29,1.296,0.65,0.5,0.7,0.06,1.8,"[(2022, 1, 4)]"
USR_0947,Taylor Singh,taylor.singh263@outlook.com,22,164000.0,lifestyle,metro,2019-06-24,1.6849,0.7,0.7,0.55,0.08,2.0,"[(2020, 4, 7)]"
USR_0948,David Jones,david.jones768@gmail.com,47,92000.0,spender,metro,2018-01-11,2.2998,0.75,0.8,0.4,0.12,2.3,[]
USR_0949,Sneha Patel,sneha.patel505@yahoo.com,64,155000.0,lifestyle,metro,2019-01-16,1.8173,0.7,0.7,0.55,0.08,2.0,[]
USR_0950,Raj Johnson,raj.johnson79@yahoo.com,41,30000.0,conservative,metro,2016-02-15,1.0163,0.55,0.35,0.8,0.04,1.5,[]
USR_0951,Jordan Moore,jordan.moore598@hotmail.com,41,67000.0,spender,metro,2016-08-25,2.6198,0.75,0.8,0.4,0.12,2.3,[]
USR_0952,David Brown,david.brown405@yahoo.com,29,35000.0,moderate,tier2,2016-12-06,0.8282,0.65,0.5,0.7,0.06,1.8,[]
USR_0953,Michael Martin,michael.martin485@gmail.com,44,19000.0,moderate,metro,2018-04-08,0.9796,0.65,0.5,0.7,0.06,1.8,[]
USR_0954,Hayden Harris,hayden.harris819@gmail.com,32,23000.0,moderate,tier3,2017-08-25,0.6801,0.65,0.5,0.7,0.06,1.8,[]
USR_0955,Daniel Jones,daniel.jones565@hotmail.com,56,62000.0,frugal,metro,2016-09-30,0.4945,0.45,0.2,0.85,0.02,1.2,[]
USR_0956,Michael Kumar,michael.kumar256@hotmail.com,48,36000.0,frugal,tier2,2024-10-29,0.3506,0.45,0.2,0.85,0.02,1.2,[]
USR_0957,Blake Brown,blake.brown429@yahoo.com,26,53000.0,lifestyle,metro,2023-07-23,1.6861,0.7,0.7,0.55,0.08,2.0,[]
USR_0958,Drew Jones,drew.jones713@gmail.com,34,133000.0,occasional_splurger,tier2,2022-12-26,0.6557,0.6,0.45,0.45,0.15,1.6,[]
USR_0959,Sam Johnson,sam.johnson837@gmail.com,39,36000.0,frugal,metro,2021-08-05,0.4239,0.45,0.2,0.85,0.02,1.2,[]
USR_0960,Vikram Verma,vikram.verma616@outlook.com,21,67000.0,frugal,metro,2016-02-06,0.4,0.45,0.2,0.85,0.02,1.2,"[(2017, 5, 6), (2018, 8, 11)]"
USR_0961,Kavya Agarwal,kavya.agarwal749@yahoo.com,49,37000.0,frugal,tier2,2021-03-02,0.3896,0.45,0.2,0.85,0.02,1.2,[]
USR_0962,Kai Martin,kai.martin195@outlook.com,20,64000.0,conservative,metro,2018-08-19,0.8329,0.55,0.35,0.8,0.04,1.5,[]
USR_0963,Rowan Garcia,rowan.garcia927@hotmail.com,35,89000.0,occasional_splurger,metro,2025-09-07,1.0472,0.6,0.45,0.45,0.15,1.6,[]
USR_0964,Finley Taylor,finley.taylor763@yahoo.com,60,25000.0,frugal,tier2,2024-11-15,0.3063,0.45,0.2,0.85,0.02,1.2,[]
USR_0965,Emily Smith,emily.smith722@hotmail.com,57,35000.0,conservative,tier2,2020-04-09,0.6689,0.55,0.35,0.8,0.04,1.5,[]
USR_0966,Reese Gupta,reese.gupta324@hotmail.com,22,33000.0,spender,metro,2024-07-05,2.8446,0.75,0.8,0.4,0.12,2.3,[]
USR_0967,Michael Smith,michael.smith706@hotmail.com,18,37000.0,conservative,tier2,2019-05-21,0.6134,0.55,0.35,0.8,0.04,1.5,[]
USR_0968,Anita Singh,anita.singh608@outlook.com,40,104000.0,conservative,metro,2016-10-12,0.811,0.55,0.35,0.8,0.04,1.5,[]
USR_0969,Nisha Joshi,nisha.joshi509@yahoo.com,30,48000.0,spender,tier2,2020-11-15,1.7516,0.75,0.8,0.4,0.12,2.3,[]
USR_0970,Sneha Gupta,sneha.gupta583@outlook.com,40,25000.0,moderate,metro,2022-10-05,1.0769,0.65,0.5,0.7,0.06,1.8,"[(2023, 4, 7), (2023, 11, 12)]"
USR_0971,Manish Thompson,manish.thompson637@hotmail.com,33,46000.0,occasional_splurger,tier3,2020-08-24,0.6585,0.6,0.45,0.45,0.15,1.6,"[(2021, 6, 8), (2022, 1, 2)]"
USR_0972,Amanda Garcia,amanda.garcia103@hotmail.com,62,50000.0,moderate,tier2,2018-02-21,0.9192,0.65,0.5,0.7,0.06,1.8,[]
USR_0973,Divya Singh,divya.singh507@hotmail.com,34,33000.0,conservative,tier2,2017-08-17,0.7295,0.55,0.35,0.8,0.04,1.5,[]
USR_0974,Drew Thompson,drew.thompson901@yahoo.com,40,68000.0,lifestyle,tier2,2018-02-20,1.5079,0.7,0.7,0.55,0.08,2.0,[]
USR_0975,Alex Joshi,alex.joshi52@yahoo.com,23,43000.0,conservative,tier2,2020-05-21,0.6576,0.55,0.35,0.8,0.04,1.5,[]
USR_0976,Lauren Thompson,lauren.thompson252@yahoo.com,63,40000.0,conservative,metro,2018-05-04,0.8371,0.55,0.35,0.8,0.04,1.5,"[(2019, 2, 4), (2023, 11, 12), (2021, 1, 3)]"
USR_0977,Daniel Moore,daniel.moore173@gmail.com,35,71000.0,lifestyle,tier3,2017-03-26,1.211,0.7,0.7,0.55,0.08,2.0,[]
USR_0978,Sanjay Gupta,sanjay.gupta549@outlook.com,59,23000.0,frugal,tier3,2017-06-18,0.2853,0.45,0.2,0.85,0.02,1.2,"[(2019, 7, 10), (2023, 11, 12), (2022, 4, 5)]"
USR_0979,Morgan Brown,morgan.brown156@gmail.com,21,27000.0,frugal,tier2,2021-10-11,0.3689,0.45,0.2,0.85,0.02,1.2,[]
USR_0980,Neha Davis,neha.davis152@gmail.com,44,44000.0,conservative,metro,2020-08-12,0.8136,0.55,0.35,0.8,0.04,1.5,"[(2021, 3, 6), (2020, 10, 12)]"
USR_0981,Megan Williams,megan.williams18@yahoo.com,39,103000.0,occasional_splurger,metro,2018-02-23,1.0241,0.6,0.45,0.45,0.15,1.6,[]
USR_0982,Arjun Brown,arjun.brown318@gmail.com,53,55000.0,occasional_splurger,tier2,2022-11-08,0.73,0.6,0.45,0.45,0.15,1.6,[]
USR_0983,Emily Williams,emily.williams782@yahoo.com,47,85000.0,lifestyle,metro,2016-02-02,1.5979,0.7,0.7,0.55,0.08,2.0,[]
USR_0984,Finley Gupta,finley.gupta925@yahoo.com,21,47000.0,frugal,metro,2018-03-13,0.4388,0.45,0.2,0.85,0.02,1.2,"[(2020, 7, 8)]"
USR_0985,William Singh,william.singh506@hotmail.com,42,29000.0,frugal,tier3,2022-06-05,0.2844,0.45,0.2,0.85,0.02,1.2,[]
USR_0986,Chris Martin,chris.martin800@hotmail.com,32,69000.0,moderate,tier2,2016-12-23,1.0155,0.65,0.5,0.7,0.06,1.8,[]
USR_0987,Sneha Smith,sneha.smith760@gmail.com,41,31000.0,conservative,tier2,2017-04-12,0.6246,0.55,0.35,0.8,0.04,1.5,[]
USR_0988,Kai Jackson,kai.jackson736@yahoo.com,31,44000.0,moderate,metro,2020-08-10,1.2507,0.65,0.5,0.7,0.06,1.8,[]
USR_0989,Dev Mehta,dev.mehta714@outlook.com,61,103000.0,moderate,tier2,2019-01-07,0.9268,0.65,0.5,0.7,0.06,1.8,[]
USR_0990,Amanda Martinez,amanda.martinez782@hotmail.com,30,34000.0,spender,metro,2017-12-10,2.0482,0.75,0.8,0.4,0.12,2.3,[]
USR_0991,Robert Sharma,robert.sharma46@hotmail.com,50,114000.0,lifestyle,tier3,2018-01-30,1.0908,0.7,0.7,0.55,0.08,2.0,[]
USR_0992,Arjun Brown,arjun.brown990@hotmail.com,55,44000.0,conservative,metro,2020-09-26,0.9026,0.55,0.35,0.8,0.04,1.5,[]
USR_0993,Varun Brown,varun.brown21@yahoo.com,60,41000.0,occasional_splurger,tier3,2017-02-26,0.6513,0.6,0.45,0.45,0.15,1.6,[]
USR_0994,Suresh Martin,suresh.martin90@gmail.com,64,77000.0,lifestyle,tier3,2018-03-14,1.0529,0.7,0.7,0.55,0.08,2.0,[]
USR_0995,Ashley Kumar,ashley.kumar327@yahoo.com,28,64000.0,moderate,metro,2022-11-04,1.1376,0.65,0.5,0.7,0.06,1.8,[]
USR_0996,Varun Patel,varun.patel680@outlook.com,45,90000.0,lifestyle,metro,2019-03-05,2.033,0.7,0.7,0.55,0.08,2.0,"[(2021, 4, 5)]"
USR_0997,Simran Verma,simran.verma150@gmail.com,54,70000.0,lifestyle,metro,2020-09-12,1.769,0.7,0.7,0.55,0.08,2.0,"[(2020, 1, 4), (2020, 1, 4), (2024, 7, 8)]"
USR_0998,Vikram Robinson,vikram.robinson241@yahoo.com,40,65000.0,lifestyle,metro,2016-03-05,1.7463,0.7,0.7,0.55,0.08,2.0,[]
USR_0999,Kai Joshi,kai.joshi27@gmail.com,24,52000.0,conservative,metro,2016-05-03,0.8089,0.55,0.35,0.8,0.04,1.5,[]
USR_1000,Casey Patel,casey.patel501@yahoo.com,42,30000.0,conservative,tier3,2016-09-21,0.5382,0.55,0.35,0.8,0.04,1.5,[]
